global_step,epoch,loss,grad_norm
0,1,2.35930634,13.08818817
1,1,2.39868069,10.08221817
2,1,2.59167480,11.43759251
3,1,2.23402405,6.83881521
4,1,2.26567459,5.52048826
5,1,2.23360825,5.58463335
6,1,2.15844536,4.53800917
7,1,2.11769104,5.70381212
8,1,2.08562088,4.95687771
9,1,2.06165695,4.96424437
10,1,2.05114746,3.98993945
11,1,1.95432281,4.08832645
12,1,2.02752876,4.72396040
13,1,1.87976074,2.92448425
14,1,1.95062065,5.37089872
15,1,1.94417477,4.39069891
16,1,1.88748169,3.74125576
17,1,1.84479332,3.19482303
18,1,2.00097084,4.05453110
19,1,1.94138336,3.94689918
20,1,1.79690361,2.51767850
21,1,1.83554459,4.32059002
22,1,1.89033890,4.25114536
23,1,1.81838417,3.92807794
24,1,1.95447731,3.55746150
25,1,1.79057026,3.89973688
26,1,1.83975029,2.95695877
27,1,1.88557339,3.65808702
28,1,1.81251717,4.67512941
29,1,1.85436440,5.23037243
30,1,1.73815918,4.34938478
31,1,1.80238342,3.67475748
32,1,1.84174538,4.83160830
33,1,1.63743114,4.06450605
34,1,1.84105873,5.51282787
35,1,1.74637985,3.80850792
36,1,1.68898582,3.25442886
37,1,1.74321651,4.20454788
38,1,1.80214500,5.38026524
39,1,1.66560984,4.30449104
40,1,1.64167309,3.92362356
41,1,1.62356377,3.36466765
42,1,1.94406509,5.77746201
43,1,1.75388432,5.22329092
44,1,1.80666256,4.73992395
45,1,1.59450912,4.58587837
46,1,1.96434116,7.58553743
47,1,1.49081039,3.64083505
48,1,1.76734924,4.24528027
49,1,1.62521839,4.62034607
50,1,1.69728947,4.30085945
51,1,1.65177202,4.56369591
52,1,1.56693172,4.00477934
53,1,1.69881535,4.71628284
54,1,1.71726990,4.26396322
55,1,1.60954952,4.11710787
56,1,1.68157196,4.02767611
57,1,1.62037373,5.02888680
58,1,1.74070358,4.27576876
59,1,1.70747900,3.47786140
60,1,1.60848808,3.16307378
61,1,1.69496822,4.59893942
62,1,1.74878693,4.39215231
63,1,1.72730637,3.73154855
64,1,1.65320778,3.50237036
65,1,1.75700760,4.11872482
66,1,1.68334866,4.04831171
67,1,1.61873055,2.96869826
68,1,1.75850677,2.62215519
69,1,1.49233437,3.10808110
70,1,1.51465511,3.41553116
71,1,1.49819279,3.49617267
72,1,1.56063747,2.76749849
73,1,1.61538792,2.78359509
74,1,1.71752262,3.95408273
75,1,1.71739054,3.58916092
76,1,1.58218288,3.65067887
77,1,1.50211620,4.14648390
78,1,1.45324183,3.60663843
79,1,1.74906349,4.62060547
80,1,1.64787388,5.14914179
81,1,1.66307926,3.59684348
82,1,1.72062826,4.25570965
83,1,1.60878038,5.00950956
84,1,1.47779846,3.50534129
85,1,1.46817636,3.79386616
86,1,1.59288788,5.80346298
87,1,1.54660845,3.47700524
88,1,1.53157997,3.19178748
89,1,1.57775545,4.08818197
90,1,1.45341682,3.40833354
91,1,1.40046215,2.96035695
92,1,1.55648041,4.09062243
93,1,1.75358105,4.52347422
94,1,1.66348028,3.68243432
95,1,1.57581568,4.58751249
96,1,1.57815528,3.56824374
97,1,1.50161076,3.79863524
98,1,1.55656457,3.66778874
99,1,1.55830288,5.25489616
100,1,1.46336555,3.58789325
101,1,1.59057999,3.73490930
102,1,1.45086145,3.58567882
103,1,1.50526905,2.95043445
104,1,1.47718048,3.61352324
105,1,1.47773099,4.62968540
106,1,1.41561365,3.29420304
107,1,1.54754782,4.10311747
108,1,1.42207289,3.21722722
109,1,1.46233654,4.10995054
110,1,1.33047438,3.46196318
111,1,1.39457107,2.85846710
112,1,1.47204256,3.57802391
113,1,1.39732313,4.09006786
114,1,1.42830491,4.21290064
115,1,1.53634870,3.95811796
116,1,1.44782174,6.10406685
117,1,1.37646329,5.92528534
118,1,1.39511681,5.44966698
119,1,1.45795727,3.50381327
120,1,1.49265814,4.69364405
121,1,1.39656019,5.67931890
122,1,1.52733564,4.65613079
123,1,1.46376085,5.69172430
124,1,1.53738713,4.00015020
125,1,1.33846664,3.27317476
126,1,1.41993594,3.80987215
127,1,1.42825460,6.05802727
128,1,1.41300273,3.16160131
129,1,1.36716819,4.46369934
130,1,1.49413061,6.22219801
131,1,1.47944427,3.84161329
132,1,1.37026405,3.86333394
133,1,1.35306835,3.22926474
134,1,1.53020382,5.00046539
135,1,1.37730455,4.74951792
136,1,1.55539310,5.69441175
137,1,1.45498180,3.89912939
138,1,1.41036046,4.20595932
139,1,1.42086744,5.21059036
140,1,1.39241338,4.16271830
141,1,1.47528505,4.39471722
142,1,1.50146389,5.22811127
143,1,1.32949400,5.16757584
144,1,1.33025694,4.34190083
145,1,1.44446921,4.01509666
146,1,1.34202456,5.62780809
147,1,1.28411102,3.92435479
148,1,1.31475079,3.68965912
149,1,1.43691039,4.25961256
150,1,1.48113108,7.49179316
151,1,1.38086390,4.80512238
152,1,1.32816625,4.84308386
153,1,1.45238161,4.47367096
154,1,1.35905588,4.54448414
155,1,1.31604791,3.47001171
156,1,1.32720804,4.09733057
157,1,1.47853184,7.26051044
158,1,1.43408132,4.27252674
159,1,1.43483257,6.18917322
160,1,1.38946295,4.24009418
161,1,1.27806139,4.33159542
162,1,1.20052147,4.33493662
163,1,1.31196141,4.62156057
164,1,1.13693941,3.29469347
165,1,1.48120129,5.04515362
166,1,1.35364735,4.84468985
167,1,1.35253298,6.18786573
168,1,1.27338064,4.55514050
169,1,1.42182779,3.77535748
170,1,1.18843138,3.20235586
171,1,1.46116686,4.77757788
172,1,1.41244459,4.31538248
173,1,1.33577180,4.95612669
174,1,1.22957587,4.05662537
175,1,1.28403759,5.35570812
176,1,1.29770613,5.28337002
177,1,1.38901711,11.35221672
178,1,1.34041202,4.79425621
179,1,1.37383473,4.35275459
180,1,1.38413858,5.76919651
181,1,1.40895641,4.21523762
182,1,1.30292737,4.84349346
183,1,1.51484847,5.62386322
184,1,1.23776054,4.14775372
185,1,1.24871850,3.63201451
186,1,1.31369615,4.42131138
187,1,1.29561651,5.24101162
188,1,1.21405554,4.43109179
189,1,1.40237820,6.76427269
190,1,1.21150208,3.74481940
191,1,1.26173103,5.30736351
192,1,1.40609801,6.54702425
193,1,1.23418450,5.23043633
194,1,1.42575181,4.20836782
195,1,1.20617294,3.13419461
196,1,1.19118738,3.07599449
197,1,1.14765954,3.77785492
198,1,1.11837125,4.05032825
199,1,1.18416309,3.04983163
200,1,1.32386696,4.52057266
201,1,1.18015957,3.79900432
202,1,1.28851652,6.72995472
203,1,1.26473248,5.51268816
204,1,1.24600840,5.64937973
205,1,1.12984085,3.89174199
206,1,1.20752358,5.30983925
207,1,1.14658558,inf
208,1,1.22842276,7.58489466
209,1,1.44628942,6.29784155
210,1,1.26366043,7.15238905
211,1,1.22820652,4.81471634
212,1,1.39980423,4.50339556
213,1,1.26713717,7.14172935
214,1,1.16437078,6.35672522
215,1,1.12359798,6.26666784
216,1,1.18216991,4.42278862
217,1,1.21927643,5.22460079
218,1,1.33375978,5.48933601
219,1,1.17999768,4.32048178
220,1,1.25784862,4.94510126
221,1,1.13799024,4.58810616
222,1,1.28857243,4.60398149
223,1,1.25912154,4.16327286
224,1,1.41503704,4.99872923
225,1,1.12274551,3.18757176
226,1,1.36849236,8.27844715
227,1,1.14442623,6.49082851
228,1,1.51634192,8.10324383
229,1,1.24962604,4.77265882
230,1,1.28273046,5.44337845
231,1,1.31088734,4.72014618
232,1,1.23381162,4.73817492
233,1,1.37180281,7.04880095
234,1,1.06675112,3.61662984
235,1,1.16040587,4.26415157
236,1,1.34612656,4.20114279
237,1,1.21307874,4.28299379
238,1,1.19067454,5.34494448
239,1,1.29254889,6.36873674
240,1,1.30608606,5.06671715
241,1,1.20776987,4.91443205
242,1,1.25885296,5.91400290
243,1,1.09105253,5.26733398
244,1,1.25317514,5.51516533
245,1,1.35306454,4.25404644
246,1,1.21305919,5.22553921
247,1,1.27479136,4.32247639
248,1,1.17918134,4.77096558
249,1,1.19626451,4.15910530
250,1,1.29380524,5.95742702
251,1,1.24803615,6.61187410
252,1,1.36351764,8.01305294
253,1,1.22693908,4.13325500
254,1,1.28392482,3.97342086
255,1,1.51988971,12.06885338
256,1,1.27989793,3.94908643
257,1,1.18651009,4.51307011
258,1,1.27327871,3.68539572
259,1,1.09693837,5.95030642
260,1,1.25401545,5.47604036
261,1,1.42866063,4.98938179
262,1,1.26238072,5.75790644
263,1,1.19231331,4.40913343
264,1,1.28958201,4.49607038
265,1,1.24224138,4.72805071
266,1,1.52853215,4.70729160
267,1,1.35924006,4.77088594
268,1,1.38249016,5.97377253
269,1,1.40095687,6.72492695
270,1,1.10101724,3.26348281
271,1,1.07354915,4.89565420
272,1,1.16253495,5.50643492
273,1,1.13585079,3.57416487
274,1,1.20807481,4.91103554
275,1,1.30738902,4.71195173
276,1,1.17015600,6.83829689
277,1,1.18553448,4.86016417
278,1,1.34763396,4.90160656
279,1,1.11786890,7.19767475
280,1,1.22201562,6.37172699
281,1,1.18526769,8.02694988
282,1,1.25557256,8.85678864
283,1,1.18269289,10.01202965
284,1,1.11163926,4.88651133
285,1,1.20276785,5.88589048
286,1,1.15439701,4.71826935
287,1,1.33485925,4.70821619
288,1,1.17004383,6.34680367
289,1,1.32259452,6.83174324
290,1,1.21290183,5.18892479
291,1,1.11984706,5.75965261
292,1,1.05308986,3.60722303
293,1,1.25477409,4.93493509
294,1,1.06978631,3.49922562
295,1,1.21694946,5.48314571
296,1,1.26128423,3.96328521
297,1,1.27387011,4.99331713
298,1,1.05733776,3.87948799
299,1,1.18852293,4.11677170
300,1,1.14743614,4.32041979
301,1,1.09749365,6.59239531
302,1,1.20899141,4.64522409
303,1,1.18438995,5.68227100
304,1,0.96488041,4.58995485
305,1,1.00518799,7.22527552
306,1,1.16424632,6.67085075
307,1,1.06349063,6.56937551
308,1,1.15949535,5.97230101
309,1,1.01291811,3.96985126
310,1,1.15340078,5.82691288
311,1,1.15855503,7.53749514
312,1,1.01953065,4.11977625
313,1,1.10458493,4.86323404
314,1,1.15510845,5.50852966
315,1,1.09846640,4.23052502
316,1,1.04679561,8.70338440
317,1,1.05754602,5.09389925
318,1,1.16324234,7.81867838
319,1,1.15123558,5.34558868
320,1,1.36199164,5.95025063
321,1,1.17663860,5.70200682
322,1,1.22335756,6.08836889
323,1,1.15537405,6.64477158
324,1,1.18228364,5.15677166
325,1,1.05972779,7.36265898
326,1,1.02763009,4.48300695
327,1,1.09361172,5.37900352
328,1,1.25833273,6.36132622
329,1,1.24243569,10.42479038
330,1,0.86935359,6.12882805
331,1,1.08730674,7.23898411
332,1,1.13496602,4.25088406
333,1,1.10764313,4.41262054
334,1,1.03176057,4.86967802
335,1,1.18262303,6.50528288
336,1,1.08218110,3.82190776
337,1,1.17059350,6.45241356
338,1,1.36118019,8.04349232
339,1,1.11807120,5.51476431
340,1,1.13526523,5.36313725
341,1,1.06088090,6.33200407
342,1,1.05006039,6.70925283
343,1,1.16676438,4.98239994
344,1,1.14933670,5.01881933
345,1,1.14622986,4.93962336
346,1,1.00350595,3.62347269
347,1,1.11387229,6.18792439
348,1,1.06231093,6.79555225
349,1,1.16090953,5.83098316
350,1,1.25985909,5.46165085
351,1,1.11487532,4.19444609
352,1,0.98487639,5.00125933
353,1,0.91373515,4.65882444
354,1,1.06371093,7.17665625
355,1,1.19968331,5.24517775
356,1,1.05992734,5.64686871
357,1,1.05061436,5.04398584
358,1,1.10518527,4.90624094
359,1,1.12602258,5.52673626
360,1,1.13981509,5.74611712
361,1,1.11979032,5.39572334
362,1,1.12000227,6.32775879
363,1,1.04753971,4.82654047
364,1,1.00412369,5.51863480
365,1,1.30432010,4.86492348
366,1,1.12938809,8.09338665
367,1,1.10243177,7.75233412
368,1,1.10168564,4.23769379
369,1,1.06540942,4.99100208
370,1,1.16654503,6.44705105
371,1,1.02699471,4.59529495
372,1,1.23588848,4.28958035
373,1,1.20785189,14.94928169
374,1,1.04840064,8.32810211
375,1,1.13185167,7.13511038
376,1,1.20006680,8.79205990
377,1,1.09870863,10.83436108
378,1,1.25105739,7.90146017
379,1,1.18070102,5.48670578
380,1,0.95050508,3.38010597
381,1,1.21522105,4.57409906
382,1,1.04217875,4.27148914
383,1,1.10637140,7.06753349
384,1,1.21487188,6.64323759
385,1,1.08644652,4.67158699
386,1,1.07330418,3.27817011
387,1,1.11810005,4.83169031
388,1,0.94848925,5.94716930
389,1,1.04822254,7.04411364
390,1,0.99319351,5.23682880
391,2,1.15437281,5.39836550
392,2,1.05748272,4.73433876
393,2,1.10225725,3.72075510
394,2,1.13405561,6.21727896
395,2,1.07872057,5.26694202
396,2,1.02005863,3.59541416
397,2,1.11942530,5.12747288
398,2,0.88262087,5.09827375
399,2,0.92256188,4.49443531
400,2,1.15287721,4.57315874
401,2,0.96736854,5.42412329
402,2,0.93350482,3.63033581
403,2,0.97196162,4.16133881
404,2,1.01596200,6.89724588
405,2,1.03358829,6.99042368
406,2,0.95591849,6.37232304
407,2,0.98557949,7.05349350
408,2,0.91938305,5.35425520
409,2,0.99860120,6.64416456
410,2,0.86004072,4.59466076
411,2,0.97168219,6.11854649
412,2,1.11785245,6.97059250
413,2,0.99317706,4.89566898
414,2,1.14935112,4.25211334
415,2,0.94360197,4.26429176
416,2,1.06523180,3.77751899
417,2,0.98318303,10.83831024
418,2,1.42995930,5.54981232
419,2,1.04241133,9.71225452
420,2,1.11877084,4.46875906
421,2,1.17194414,4.19557381
422,2,0.97723424,4.65339088
423,2,0.93824124,6.15862131
424,2,1.14224708,6.86528873
425,2,1.10464370,7.86542654
426,2,1.22718608,4.35666656
427,2,0.92345834,3.90999031
428,2,1.05646276,7.61491394
429,2,1.16993356,4.47783804
430,2,0.88025904,5.93335629
431,2,1.13169873,3.91697669
432,2,0.97032493,7.41356373
433,2,1.04050350,4.57033157
434,2,1.28513455,6.41213894
435,2,1.01165545,4.51484823
436,2,0.85331315,5.25790787
437,2,0.88491714,4.44639540
438,2,1.30088615,5.55898762
439,2,1.13486469,4.94509649
440,2,0.89606309,5.98745871
441,2,1.09650433,5.04993677
442,2,1.03821337,4.39947748
443,2,0.87526882,3.66999984
444,2,0.93187571,3.80812788
445,2,1.07675791,4.94002724
446,2,1.25379634,5.15088463
447,2,0.97389728,5.70854092
448,2,1.15411472,6.57960749
449,2,1.08260167,3.73617339
450,2,0.89935887,3.86500907
451,2,0.81522238,3.00442362
452,2,0.88957328,5.32419395
453,2,0.84535444,4.51720905
454,2,0.97629881,4.30986214
455,2,0.94420832,10.14953136
456,2,1.05142772,6.22132349
457,2,1.03563321,6.76137495
458,2,0.87174684,7.52521849
459,2,1.08896565,6.06196213
460,2,0.96684504,5.34271288
461,2,0.99528730,5.63928843
462,2,0.90153825,5.30890942
463,2,1.03640449,6.79398489
464,2,0.94162679,7.93485117
465,2,1.03251886,6.33469009
466,2,1.10802221,11.97721195
467,2,1.02029276,6.35712290
468,2,1.07304358,6.21347713
469,2,1.08204710,6.86029100
470,2,0.86495423,4.22713566
471,2,1.00495052,5.86844015
472,2,0.99976224,7.29346037
473,2,0.96101141,5.13925314
474,2,0.87284458,6.33591700
475,2,1.01373482,7.07728100
476,2,1.02222860,6.09371948
477,2,0.88194394,4.12528276
478,2,0.84131449,3.71485519
479,2,1.05746853,4.36212301
480,2,0.78193635,5.64209652
481,2,0.84992003,7.73113060
482,2,0.86342883,4.48436785
483,2,0.87103558,4.82320309
484,2,0.90019929,4.15612984
485,2,1.15077758,8.15184689
486,2,0.83450103,4.54277754
487,2,1.06630683,8.37980461
488,2,1.02810240,4.30089378
489,2,1.02176642,11.79480934
490,2,0.99082148,5.82892370
491,2,1.03561020,4.19288588
492,2,1.04268110,5.66286469
493,2,1.12165463,6.30295324
494,2,1.13292813,7.52745438
495,2,0.96105784,6.58069515
496,2,0.89921570,4.13071680
497,2,1.05066609,7.31161737
498,2,0.97456682,4.55094051
499,2,0.79954517,4.64635324
500,2,1.09134972,4.23416138
501,2,0.92915863,5.36316061
502,2,0.93322766,9.69160652
503,2,0.89942694,3.72694206
504,2,0.93977779,6.17476940
505,2,0.93605840,12.47061443
506,2,1.01076674,3.91836119
507,2,1.24053037,5.48500538
508,2,0.85802484,5.09681034
509,2,1.00721645,6.28405094
510,2,0.68797177,4.76231480
511,2,0.90794086,5.00023365
512,2,0.72554111,7.51205540
513,2,1.09286356,8.22685623
514,2,0.90559632,4.88715076
515,2,1.10071683,6.45121527
516,2,1.27239692,5.89848089
517,2,0.91411752,6.20086813
518,2,1.11705303,6.63959265
519,2,1.19436622,5.67546749
520,2,1.03940487,5.89737797
521,2,1.00094008,7.90349054
522,2,0.88274115,5.89142036
523,2,1.03244090,4.37116003
524,2,1.07409048,7.73278666
525,2,0.95903909,5.00740099
526,2,0.87249625,5.73973894
527,2,0.84848523,4.37038565
528,2,1.01721454,10.41128731
529,2,1.05017364,4.89048529
530,2,1.09046936,3.63550091
531,2,1.03827286,4.23073769
532,2,0.95378959,4.93312836
533,2,0.93556595,3.48517394
534,2,1.08948207,4.83207703
535,2,0.97734028,5.82199192
536,2,0.98853958,9.27812195
537,2,0.99381983,6.67320442
538,2,1.04775226,3.75910425
539,2,0.89141917,5.23646021
540,2,1.00888276,3.75287509
541,2,0.81974524,7.03976631
542,2,0.85352826,9.38377762
543,2,0.89179492,7.82070684
544,2,0.91722578,4.58068562
545,2,1.10066581,4.33872175
546,2,1.05425632,5.31312561
547,2,0.91888773,5.60559320
548,2,1.03668976,9.82055283
549,2,0.90504909,7.46876240
550,2,1.04208302,5.96654797
551,2,0.94176459,6.08252192
552,2,0.93465447,3.78212261
553,2,0.82525855,6.79723024
554,2,1.01562810,6.33722401
555,2,0.98996568,3.44537854
556,2,0.74457049,3.13200164
557,2,0.90719783,5.65846682
558,2,1.05433023,7.06060171
559,2,1.07838941,6.45216513
560,2,0.99852294,5.03802776
561,2,0.81897509,5.79492855
562,2,1.13176024,5.77765989
563,2,1.17397523,5.48756266
564,2,1.00792754,4.22379875
565,2,1.06497097,6.11422253
566,2,0.84745908,5.38408041
567,2,0.87195200,3.58497500
568,2,0.86941445,6.00669289
569,2,0.90618515,6.36532927
570,2,1.12496233,5.20432806
571,2,0.83334118,5.80636120
572,2,1.04988885,6.06959295
573,2,0.99496812,5.00240374
574,2,0.92681223,5.29020739
575,2,0.87208784,4.75875425
576,2,1.02935851,6.95636702
577,2,0.99947250,5.51057673
578,2,0.88067883,6.82126713
579,2,1.01793265,8.87012672
580,2,0.91118205,5.62524652
581,2,1.01687956,8.54119682
582,2,0.79604280,4.32925558
583,2,0.88736552,5.66383171
584,2,0.94014287,6.56461334
585,2,0.95295119,7.34487486
586,2,0.84371895,4.96929741
587,2,0.85101807,5.48798370
588,2,0.93345577,6.05080891
589,2,0.91697067,5.01369238
590,2,0.89676952,5.49374580
591,2,0.88687885,4.61511993
592,2,0.96015966,8.85843945
593,2,0.94587934,5.70159817
594,2,0.94392467,4.91996098
595,2,0.80416930,5.80134535
596,2,1.10608745,6.44661379
597,2,0.79832053,5.93199921
598,2,0.84468961,5.54384661
599,2,1.07347178,6.72480059
600,2,0.90305322,6.58923864
601,2,0.93874371,5.37807369
602,2,1.03540301,5.35750341
603,2,1.01848125,5.73912144
604,2,0.88106477,7.95436859
605,2,0.93506694,4.53279924
606,2,0.92950165,8.19135952
607,2,0.92656064,6.06962299
608,2,1.09326768,7.19263506
609,2,1.01342094,5.01661444
610,2,0.87828088,8.23346615
611,2,0.78750437,5.13945246
612,2,0.96706235,8.13834858
613,2,0.63062119,3.51269865
614,2,0.98422718,6.15503550
615,2,0.94949627,8.63701153
616,2,1.10247219,12.98969841
617,2,1.00785863,6.74445724
618,2,0.90390259,11.54734516
619,2,0.79935467,8.03465748
620,2,0.91046488,3.91904926
621,2,1.15383840,8.41752148
622,2,1.07067990,5.99689770
623,2,1.02644372,7.08858919
624,2,0.95222896,8.56456947
625,2,1.06191564,4.59448385
626,2,0.99178261,6.35702324
627,2,1.00469756,4.89358282
628,2,0.98452914,4.58998013
629,2,1.02314603,4.17622232
630,2,0.93098354,4.42928505
631,2,0.90517658,6.09475422
632,2,0.83825415,5.03922892
633,2,0.96590793,6.76408815
634,2,1.11592531,4.77385616
635,2,0.82380331,5.56671619
636,2,0.81195331,5.06994057
637,2,1.01940274,5.49954653
638,2,0.85004365,6.27616119
639,2,1.00981116,4.86266851
640,2,1.29365110,9.18652821
641,2,1.01788902,5.50582504
642,2,0.95058113,6.76954937
643,2,0.98011035,3.77281713
644,2,0.94195914,7.04993773
645,2,0.96600634,4.39853287
646,2,0.90859842,4.10297251
647,2,0.80869102,5.48612118
648,2,0.93691504,4.99143219
649,2,1.03184009,3.98076844
650,2,1.01572061,6.67113876
651,2,0.85653836,5.64035034
652,2,1.02309442,5.95519590
653,2,0.78706598,7.09899521
654,2,0.79498816,4.84086180
655,2,0.96521121,4.24789667
656,2,0.76580369,6.31839895
657,2,0.92663074,11.88557911
658,2,0.87929189,5.17912674
659,2,0.88127828,4.03438807
660,2,1.00865674,5.03599501
661,2,0.94129264,6.60924673
662,2,1.00997353,7.49075794
663,2,0.84046924,5.26897669
664,2,0.72476524,4.41253614
665,2,0.91044724,6.09887028
666,2,0.78563786,9.83068371
667,2,0.83725786,5.67124653
668,2,0.98594832,11.02281666
669,2,0.85134023,5.50756264
670,2,1.10943210,8.54760647
671,2,0.72438383,6.31881189
672,2,0.93119228,8.14518642
673,2,0.86757475,4.84201145
674,2,0.82294202,5.59712839
675,2,0.75448233,4.67816067
676,2,0.95223808,8.26552105
677,2,0.80031741,4.93387556
678,2,0.85757488,7.07805681
679,2,0.82486963,6.11460733
680,2,0.95671535,4.72754288
681,2,0.69357717,4.23318243
682,2,0.68715233,5.58630848
683,2,0.83913904,6.30167913
684,2,0.82099068,4.44821024
685,2,0.66839063,6.82272768
686,2,0.90550137,5.20947504
687,2,1.15300059,7.34989691
688,2,0.90382767,8.23751926
689,2,0.78402752,6.74948406
690,2,0.84409857,4.53377056
691,2,0.87042975,7.53338909
692,2,0.88299817,6.98004389
693,2,0.70532358,5.34251261
694,2,0.92942142,5.79288864
695,2,1.07701230,8.31595135
696,2,0.97911757,6.73300934
697,2,0.88588881,9.92453861
698,2,0.96583962,6.16857290
699,2,1.03417182,5.78465557
700,2,0.79244435,5.36716557
701,2,0.72898400,4.59118319
702,2,0.87413543,8.30531693
703,2,0.83959889,5.59654617
704,2,0.89116687,5.30698204
705,2,0.98158789,5.29203653
706,2,0.81945193,5.09301281
707,2,0.77634525,5.12441921
708,2,1.12279415,10.92961121
709,2,0.77601218,4.00205946
710,2,0.88908094,4.48842382
711,2,1.00641406,10.48043728
712,2,0.88527817,7.04764748
713,2,0.97854483,4.74954987
714,2,1.09004247,8.23530579
715,2,0.86879611,3.76614857
716,2,0.91409260,5.57558298
717,2,0.72080177,4.36533642
718,2,0.92161334,4.88817835
719,2,0.76159155,3.75458074
720,2,0.73773646,4.54358864
721,2,0.76881444,4.77303410
722,2,0.75374115,5.22260952
723,2,0.75823182,5.20494127
724,2,0.72998118,4.71408653
725,2,0.85806590,4.70326948
726,2,0.89239120,5.36702776
727,2,0.88787681,6.84388828
728,2,0.75221282,4.42791748
729,2,0.71798205,8.48497868
730,2,0.78506410,5.24459648
731,2,1.00375700,7.81101322
732,2,0.88392615,7.28563166
733,2,0.96592975,5.29087591
734,2,0.86825591,6.94265985
735,2,0.64708936,4.64319658
736,2,0.84818292,7.19918108
737,2,0.84556937,9.63869381
738,2,0.91562605,5.83030272
739,2,0.97099197,6.86681986
740,2,0.80547416,6.10315084
741,2,0.86801100,5.46879148
742,2,0.93556082,3.71233511
743,2,0.83638322,9.04480457
744,2,0.90347755,6.48153782
745,2,1.00006461,4.03673410
746,2,0.72344130,5.10689306
747,2,0.79076731,4.72266340
748,2,0.81700432,6.39361715
749,2,0.81390131,3.90230155
750,2,0.87561643,7.96900272
751,2,0.81964016,3.34332466
752,2,0.87363809,5.37930298
753,2,0.85968029,5.72758818
754,2,0.95211858,5.06325197
755,2,0.84337795,4.67853689
756,2,0.88085669,6.55026054
757,2,0.94322574,4.41826296
758,2,0.88412964,7.49180508
759,2,0.93855667,5.68783855
760,2,0.80438310,4.88541746
761,2,0.77171123,6.75812054
762,2,0.96645421,4.52648115
763,2,0.88397062,3.35115957
764,2,0.97719586,7.52909279
765,2,0.87199914,6.81840849
766,2,0.79774785,5.34698105
767,2,0.70173752,5.78294086
768,2,0.83125132,3.85553288
769,2,0.88864589,5.85290432
770,2,0.85693759,6.37313938
771,2,0.87496251,5.42386246
772,2,0.98010755,6.63209105
773,2,0.91488355,7.94157839
774,2,0.82523465,6.21019745
775,2,0.96989334,6.11955738
776,2,0.88957858,4.94749832
777,2,0.85452008,4.23750639
778,2,1.10751677,8.25283527
779,2,0.94218665,8.13567829
780,2,0.85820866,5.23961210
781,2,0.77784967,6.45469761
782,3,0.93289912,5.85490274
783,3,0.95377219,3.92586732
784,3,0.75195670,4.89442062
785,3,0.69272387,4.79575586
786,3,0.87495565,11.38018703
787,3,0.84438676,10.19544220
788,3,0.85384774,4.94327354
789,3,1.01569247,7.89875555
790,3,0.86076897,4.38945341
791,3,0.78526729,6.10039997
792,3,0.91450930,5.08090734
793,3,0.77341121,4.35497332
794,3,0.89457470,7.89015102
795,3,1.04228592,6.21897078
796,3,0.96324193,9.69429302
797,3,0.95224100,6.81181049
798,3,0.82350349,4.62402916
799,3,0.82771283,4.65602589
800,3,0.87076604,7.74217558
801,3,0.99132001,8.00782013
802,3,0.81808853,5.97762775
803,3,0.75257879,4.32330036
804,3,0.88966870,5.19201231
805,3,0.93474638,5.06109381
806,3,0.94906753,9.73613548
807,3,0.77657390,3.96269584
808,3,0.79970777,4.64225769
809,3,0.86907214,7.37735176
810,3,0.73855418,5.05103636
811,3,0.78644454,5.89427042
812,3,0.83844042,5.62331152
813,3,0.86847925,9.22308350
814,3,1.03688133,8.46126556
815,3,0.93370950,9.84894085
816,3,0.97346121,7.31695223
817,3,0.86092412,5.36165190
818,3,0.82685363,7.33931255
819,3,0.78101891,5.43078423
820,3,0.64198291,5.36973238
821,3,0.76748407,7.80712795
822,3,0.79129314,8.43358421
823,3,0.77822119,3.86435866
824,3,0.78986919,5.92062998
825,3,0.95508361,8.05204964
826,3,0.69128680,5.07789135
827,3,0.84939986,7.52635241
828,3,1.05485058,14.37501144
829,3,0.80519831,9.55355263
830,3,1.09780014,7.68060970
831,3,0.89155412,5.31045628
832,3,0.72028148,4.09522963
833,3,1.04623592,5.86420918
834,3,0.77770030,7.33768940
835,3,0.77687484,4.22642565
836,3,0.99398452,5.94711256
837,3,0.87986827,5.56931353
838,3,0.68682563,4.92992449
839,3,0.94880337,10.62523460
840,3,0.74391806,4.16358995
841,3,0.75523221,7.34765768
842,3,0.90530288,6.66210175
843,3,0.83348238,6.13467121
844,3,0.75583941,9.14186573
845,3,0.91471374,10.90756607
846,3,0.97534287,4.43762589
847,3,0.78718692,5.86704206
848,3,0.86037171,5.32004356
849,3,0.92635363,4.78088522
850,3,0.93362319,6.77480412
851,3,0.67796385,5.44024134
852,3,0.68362004,5.61021090
853,3,0.73039126,5.60617399
854,3,0.96091306,7.46775055
855,3,0.68296379,5.81069183
856,3,0.72939348,6.81123590
857,3,0.86852825,4.58513212
858,3,0.65347171,4.43552637
859,3,0.75587475,6.24163580
860,3,0.71688914,4.37570095
861,3,0.67376709,5.07626009
862,3,0.80235875,10.37251377
863,3,0.94187361,5.24037838
864,3,0.91473603,6.82471752
865,3,0.92606461,5.86620855
866,3,0.90900308,14.98530579
867,3,0.79342061,6.73406792
868,3,0.86670703,4.83839560
869,3,0.76674950,4.58741856
870,3,0.80267549,4.20685768
871,3,0.82700354,5.57698059
872,3,0.80292100,8.51868725
873,3,0.80661798,4.66046190
874,3,0.83419013,7.56783962
875,3,0.83587599,6.87338066
876,3,0.78168350,7.53767109
877,3,0.72376585,6.35734940
878,3,0.76143491,4.00219774
879,3,0.93530577,7.71834707
880,3,0.77473402,3.71136951
881,3,0.76076388,6.81712866
882,3,0.79502994,7.56058645
883,3,0.81730193,7.33044052
884,3,0.78952324,4.99611664
885,3,0.77473354,4.31274414
886,3,0.65734506,4.05062771
887,3,0.92530656,5.23298693
888,3,0.63009447,4.35459375
889,3,0.74798882,7.50591516
890,3,0.74583018,8.93100643
891,3,0.75635636,5.09720993
892,3,0.91223037,5.04638577
893,3,0.76088220,4.06465387
894,3,0.79550803,5.14440012
895,3,0.63421071,7.42904806
896,3,0.81129038,6.21577597
897,3,0.85678387,11.26980972
898,3,0.75400627,6.20565701
899,3,0.79577661,5.43443918
900,3,0.81899655,8.01806831
901,3,0.75427592,5.64615917
902,3,0.84700239,9.20059013
903,3,0.95986235,10.80543041
904,3,0.75474447,7.81635571
905,3,0.78587365,5.59781122
906,3,0.77964544,4.32188272
907,3,0.82665110,9.01809502
908,3,0.81186861,10.65269470
909,3,1.02853823,6.08722496
910,3,0.78336740,7.96744680
911,3,0.96620011,7.47737169
912,3,0.77924132,5.47581959
913,3,0.67562640,8.80157089
914,3,0.71208334,4.71807718
915,3,0.68621254,5.60240746
916,3,0.84395802,4.80211735
917,3,0.88560563,4.56592035
918,3,0.78533536,4.17217731
919,3,0.88393009,8.93372059
920,3,0.84911621,5.21841621
921,3,0.68099135,4.67839050
922,3,0.77002406,11.07860374
923,3,0.71765065,5.37592983
924,3,0.57671440,2.82858205
925,3,0.80861276,5.01640558
926,3,0.70853972,4.66580677
927,3,0.69469583,3.53158712
928,3,0.70029908,8.87110710
929,3,0.68050337,5.82865715
930,3,0.87199497,10.21129322
931,3,0.72052568,4.39990950
932,3,0.77769405,9.84001160
933,3,0.73207659,8.09416199
934,3,0.88321197,6.09471893
935,3,0.65348053,5.60949707
936,3,0.81119514,8.96360588
937,3,0.94548821,7.47353458
938,3,0.81346548,7.05919409
939,3,0.78585005,12.38368320
940,3,0.88611495,8.08288193
941,3,0.72921526,5.88389969
942,3,0.90556288,6.43113899
943,3,0.87424076,9.12531757
944,3,0.83256984,5.86035252
945,3,0.96186620,18.54598427
946,3,0.99215424,14.09854031
947,3,0.85330606,7.57868624
948,3,0.63168621,4.88195086
949,3,0.77486742,4.60993862
950,3,0.75977600,4.24771690
951,3,0.68989742,9.88639259
952,3,0.84050953,5.24209118
953,3,0.80368865,7.93262959
954,3,0.72830725,3.83247209
955,3,0.82526022,3.86094475
956,3,0.99405456,5.41213322
957,3,0.74447715,6.34014511
958,3,0.60458505,4.40686464
959,3,0.85069931,4.53267813
960,3,0.88269007,4.23516655
961,3,0.71231341,8.28272820
962,3,0.78437781,5.68856812
963,3,0.94339645,3.70793438
964,3,0.70952392,6.07109404
965,3,0.92060220,5.36206341
966,3,0.76812857,7.73102474
967,3,0.66822696,4.34909821
968,3,0.62359905,3.72083306
969,3,0.80735117,4.29563761
970,3,0.60027158,5.27873516
971,3,0.79499286,5.04703379
972,3,0.81880915,6.73575306
973,3,0.76750648,8.34693527
974,3,0.73996872,11.01981258
975,3,0.77793753,11.39824867
976,3,0.79784137,5.25713015
977,3,0.66621435,6.81231499
978,3,0.80704689,5.74921560
979,3,0.83261186,8.62297440
980,3,0.82812691,10.15564346
981,3,0.82454014,13.27002239
982,3,0.75300765,7.30737400
983,3,0.80037212,8.03169537
984,3,0.68767083,3.95805526
985,3,0.87225163,8.35666847
986,3,0.64557278,5.65184546
987,3,0.85240424,4.46450281
988,3,0.83352292,10.60292244
989,3,0.77401376,8.50003719
990,3,0.79871714,3.84610701
991,3,0.72370893,5.68462038
992,3,0.83582628,11.04787827
993,3,0.79310447,5.44302511
994,3,0.73401558,6.73414707
995,3,0.75222659,4.70941830
996,3,0.91767031,5.03581142
997,3,0.79758620,4.91516638
998,3,0.90583396,7.42718601
999,3,0.72663498,5.62814093
1000,3,0.71723080,4.38680172
1001,3,0.74469852,5.71479416
1002,3,0.83059359,6.01872969
1003,3,0.80870843,8.14022064
1004,3,0.82915503,7.39003563
1005,3,0.69276309,3.43239832
1006,3,0.95299149,8.37974548
1007,3,0.79707366,7.79310894
1008,3,0.92310297,5.00234556
1009,3,0.65441555,7.16571188
1010,3,0.78469747,6.59718132
1011,3,0.83101273,4.17079353
1012,3,0.75830758,5.01338387
1013,3,0.67641866,4.64071035
1014,3,0.70026278,6.75086260
1015,3,0.71895242,5.01762295
1016,3,0.82601500,8.06826305
1017,3,0.71543121,4.34363270
1018,3,0.61320961,5.81064844
1019,3,0.63183451,3.54868722
1020,3,0.61777282,5.22786951
1021,3,0.92392862,6.80662918
1022,3,0.69938779,8.62991333
1023,3,0.93551153,7.23131609
1024,3,0.85544771,5.94767284
1025,3,0.69980502,5.27920008
1026,3,0.76546657,4.29989338
1027,3,0.60495389,7.94372082
1028,3,0.62458801,4.64767027
1029,3,0.70982844,4.63397360
1030,3,0.70265377,6.57597065
1031,3,0.98075861,8.56308937
1032,3,0.60803378,4.20276833
1033,3,0.78273839,4.98699903
1034,3,0.61911106,5.42629528
1035,3,0.88399643,9.28099251
1036,3,0.73854005,6.59673882
1037,3,0.82354653,7.57605982
1038,3,0.71593839,5.48999691
1039,3,0.69539976,7.27530479
1040,3,0.85180652,8.44076443
1041,3,0.98534286,8.67681789
1042,3,0.83717769,5.73711395
1043,3,0.72750700,7.11824608
1044,3,0.80064231,9.08984566
1045,3,0.80689633,4.47014666
1046,3,0.70136082,5.36701822
1047,3,0.79856008,6.18308067
1048,3,0.74706560,5.32860756
1049,3,0.66436845,3.92614388
1050,3,0.68759167,6.30166674
1051,3,0.78499639,5.85319614
1052,3,0.79411650,6.05782080
1053,3,0.69239366,6.95254707
1054,3,0.60541844,5.05859375
1055,3,0.67327988,4.84342480
1056,3,0.75976086,5.92655420
1057,3,0.67167377,5.06822300
1058,3,0.72556400,4.53948784
1059,3,0.58582711,5.23973131
1060,3,0.62623179,7.04182434
1061,3,0.78130382,9.24686527
1062,3,0.70251775,5.79792500
1063,3,0.71244192,6.65085697
1064,3,0.63447613,4.73125696
1065,3,0.58090758,5.12555933
1066,3,0.61590946,7.28138685
1067,3,0.90764308,18.34934425
1068,3,0.72759777,8.79016781
1069,3,0.80625969,4.50343943
1070,3,0.73123747,10.42050457
1071,3,0.74703878,12.42219067
1072,3,0.81172591,7.84844685
1073,3,0.53266847,7.05001974
1074,3,0.92291427,6.57063055
1075,3,0.82054234,11.15268612
1076,3,0.74265802,10.08175564
1077,3,0.86819315,6.35422421
1078,3,0.67193228,6.64325762
1079,3,0.61252797,6.30986929
1080,3,0.71746498,5.27334595
1081,3,0.67744505,6.85409641
1082,3,0.85867906,4.44268608
1083,3,0.78397936,6.11137819
1084,3,0.94335192,6.17091084
1085,3,0.81261975,5.98281574
1086,3,0.79776371,11.34033871
1087,3,0.65715265,4.70323610
1088,3,0.71855634,5.89612913
1089,3,0.80198950,5.76099777
1090,3,0.73371583,4.83071041
1091,3,0.74862903,4.97337580
1092,3,0.75565398,5.88229609
1093,3,0.89888477,9.16590595
1094,3,0.93352795,5.14821529
1095,3,0.79589838,6.05842304
1096,3,0.65480006,8.08396053
1097,3,0.70284331,6.24907064
1098,3,0.83229697,10.37358761
1099,3,0.68069863,9.39267445
1100,3,0.61266446,6.63855171
1101,3,0.69925535,6.69064474
1102,3,0.81639349,6.73135185
1103,3,0.73608214,4.10838938
1104,3,0.65316051,5.15090561
1105,3,0.73986614,6.63279533
1106,3,0.77110630,6.77988291
1107,3,0.69548023,4.52156830
1108,3,0.79361105,4.90899324
1109,3,0.86175644,14.77425766
1110,3,0.72548544,6.05691195
1111,3,0.89569342,5.44372320
1112,3,0.65403962,4.16594887
1113,3,0.74604130,4.78760099
1114,3,0.82922339,11.23506832
1115,3,0.73841095,7.73872995
1116,3,0.62378627,3.24817634
1117,3,0.63381475,6.15302277
1118,3,0.72882754,4.16133547
1119,3,0.86200690,11.26734734
1120,3,0.71774417,7.33651829
1121,3,0.75215507,9.21565342
1122,3,0.70453107,9.04571247
1123,3,0.73507363,4.71556377
1124,3,0.76049781,5.81406784
1125,3,0.82566565,5.82631540
1126,3,0.78328604,4.10611677
1127,3,0.67779404,5.33950090
1128,3,0.85160279,6.22042084
1129,3,0.82147479,8.72407150
1130,3,0.69846553,5.81825924
1131,3,0.71895999,7.64565945
1132,3,0.79632556,7.66437721
1133,3,0.84127903,6.04189777
1134,3,0.85971320,6.81704092
1135,3,0.70219171,4.46681166
1136,3,0.77219790,7.70243120
1137,3,0.68870819,4.85578108
1138,3,0.63847578,6.37721682
1139,3,0.71514702,6.54070282
1140,3,0.68361449,4.14675379
1141,3,0.82571143,6.25558758
1142,3,0.83585048,6.29118252
1143,3,0.70320243,6.01534367
1144,3,0.80544859,4.39799786
1145,3,0.85987294,8.29316235
1146,3,0.66324329,5.25419998
1147,3,0.80325264,4.44840288
1148,3,0.75043440,6.19771481
1149,3,0.94003499,5.92571354
1150,3,0.60361546,3.93249273
1151,3,0.72797930,4.27054119
1152,3,0.70613897,4.61278343
1153,3,0.74037182,5.18281317
1154,3,0.71828115,7.99584579
1155,3,0.78938973,8.79195595
1156,3,0.66904634,4.21459484
1157,3,0.73616517,4.94187927
1158,3,0.67421734,6.21559906
1159,3,0.68291616,4.58567524
1160,3,0.77482319,6.06030416
1161,3,0.65778893,4.13149738
1162,3,0.72578180,6.48170376
1163,3,0.70982420,4.55610228
1164,3,0.75212646,7.65542746
1165,3,0.54495341,4.69947529
1166,3,0.70611382,3.49272108
1167,3,0.60538864,5.64423466
1168,3,0.77808964,4.93196583
1169,3,0.74535364,7.72512007
1170,3,0.72864604,5.07218122
1171,3,0.87480974,8.73331833
1172,3,0.81019938,7.88154173
1173,4,0.75395191,4.11160898
1174,4,0.55660892,3.73291302
1175,4,0.71341687,4.45452690
1176,4,0.65211427,3.33225775
1177,4,0.56189394,3.57922339
1178,4,0.77157271,6.40013647
1179,4,0.75065130,7.31662416
1180,4,0.98898625,6.47415209
1181,4,0.70571244,7.26826096
1182,4,0.81748223,4.93126011
1183,4,0.64019322,3.70304370
1184,4,0.74082088,6.02366924
1185,4,0.69794512,9.24320221
1186,4,0.69963479,10.41007233
1187,4,0.72107124,6.60546398
1188,4,0.64257479,6.70647383
1189,4,0.54916531,5.78073835
1190,4,0.57118976,5.69794703
1191,4,0.58332920,6.92705727
1192,4,0.62032306,4.21268749
1193,4,0.75713885,4.22275877
1194,4,0.56826961,4.86784220
1195,4,0.75371432,5.45506477
1196,4,0.64426720,6.01852417
1197,4,0.79848492,7.68897820
1198,4,0.64100492,3.37534761
1199,4,0.54970443,inf
1200,4,0.59832907,8.78885174
1201,4,0.66314173,3.92235899
1202,4,0.60110748,7.40812635
1203,4,0.73623103,3.38488722
1204,4,0.71891505,8.99989128
1205,4,0.87906826,7.36174488
1206,4,0.63347828,4.63960218
1207,4,0.60636795,5.27844715
1208,4,0.68602288,4.56533957
1209,4,0.82912213,7.18613434
1210,4,0.70579630,6.75704432
1211,4,0.66508758,6.71652842
1212,4,0.86748499,10.09607315
1213,4,0.72182697,12.29598236
1214,4,0.82423449,10.97026062
1215,4,0.62951171,7.16313314
1216,4,0.67979348,11.62525177
1217,4,0.59479523,5.96430349
1218,4,0.74655294,9.80862522
1219,4,0.75042713,7.06613588
1220,4,0.72036707,7.01883936
1221,4,0.72038257,8.52719688
1222,4,0.70130122,6.95361185
1223,4,0.67099619,5.09953022
1224,4,0.67385226,4.52871513
1225,4,0.80842960,9.67208099
1226,4,0.70868623,5.43524170
1227,4,0.83261341,3.87731814
1228,4,0.56651670,4.36690664
1229,4,0.62943399,6.45256567
1230,4,0.60710579,4.93454123
1231,4,0.73829001,5.93520498
1232,4,0.73909509,7.18429375
1233,4,0.74510008,5.12748480
1234,4,0.64956194,6.24325609
1235,4,0.89746690,5.96397495
1236,4,0.78221244,6.75153351
1237,4,0.64091247,5.47200918
1238,4,0.82549256,7.03460741
1239,4,0.78718835,10.07735920
1240,4,0.68094260,5.93893766
1241,4,0.72860986,7.09776974
1242,4,0.61624134,4.33320141
1243,4,0.64013147,4.41241169
1244,4,0.75491065,5.62321281
1245,4,0.68884462,4.85989237
1246,4,0.75799239,5.58719540
1247,4,0.63275743,3.87547684
1248,4,0.80383933,5.52958155
1249,4,0.71544009,4.19888735
1250,4,0.57107782,4.64833021
1251,4,0.64421141,3.61684942
1252,4,0.58823442,4.69607878
1253,4,0.56892675,3.89847183
1254,4,0.61092353,5.16994286
1255,4,0.77523124,9.58515549
1256,4,0.61387289,4.22192860
1257,4,0.79748720,3.39305663
1258,4,0.66893661,7.24218178
1259,4,0.85205436,5.29179001
1260,4,0.78173459,5.15028524
1261,4,0.73859501,8.90869904
1262,4,0.72072864,5.63662529
1263,4,0.78528243,7.62022161
1264,4,0.75981015,4.61038351
1265,4,0.87134314,6.41471052
1266,4,0.71861875,6.25484800
1267,4,0.60981917,7.85766983
1268,4,0.76106036,8.78437710
1269,4,0.81995547,6.79328918
1270,4,0.77035117,4.91624784
1271,4,0.66838199,10.18440533
1272,4,0.74634254,9.26584435
1273,4,0.69122517,4.09046125
1274,4,0.71188474,7.20420551
1275,4,0.73527819,7.35104752
1276,4,0.77732372,6.65030527
1277,4,0.72883165,9.45405769
1278,4,0.67256486,5.00294113
1279,4,0.69400793,9.16362190
1280,4,0.72039545,5.47299147
1281,4,0.60085833,5.44058132
1282,4,0.47015893,2.45005918
1283,4,0.74514568,5.07871199
1284,4,0.89871275,7.38920689
1285,4,0.66424376,11.69177437
1286,4,0.68004841,8.41928005
1287,4,0.70662427,8.08340645
1288,4,0.57623672,6.02258444
1289,4,0.90362662,7.40130472
1290,4,0.71171200,6.31180668
1291,4,0.59698290,6.40163803
1292,4,0.78770941,11.41938019
1293,4,0.65734637,6.03935242
1294,4,0.63587946,5.34146547
1295,4,0.78091830,10.70041466
1296,4,0.63850647,4.48098850
1297,4,0.85529292,6.96287537
1298,4,0.67805970,5.02568531
1299,4,0.74922240,4.83873606
1300,4,0.69243634,7.07496405
1301,4,0.73721588,10.87752151
1302,4,0.63328308,7.44168615
1303,4,0.65507102,4.20717096
1304,4,0.69197559,6.64076757
1305,4,0.71023369,4.61660862
1306,4,0.66295046,4.25288391
1307,4,0.84721243,7.33311796
1308,4,0.72250271,4.65814114
1309,4,0.54317629,3.46074986
1310,4,0.85770500,5.53590584
1311,4,0.62108696,3.78837657
1312,4,0.56805432,5.86356831
1313,4,0.54017872,4.81447268
1314,4,0.81545538,5.26649904
1315,4,0.63518882,5.33395576
1316,4,0.63550186,3.80035973
1317,4,0.74601471,3.72049332
1318,4,0.72538328,4.39072990
1319,4,0.62463731,6.80481529
1320,4,0.60287869,3.89679956
1321,4,0.60659331,4.80966377
1322,4,0.71144259,6.55887508
1323,4,0.58444321,3.78765702
1324,4,0.55614012,9.25952148
1325,4,0.64511418,6.45828056
1326,4,0.86327565,6.37537956
1327,4,0.62471884,5.13054419
1328,4,0.64208299,6.81879950
1329,4,0.75118840,6.31671047
1330,4,0.68274689,4.63945770
1331,4,0.72589099,5.30107737
1332,4,0.61364836,7.99315739
1333,4,0.55477965,4.84182549
1334,4,0.68814909,6.67072058
1335,4,0.78784728,9.11145401
1336,4,0.66750348,4.49138880
1337,4,0.83782578,7.16095114
1338,4,0.87876362,4.86163902
1339,4,0.70916092,8.30897236
1340,4,0.67553729,4.35876846
1341,4,0.76487029,5.61693430
1342,4,0.69429088,5.95718479
1343,4,0.84716284,8.62734795
1344,4,0.84776336,12.25174046
1345,4,0.76459789,8.11315155
1346,4,0.67877877,4.86517334
1347,4,0.76744819,6.32227659
1348,4,0.85427260,9.98558044
1349,4,0.71584046,6.66305685
1350,4,0.79858804,6.58304167
1351,4,0.71844196,4.84293079
1352,4,0.71926630,6.75504160
1353,4,0.78911781,4.67150545
1354,4,0.66150540,4.68032122
1355,4,0.81921774,7.50870323
1356,4,0.68991005,5.71706200
1357,4,0.77265573,8.28181553
1358,4,0.77209073,7.67546511
1359,4,0.72513705,5.22190857
1360,4,0.64623821,3.38202524
1361,4,0.76354063,4.47164679
1362,4,0.64547503,4.47845697
1363,4,0.77946150,3.61072731
1364,4,0.73381478,6.45857525
1365,4,0.73401964,5.32865143
1366,4,0.85807711,12.18016815
1367,4,0.55577797,6.84783125
1368,4,0.53903407,5.37317991
1369,4,0.71594191,5.26673651
1370,4,0.86491108,7.14463472
1371,4,0.78096950,4.90284252
1372,4,0.64508295,8.60680771
1373,4,0.65080190,8.15039062
1374,4,0.59073043,5.09366846
1375,4,0.57178485,3.68783712
1376,4,0.65030491,5.72122717
1377,4,0.53383356,5.67060852
1378,4,0.55894196,3.91189957
1379,4,0.73921430,5.35959339
1380,4,0.54025453,4.99991322
1381,4,0.73498869,3.93335938
1382,4,0.68417192,4.68077087
1383,4,0.68325466,6.62965441
1384,4,0.90692824,6.01386452
1385,4,0.77992469,6.59671497
1386,4,0.64775443,4.19935226
1387,4,0.63799620,5.83398485
1388,4,0.90691018,8.18682575
1389,4,0.58581275,7.24795628
1390,4,0.70914978,6.31525898
1391,4,0.81094575,9.28817749
1392,4,0.68960017,7.17572165
1393,4,0.83672994,5.54354286
1394,4,0.51030248,4.89121294
1395,4,0.82950962,6.06962919
1396,4,0.78006148,8.81534004
1397,4,0.61025590,9.22470951
1398,4,0.48776692,4.93477678
1399,4,0.61837333,7.69604063
1400,4,0.47218278,4.41564369
1401,4,0.83669293,6.64016676
1402,4,0.71719164,6.32784557
1403,4,0.62724644,5.48652267
1404,4,0.58246827,5.94158936
1405,4,0.65933979,9.29954052
1406,4,0.67445129,9.12025833
1407,4,0.74605334,5.93576097
1408,4,0.53376889,3.59516883
1409,4,0.73132157,3.69807816
1410,4,0.52235132,5.85615063
1411,4,0.58133864,11.35647202
1412,4,0.53100681,4.28875017
1413,4,0.59090370,5.76423454
1414,4,0.71114612,7.66323709
1415,4,0.64482605,5.93886900
1416,4,0.49639142,5.78962278
1417,4,0.58085132,6.21057034
1418,4,0.56115896,6.54861069
1419,4,0.75097799,9.48633480
1420,4,0.88162106,5.81366396
1421,4,0.69066119,4.28901386
1422,4,0.69030786,3.88346267
1423,4,0.64476466,4.99870920
1424,4,0.63893133,4.20069742
1425,4,0.64347273,3.71682096
1426,4,0.64404106,6.71550846
1427,4,0.71944344,7.56739092
1428,4,0.71981961,5.11767912
1429,4,0.65456468,6.79909420
1430,4,0.59112966,4.53222704
1431,4,0.72092849,7.92648745
1432,4,0.65956682,5.01577950
1433,4,0.81454569,6.94529009
1434,4,0.86143768,5.75293350
1435,4,0.69367111,9.93829727
1436,4,0.58748800,4.62648773
1437,4,0.59221792,4.25837040
1438,4,0.57544655,3.55436182
1439,4,0.60161167,3.82796288
1440,4,0.74424380,4.79835844
1441,4,0.60039115,5.67187881
1442,4,0.62101716,4.00186300
1443,4,0.86629039,6.23199368
1444,4,0.62170076,4.90523005
1445,4,0.72858191,7.29980707
1446,4,0.64740729,4.01143074
1447,4,0.59817123,5.43166351
1448,4,0.77909595,6.51126623
1449,4,0.48657858,4.52612829
1450,4,0.69643962,7.12692928
1451,4,0.76677287,3.91711640
1452,4,0.65575182,6.86388063
1453,4,0.67845470,11.73483276
1454,4,0.65407342,4.24704695
1455,4,0.62872881,8.48910904
1456,4,0.71490121,5.18209028
1457,4,0.72056460,6.53886223
1458,4,0.73583865,7.99599552
1459,4,0.54962903,4.40454483
1460,4,0.65336967,5.39618540
1461,4,0.53399992,3.19287610
1462,4,0.60665852,10.65251732
1463,4,0.69365799,5.48473072
1464,4,0.44540429,5.34127474
1465,4,0.47803354,6.69637108
1466,4,0.67110282,8.42773724
1467,4,0.56033069,11.35065746
1468,4,0.53027260,11.14909458
1469,4,0.54307091,6.18250227
1470,4,0.71555138,11.78371239
1471,4,0.74463451,8.01037312
1472,4,0.61046720,4.70691299
1473,4,0.65555692,8.81266785
1474,4,0.67729414,8.52718449
1475,4,0.67699033,5.52371788
1476,4,0.63088804,4.96692228
1477,4,0.74996471,5.77205706
1478,4,0.61976570,6.73969221
1479,4,0.55343819,5.30441093
1480,4,0.69502676,5.57016754
1481,4,0.81859779,5.92105484
1482,4,0.51991963,3.72609711
1483,4,0.74134278,4.95076370
1484,4,0.56553835,5.22061205
1485,4,0.58908236,4.73338079
1486,4,0.84336519,5.15067816
1487,4,0.65098488,4.90707064
1488,4,0.60140169,6.43685389
1489,4,0.63087249,7.67976952
1490,4,0.65703452,4.84370947
1491,4,0.71216327,4.75705194
1492,4,0.54537010,6.15134144
1493,4,0.80236441,7.87622404
1494,4,0.63689566,9.19858074
1495,4,0.65490687,6.90124989
1496,4,0.76418513,6.60866022
1497,4,0.76540446,7.23090839
1498,4,0.61228615,5.21393681
1499,4,0.71998727,8.57991505
1500,4,0.55927044,5.31264114
1501,4,0.83306921,5.21644878
1502,4,0.66701174,4.48041534
1503,4,0.59251767,5.51694822
1504,4,0.59351230,4.38714647
1505,4,0.65534061,5.48916674
1506,4,0.62088394,7.72922850
1507,4,0.55968320,3.94660974
1508,4,0.79363680,4.61863232
1509,4,0.65617955,8.42520714
1510,4,0.60010755,3.67142916
1511,4,0.62121034,5.41407013
1512,4,0.61214411,11.95510578
1513,4,0.63232601,3.91130209
1514,4,0.52695185,5.08170843
1515,4,0.55108446,5.29380465
1516,4,0.64241517,10.36197662
1517,4,0.63606775,4.92520380
1518,4,0.71324557,12.87796402
1519,4,0.54629230,5.29621315
1520,4,0.49271548,5.09818697
1521,4,0.62355858,5.92722082
1522,4,0.57846606,6.04346466
1523,4,0.63194203,10.92395782
1524,4,0.59838712,9.75245476
1525,4,0.50177741,4.30374002
1526,4,0.69426602,7.55697584
1527,4,0.57918143,4.41128302
1528,4,0.73122782,5.96944237
1529,4,0.63292563,4.83378506
1530,4,0.54909706,4.30336332
1531,4,0.65493828,6.39335203
1532,4,0.77547979,7.84149265
1533,4,0.76741260,5.31559992
1534,4,0.77150130,7.79900265
1535,4,0.61402661,5.93273735
1536,4,0.60148942,4.63291693
1537,4,0.71430969,5.77025270
1538,4,0.64465535,5.08129263
1539,4,0.63155228,5.98530197
1540,4,0.67737937,5.20814848
1541,4,0.68704838,4.58510542
1542,4,0.63755262,7.05465555
1543,4,0.66681123,4.77391052
1544,4,0.59139657,4.14893436
1545,4,0.65629685,8.57324886
1546,4,0.78031218,8.25620079
1547,4,0.68931305,6.11679602
1548,4,0.67220426,7.48158503
1549,4,0.64325827,4.59722233
1550,4,0.89600146,8.34710979
1551,4,0.67322886,7.95621061
1552,4,0.60845584,9.04264641
1553,4,0.79115343,5.59013987
1554,4,0.60820448,7.13881159
1555,4,0.61198938,4.46436834
1556,4,0.80882841,5.74366093
1557,4,0.71372449,5.31371546
1558,4,0.65933466,5.15809011
1559,4,0.66180527,6.78311062
1560,4,0.74804688,4.56755018
1561,4,0.88269329,8.54617691
1562,4,0.59649378,5.91698647
1563,4,0.88262635,8.93093872
1564,5,0.72409916,6.49946880
1565,5,0.68091756,5.43583298
1566,5,0.71270728,5.22309542
1567,5,0.68079412,4.59439659
1568,5,0.63221395,4.91993809
1569,5,0.69778287,9.75398445
1570,5,0.67522526,7.63111687
1571,5,0.55098736,4.80008650
1572,5,0.68825054,6.03246880
1573,5,0.74868810,5.80651569
1574,5,0.61075580,4.28104973
1575,5,0.72165102,4.20666027
1576,5,0.68566751,4.88778305
1577,5,0.68910015,8.45634270
1578,5,0.64393497,5.11875200
1579,5,0.60694122,5.83534241
1580,5,0.56844604,4.53545666
1581,5,0.69880509,9.15732574
1582,5,0.59147310,5.60565233
1583,5,0.52849990,6.27299213
1584,5,0.58219010,4.60460854
1585,5,0.65350795,9.64418602
1586,5,0.74826825,6.31732559
1587,5,0.47359824,6.34650898
1588,5,0.63348526,7.12586737
1589,5,0.64719558,7.64518929
1590,5,0.72737682,5.11696148
1591,5,0.43833131,4.75333548
1592,5,0.78705096,5.05083942
1593,5,0.64899683,8.67284298
1594,5,0.46261930,7.96281385
1595,5,0.80140209,12.10199356
1596,5,0.85575885,6.59459591
1597,5,0.55173886,5.51200771
1598,5,0.57486379,5.88357067
1599,5,0.77284420,6.26506376
1600,5,0.52168137,3.18991876
1601,5,0.53405249,5.27062321
1602,5,0.67463505,7.19252205
1603,5,0.70970392,8.01736259
1604,5,0.57155257,7.43726683
1605,5,0.62886739,8.41024971
1606,5,0.53483790,4.71336126
1607,5,0.64871234,4.85274792
1608,5,0.58632159,6.48410034
1609,5,0.61985165,8.17596912
1610,5,0.54425961,5.16413593
1611,5,0.61200154,5.47190523
1612,5,0.64419627,10.53414440
1613,5,0.49647743,7.48237658
1614,5,0.52999181,6.10765696
1615,5,0.74316847,11.20216656
1616,5,0.49738520,7.55782223
1617,5,0.59391129,6.33216524
1618,5,0.55234319,8.85190773
1619,5,0.59193230,5.94577312
1620,5,0.73710042,7.55053139
1621,5,0.63640404,5.08111620
1622,5,0.53516036,5.08787870
1623,5,0.56332946,4.36154890
1624,5,0.47275257,4.26482630
1625,5,0.68869728,8.45066738
1626,5,0.65304422,5.90034914
1627,5,0.59903419,6.18570328
1628,5,0.65590632,5.14299917
1629,5,0.80379134,7.70139074
1630,5,0.55463499,4.22952557
1631,5,0.69496185,4.86349678
1632,5,0.69252884,5.06187534
1633,5,0.61022890,6.11066532
1634,5,0.60395527,3.59672427
1635,5,0.60038137,5.32462120
1636,5,0.59146833,5.34690237
1637,5,0.52170503,6.51916504
1638,5,0.43811312,3.84033251
1639,5,0.59220105,8.35954571
1640,5,0.49246499,4.86547947
1641,5,0.55132771,6.48254824
1642,5,0.78673708,11.20068741
1643,5,0.56535816,8.18243027
1644,5,0.57296544,6.36994123
1645,5,0.67281985,5.88879061
1646,5,0.70435351,7.05242157
1647,5,0.71610832,7.99851751
1648,5,0.64755303,6.23193264
1649,5,0.66955727,8.00315666
1650,5,0.70279258,10.52828121
1651,5,0.69488919,8.03414249
1652,5,0.61225903,5.62488413
1653,5,0.70637447,8.42366123
1654,5,0.49506459,6.79522562
1655,5,0.51257479,3.79630280
1656,5,0.53912705,3.98025703
1657,5,0.72604120,5.39040565
1658,5,0.66547668,5.10799789
1659,5,0.63287258,4.99673843
1660,5,0.58362734,4.20860577
1661,5,0.49390739,3.38026094
1662,5,0.48981449,3.69676614
1663,5,0.54702061,4.97939301
1664,5,0.64999998,6.77896929
1665,5,0.61518502,4.91402721
1666,5,0.51508760,5.91287279
1667,5,0.68520570,3.64441133
1668,5,0.59450185,7.83387613
1669,5,0.60397816,10.89876175
1670,5,0.66836613,7.05163050
1671,5,0.69490665,8.58270550
1672,5,0.65606380,6.45156431
1673,5,0.66672540,3.18189120
1674,5,0.73637229,6.68766117
1675,5,0.48841369,5.17328501
1676,5,0.48722419,6.04806089
1677,5,0.72835481,5.27946424
1678,5,0.52621406,5.36557770
1679,5,0.57781094,7.32742929
1680,5,0.54647517,4.80930853
1681,5,0.75603282,6.16295958
1682,5,0.48068631,6.12597322
1683,5,0.58228642,5.75949621
1684,5,0.71700251,9.36599636
1685,5,0.64886498,6.01414871
1686,5,0.71786195,6.55390835
1687,5,0.72510195,7.50663996
1688,5,0.51892167,4.94607306
1689,5,0.62094307,8.76440239
1690,5,0.60861874,10.99823856
1691,5,0.55422664,13.00973511
1692,5,0.69517177,8.57434464
1693,5,0.70816594,5.99558496
1694,5,0.78139889,4.84374142
1695,5,0.55813044,7.15295029
1696,5,0.58596754,6.51943445
1697,5,0.56068528,6.60961199
1698,5,0.51761442,9.32657623
1699,5,0.65259969,7.30265999
1700,5,0.77234650,6.58535814
1701,5,0.66718471,7.69552469
1702,5,0.53064793,3.35857511
1703,5,0.75613499,5.55601835
1704,5,0.45820761,3.58475685
1705,5,0.71422541,5.21257257
1706,5,0.66079241,5.65842342
1707,5,0.59383482,9.50419903
1708,5,0.50691724,8.22159767
1709,5,0.68708682,9.52430916
1710,5,0.46941486,5.38350391
1711,5,0.64204741,4.95203161
1712,5,0.70648730,4.43616247
1713,5,0.56690478,7.11498785
1714,5,0.52046621,5.10168505
1715,5,0.56829768,7.34575939
1716,5,0.53738177,4.36547184
1717,5,0.71973193,5.72410870
1718,5,0.77297068,7.78300238
1719,5,0.56348175,4.23416567
1720,5,0.57091135,5.29750061
1721,5,0.68913341,5.05321884
1722,5,0.79212809,4.09687042
1723,5,0.79435986,5.58354330
1724,5,0.60658020,4.92378235
1725,5,0.67420876,5.48963737
1726,5,0.67277414,4.16843462
1727,5,0.62149346,4.12777424
1728,5,0.62869292,6.63653469
1729,5,0.53713357,5.72551680
1730,5,0.65370709,4.18612480
1731,5,0.70605201,5.28280926
1732,5,0.56222796,3.45777798
1733,5,0.57105726,7.73455906
1734,5,0.73813617,4.67429686
1735,5,0.41755158,4.38127232
1736,5,0.60643864,6.78056669
1737,5,0.63226229,5.95210457
1738,5,0.63517773,8.05119991
1739,5,0.79585797,5.10596466
1740,5,0.57797742,6.70747805
1741,5,0.52992558,7.58539104
1742,5,0.61856908,6.59205723
1743,5,0.55291671,4.00692940
1744,5,0.62484616,5.72620535
1745,5,0.51628840,5.18090153
1746,5,0.41703284,5.08468819
1747,5,0.78878391,4.70012569
1748,5,0.74845338,5.70783854
1749,5,0.61647356,5.94402885
1750,5,0.70954472,8.35120392
1751,5,0.48822013,3.37227249
1752,5,0.56798953,7.16498518
1753,5,0.63223040,9.67997456
1754,5,0.51166236,6.66378880
1755,5,0.70391250,6.94889212
1756,5,0.56620598,5.86834669
1757,5,0.59205139,6.60737848
1758,5,0.68492705,4.57134962
1759,5,0.66334593,7.44456005
1760,5,0.61004984,4.20730352
1761,5,0.55506223,5.57193470
1762,5,0.55148959,10.05968189
1763,5,0.65644181,5.55496836
1764,5,0.43908492,5.60763836
1765,5,0.53918165,5.54036951
1766,5,0.71343386,6.41449690
1767,5,0.58469129,5.36438513
1768,5,0.55835766,5.16560268
1769,5,0.60370982,5.89297056
1770,5,0.58037001,5.74300385
1771,5,0.71248627,6.22129869
1772,5,0.60079509,8.29593277
1773,5,0.77420592,5.79014492
1774,5,0.67671126,6.64725256
1775,5,0.71139026,6.67855358
1776,5,0.54127741,6.46770525
1777,5,0.65129399,4.36996746
1778,5,0.53466713,8.51612091
1779,5,0.67365563,3.81179380
1780,5,0.70688915,6.81037569
1781,5,0.61109781,5.04938030
1782,5,0.51169479,5.93307447
1783,5,0.65980697,6.62314510
1784,5,0.48147929,5.07754612
1785,5,0.61407852,6.28044176
1786,5,0.43818873,4.02902985
1787,5,0.71256649,6.17293262
1788,5,0.61574572,4.45188427
1789,5,0.54452586,5.42741823
1790,5,0.62469864,6.81302595
1791,5,0.78543472,9.53362370
1792,5,0.60168934,4.93053627
1793,5,0.67469621,4.87071657
1794,5,0.62803149,5.48176384
1795,5,0.78340822,5.02425480
1796,5,0.61205345,5.91717243
1797,5,0.60754263,5.89849710
1798,5,0.71049923,6.58163071
1799,5,0.64902532,5.21654510
1800,5,0.68504083,6.42902613
1801,5,0.67907459,4.56443501
1802,5,0.62003797,4.08916283
1803,5,0.59469235,3.96081400
1804,5,0.78938633,4.87575197
1805,5,0.66326159,4.42994928
1806,5,0.65781152,6.72900200
1807,5,0.76563358,8.32573318
1808,5,0.53523755,3.50648451
1809,5,0.67501086,8.78155231
1810,5,0.74668813,9.96062374
1811,5,0.55033755,7.10013437
1812,5,0.72921288,11.51195335
1813,5,0.69980764,6.11099768
1814,5,0.67199755,5.13454771
1815,5,0.67008668,7.03512430
1816,5,0.81884706,4.97128010
1817,5,0.63253248,6.91884804
1818,5,0.64123029,4.68624830
1819,5,0.60836518,5.66598654
1820,5,0.68476081,8.08082008
1821,5,0.60096681,9.35334587
1822,5,0.61660832,8.24262238
1823,5,0.59428585,6.39848566
1824,5,0.59210908,5.96516466
1825,5,0.59628654,4.42153502
1826,5,0.62384737,5.71566200
1827,5,0.60675073,6.49363375
1828,5,0.82399398,7.03821707
1829,5,0.71316254,11.02774620
1830,5,0.76896590,9.10377216
1831,5,0.53688121,6.90168619
1832,5,0.64833677,4.90954781
1833,5,0.70884991,7.49477577
1834,5,0.70113307,6.36618662
1835,5,0.45412326,3.72920060
1836,5,0.70721811,4.27370501
1837,5,0.52825522,5.88540649
1838,5,0.63173103,6.85657454
1839,5,0.54083848,5.04859543
1840,5,0.69287527,4.93591261
1841,5,0.60161191,4.89844179
1842,5,0.65379292,4.34890175
1843,5,0.57779062,5.28921652
1844,5,0.57972538,5.77603245
1845,5,0.59277093,6.17500401
1846,5,0.54927582,5.98306704
1847,5,0.71425641,5.86297894
1848,5,0.65300882,5.27454662
1849,5,0.61880046,7.87213802
1850,5,0.78647125,6.52787447
1851,5,0.67472291,7.87110329
1852,5,0.62406164,4.54300117
1853,5,0.69292516,6.44943380
1854,5,0.48005068,3.97928882
1855,5,0.55503219,5.35715723
1856,5,0.63791102,5.23215008
1857,5,0.60371447,6.13651609
1858,5,0.62779313,5.73963976
1859,5,0.52548420,4.78410244
1860,5,0.57470310,5.98946762
1861,5,0.54077888,8.92256355
1862,5,0.76916909,4.28361225
1863,5,0.68411821,4.91665602
1864,5,0.66262376,4.96840191
1865,5,0.65432775,5.09762335
1866,5,0.55049831,7.76803541
1867,5,0.53806913,6.93657255
1868,5,0.67531085,5.43154287
1869,5,0.59396183,7.02425814
1870,5,0.53483379,7.30474663
1871,5,0.48838508,3.03097701
1872,5,0.65697116,3.92510605
1873,5,0.72789824,6.92485189
1874,5,0.59343469,5.83979654
1875,5,0.56455314,5.10284758
1876,5,0.62131739,6.57349348
1877,5,0.47167104,5.40841818
1878,5,0.64381468,8.54879665
1879,5,0.71310246,5.14373541
1880,5,0.45417541,6.81553125
1881,5,0.65970898,7.37820530
1882,5,0.55809748,4.38330460
1883,5,0.54589975,5.36411905
1884,5,0.56253266,4.44005585
1885,5,0.61257076,7.58797359
1886,5,0.61196291,12.60447693
1887,5,0.46705884,7.32834291
1888,5,0.56859756,5.80432034
1889,5,0.49399871,6.69192171
1890,5,0.58433628,3.75608993
1891,5,0.55672157,4.99726915
1892,5,0.47906065,5.09317589
1893,5,0.54318571,6.62970972
1894,5,0.76588106,7.92326212
1895,5,0.51851892,3.53486514
1896,5,0.60680163,5.97123289
1897,5,0.43486071,3.86658144
1898,5,0.68046105,11.23439598
1899,5,0.56790435,8.50420856
1900,5,0.76607454,7.09973574
1901,5,0.53744364,5.67455149
1902,5,0.56744707,5.03873634
1903,5,0.60396445,6.60372686
1904,5,0.57526821,8.87592411
1905,5,0.78650808,7.41022682
1906,5,0.58170807,5.20090723
1907,5,0.63591516,8.70055962
1908,5,0.55363548,5.82104349
1909,5,0.62104964,6.22298288
1910,5,0.55891681,8.65020657
1911,5,0.60397941,6.60131454
1912,5,0.54029411,4.19525623
1913,5,0.86601567,6.46052408
1914,5,0.53930449,5.45435572
1915,5,0.61198133,6.46353579
1916,5,0.45095354,4.91710806
1917,5,0.51840508,3.83310699
1918,5,0.44212383,5.61503029
1919,5,0.77970815,6.44170427
1920,5,0.48658156,3.88347626
1921,5,0.55248868,5.36271286
1922,5,0.59473401,6.69733429
1923,5,0.64984107,7.01447582
1924,5,0.56949532,4.89243126
1925,5,0.61057734,4.81384373
1926,5,0.59999716,5.64981985
1927,5,0.59827864,8.94546604
1928,5,0.65179580,6.49424171
1929,5,0.51183099,5.02253437
1930,5,0.64748025,6.90529537
1931,5,0.87029392,5.82616615
1932,5,0.56737328,5.16963387
1933,5,0.60875368,6.81473160
1934,5,0.52853262,3.92857361
1935,5,0.49841696,4.89731693
1936,5,0.58952558,4.68321180
1937,5,0.66817451,4.89303827
1938,5,0.48099935,4.33397722
1939,5,0.47628903,5.05793047
1940,5,0.68938339,5.56116915
1941,5,0.54675961,3.87822032
1942,5,0.55325973,3.40610814
1943,5,0.52828169,4.59456682
1944,5,0.50434923,5.05276632
1945,5,0.59170830,4.44308901
1946,5,0.58785450,4.27529526
1947,5,0.61318302,3.71476793
1948,5,0.74845862,5.21068144
1949,5,0.58530456,5.37394571
1950,5,0.56030607,3.91251826
1951,5,0.54331243,7.51083899
1952,5,0.57200706,5.25763226
1953,5,0.65534568,4.99789667
1954,5,0.50204217,6.19761944
1955,6,0.54632902,6.46556282
1956,6,0.58576828,6.12413549
1957,6,0.63201249,9.44118118
1958,6,0.49401644,4.38300848
1959,6,0.44137114,5.09370041
1960,6,0.48573709,4.25398684
1961,6,0.51758879,4.28821087
1962,6,0.53270769,6.33658648
1963,6,0.62485248,9.55786419
1964,6,0.49029651,7.29245520
1965,6,0.53860277,4.71419048
1966,6,0.58905780,8.05399323
1967,6,0.56359494,6.23008108
1968,6,0.56062263,4.58241463
1969,6,0.63513905,8.38659286
1970,6,0.53441668,8.11090183
1971,6,0.66224676,6.30725527
1972,6,0.51522613,5.37675905
1973,6,0.46091226,5.62792587
1974,6,0.60634035,4.75086117
1975,6,0.57984436,8.59021950
1976,6,0.56797802,9.72534752
1977,6,0.49925491,5.92840958
1978,6,0.70019031,6.26047087
1979,6,0.59549063,4.82488155
1980,6,0.65530449,7.78674650
1981,6,0.54656368,2.96006656
1982,6,0.51720536,5.35973310
1983,6,0.45652521,5.07912111
1984,6,0.60960138,3.70588660
1985,6,0.68115354,5.06777287
1986,6,0.41884005,4.54884195
1987,6,0.60609305,7.81074667
1988,6,0.56717634,7.13287592
1989,6,0.51964420,5.13859797
1990,6,0.54535747,4.63329458
1991,6,0.60035849,6.71459341
1992,6,0.48810163,8.68642044
1993,6,0.52558792,3.15104103
1994,6,0.61509544,7.00342846
1995,6,0.56482077,5.38007021
1996,6,0.45391476,4.23043585
1997,6,0.64550203,7.53864145
1998,6,0.55370760,6.97557020
1999,6,0.60929632,7.87585783
2000,6,0.62807250,4.53508472
2001,6,0.44744086,4.67626858
2002,6,0.44358718,3.74692392
2003,6,0.56367099,3.31706929
2004,6,0.58255947,5.87234259
2005,6,0.65413797,5.63092041
2006,6,0.55907440,7.55572414
2007,6,0.55274057,6.41557312
2008,6,0.40934056,4.07409334
2009,6,0.46068817,6.04269409
2010,6,0.62698305,4.89344263
2011,6,0.53551698,9.56104660
2012,6,0.60792506,3.72363424
2013,6,0.60291344,4.65199137
2014,6,0.41961506,5.96674585
2015,6,0.66692698,7.90649033
2016,6,0.58799964,5.09936571
2017,6,0.72933888,7.21078825
2018,6,0.63043654,4.95291424
2019,6,0.53939784,4.74877501
2020,6,0.59543741,5.12100935
2021,6,0.64197993,5.89565468
2022,6,0.66053301,7.22200823
2023,6,0.64540786,6.66214991
2024,6,0.60324919,4.64756584
2025,6,0.61619967,8.13323116
2026,6,0.60523391,5.60237455
2027,6,0.44793367,5.63952494
2028,6,0.57665944,6.12357855
2029,6,0.63015783,6.99512529
2030,6,0.52216232,5.13972187
2031,6,0.68296051,6.78764391
2032,6,0.49097955,8.96689320
2033,6,0.56165826,4.02023554
2034,6,0.48308802,7.22572803
2035,6,0.54962599,7.30021477
2036,6,0.64396489,4.77040052
2037,6,0.45711809,3.82263303
2038,6,0.58308238,5.14852905
2039,6,0.55126071,4.24175167
2040,6,0.74304318,8.03052616
2041,6,0.49233985,4.18397903
2042,6,0.54856020,5.46742344
2043,6,0.53656757,4.93504477
2044,6,0.56402159,6.34135723
2045,6,0.65605271,5.80891705
2046,6,0.69138169,4.73383856
2047,6,0.51231903,4.43805885
2048,6,0.46244010,5.52971888
2049,6,0.53566313,3.22776771
2050,6,0.61017120,4.23428583
2051,6,0.44117761,5.84746933
2052,6,0.54732323,6.49917698
2053,6,0.63676572,4.66045141
2054,6,0.51484394,8.02892780
2055,6,0.52022958,5.40411472
2056,6,0.41882718,8.77100086
2057,6,0.32904965,5.00174046
2058,6,0.62673742,7.79530764
2059,6,0.55867064,6.20451832
2060,6,0.47223669,4.79798365
2061,6,0.61226273,5.45335293
2062,6,0.65811360,4.19640207
2063,6,0.41720730,4.73090982
2064,6,0.57078111,7.72117758
2065,6,0.56952173,4.41273880
2066,6,0.50063264,5.72256947
2067,6,0.59221882,8.53626156
2068,6,0.70896173,7.64785290
2069,6,0.50500035,3.90791249
2070,6,0.55295151,4.46997452
2071,6,0.57269001,4.94272757
2072,6,0.61902779,4.59189272
2073,6,0.53021294,4.05609179
2074,6,0.62460399,4.82180643
2075,6,0.56366050,3.61497331
2076,6,0.78818542,8.44182110
2077,6,0.59805733,5.83067894
2078,6,0.64596003,6.16737270
2079,6,0.46715748,5.74538040
2080,6,0.38593072,5.10240889
2081,6,0.40078306,3.97353435
2082,6,0.45797098,6.39331770
2083,6,0.55991036,7.21644735
2084,6,0.47327137,3.45617986
2085,6,0.68400753,5.15210962
2086,6,0.60749900,5.37529087
2087,6,0.62638432,4.08736897
2088,6,0.48291948,8.95455170
2089,6,0.54965258,5.06541967
2090,6,0.81312728,7.12847996
2091,6,0.47150669,4.43358898
2092,6,0.62205172,5.79872179
2093,6,0.56083703,6.71422815
2094,6,0.49888015,4.58576107
2095,6,0.55620182,7.72887230
2096,6,0.46841264,6.01153755
2097,6,0.70659357,7.14670610
2098,6,0.62007093,5.08973169
2099,6,0.49049091,5.10521793
2100,6,0.50798142,5.92938471
2101,6,0.62135470,6.30349684
2102,6,0.48189178,4.78017187
2103,6,0.55114698,4.42088461
2104,6,0.50654334,6.44615746
2105,6,0.53275836,5.20150137
2106,6,0.60471332,5.39693499
2107,6,0.41172287,5.02850056
2108,6,0.46912661,4.56741476
2109,6,0.72257179,8.35378265
2110,6,0.48694870,3.57464767
2111,6,0.57942069,4.77522182
2112,6,0.49469298,4.31799316
2113,6,0.64694118,6.15150881
2114,6,0.73134315,3.75997448
2115,6,0.60447854,4.85821247
2116,6,0.51994121,4.43027306
2117,6,0.60210675,4.86247063
2118,6,0.51191854,4.48440123
2119,6,0.42950141,4.80979252
2120,6,0.54555345,5.53599167
2121,6,0.62251973,3.67162943
2122,6,0.53616250,3.61897182
2123,6,0.56528914,4.93575811
2124,6,0.51624054,4.56125069
2125,6,0.60229707,4.10512781
2126,6,0.48569176,3.59053373
2127,6,0.71236628,7.46266460
2128,6,0.51456100,6.20472050
2129,6,0.50815052,7.25630426
2130,6,0.52042866,6.37354469
2131,6,0.59290618,8.91743565
2132,6,0.70582879,6.70993137
2133,6,0.73758149,5.76565838
2134,6,0.51916897,8.04504108
2135,6,0.51708186,4.11170197
2136,6,0.53322738,5.24923229
2137,6,0.47258824,7.18184996
2138,6,0.69293106,7.18633747
2139,6,0.83719355,5.96296501
2140,6,0.48421168,8.81263733
2141,6,0.56234932,5.56049728
2142,6,0.45685041,6.65584373
2143,6,0.54268980,7.82354832
2144,6,0.51773119,8.39188290
2145,6,0.64952946,6.74067020
2146,6,0.66565633,9.50442505
2147,6,0.63547903,4.54503012
2148,6,0.58836770,5.38528013
2149,6,0.50937581,3.35611677
2150,6,0.57348406,6.19090176
2151,6,0.65091002,9.74626160
2152,6,0.70160460,9.78579617
2153,6,0.59198999,5.85844469
2154,6,0.56947279,3.86773944
2155,6,0.70320380,4.66962290
2156,6,0.58266425,5.86874199
2157,6,0.56773663,5.47369099
2158,6,0.58458579,5.59584284
2159,6,0.51606077,5.62394619
2160,6,0.48583829,4.86658096
2161,6,0.55501711,4.13457251
2162,6,0.55427486,6.55438232
2163,6,0.64361179,3.37374520
2164,6,0.43304402,5.90563822
2165,6,0.50825846,4.87379265
2166,6,0.69020492,6.17595434
2167,6,0.48761487,4.67271185
2168,6,0.88922477,6.73611307
2169,6,0.47653028,5.06093264
2170,6,0.49924487,3.74521565
2171,6,0.57308930,4.30127811
2172,6,0.65725297,6.56319475
2173,6,0.63896120,4.19387531
2174,6,0.50133216,4.96049261
2175,6,0.58213365,5.48631430
2176,6,0.54227054,3.89313221
2177,6,0.49174219,2.59004378
2178,6,0.68952060,5.52071333
2179,6,0.59602737,5.26883411
2180,6,0.54672384,5.02680588
2181,6,0.49220610,4.81673145
2182,6,0.64241254,6.30418968
2183,6,0.43003190,5.19497824
2184,6,0.51223099,4.32225943
2185,6,0.57445645,6.70977020
2186,6,0.54777139,3.41423535
2187,6,0.40046710,6.84292316
2188,6,0.56229770,4.74222374
2189,6,0.46435177,4.54724216
2190,6,0.54735690,5.03017044
2191,6,0.48247603,6.92793274
2192,6,0.53605628,5.21204472
2193,6,0.56245565,7.59146881
2194,6,0.64571881,9.70721436
2195,6,0.51758808,4.87567997
2196,6,0.72636282,6.27802515
2197,6,0.57675976,7.73154497
2198,6,0.62481457,5.16920805
2199,6,0.42105335,6.50089502
2200,6,0.45671192,4.03752565
2201,6,0.66817838,7.64809704
2202,6,0.64283788,8.20828152
2203,6,0.50232863,6.39133596
2204,6,0.50915217,6.86922359
2205,6,0.64397013,6.50332928
2206,6,0.38746229,4.15152931
2207,6,0.58337998,7.09139681
2208,6,0.35055822,4.54610538
2209,6,0.41851205,5.07648802
2210,6,0.61785501,5.49068928
2211,6,0.58089465,11.50289059
2212,6,0.48253906,5.65832567
2213,6,0.52648962,8.54667759
2214,6,0.39524376,4.17479467
2215,6,0.62348604,9.39172459
2216,6,0.67851496,5.93269873
2217,6,0.45701042,5.18781662
2218,6,0.63503271,6.28948021
2219,6,0.46902680,5.79722309
2220,6,0.66491801,5.22147894
2221,6,0.78339040,6.59705591
2222,6,0.51997471,6.30053186
2223,6,0.73543960,5.01098347
2224,6,0.46145064,5.39391851
2225,6,0.56548023,5.56384468
2226,6,0.63638860,6.72931147
2227,6,0.73305529,6.30851507
2228,6,0.66016781,6.71202898
2229,6,0.45230621,5.14024305
2230,6,0.51014739,7.20633411
2231,6,0.67775172,7.44009447
2232,6,0.56997538,7.91959190
2233,6,0.68535793,7.33161354
2234,6,0.62614375,8.42522049
2235,6,0.42142344,4.11153650
2236,6,0.47855544,6.16507626
2237,6,0.38969022,5.97056341
2238,6,0.53959656,4.50019646
2239,6,0.51634020,3.74041557
2240,6,0.48763987,2.98176694
2241,6,0.52995658,4.80420303
2242,6,0.44304675,5.19087791
2243,6,0.49251798,5.56254816
2244,6,0.56823361,5.05363941
2245,6,0.50963074,5.50796556
2246,6,0.61743855,4.77195930
2247,6,0.48335755,4.80103588
2248,6,0.58029628,5.91690445
2249,6,0.62838662,7.13380051
2250,6,0.51784837,4.51937914
2251,6,0.65719002,6.43867350
2252,6,0.56083256,7.12223530
2253,6,0.61727059,4.66329336
2254,6,0.54248524,5.61892033
2255,6,0.65732241,10.13440228
2256,6,0.46443087,4.85069704
2257,6,0.69369876,5.16029072
2258,6,0.54736108,5.91802073
2259,6,0.56164336,5.95430613
2260,6,0.61648381,4.16712141
2261,6,0.52160162,5.05286741
2262,6,0.44545805,4.30740261
2263,6,0.45409453,5.22942448
2264,6,0.49159297,5.65859175
2265,6,0.51572913,5.06846905
2266,6,0.56513488,5.41889429
2267,6,0.72455716,6.41035175
2268,6,0.57803237,5.57450485
2269,6,0.61223269,5.50514174
2270,6,0.57894802,4.80484915
2271,6,0.47192663,3.26746869
2272,6,0.58435839,7.37060881
2273,6,0.59404856,3.34109354
2274,6,0.55658078,4.41755486
2275,6,0.56795621,7.96544600
2276,6,0.40548214,4.96533346
2277,6,0.53060722,3.65038610
2278,6,0.40556675,3.46904778
2279,6,0.49763811,4.52705669
2280,6,0.58694321,6.37212276
2281,6,0.42217582,3.36534119
2282,6,0.39950794,4.83570337
2283,6,0.56607687,4.19450521
2284,6,0.57611853,5.84039545
2285,6,0.65128034,6.91052771
2286,6,0.42233431,5.12353420
2287,6,0.38792297,4.67477989
2288,6,0.44451773,5.37798738
2289,6,0.45520401,4.96191692
2290,6,0.52115643,6.62492561
2291,6,0.59206045,7.69064760
2292,6,0.53481406,4.98219061
2293,6,0.58309782,5.07816505
2294,6,0.62283862,6.95370102
2295,6,0.47501498,5.45932722
2296,6,0.49574143,5.46068048
2297,6,0.56197113,4.54428291
2298,6,0.35702312,3.92611909
2299,6,0.73881590,4.90976000
2300,6,0.48369336,6.11849785
2301,6,0.56784534,5.40600395
2302,6,0.69779199,5.27646112
2303,6,0.66784835,5.70093584
2304,6,0.45073617,4.26015377
2305,6,0.45857292,4.54278851
2306,6,0.57571101,4.52374840
2307,6,0.63356984,4.99047756
2308,6,0.85134900,15.57342434
2309,6,0.48657054,5.64268112
2310,6,0.54791647,5.89482355
2311,6,0.62947744,4.36121941
2312,6,0.64006001,5.06564140
2313,6,0.54214412,5.69134474
2314,6,0.66836250,3.93143678
2315,6,0.58959174,4.58546114
2316,6,0.46862435,10.54897213
2317,6,0.51368243,5.78301382
2318,6,0.45463341,4.68306017
2319,6,0.64874959,7.13928652
2320,6,0.44186574,3.72071433
2321,6,0.36124170,3.71435046
2322,6,0.65255708,5.34080982
2323,6,0.51246297,7.78384018
2324,6,0.70683241,9.84324646
2325,6,0.57799685,7.67882538
2326,6,0.50484705,5.96382475
2327,6,0.52474213,5.96857977
2328,6,0.52972573,3.93269467
2329,6,0.67386734,6.61563730
2330,6,0.61350256,7.77266359
2331,6,0.80069011,6.31265450
2332,6,0.71232176,4.67895126
2333,6,0.58363640,4.20035839
2334,6,0.54660749,3.94265604
2335,6,0.50222570,4.08237743
2336,6,0.57339805,4.50100517
2337,6,0.53127801,5.00398207
2338,6,0.70409119,5.33145761
2339,6,0.53997344,4.45449018
2340,6,0.50481361,6.31276894
2341,6,0.54442555,4.37529230
2342,6,0.67708397,4.89277411
2343,6,0.62536573,5.14510727
2344,6,0.44561610,5.04986382
2345,6,0.56496269,5.94959021
2346,7,0.63119721,6.08856440
2347,7,0.53699470,4.51801157
2348,7,0.47344291,5.84256649
2349,7,0.49069372,4.82944584
2350,7,0.68751407,5.16942406
2351,7,0.42589593,5.79687166
2352,7,0.49580371,5.95850515
2353,7,0.49666256,5.79981184
2354,7,0.63561034,5.43231487
2355,7,0.56598300,5.95235682
2356,7,0.59623230,5.43528652
2357,7,0.46490884,6.47938299
2358,7,0.49975690,5.05474615
2359,7,0.48935550,8.08539486
2360,7,0.56074917,4.85844326
2361,7,0.46861616,4.75048542
2362,7,0.49525061,6.45337725
2363,7,0.57081378,3.96626878
2364,7,0.54192078,8.64424992
2365,7,0.37158266,4.03280306
2366,7,0.53556883,4.59006262
2367,7,0.62459999,8.48189926
2368,7,0.59121752,5.33980846
2369,7,0.45016786,4.92834187
2370,7,0.53721774,5.06468296
2371,7,0.51925820,3.59870028
2372,7,0.51934224,8.99234581
2373,7,0.51728213,8.14373207
2374,7,0.52182859,6.29700613
2375,7,0.62904441,4.75468493
2376,7,0.51362276,8.79960155
2377,7,0.45635134,8.22362804
2378,7,0.54867458,7.67573118
2379,7,0.39555275,5.85468769
2380,7,0.38258970,7.11897326
2381,7,0.38215268,5.06162405
2382,7,0.47686365,6.00987434
2383,7,0.50694269,6.10236311
2384,7,0.52720547,5.04261017
2385,7,0.55725455,6.54518414
2386,7,0.57487005,7.06173038
2387,7,0.54341507,9.21965981
2388,7,0.54992306,4.98017025
2389,7,0.55436236,6.40370798
2390,7,0.50779134,5.18345118
2391,7,0.53021502,7.06763983
2392,7,0.49473557,6.57134914
2393,7,0.40412030,5.24066734
2394,7,0.52170813,5.54725647
2395,7,0.50902355,5.70676613
2396,7,0.60885835,4.81335735
2397,7,0.63738477,4.78645182
2398,7,0.46980953,3.73316813
2399,7,0.48455465,3.85246849
2400,7,0.73759162,4.88096809
2401,7,0.56587708,6.60631418
2402,7,0.52301890,7.71343756
2403,7,0.52374744,4.92138720
2404,7,0.36501560,3.53728747
2405,7,0.49918982,8.76874638
2406,7,0.50010651,8.74522209
2407,7,0.45333588,6.09742355
2408,7,0.44222945,3.75645709
2409,7,0.63423097,5.46352530
2410,7,0.65014100,4.79225206
2411,7,0.51879579,5.28136063
2412,7,0.35419750,5.07940435
2413,7,0.50576389,6.45731401
2414,7,0.49178770,4.05696201
2415,7,0.52919477,6.53861570
2416,7,0.54283082,5.66408110
2417,7,0.55027604,4.20431232
2418,7,0.47580802,5.84161377
2419,7,0.43403798,9.33833885
2420,7,0.66654682,5.92847586
2421,7,0.57078576,6.31537771
2422,7,0.56178355,5.71566105
2423,7,0.36718732,3.40404129
2424,7,0.54739594,4.93035936
2425,7,0.53028953,5.46105862
2426,7,0.51371193,4.57237530
2427,7,0.46625870,4.66403055
2428,7,0.43733183,5.74943686
2429,7,0.50391191,5.43275595
2430,7,0.49807870,5.30151892
2431,7,0.49023145,6.71229267
2432,7,0.54798818,7.37963247
2433,7,0.40430915,4.90999222
2434,7,0.33678991,4.20348740
2435,7,0.58021700,4.04074335
2436,7,0.50911927,6.26181364
2437,7,0.47651315,5.47306108
2438,7,0.62667120,5.09161711
2439,7,0.56913346,6.30683184
2440,7,0.39765361,4.42536545
2441,7,0.44472957,5.52913427
2442,7,0.53366613,4.24423552
2443,7,0.58550477,6.04231691
2444,7,0.54754913,7.15376616
2445,7,0.39126450,6.76564550
2446,7,0.65909302,4.54542971
2447,7,0.38544625,5.49475861
2448,7,0.56116843,5.21500254
2449,7,0.54279083,7.67695808
2450,7,0.50395018,4.28871155
2451,7,0.56773424,5.75543213
2452,7,0.59955657,6.50937939
2453,7,0.38688260,3.73183537
2454,7,0.56999207,4.85726213
2455,7,0.47946003,6.11878538
2456,7,0.40569699,5.89663363
2457,7,0.49657431,7.57114172
2458,7,0.49506056,8.09584045
2459,7,0.54145211,4.56218290
2460,7,0.60201246,6.55685139
2461,7,0.54602194,6.81490946
2462,7,0.69258159,7.29744816
2463,7,0.58183175,9.84308529
2464,7,0.39729440,4.78499842
2465,7,0.59071147,5.35008812
2466,7,0.52581406,8.05818939
2467,7,0.58561319,7.11695433
2468,7,0.36614215,4.00503492
2469,7,0.57832319,6.58868074
2470,7,0.47392237,6.84329510
2471,7,0.65818703,7.09757233
2472,7,0.51594031,5.56058216
2473,7,0.47218466,6.24983358
2474,7,0.47620350,6.31811237
2475,7,0.55542457,4.07289076
2476,7,0.53625023,5.09770632
2477,7,0.55496073,3.60137129
2478,7,0.54449034,4.14012337
2479,7,0.56564415,4.60651827
2480,7,0.65496707,6.12627268
2481,7,0.76337588,7.62779236
2482,7,0.64483517,7.42056704
2483,7,0.61000085,7.57650852
2484,7,0.56615001,7.28650665
2485,7,0.39791900,8.43882370
2486,7,0.47482139,5.66953087
2487,7,0.65434092,13.83361721
2488,7,0.44297177,3.54768634
2489,7,0.54517317,3.05533719
2490,7,0.47162306,4.46981001
2491,7,0.39642879,5.93030787
2492,7,0.68552589,7.56875324
2493,7,0.70050299,5.30450630
2494,7,0.51666856,5.87716007
2495,7,0.55411041,4.80496883
2496,7,0.61681890,2.90895605
2497,7,0.56878930,8.59030056
2498,7,0.63754112,7.75262594
2499,7,0.48758027,6.84110308
2500,7,0.59263659,5.56769419
2501,7,0.56863582,7.14691877
2502,7,0.56051898,4.61612034
2503,7,0.42410293,5.16118670
2504,7,0.61013436,8.85861492
2505,7,0.55474454,5.09621763
2506,7,0.49311215,5.25975990
2507,7,0.45064896,4.40979242
2508,7,0.67770374,5.00757694
2509,7,0.46769327,2.87384200
2510,7,0.50194991,6.08896112
2511,7,0.52646267,7.93699789
2512,7,0.44754583,5.31385040
2513,7,0.46111834,7.52119160
2514,7,0.50701296,7.10892391
2515,7,0.63377923,6.95739555
2516,7,0.50872236,5.04280138
2517,7,0.68927115,8.06188679
2518,7,0.59898871,3.98754287
2519,7,0.55604041,4.77795458
2520,7,0.52271092,4.54954100
2521,7,0.52903211,8.17725372
2522,7,0.57335532,4.85211086
2523,7,0.63493180,4.62902689
2524,7,0.45734340,4.87085199
2525,7,0.48865595,4.18736410
2526,7,0.50384116,4.19589758
2527,7,0.51030993,5.70886517
2528,7,0.43554497,5.72393513
2529,7,0.44769919,9.12424564
2530,7,0.51411200,6.55738020
2531,7,0.48279324,5.65159321
2532,7,0.57722121,9.44261646
2533,7,0.34936029,4.13390589
2534,7,0.40828979,5.67023945
2535,7,0.52338386,6.64326859
2536,7,0.44322112,7.59091711
2537,7,0.47316790,4.46463966
2538,7,0.72463655,9.82273960
2539,7,0.64631176,8.35334873
2540,7,0.45802814,4.58535433
2541,7,0.57333809,6.82850552
2542,7,0.47726533,3.33193922
2543,7,0.39965051,4.38157845
2544,7,0.67018420,5.32891941
2545,7,0.40009242,5.54350328
2546,7,0.50455260,5.06086111
2547,7,0.47105175,4.69678926
2548,7,0.62004733,10.72150612
2549,7,0.60552669,7.21395302
2550,7,0.47633320,7.18959761
2551,7,0.64915955,8.02190590
2552,7,0.60462737,15.34347248
2553,7,0.42225084,4.33500576
2554,7,0.55713046,7.26091623
2555,7,0.48969170,5.35556078
2556,7,0.71647406,6.57643557
2557,7,0.39285946,5.36366034
2558,7,0.48827422,4.73961973
2559,7,0.49734193,7.54352379
2560,7,0.68311775,10.86980629
2561,7,0.48368832,6.00103998
2562,7,0.41520792,3.76383257
2563,7,0.46550798,4.41439390
2564,7,0.47624344,7.69194508
2565,7,0.40729845,3.75615931
2566,7,0.68572676,5.77071285
2567,7,0.41493723,3.20237684
2568,7,0.53425860,6.72696877
2569,7,0.53751612,5.35680866
2570,7,0.63668609,5.62284899
2571,7,0.46058083,3.97561860
2572,7,0.53211528,5.12031603
2573,7,0.51163340,3.21670055
2574,7,0.59643102,3.02226305
2575,7,0.45011395,4.24301291
2576,7,0.44341904,3.84587359
2577,7,0.66048110,7.27899694
2578,7,0.49231622,7.17713785
2579,7,0.49525315,4.56724310
2580,7,0.54493314,3.70637226
2581,7,0.42394596,5.48483896
2582,7,0.46405447,7.65624332
2583,7,0.35992426,3.86884165
2584,7,0.52487302,3.02235889
2585,7,0.60940802,5.33229303
2586,7,0.47480118,4.59903336
2587,7,0.66418755,4.03595877
2588,7,0.39094308,3.73388505
2589,7,0.53951705,4.14408159
2590,7,0.64805198,5.97969341
2591,7,0.60360372,4.84151411
2592,7,0.52066267,3.64421511
2593,7,0.55516541,4.06248188
2594,7,0.49268714,7.79167938
2595,7,0.56641477,5.34330273
2596,7,0.60034227,3.40741825
2597,7,0.39130369,5.99964714
2598,7,0.66212654,7.63865852
2599,7,0.34982905,6.41304588
2600,7,0.53208572,3.46757936
2601,7,0.50341362,4.44099426
2602,7,0.48712885,4.39480639
2603,7,0.40056664,5.55138493
2604,7,0.45895922,6.76773691
2605,7,0.44448739,5.02535009
2606,7,0.62696993,8.12224197
2607,7,0.39096802,4.37488937
2608,7,0.55513257,5.82792950
2609,7,0.54930383,4.56195879
2610,7,0.40320429,3.52007008
2611,7,0.49512774,6.46891689
2612,7,0.32896534,3.27405715
2613,7,0.63091081,7.32388020
2614,7,0.41147485,3.95197344
2615,7,0.58562946,6.03157806
2616,7,0.59240389,6.42725229
2617,7,0.46190822,5.47623253
2618,7,0.60537851,7.97732592
2619,7,0.61824715,6.93013573
2620,7,0.54729497,2.98916030
2621,7,0.68881774,5.58740568
2622,7,0.47375548,5.73887873
2623,7,0.56583452,3.63571763
2624,7,0.54520154,4.22566414
2625,7,0.41482860,5.69501162
2626,7,0.43876529,5.55409241
2627,7,0.48255995,6.84747124
2628,7,0.50140524,7.52552652
2629,7,0.65705311,4.83136177
2630,7,0.52976584,6.13597536
2631,7,0.61445230,3.57818055
2632,7,0.51348317,8.45638943
2633,7,0.55114925,8.20534325
2634,7,0.47473335,4.54236412
2635,7,0.48846978,4.89204693
2636,7,0.49823019,7.63554811
2637,7,0.47883993,5.67746782
2638,7,0.46964669,7.86801529
2639,7,0.37431616,5.06589937
2640,7,0.40986642,4.05778265
2641,7,0.51898289,4.28145599
2642,7,0.68353003,11.75356960
2643,7,0.34371316,4.09383821
2644,7,0.52785838,5.16756058
2645,7,0.46718866,4.67885780
2646,7,0.36031908,2.59304118
2647,7,0.63184893,7.22362041
2648,7,0.59708703,4.03944492
2649,7,0.57558614,4.90161991
2650,7,0.43637758,3.74613214
2651,7,0.45475060,4.62838459
2652,7,0.45099029,3.75869370
2653,7,0.53000057,3.41483259
2654,7,0.56354022,8.15378284
2655,7,0.43129516,5.04190731
2656,7,0.59605455,4.52282763
2657,7,0.29699433,4.92865086
2658,7,0.44649434,5.37466240
2659,7,0.50586152,5.40219593
2660,7,0.53312087,4.53312206
2661,7,0.37484831,4.77792406
2662,7,0.58331031,7.53191900
2663,7,0.45172274,2.91915917
2664,7,0.50447512,4.44614363
2665,7,0.50991619,6.57913446
2666,7,0.46818981,6.53633022
2667,7,0.50106549,5.38390446
2668,7,0.61779577,8.63514423
2669,7,0.68255281,5.72650337
2670,7,0.50527871,9.22028732
2671,7,0.38386595,3.78111744
2672,7,0.55193067,4.23809719
2673,7,0.46982473,4.11929703
2674,7,0.49719983,6.02663469
2675,7,0.47221404,5.26118469
2676,7,0.52479941,6.30448103
2677,7,0.46688530,4.96455097
2678,7,0.51801604,7.02592754
2679,7,0.53642130,6.93632030
2680,7,0.48798072,4.94866037
2681,7,0.41239244,7.83798170
2682,7,0.46802855,3.37464166
2683,7,0.49683726,5.76566601
2684,7,0.55857134,8.34855843
2685,7,0.39704561,4.22613573
2686,7,0.67482603,6.32587385
2687,7,0.52210253,4.45429945
2688,7,0.61272073,6.23690176
2689,7,0.63418323,4.84837770
2690,7,0.40526551,3.95852613
2691,7,0.56000030,4.72100353
2692,7,0.69064319,6.91932440
2693,7,0.47644645,3.69917846
2694,7,0.50257844,5.82455301
2695,7,0.49415451,5.74533081
2696,7,0.46323076,3.93099165
2697,7,0.56564093,6.99492788
2698,7,0.52946389,6.02353907
2699,7,0.50928378,7.81980276
2700,7,0.44396591,4.14949322
2701,7,0.52366787,5.14097595
2702,7,0.38473010,3.88661480
2703,7,0.50269258,5.14441395
2704,7,0.56655645,4.27416706
2705,7,0.42681554,6.17742920
2706,7,0.48421639,3.26369500
2707,7,0.44555402,3.34596467
2708,7,0.57363212,4.75183535
2709,7,0.40386525,6.70514917
2710,7,0.57869864,6.78442240
2711,7,0.55803549,5.33354807
2712,7,0.44357833,6.13975906
2713,7,0.53306961,4.69352388
2714,7,0.48167792,6.56587124
2715,7,0.54596281,6.48128796
2716,7,0.43565562,5.62628317
2717,7,0.46250051,3.26999927
2718,7,0.49201399,3.50856161
2719,7,0.40598214,4.14348936
2720,7,0.32151181,3.83627701
2721,7,0.40279517,3.40773225
2722,7,0.39019984,4.37972689
2723,7,0.63136256,6.59583664
2724,7,0.56117511,4.09641552
2725,7,0.53214991,3.93289161
2726,7,0.44972748,4.96468449
2727,7,0.41415229,3.99124098
2728,7,0.57230151,4.70902634
2729,7,0.48939902,6.47257042
2730,7,0.39300483,6.09479952
2731,7,0.76246762,4.92282057
2732,7,0.41708142,5.64726782
2733,7,0.45500731,4.71939278
2734,7,0.46394840,4.47982025
2735,7,0.46633145,5.52956295
2736,7,0.33849463,4.83719254
2737,8,0.43916348,3.87253261
2738,8,0.51630700,7.03563499
2739,8,0.44845071,9.68337917
2740,8,0.50925642,3.95030951
2741,8,0.37896982,5.74783039
2742,8,0.47385579,4.46108437
2743,8,0.56060278,8.34467697
2744,8,0.42166686,5.33081150
2745,8,0.38853860,3.92045760
2746,8,0.50099826,9.13346863
2747,8,0.39661515,5.02187204
2748,8,0.42735052,6.45339537
2749,8,0.58769292,8.87101078
2750,8,0.38468891,5.01375198
2751,8,0.55123377,5.15996647
2752,8,0.46643883,3.69426632
2753,8,0.43158257,5.99508095
2754,8,0.29414791,4.96400499
2755,8,0.51725990,9.62440681
2756,8,0.47009635,10.41432953
2757,8,0.47594762,7.32582569
2758,8,0.41623372,4.43093872
2759,8,0.52591407,9.72623158
2760,8,0.52794290,8.81060982
2761,8,0.60702550,7.06153250
2762,8,0.56060505,8.18507481
2763,8,0.34453803,4.53539944
2764,8,0.47671872,5.72826290
2765,8,0.44237736,9.55228329
2766,8,0.54027516,5.63966036
2767,8,0.46276468,7.70652246
2768,8,0.48242167,5.76016378
2769,8,0.47920686,3.98940349
2770,8,0.50264698,11.51249981
2771,8,0.37998337,3.68546891
2772,8,0.54484451,5.92115068
2773,8,0.44685772,6.49789238
2774,8,0.42178831,7.60548496
2775,8,0.49205592,5.44971180
2776,8,0.48649788,6.81398869
2777,8,0.61533850,5.85035801
2778,8,0.48934531,4.35615635
2779,8,0.41805407,5.53708506
2780,8,0.55125666,6.81329918
2781,8,0.57405514,7.30984879
2782,8,0.48500264,7.77343416
2783,8,0.50105965,4.89435911
2784,8,0.46216905,4.59453535
2785,8,0.42125478,3.40870166
2786,8,0.54120278,6.92479229
2787,8,0.49771437,3.64341354
2788,8,0.33876461,3.30439448
2789,8,0.45643076,5.26293945
2790,8,0.47576851,5.73499918
2791,8,0.38621175,5.21692324
2792,8,0.56908548,6.21202469
2793,8,0.50246072,5.50008392
2794,8,0.58096093,7.09591246
2795,8,0.39732951,3.00157499
2796,8,0.46243632,5.05891705
2797,8,0.63903362,4.53837442
2798,8,0.38824591,5.37804699
2799,8,0.50856662,8.08715820
2800,8,0.52754200,5.07632780
2801,8,0.48767066,6.38073730
2802,8,0.33207709,2.79454422
2803,8,0.56192964,6.69673872
2804,8,0.60196298,5.77899933
2805,8,0.44794029,4.23951340
2806,8,0.33047241,4.24952316
2807,8,0.41397497,3.55124688
2808,8,0.40399867,6.42444038
2809,8,0.40832967,8.06102180
2810,8,0.42948696,4.61732483
2811,8,0.59071499,5.94236231
2812,8,0.32465687,4.63960409
2813,8,0.50270611,5.71821022
2814,8,0.78554726,5.19878578
2815,8,0.42931825,3.77097297
2816,8,0.47717527,3.43046308
2817,8,0.50971246,4.53720856
2818,8,0.50365543,3.66544485
2819,8,0.36396903,4.66863251
2820,8,0.31547266,4.23106384
2821,8,0.46592191,5.29798222
2822,8,0.39337653,5.76320219
2823,8,0.31858993,4.86495256
2824,8,0.48152328,5.29697132
2825,8,0.42762101,4.16148615
2826,8,0.48932087,3.44372129
2827,8,0.47567785,5.20999813
2828,8,0.35722360,5.66841698
2829,8,0.41171113,4.23814440
2830,8,0.56325126,4.57932186
2831,8,0.48417670,7.30467892
2832,8,0.50372100,5.52736378
2833,8,0.52706635,6.13290691
2834,8,0.53930032,10.86579418
2835,8,0.48585612,6.77720928
2836,8,0.52791202,6.05068302
2837,8,0.45321453,4.33752584
2838,8,0.52082080,9.00921726
2839,8,0.41294912,7.68489408
2840,8,0.67068386,10.39167595
2841,8,0.46416169,6.26773310
2842,8,0.52022719,4.13985109
2843,8,0.37235016,10.42413521
2844,8,0.46047509,6.92075157
2845,8,0.57828760,5.56835985
2846,8,0.61143827,7.05412674
2847,8,0.39156532,5.63669395
2848,8,0.55762708,7.14074898
2849,8,0.54497498,8.03827763
2850,8,0.52565163,6.40977573
2851,8,0.39405012,4.93147373
2852,8,0.57854187,7.63905954
2853,8,0.62419486,7.96146011
2854,8,0.49571815,6.44062376
2855,8,0.40646270,5.27083111
2856,8,0.37779790,4.06172848
2857,8,0.70495319,12.69580555
2858,8,0.52429378,6.88076305
2859,8,0.48945954,8.74125385
2860,8,0.61552274,5.32593203
2861,8,0.49227402,4.32260656
2862,8,0.58655465,3.74775243
2863,8,0.62637371,6.43420362
2864,8,0.57082719,5.72363138
2865,8,0.44070911,3.80564094
2866,8,0.52724814,4.98548746
2867,8,0.53928053,7.12035561
2868,8,0.45919621,6.53987455
2869,8,0.60602343,6.29415321
2870,8,0.38516495,3.18149304
2871,8,0.44052592,5.88198709
2872,8,0.54332769,6.63850307
2873,8,0.44570175,4.26905441
2874,8,0.45262399,3.52238059
2875,8,0.55398738,6.71393108
2876,8,0.50075984,5.43506527
2877,8,0.35855448,3.13689995
2878,8,0.60285330,6.42634058
2879,8,0.49324051,4.99655437
2880,8,0.59582007,6.33954477
2881,8,0.51753020,5.16871548
2882,8,0.50782990,4.13597918
2883,8,0.51762784,4.94808769
2884,8,0.51455891,3.65370679
2885,8,0.65102077,6.59379959
2886,8,0.38179207,6.13170576
2887,8,0.34209445,6.99033213
2888,8,0.52153331,4.30408335
2889,8,0.48187685,5.41431808
2890,8,0.49997985,4.89959049
2891,8,0.38371533,4.21663761
2892,8,0.37219864,3.93206668
2893,8,0.43258163,3.70522022
2894,8,0.47811440,4.07156801
2895,8,0.49401110,4.36805248
2896,8,0.55796528,5.92122555
2897,8,0.43375680,5.85908127
2898,8,0.48484138,5.22914839
2899,8,0.51238298,6.19205999
2900,8,0.47390097,3.34354258
2901,8,0.39704758,4.05710411
2902,8,0.48801005,3.86115670
2903,8,0.39512241,2.89298034
2904,8,0.52952135,6.48203564
2905,8,0.47065794,2.96459889
2906,8,0.41179973,3.91788602
2907,8,0.36730897,6.00625324
2908,8,0.39123020,2.49007201
2909,8,0.48201451,5.99668932
2910,8,0.44103533,3.54587579
2911,8,0.53369915,3.79705310
2912,8,0.54420942,7.71183586
2913,8,0.46676096,4.26260948
2914,8,0.51811367,7.13065910
2915,8,0.69311392,5.20239401
2916,8,0.45333654,3.66360521
2917,8,0.48520982,4.87494183
2918,8,0.33143574,2.40900326
2919,8,0.52338707,5.64410591
2920,8,0.49317405,6.42042208
2921,8,0.50771010,4.56503010
2922,8,0.54251945,3.89589691
2923,8,0.50988454,4.23439550
2924,8,0.53363454,5.47931528
2925,8,0.42210668,4.68463945
2926,8,0.43544856,3.82495213
2927,8,0.47022188,4.96032763
2928,8,0.58175057,5.57263565
2929,8,0.48763353,5.99896002
2930,8,0.60230917,4.79097271
2931,8,0.55553299,4.39281130
2932,8,0.46185315,5.17441130
2933,8,0.44220644,5.29284859
2934,8,0.51973414,5.03935432
2935,8,0.31945187,5.25703382
2936,8,0.51218557,4.53161860
2937,8,0.52448618,5.34684515
2938,8,0.44895303,4.35281754
2939,8,0.43189037,4.79871988
2940,8,0.45361599,5.90744162
2941,8,0.55817747,6.11748075
2942,8,0.52551168,5.31075859
2943,8,0.44516987,7.08634424
2944,8,0.44950715,4.41052341
2945,8,0.54189724,7.33524466
2946,8,0.46122691,4.26733732
2947,8,0.40957364,6.93454313
2948,8,0.49913937,4.50883579
2949,8,0.36157608,3.54957533
2950,8,0.53719211,4.30631256
2951,8,0.43733037,7.07941103
2952,8,0.65037227,4.84951782
2953,8,0.46345764,6.42902088
2954,8,0.53276879,6.02196360
2955,8,0.40027875,4.08942556
2956,8,0.56775135,7.88702297
2957,8,0.43390554,4.62462282
2958,8,0.50506264,4.50602674
2959,8,0.40048248,7.40740299
2960,8,0.47307062,5.12443256
2961,8,0.49899724,4.25119162
2962,8,0.45405078,4.74293613
2963,8,0.45561600,5.73187828
2964,8,0.47983676,8.05189800
2965,8,0.45474419,7.63128042
2966,8,0.56351215,5.97551155
2967,8,0.51132154,6.10098505
2968,8,0.45551229,3.80349803
2969,8,0.52036297,4.47774696
2970,8,0.37338686,3.76034164
2971,8,0.61627585,3.38219595
2972,8,0.50157905,6.28691530
2973,8,0.60616338,5.23475742
2974,8,0.52146590,3.25252843
2975,8,0.50757301,5.92134714
2976,8,0.30186084,5.51838875
2977,8,0.46417546,5.06680250
2978,8,0.44704613,3.41892838
2979,8,0.46631241,4.56136274
2980,8,0.33012670,4.23571682
2981,8,0.38706040,4.80433893
2982,8,0.40185323,5.96706867
2983,8,0.44557646,6.16763496
2984,8,0.40749019,3.58810091
2985,8,0.45051223,5.19899368
2986,8,0.54442263,4.32720184
2987,8,0.46367320,4.72154474
2988,8,0.36143190,2.81425834
2989,8,0.57297260,4.85872889
2990,8,0.48209602,7.31471395
2991,8,0.52521026,6.53697062
2992,8,0.67984849,7.69111204
2993,8,0.46473426,4.93541956
2994,8,0.55605817,4.25440598
2995,8,0.38105214,3.39044857
2996,8,0.48594359,6.32966280
2997,8,0.40974152,4.55153513
2998,8,0.38710165,3.39990234
2999,8,0.58909029,3.75686026
3000,8,0.46632263,5.71686077
3001,8,0.61950713,6.17156029
3002,8,0.54665864,4.35657549
3003,8,0.59854007,4.64102697
3004,8,0.52490360,5.72145462
3005,8,0.43948621,5.56653643
3006,8,0.35601372,3.36486125
3007,8,0.43271086,3.46510363
3008,8,0.51785320,5.45163631
3009,8,0.41828555,3.78039384
3010,8,0.53422809,6.45782661
3011,8,0.41615874,5.50073195
3012,8,0.62555653,7.38366413
3013,8,0.48611352,6.43502569
3014,8,0.49039474,4.66309738
3015,8,0.49992174,4.32536888
3016,8,0.46239200,4.75557280
3017,8,0.40463188,5.02696323
3018,8,0.38991350,5.30692148
3019,8,0.56665921,4.65839195
3020,8,0.41264138,7.04171896
3021,8,0.46918726,3.23219824
3022,8,0.47063488,5.21221924
3023,8,0.39794356,2.97512054
3024,8,0.46337062,3.50314808
3025,8,0.52093220,4.83847618
3026,8,0.51637882,5.45103455
3027,8,0.44567567,3.05441236
3028,8,0.53687829,8.27464581
3029,8,0.49551171,4.71499872
3030,8,0.45145261,11.92721272
3031,8,0.42688137,7.81778765
3032,8,0.52184260,4.64946079
3033,8,0.41783020,5.46365118
3034,8,0.29881337,4.85886288
3035,8,0.65652192,6.04796696
3036,8,0.48878527,4.19493771
3037,8,0.48871484,7.42464304
3038,8,0.35959902,4.52104759
3039,8,0.48002589,2.80874872
3040,8,0.38292757,5.34379911
3041,8,0.58977914,6.82076406
3042,8,0.45488140,4.34983683
3043,8,0.59613740,6.96266031
3044,8,0.38985622,5.75300598
3045,8,0.40309414,4.78679657
3046,8,0.42460346,4.18927670
3047,8,0.31510770,3.74107766
3048,8,0.67494196,7.98405457
3049,8,0.48014781,6.65759134
3050,8,0.45417351,4.66108179
3051,8,0.52252805,5.71672964
3052,8,0.49096814,3.07463694
3053,8,0.42232504,3.73474979
3054,8,0.62251961,5.49954748
3055,8,0.58310741,4.06396484
3056,8,0.42104393,5.12676525
3057,8,0.56702960,3.75903893
3058,8,0.34930480,2.70915008
3059,8,0.46507883,4.95640659
3060,8,0.44605684,3.02224827
3061,8,0.38210508,4.48215914
3062,8,0.45879918,5.32831764
3063,8,0.77616978,5.68085051
3064,8,0.49305588,5.00242758
3065,8,0.55998784,3.05354238
3066,8,0.46649277,3.46616292
3067,8,0.53668618,5.40040636
3068,8,0.54472089,5.88985491
3069,8,0.46503761,5.77921057
3070,8,0.51008046,7.81454754
3071,8,0.41199490,3.73930860
3072,8,0.47200412,3.97595167
3073,8,0.40629464,4.64044333
3074,8,0.51320165,4.66031885
3075,8,0.48580953,5.85294294
3076,8,0.48181522,5.41534042
3077,8,0.49043843,3.94416499
3078,8,0.40962815,5.22848177
3079,8,0.28906769,2.92050934
3080,8,0.51658779,5.85797977
3081,8,0.42227995,4.95474386
3082,8,0.51280200,3.36032677
3083,8,0.35874575,2.88810158
3084,8,0.66597641,6.56042480
3085,8,0.51572728,4.71451139
3086,8,0.45982057,4.37690163
3087,8,0.60658890,5.15617609
3088,8,0.51493400,4.12145233
3089,8,0.42721057,3.42587018
3090,8,0.37317541,4.58097458
3091,8,0.48133859,6.17167807
3092,8,0.48220348,7.11660624
3093,8,0.41443425,3.61917043
3094,8,0.47294474,5.39145041
3095,8,0.49349356,3.57571363
3096,8,0.35188526,3.73330712
3097,8,0.47604144,5.01127768
3098,8,0.47363383,6.63594007
3099,8,0.45302173,5.89605904
3100,8,0.44050929,6.28602457
3101,8,0.59907842,6.85885477
3102,8,0.45577544,6.25949955
3103,8,0.50600296,4.54139614
3104,8,0.66760343,8.02680683
3105,8,0.49553514,6.54225254
3106,8,0.35554489,3.31537318
3107,8,0.44380412,8.01886272
3108,8,0.33750319,2.98545885
3109,8,0.53908914,6.15831566
3110,8,0.37725860,3.94112539
3111,8,0.45242971,4.34985733
3112,8,0.47544196,4.38960075
3113,8,0.45392925,3.69445229
3114,8,0.49889582,5.70463657
3115,8,0.56779885,5.05651569
3116,8,0.52850866,8.65700340
3117,8,0.52866840,7.45805550
3118,8,0.57632297,4.71691370
3119,8,0.42561418,4.45184469
3120,8,0.45985019,5.81322336
3121,8,0.59717190,6.35460329
3122,8,0.46511313,4.27920675
3123,8,0.48798037,4.10053444
3124,8,0.43075949,3.23137379
3125,8,0.50042945,5.46764135
3126,8,0.36905134,4.28531265
3127,8,0.43307382,5.17017269
3128,9,0.49195099,6.52428436
3129,9,0.37543356,3.53590822
3130,9,0.50198138,4.44246387
3131,9,0.40883738,5.96521330
3132,9,0.41713130,3.96453786
3133,9,0.29386058,4.34041405
3134,9,0.49897504,4.08404064
3135,9,0.41778523,3.97860861
3136,9,0.53768790,4.88732147
3137,9,0.46767038,4.06328011
3138,9,0.42623270,6.01549673
3139,9,0.43231404,6.04531288
3140,9,0.46930358,6.73131561
3141,9,0.32849625,3.30126476
3142,9,0.31576577,5.47406626
3143,9,0.35344145,3.70314884
3144,9,0.45838326,6.17766809
3145,9,0.48348457,6.25086308
3146,9,0.43069494,4.73544312
3147,9,0.37288624,5.67776489
3148,9,0.53184223,6.59859943
3149,9,0.49595565,4.92841005
3150,9,0.41694558,4.40540791
3151,9,0.50163186,7.37039757
3152,9,0.44402644,5.54883909
3153,9,0.40022913,5.11974287
3154,9,0.46395305,5.31575346
3155,9,0.43870443,4.16910505
3156,9,0.38105342,3.58874846
3157,9,0.42913678,4.71850061
3158,9,0.51855451,3.10385036
3159,9,0.34354746,4.54510212
3160,9,0.44022262,5.43100166
3161,9,0.64510226,7.40720272
3162,9,0.37958506,3.63488603
3163,9,0.38974804,4.91388655
3164,9,0.51356608,4.75525904
3165,9,0.36947805,4.15468597
3166,9,0.37512612,4.73608828
3167,9,0.52764052,5.64034033
3168,9,0.41421574,5.57253075
3169,9,0.35325792,6.91125679
3170,9,0.39343101,5.05654621
3171,9,0.38105690,3.05336547
3172,9,0.39430076,5.98742390
3173,9,0.39617658,6.75634384
3174,9,0.35875914,4.99678516
3175,9,0.41377807,5.04458523
3176,9,0.35375723,4.14340544
3177,9,0.38781750,4.84721184
3178,9,0.37001330,6.85613966
3179,9,0.43431312,6.76973391
3180,9,0.47023961,9.30966854
3181,9,0.37825942,5.96922064
3182,9,0.44800490,7.62395954
3183,9,0.42434728,5.87596846
3184,9,0.51429355,5.92543459
3185,9,0.33246011,2.73143888
3186,9,0.40282446,5.05619192
3187,9,0.38656026,4.98200607
3188,9,0.44187438,5.04058027
3189,9,0.56324458,5.87055206
3190,9,0.35842469,5.45456553
3191,9,0.48881713,5.72929049
3192,9,0.47248593,4.62924433
3193,9,0.29927534,3.97906351
3194,9,0.50648028,7.05502605
3195,9,0.36695677,3.83904958
3196,9,0.57116133,4.87339830
3197,9,0.37265170,5.62517357
3198,9,0.57453036,4.31414652
3199,9,0.32020748,6.59768629
3200,9,0.49384230,7.71727324
3201,9,0.48906621,7.06938744
3202,9,0.43652385,5.23227119
3203,9,0.36777502,5.39606190
3204,9,0.41937101,4.67039061
3205,9,0.42489728,6.79904509
3206,9,0.23259719,5.10755444
3207,9,0.45258468,3.77837539
3208,9,0.49105632,5.79104567
3209,9,0.43771443,4.66374779
3210,9,0.46046060,8.10355663
3211,9,0.44872412,4.96971703
3212,9,0.30103737,3.75116611
3213,9,0.47145864,5.20608473
3214,9,0.39828587,4.20297575
3215,9,0.42392528,3.80813432
3216,9,0.41078129,3.89819670
3217,9,0.42365733,2.75438714
3218,9,0.44353348,4.50346327
3219,9,0.46281314,4.69620085
3220,9,0.49468479,4.94491816
3221,9,0.51098347,3.60450912
3222,9,0.34095359,4.20593834
3223,9,0.49594128,4.68954468
3224,9,0.47124296,6.70290470
3225,9,0.51060247,5.45868778
3226,9,0.37154192,3.98561454
3227,9,0.46427363,5.21400070
3228,9,0.39864326,4.80500317
3229,9,0.51057947,5.42803717
3230,9,0.52505213,6.85143375
3231,9,0.69720358,7.42307281
3232,9,0.31747651,4.76873302
3233,9,0.32644212,5.91601801
3234,9,0.38364458,7.74040651
3235,9,0.39973325,4.74435329
3236,9,0.41045412,4.90498114
3237,9,0.49253997,5.79876375
3238,9,0.47153050,4.55544090
3239,9,0.39933389,4.41573429
3240,9,0.55661535,11.35756683
3241,9,0.44310653,7.99194002
3242,9,0.40960276,6.22686672
3243,9,0.45863786,5.31998158
3244,9,0.39550680,3.92574525
3245,9,0.50178206,8.11357021
3246,9,0.49203354,4.05097771
3247,9,0.40709817,3.74192977
3248,9,0.62755674,5.94615078
3249,9,0.48392242,6.72185373
3250,9,0.44146505,4.36449957
3251,9,0.39022377,3.70245624
3252,9,0.43961334,5.85701275
3253,9,0.49956289,5.30018663
3254,9,0.49381018,4.95946789
3255,9,0.33449739,5.72946072
3256,9,0.41449806,5.92122173
3257,9,0.37909767,6.58814335
3258,9,0.44305697,5.30357981
3259,9,0.41346192,4.00351667
3260,9,0.58005011,6.65235472
3261,9,0.42558098,5.43118095
3262,9,0.57056653,4.99286127
3263,9,0.48557237,6.56111479
3264,9,0.56121111,6.15414667
3265,9,0.55163610,5.88617325
3266,9,0.39160314,6.41899347
3267,9,0.53508443,6.46489620
3268,9,0.57320845,7.49323750
3269,9,0.47860044,4.68621683
3270,9,0.43840051,5.52141428
3271,9,0.45850056,5.22926760
3272,9,0.44401953,8.98614216
3273,9,0.46849850,6.97056484
3274,9,0.38988590,5.69994402
3275,9,0.34866056,4.81281805
3276,9,0.46386856,4.17755318
3277,9,0.47121322,7.60112095
3278,9,0.57398379,5.15486097
3279,9,0.49048379,5.02108860
3280,9,0.50656277,5.38493490
3281,9,0.44653469,6.03853178
3282,9,0.58950001,10.92655373
3283,9,0.61084920,4.61059237
3284,9,0.41597998,2.97595191
3285,9,0.56648517,7.64549971
3286,9,0.42215583,4.07145119
3287,9,0.52632731,4.16000843
3288,9,0.58439875,7.54692650
3289,9,0.34336945,3.93824863
3290,9,0.49633592,3.95008850
3291,9,0.41865692,4.54715586
3292,9,0.41997170,5.25520229
3293,9,0.32492736,4.44811773
3294,9,0.48276401,3.71829796
3295,9,0.55252284,5.44805098
3296,9,0.42647886,8.66531467
3297,9,0.44507739,3.51417351
3298,9,0.36983579,4.16305304
3299,9,0.40224248,4.64513206
3300,9,0.45449173,7.17447519
3301,9,0.45521438,4.41947079
3302,9,0.60419881,7.28429985
3303,9,0.40391514,4.47589207
3304,9,0.38866672,7.39696121
3305,9,0.51850283,5.84497404
3306,9,0.42773676,4.89365816
3307,9,0.58066094,5.12348938
3308,9,0.53888923,7.59723568
3309,9,0.34243643,5.80549526
3310,9,0.33988810,3.45089006
3311,9,0.37503019,4.54867458
3312,9,0.40173131,5.49720001
3313,9,0.42571601,11.27923107
3314,9,0.36442468,6.54303932
3315,9,0.48086873,5.75463343
3316,9,0.45591545,5.45570898
3317,9,0.43539500,8.11972046
3318,9,0.61225319,8.53457355
3319,9,0.39989835,5.12032509
3320,9,0.40427580,4.11277962
3321,9,0.47863811,6.07941341
3322,9,0.52481675,5.01856565
3323,9,0.40704775,7.97875643
3324,9,0.42016608,7.13031864
3325,9,0.42019004,5.13436842
3326,9,0.45323664,5.39609623
3327,9,0.42003816,4.99581289
3328,9,0.38724697,5.74817801
3329,9,0.53405803,5.30090809
3330,9,0.53132534,6.37995386
3331,9,0.37176889,4.34052420
3332,9,0.47255057,4.48116302
3333,9,0.35897595,3.41513276
3334,9,0.58136237,5.23847294
3335,9,0.46287712,5.77545214
3336,9,0.54507327,5.70681238
3337,9,0.49626642,3.92246795
3338,9,0.60806644,6.93471384
3339,9,0.32862523,4.16149664
3340,9,0.54628372,5.16143942
3341,9,0.42280382,4.03177071
3342,9,0.37564459,4.70201492
3343,9,0.51257807,7.44929123
3344,9,0.40083671,4.16357803
3345,9,0.51257002,5.98964453
3346,9,0.45325094,3.71372867
3347,9,0.44003797,5.24069405
3348,9,0.48922336,3.65916896
3349,9,0.43558520,4.67928791
3350,9,0.38978317,7.25382328
3351,9,0.38392192,4.19021893
3352,9,0.58690530,5.34482479
3353,9,0.38024080,3.86040163
3354,9,0.43650842,4.80554485
3355,9,0.41216210,4.19224787
3356,9,0.38521248,4.61086130
3357,9,0.38451427,4.14651299
3358,9,0.62601340,7.58357334
3359,9,0.29892746,6.12396097
3360,9,0.39708835,5.64404869
3361,9,0.57406533,12.00555897
3362,9,0.47193739,9.99003506
3363,9,0.52742958,6.62137413
3364,9,0.48539329,6.77827263
3365,9,0.41972393,4.66113043
3366,9,0.54609305,8.88747120
3367,9,0.46245638,5.33790827
3368,9,0.41015440,8.37571812
3369,9,0.40461308,6.68787432
3370,9,0.42382443,4.93775892
3371,9,0.39237750,6.95305729
3372,9,0.42316467,7.46675682
3373,9,0.45351517,7.42989969
3374,9,0.42373025,3.36140466
3375,9,0.45406911,3.78204083
3376,9,0.45799577,6.37630510
3377,9,0.35333765,4.14804363
3378,9,0.44559240,5.74875450
3379,9,0.43399835,7.06762171
3380,9,0.39266795,10.16575050
3381,9,0.39024454,3.47290182
3382,9,0.48421806,5.37571144
3383,9,0.53049016,5.30338526
3384,9,0.62446839,6.90992785
3385,9,0.43166962,5.30184221
3386,9,0.46791452,4.57839012
3387,9,0.38696975,3.50736594
3388,9,0.47789076,6.99920559
3389,9,0.37683070,4.41146564
3390,9,0.40521660,3.55298591
3391,9,0.44510537,5.53792810
3392,9,0.40926152,4.37132645
3393,9,0.34988073,4.47823048
3394,9,0.51684976,4.67962122
3395,9,0.45754063,6.55448771
3396,9,0.50478214,5.45844984
3397,9,0.50148201,4.68179417
3398,9,0.52566016,4.63792324
3399,9,0.51232708,3.82206011
3400,9,0.47479248,5.35856581
3401,9,0.56917459,8.86202812
3402,9,0.40487981,3.19285011
3403,9,0.38831162,5.12928438
3404,9,0.46860737,4.79325628
3405,9,0.51750773,4.47391605
3406,9,0.36945888,4.13501883
3407,9,0.50402945,4.46986389
3408,9,0.46653223,5.49389172
3409,9,0.40795866,3.36775851
3410,9,0.26385519,2.79495430
3411,9,0.55966902,6.89833403
3412,9,0.50083244,4.03173590
3413,9,0.42382914,3.37723851
3414,9,0.45479983,4.47454882
3415,9,0.41467613,4.00610590
3416,9,0.58817995,5.12477875
3417,9,0.33832848,2.97778416
3418,9,0.37034190,3.52279925
3419,9,0.31856465,3.88975453
3420,9,0.39804083,4.99700975
3421,9,0.55501825,7.87104464
3422,9,0.52955508,8.17704296
3423,9,0.39271337,4.10266256
3424,9,0.43935362,3.16240644
3425,9,0.59363204,5.04919052
3426,9,0.33727276,7.73140383
3427,9,0.44163480,6.85411596
3428,9,0.48178753,6.13979769
3429,9,0.39146137,4.91643143
3430,9,0.51321733,6.92577362
3431,9,0.40970814,5.19785166
3432,9,0.58664638,9.98378086
3433,9,0.36411124,4.72549343
3434,9,0.42065388,5.17668200
3435,9,0.50974387,4.80549765
3436,9,0.52020079,4.76819801
3437,9,0.46011633,4.81357431
3438,9,0.43431678,4.50055408
3439,9,0.45606199,6.87375736
3440,9,0.40404689,3.74299502
3441,9,0.39034072,2.91552854
3442,9,0.38113517,3.15577340
3443,9,0.43369284,5.71866894
3444,9,0.35617769,3.45196390
3445,9,0.48923710,3.22733068
3446,9,0.38072187,3.49509215
3447,9,0.39005733,3.80557156
3448,9,0.44928226,3.99985170
3449,9,0.40495884,2.93833256
3450,9,0.34847069,4.50112343
3451,9,0.42188388,3.84268713
3452,9,0.43176112,5.13649416
3453,9,0.55709434,9.76339817
3454,9,0.55278975,5.69995213
3455,9,0.33681792,3.72363544
3456,9,0.59560215,6.98648357
3457,9,0.38223606,3.63526034
3458,9,0.59914064,5.50248528
3459,9,0.37255776,5.56535101
3460,9,0.50146306,4.89806557
3461,9,0.34039870,4.55003834
3462,9,0.44672611,4.62992907
3463,9,0.57709575,4.73201036
3464,9,0.37847292,7.78929710
3465,9,0.52993679,2.84656000
3466,9,0.39240992,2.91783142
3467,9,0.61501205,14.06234074
3468,9,0.35104311,4.09245157
3469,9,0.39037299,5.19690609
3470,9,0.42116958,6.09183502
3471,9,0.51534861,5.74801922
3472,9,0.48994917,6.35150957
3473,9,0.45684364,4.85659742
3474,9,0.47907400,5.33933592
3475,9,0.43129459,4.50260162
3476,9,0.45152062,5.25977850
3477,9,0.25430536,2.97517228
3478,9,0.44546241,7.14270210
3479,9,0.48054409,6.03031158
3480,9,0.50810242,7.97247314
3481,9,0.45048532,5.83772087
3482,9,0.48754239,5.31352472
3483,9,0.40027863,3.65972519
3484,9,0.29239419,2.73602867
3485,9,0.43333900,5.75881863
3486,9,0.42147875,3.97892690
3487,9,0.42646748,5.19411850
3488,9,0.37296113,3.82391739
3489,9,0.49873415,6.27199221
3490,9,0.42924765,5.12019539
3491,9,0.45516148,5.07940388
3492,9,0.44278473,6.04985380
3493,9,0.62008506,5.30950546
3494,9,0.60105681,6.74598503
3495,9,0.41499764,5.65340567
3496,9,0.45414263,6.06766176
3497,9,0.59027863,8.76571846
3498,9,0.40934536,5.03505182
3499,9,0.65894532,4.77821636
3500,9,0.31727347,4.18267870
3501,9,0.46575612,3.94469833
3502,9,0.43421578,5.52622747
3503,9,0.33097818,3.74452448
3504,9,0.35708731,4.88239002
3505,9,0.60182416,5.80453587
3506,9,0.38265043,4.64458418
3507,9,0.39169216,3.25471592
3508,9,0.40056276,3.97182822
3509,9,0.46130309,4.63290262
3510,9,0.49677557,3.69027662
3511,9,0.49277902,5.33189869
3512,9,0.36858794,5.52595901
3513,9,0.46082839,6.25196028
3514,9,0.49822250,5.24106073
3515,9,0.33594090,4.70238352
3516,9,0.43811208,5.99198484
3517,9,0.36463457,3.80055285
3518,9,0.63704270,11.09569836
3519,10,0.34333074,5.34126854
3520,10,0.45823434,4.50430298
3521,10,0.40392748,6.22880125
3522,10,0.31675214,4.18582392
3523,10,0.48471788,5.01557112
3524,10,0.51226962,6.70103073
3525,10,0.50789875,5.97709656
3526,10,0.32794279,4.32918310
3527,10,0.35545060,5.74519396
3528,10,0.37406716,4.42013502
3529,10,0.41407120,7.84884882
3530,10,0.28689694,3.75449514
3531,10,0.47212273,6.92703867
3532,10,0.35671371,3.47707725
3533,10,0.33979374,6.85944939
3534,10,0.48452067,7.18061638
3535,10,0.44275811,5.48009872
3536,10,0.35880297,6.13521433
3537,10,0.34406835,4.34487200
3538,10,0.33086962,5.98502684
3539,10,0.42825055,7.84171486
3540,10,0.41412252,5.74834585
3541,10,0.46707928,9.17635727
3542,10,0.29924825,3.51029539
3543,10,0.43576902,4.62983704
3544,10,0.33718330,4.03581476
3545,10,0.49303597,4.91484690
3546,10,0.39412892,3.18213344
3547,10,0.28389591,2.73114562
3548,10,0.43698481,8.65220261
3549,10,0.39804420,6.76449871
3550,10,0.39411482,7.47570086
3551,10,0.44557571,4.32894659
3552,10,0.42736483,3.88526845
3553,10,0.47598329,5.57204771
3554,10,0.40208957,7.27666473
3555,10,0.43064022,5.96735668
3556,10,0.39222485,3.02236581
3557,10,0.43957537,5.99940062
3558,10,0.47984827,11.05693340
3559,10,0.38104135,7.54761267
3560,10,0.43493122,5.58179045
3561,10,0.21698619,3.08120108
3562,10,0.44854361,10.43351364
3563,10,0.36559266,6.79888487
3564,10,0.41875768,4.14420033
3565,10,0.55892706,7.19487524
3566,10,0.43287933,8.21209812
3567,10,0.43699712,4.15982246
3568,10,0.31271794,3.35415816
3569,10,0.43287778,6.43978739
3570,10,0.42230463,7.10671568
3571,10,0.41306806,4.38517332
3572,10,0.40114862,4.75919294
3573,10,0.40720254,3.63351083
3574,10,0.43108290,5.75650501
3575,10,0.34868965,5.14321613
3576,10,0.37533385,5.68373585
3577,10,0.36268359,6.07026005
3578,10,0.45729086,4.23168659
3579,10,0.37520158,3.37400198
3580,10,0.37959939,5.14807892
3581,10,0.33680576,3.43617177
3582,10,0.27604967,3.22360992
3583,10,0.40903282,4.62206507
3584,10,0.36936882,4.89595795
3585,10,0.33915228,3.60621023
3586,10,0.43394291,3.80593801
3587,10,0.27457851,6.79784060
3588,10,0.43963921,5.57238102
3589,10,0.43338925,3.80764627
3590,10,0.48393977,6.18085861
3591,10,0.46040070,5.90722799
3592,10,0.37149119,6.69611025
3593,10,0.43772367,4.91753864
3594,10,0.33383104,6.06143093
3595,10,0.44378328,6.82157803
3596,10,0.34680933,4.55504799
3597,10,0.25977433,5.31602001
3598,10,0.35341927,5.67227173
3599,10,0.36149135,7.49396944
3600,10,0.43171817,5.40413427
3601,10,0.39707780,5.78432369
3602,10,0.51865971,9.35165596
3603,10,0.39399010,4.74342060
3604,10,0.47333333,3.73662591
3605,10,0.40548119,6.94461823
3606,10,0.43821329,4.13115311
3607,10,0.47276723,6.34087515
3608,10,0.45625317,5.79154348
3609,10,0.33375174,2.69037223
3610,10,0.39954013,8.05438137
3611,10,0.37082294,6.17868137
3612,10,0.53896445,7.49540663
3613,10,0.33431664,5.55929804
3614,10,0.42267966,4.15640163
3615,10,0.38543481,5.34598255
3616,10,0.37543866,4.37539148
3617,10,0.40134758,7.26473236
3618,10,0.36832595,3.77878046
3619,10,0.36782855,3.52180338
3620,10,0.36237210,4.95531702
3621,10,0.41413754,3.75977206
3622,10,0.33108845,5.06131554
3623,10,0.39069450,5.85197544
3624,10,0.46268991,6.76731539
3625,10,0.42459387,5.14845181
3626,10,0.29605797,4.38922405
3627,10,0.48853949,4.71706963
3628,10,0.41261375,4.46973515
3629,10,0.38606015,4.59334612
3630,10,0.45846140,6.18679523
3631,10,0.52333927,6.01001453
3632,10,0.40893647,4.24222374
3633,10,0.50033808,7.39805174
3634,10,0.32429868,4.78837109
3635,10,0.38795999,4.60242033
3636,10,0.42352775,4.42168713
3637,10,0.31689191,4.25212812
3638,10,0.30880094,4.94851780
3639,10,0.28650981,3.25853848
3640,10,0.48092759,8.80769253
3641,10,0.44085807,4.65773821
3642,10,0.38929784,4.91149235
3643,10,0.50101674,5.46865082
3644,10,0.49382064,5.55874634
3645,10,0.38753533,4.58014870
3646,10,0.48416373,6.08835840
3647,10,0.39408383,4.19768763
3648,10,0.51584297,5.54376173
3649,10,0.55586743,6.34448290
3650,10,0.42988610,5.81320524
3651,10,0.43089917,5.44663095
3652,10,0.38056877,3.98148298
3653,10,0.36352280,6.66563225
3654,10,0.40740979,5.52033710
3655,10,0.40349495,5.73719549
3656,10,0.41710252,4.33940601
3657,10,0.41319168,3.40135241
3658,10,0.49460435,4.66320705
3659,10,0.44601500,6.94416428
3660,10,0.60523003,7.75880766
3661,10,0.42042884,4.03695917
3662,10,0.33043125,3.58613539
3663,10,0.52579546,5.30817461
3664,10,0.37751856,4.97999573
3665,10,0.32732639,4.72965813
3666,10,0.31995091,3.82011223
3667,10,0.46779013,3.48415112
3668,10,0.59170061,6.39121723
3669,10,0.39395720,4.51506329
3670,10,0.45280299,6.61126757
3671,10,0.49230260,6.41395044
3672,10,0.53799254,8.84067726
3673,10,0.43007296,3.97399426
3674,10,0.45627707,4.36533928
3675,10,0.37547016,5.22946262
3676,10,0.32891083,7.85095453
3677,10,0.48623097,8.49447823
3678,10,0.37776443,4.96624136
3679,10,0.59416521,4.73332119
3680,10,0.45856398,4.15622759
3681,10,0.42123508,4.68284273
3682,10,0.54371023,5.83218241
3683,10,0.30381650,4.13929749
3684,10,0.55091119,6.02895927
3685,10,0.56162101,6.20637035
3686,10,0.45304745,4.54992723
3687,10,0.41610038,4.06879568
3688,10,0.45256785,7.46092463
3689,10,0.38174152,3.72785473
3690,10,0.50982434,6.79685545
3691,10,0.44812828,4.78392506
3692,10,0.50932169,7.80944490
3693,10,0.35004580,9.54977894
3694,10,0.39329273,4.86472654
3695,10,0.35088390,6.62248039
3696,10,0.36798441,4.89745188
3697,10,0.31801042,4.37232447
3698,10,0.52865314,6.20873690
3699,10,0.36285326,3.25433469
3700,10,0.24817032,2.88928175
3701,10,0.51743692,6.55165720
3702,10,0.35088280,4.70802927
3703,10,0.36661941,6.15443230
3704,10,0.32702929,4.15091896
3705,10,0.51567537,7.28093481
3706,10,0.50066137,6.67574930
3707,10,0.34967643,3.48612165
3708,10,0.36781764,5.33941174
3709,10,0.40675265,5.15018368
3710,10,0.44597709,5.98237038
3711,10,0.29453546,4.84288406
3712,10,0.47571620,4.12217808
3713,10,0.42817962,3.37917590
3714,10,0.33926007,4.60652781
3715,10,0.55532897,4.24633074
3716,10,0.38127428,4.94535542
3717,10,0.39358753,7.62913990
3718,10,0.44424415,4.60595369
3719,10,0.39205402,7.39723539
3720,10,0.40694502,3.91417456
3721,10,0.31740254,4.89741039
3722,10,0.42252395,3.65330553
3723,10,0.29954886,5.00222063
3724,10,0.32114995,3.78847980
3725,10,0.33880770,5.06894159
3726,10,0.57149696,5.29472637
3727,10,0.40927014,4.88385105
3728,10,0.56913549,5.42339087
3729,10,0.45807648,5.54607630
3730,10,0.39617485,5.55890799
3731,10,0.34891641,3.94036865
3732,10,0.45022982,6.48611021
3733,10,0.37553352,6.75254488
3734,10,0.42066932,6.15925407
3735,10,0.36311623,3.96305418
3736,10,0.36904395,4.55474710
3737,10,0.47753119,6.05982876
3738,10,0.44939128,4.68459368
3739,10,0.33422470,4.92060280
3740,10,0.52189559,5.74976635
3741,10,0.42610335,6.70625496
3742,10,0.46053016,5.82743359
3743,10,0.46341684,5.77755022
3744,10,0.39894968,4.47447300
3745,10,0.53447592,5.09787178
3746,10,0.38405037,3.77493501
3747,10,0.30385005,5.39680243
3748,10,0.34371531,3.60875630
3749,10,0.49403137,8.94764709
3750,10,0.34199542,3.82308984
3751,10,0.43263069,4.88500071
3752,10,0.53246820,5.23064947
3753,10,0.38133648,4.07062578
3754,10,0.39198500,4.28650999
3755,10,0.48584992,5.68207598
3756,10,0.60233104,6.24952555
3757,10,0.28597111,2.99645233
3758,10,0.36941847,5.29675150
3759,10,0.33482736,5.15239906
3760,10,0.41977695,4.25940275
3761,10,0.32516241,6.18503904
3762,10,0.34862900,3.21774125
3763,10,0.40527093,6.17567730
3764,10,0.43973333,6.20597267
3765,10,0.31667238,2.57670689
3766,10,0.22731814,5.72874451
3767,10,0.48559850,4.77751207
3768,10,0.46619371,6.80709600
3769,10,0.65455222,5.41985941
3770,10,0.43927294,4.52106380
3771,10,0.48887378,10.07973194
3772,10,0.41623253,9.56593418
3773,10,0.41576588,4.09601879
3774,10,0.41238409,5.90045595
3775,10,0.40246633,5.61531496
3776,10,0.29917103,5.01147795
3777,10,0.42545187,6.26803780
3778,10,0.50578427,5.41627169
3779,10,0.44742769,5.25260401
3780,10,0.48119217,6.56857586
3781,10,0.36488670,6.41479158
3782,10,0.40324879,3.70277166
3783,10,0.48359102,6.63334799
3784,10,0.49336767,4.81388426
3785,10,0.33203048,4.60887527
3786,10,0.49690205,4.97708130
3787,10,0.52808654,7.14359474
3788,10,0.45208520,3.52333689
3789,10,0.51396233,8.37361050
3790,10,0.58454329,6.12225437
3791,10,0.40360820,5.74437714
3792,10,0.45974955,6.47329521
3793,10,0.44336623,3.78990316
3794,10,0.40924534,3.19435740
3795,10,0.59508973,4.65604448
3796,10,0.46240607,3.67921090
3797,10,0.35365847,3.85638714
3798,10,0.42883459,5.95598841
3799,10,0.51534510,5.98846054
3800,10,0.47387254,3.78219962
3801,10,0.36087716,5.59548903
3802,10,0.54645318,5.39238691
3803,10,0.32810685,2.40338945
3804,10,0.32623655,4.69188452
3805,10,0.55552518,6.38419914
3806,10,0.37101805,5.89266682
3807,10,0.46583751,5.91016579
3808,10,0.31817007,4.12373161
3809,10,0.54069620,6.23583364
3810,10,0.39908940,4.93065405
3811,10,0.36349064,4.92843199
3812,10,0.41152546,7.34302616
3813,10,0.32389832,4.20098782
3814,10,0.32842499,6.48973942
3815,10,0.45294648,8.39691544
3816,10,0.45880041,8.60819244
3817,10,0.42910200,9.13809395
3818,10,0.32245266,3.99336648
3819,10,0.40846381,5.96864939
3820,10,0.48000097,5.86712408
3821,10,0.54699320,5.52739811
3822,10,0.59550691,5.25621223
3823,10,0.39030087,8.54537868
3824,10,0.37885356,5.42148113
3825,10,0.33418924,8.52126026
3826,10,0.48132473,5.20222187
3827,10,0.35382694,4.56536674
3828,10,0.33691072,4.21568871
3829,10,0.39848009,4.79665232
3830,10,0.41415003,5.03614426
3831,10,0.50039291,6.46098757
3832,10,0.39813763,6.65591478
3833,10,0.46382710,7.52732706
3834,10,0.52076888,5.30907297
3835,10,0.36197966,5.12010813
3836,10,0.37311089,4.38607788
3837,10,0.37321165,4.24674320
3838,10,0.34221792,3.89518690
3839,10,0.43171763,4.00049210
3840,10,0.53468192,5.89609623
3841,10,0.56373721,3.67030811
3842,10,0.48209438,3.57977009
3843,10,0.35644943,4.84232378
3844,10,0.35975584,5.70051813
3845,10,0.25129014,2.34294391
3846,10,0.47665602,5.04307222
3847,10,0.40763652,6.48384666
3848,10,0.39313132,4.00047255
3849,10,0.35157484,6.18986750
3850,10,0.55664033,7.10328913
3851,10,0.38251841,5.03440285
3852,10,0.31925267,4.33329582
3853,10,0.38795823,4.57716751
3854,10,0.44319177,8.84046841
3855,10,0.30268312,6.03763390
3856,10,0.50169766,3.52998042
3857,10,0.54864126,5.13003206
3858,10,0.33872193,3.25638008
3859,10,0.27912363,2.44724178
3860,10,0.41738981,6.10033560
3861,10,0.59398234,6.64016056
3862,10,0.46508726,5.29696274
3863,10,0.40565607,5.50292921
3864,10,0.33275253,4.72168255
3865,10,0.36328024,3.92077947
3866,10,0.44308752,5.89112186
3867,10,0.40714258,4.89164639
3868,10,0.45987773,4.73917007
3869,10,0.61251789,9.08649349
3870,10,0.42214501,6.94389105
3871,10,0.58990008,5.11640215
3872,10,0.38427851,4.33841658
3873,10,0.34126180,4.65972424
3874,10,0.37664080,6.12523222
3875,10,0.45098552,4.04128790
3876,10,0.30109981,2.99584794
3877,10,0.31977832,6.64630508
3878,10,0.31396946,2.58993149
3879,10,0.48357686,4.45310736
3880,10,0.41727024,7.56653500
3881,10,0.50481009,5.98402548
3882,10,0.45284626,5.61817741
3883,10,0.58268958,5.94958782
3884,10,0.59926796,6.77850723
3885,10,0.43124589,6.18001461
3886,10,0.48828250,5.09211588
3887,10,0.37959042,2.82411766
3888,10,0.43498355,5.05070257
3889,10,0.51381981,6.67665625
3890,10,0.39496297,5.36204720
3891,10,0.53597081,5.25724792
3892,10,0.31511644,4.37404346
3893,10,0.36623120,4.87768602
3894,10,0.53704697,8.02758503
3895,10,0.55561543,5.86242819
3896,10,0.47516245,7.26736832
3897,10,0.42863244,3.69740462
3898,10,0.53383458,11.02373219
3899,10,0.45160151,9.93591213
3900,10,0.31675780,6.66786242
3901,10,0.25101912,5.39185619
3902,10,0.44984299,4.44270897
3903,10,0.31829083,4.70652771
3904,10,0.47523963,8.05872345
3905,10,0.36990860,5.86760998
3906,10,0.53130031,7.86322594
3907,10,0.46710035,5.63406038
3908,10,0.39459226,3.73066759
3909,10,0.26623437,3.08941984
3910,11,0.41620076,7.94722462
3911,11,0.43243706,5.77430582
3912,11,0.50697798,6.69036102
3913,11,0.30780065,4.39019012
3914,11,0.31483242,4.80991030
3915,11,0.43132573,7.27262592
3916,11,0.29585338,3.46670985
3917,11,0.29811865,4.01028347
3918,11,0.38234967,5.22228193
3919,11,0.29277447,2.76584744
3920,11,0.45200562,5.91435480
3921,11,0.33153954,8.11444378
3922,11,0.48518384,4.50180244
3923,11,0.47999638,4.55238152
3924,11,0.41486096,4.56836843
3925,11,0.33973765,2.55448270
3926,11,0.23620977,4.03263903
3927,11,0.27842960,4.32068443
3928,11,0.37013298,5.04500771
3929,11,0.45993727,5.08115578
3930,11,0.50841260,3.98974252
3931,11,0.29337829,4.37878036
3932,11,0.37178326,4.64749527
3933,11,0.37246579,4.42959690
3934,11,0.30031806,4.47378922
3935,11,0.32001141,4.86629152
3936,11,0.32643038,6.34126616
3937,11,0.47482359,6.80369186
3938,11,0.23139614,4.41540146
3939,11,0.42808536,6.45441008
3940,11,0.44380692,4.85332966
3941,11,0.40614772,5.86969614
3942,11,0.43032813,4.29970741
3943,11,0.55779183,5.16140366
3944,11,0.33169383,6.86606741
3945,11,0.49366072,5.42571211
3946,11,0.34390536,4.45044708
3947,11,0.44907403,3.58688831
3948,11,0.49742016,8.18594646
3949,11,0.30715045,3.51549482
3950,11,0.46367642,6.95189619
3951,11,0.49153453,8.36809254
3952,11,0.29674441,3.56202030
3953,11,0.44604152,6.63790464
3954,11,0.38680696,4.16989374
3955,11,0.53310597,4.68026257
3956,11,0.37916094,5.14126539
3957,11,0.48880288,7.72338390
3958,11,0.40202242,8.10612106
3959,11,0.42721176,7.12120152
3960,11,0.48275152,5.34020615
3961,11,0.26099718,5.86619997
3962,11,0.27785185,4.29089499
3963,11,0.41816092,5.57468891
3964,11,0.42921412,4.79167414
3965,11,0.28929961,6.32023668
3966,11,0.32611990,5.03947783
3967,11,0.49906135,7.07938337
3968,11,0.30102021,3.84764242
3969,11,0.38504493,3.33266068
3970,11,0.45431405,5.28094149
3971,11,0.30616498,4.47507572
3972,11,0.32906038,5.24278164
3973,11,0.21201143,3.35682058
3974,11,0.38073137,7.46465397
3975,11,0.33083069,3.94606614
3976,11,0.36564162,4.32978344
3977,11,0.42523390,4.34198046
3978,11,0.43717670,5.96882868
3979,11,0.48000559,4.99541712
3980,11,0.28923795,5.53051996
3981,11,0.36661452,5.18711615
3982,11,0.41116929,8.25896454
3983,11,0.46717989,6.59147644
3984,11,0.37364936,5.49000597
3985,11,0.45100001,4.36689806
3986,11,0.37704825,3.65906239
3987,11,0.22575155,5.84975863
3988,11,0.44466475,3.92793131
3989,11,0.33127818,3.58609891
3990,11,0.46919864,5.59102249
3991,11,0.48702955,4.52118111
3992,11,0.30472374,8.10400295
3993,11,0.40491146,4.24796677
3994,11,0.52755630,5.47481775
3995,11,0.37203947,5.71029997
3996,11,0.36415559,5.30161047
3997,11,0.47307742,9.21240902
3998,11,0.32410228,3.29850078
3999,11,0.42812425,6.64694834
4000,11,0.40163493,5.65811968
4001,11,0.28655109,4.78531504
4002,11,0.30615345,4.38073921
4003,11,0.51975113,9.87517071
4004,11,0.36626995,5.27592325
4005,11,0.35036504,4.82500648
4006,11,0.31488246,4.90629053
4007,11,0.39742506,4.48096848
4008,11,0.40711933,4.68243980
4009,11,0.35979360,4.40108776
4010,11,0.31450853,6.39504576
4011,11,0.43017444,5.68494987
4012,11,0.34878021,6.23868990
4013,11,0.51596171,6.58770990
4014,11,0.24375181,3.29382825
4015,11,0.41697016,4.91507959
4016,11,0.44096413,7.57201052
4017,11,0.37461162,4.49795866
4018,11,0.41702044,8.13204098
4019,11,0.41577479,5.20795679
4020,11,0.30073020,4.61317158
4021,11,0.36530083,6.03730106
4022,11,0.35722470,4.39332914
4023,11,0.30817699,2.66116500
4024,11,0.36492413,5.65747881
4025,11,0.37532407,3.98828721
4026,11,0.43402740,5.73768759
4027,11,0.37378532,4.95409679
4028,11,0.34236899,3.49965739
4029,11,0.34110683,5.45132542
4030,11,0.50432515,4.86368561
4031,11,0.39064130,4.60239458
4032,11,0.36668912,5.67871046
4033,11,0.40674371,5.56159067
4034,11,0.34609231,7.68803692
4035,11,0.49563482,5.45355844
4036,11,0.39752805,4.76863146
4037,11,0.39025342,6.48377800
4038,11,0.43485802,4.45213079
4039,11,0.45566675,3.91852617
4040,11,0.51148170,8.86650753
4041,11,0.49410838,6.63312769
4042,11,0.27346843,4.34946203
4043,11,0.43879217,4.84900951
4044,11,0.42802215,5.72548771
4045,11,0.42890668,4.02105951
4046,11,0.39674467,5.35233641
4047,11,0.36605498,3.76699376
4048,11,0.49450839,6.30850506
4049,11,0.35726365,4.39131451
4050,11,0.39542937,4.51512098
4051,11,0.38871697,5.48879719
4052,11,0.30192548,2.87654591
4053,11,0.44206578,7.78310680
4054,11,0.39105445,7.66327572
4055,11,0.41024938,4.72555637
4056,11,0.42659608,3.93396997
4057,11,0.40407187,5.76079082
4058,11,0.48574370,5.46926165
4059,11,0.41496396,6.16641045
4060,11,0.38242018,7.47045708
4061,11,0.40667194,3.05007839
4062,11,0.40151227,6.43940687
4063,11,0.31166369,3.62417054
4064,11,0.42209268,6.56757402
4065,11,0.59468365,3.98865604
4066,11,0.28210288,4.35697985
4067,11,0.24145004,3.02433085
4068,11,0.50287163,4.33744764
4069,11,0.44809669,7.96925783
4070,11,0.28504926,6.26700878
4071,11,0.23990245,3.93682122
4072,11,0.38460356,6.36834145
4073,11,0.41118824,5.31542444
4074,11,0.50294566,4.89609289
4075,11,0.60717469,6.74887466
4076,11,0.37554407,5.20373678
4077,11,0.46142858,5.14375734
4078,11,0.40189028,3.11529016
4079,11,0.44098821,6.65787268
4080,11,0.37076467,4.82434368
4081,11,0.39878845,3.81753254
4082,11,0.44922459,5.66761112
4083,11,0.38461250,5.86294508
4084,11,0.54251528,4.06340981
4085,11,0.42237052,3.80009079
4086,11,0.37056980,4.41713238
4087,11,0.34914052,5.67937231
4088,11,0.39644721,5.60429049
4089,11,0.26558745,2.72221470
4090,11,0.30985212,8.05653572
4091,11,0.27369210,3.51593208
4092,11,0.36434656,3.72307086
4093,11,0.53989905,7.61916447
4094,11,0.55971187,4.79625607
4095,11,0.42996895,6.86616039
4096,11,0.31982523,6.42031431
4097,11,0.45359433,4.95702267
4098,11,0.44998696,3.27632666
4099,11,0.25223452,3.46421552
4100,11,0.36465359,5.22803020
4101,11,0.31496477,5.63576937
4102,11,0.26098356,2.76804018
4103,11,0.28637084,5.33976746
4104,11,0.43942052,4.20464754
4105,11,0.40254641,3.69388866
4106,11,0.39880741,4.80744267
4107,11,0.47111022,5.99779272
4108,11,0.41425744,5.38965416
4109,11,0.45283601,5.70208359
4110,11,0.32757616,2.78988481
4111,11,0.34602854,6.00923777
4112,11,0.36074328,5.53566790
4113,11,0.29803297,5.08665276
4114,11,0.35841644,3.80117130
4115,11,0.50767678,7.13421822
4116,11,0.26311687,3.37524843
4117,11,0.45194173,4.06936693
4118,11,0.39166850,5.00967550
4119,11,0.34288776,6.13301897
4120,11,0.30833972,4.99904537
4121,11,0.36800873,6.94582844
4122,11,0.49690637,8.73564053
4123,11,0.51200807,4.92143679
4124,11,0.35001534,4.87787914
4125,11,0.33267188,4.25424242
4126,11,0.32114059,3.26089811
4127,11,0.38615048,5.52078152
4128,11,0.43353960,5.40701532
4129,11,0.37000251,4.51775312
4130,11,0.47506109,8.09769440
4131,11,0.27217296,3.32391953
4132,11,0.55798984,3.94604516
4133,11,0.23582466,3.28144026
4134,11,0.65474510,6.97748470
4135,11,0.39554977,4.91934252
4136,11,0.38469362,5.27918291
4137,11,0.41273257,3.32984447
4138,11,0.34418631,3.29446721
4139,11,0.45160925,3.61261868
4140,11,0.42802566,5.61074209
4141,11,0.47577012,4.53509474
4142,11,0.44583422,3.38371539
4143,11,0.33538955,3.13193512
4144,11,0.55106634,4.38192368
4145,11,0.39723873,3.13929129
4146,11,0.49641803,5.31575108
4147,11,0.34000993,6.20113945
4148,11,0.25721905,4.32938099
4149,11,0.45303220,5.38150358
4150,11,0.42674693,4.93543768
4151,11,0.35655642,5.45740032
4152,11,0.38582027,7.53199196
4153,11,0.48704705,6.10284948
4154,11,0.28343785,4.42917442
4155,11,0.36901933,7.29532099
4156,11,0.27166384,4.12363482
4157,11,0.34120667,4.86616278
4158,11,0.37395868,4.44087029
4159,11,0.30725411,3.84032416
4160,11,0.45703286,5.80282640
4161,11,0.29734486,4.00531960
4162,11,0.33103761,3.73274374
4163,11,0.49035808,4.28616238
4164,11,0.27701789,3.71957588
4165,11,0.25907809,4.09306383
4166,11,0.31886995,6.29197502
4167,11,0.41738895,6.64467859
4168,11,0.27167732,4.62768269
4169,11,0.48193079,9.17477322
4170,11,0.37385887,4.63586664
4171,11,0.54920256,5.05170918
4172,11,0.26430988,5.01684332
4173,11,0.39931297,7.26592064
4174,11,0.39776319,7.49609900
4175,11,0.39771423,2.81059027
4176,11,0.46681279,4.73460484
4177,11,0.34036326,3.98592854
4178,11,0.59178770,6.27168131
4179,11,0.43471831,4.33082247
4180,11,0.35120544,6.99984455
4181,11,0.46485603,6.58658218
4182,11,0.37823042,5.52543211
4183,11,0.30471569,5.15652466
4184,11,0.39981592,4.65976715
4185,11,0.43996358,3.67788005
4186,11,0.42663300,4.69923592
4187,11,0.38657036,4.55279207
4188,11,0.55218631,4.56201744
4189,11,0.34954041,3.88660669
4190,11,0.59259868,5.74432373
4191,11,0.40689433,3.88938212
4192,11,0.44755250,6.28190517
4193,11,0.47199452,6.44810057
4194,11,0.39545536,5.17003727
4195,11,0.32771036,6.25822783
4196,11,0.38565943,5.83036804
4197,11,0.46789441,8.25584126
4198,11,0.35017037,4.52612019
4199,11,0.37377596,5.53506184
4200,11,0.40150279,5.13313437
4201,11,0.44006288,4.82754803
4202,11,0.47563797,6.53555727
4203,11,0.38658807,4.81006241
4204,11,0.44522306,5.76935816
4205,11,0.58044040,4.39837885
4206,11,0.32395950,5.11237288
4207,11,0.38672280,4.53165722
4208,11,0.37740725,8.32632923
4209,11,0.33359802,3.09447503
4210,11,0.33594596,4.81204224
4211,11,0.37648082,7.35164928
4212,11,0.44369432,4.81038046
4213,11,0.35362095,3.71792936
4214,11,0.38390577,4.67562151
4215,11,0.51823950,12.17359543
4216,11,0.35535145,7.45067072
4217,11,0.38425708,4.17417669
4218,11,0.25924218,3.16035414
4219,11,0.43674046,4.68313694
4220,11,0.33491787,5.35714817
4221,11,0.43121037,4.11854076
4222,11,0.44402552,5.66281652
4223,11,0.51920265,6.14308691
4224,11,0.34853649,6.25560379
4225,11,0.33274391,6.34966707
4226,11,0.43853235,6.48026085
4227,11,0.29636011,4.91992140
4228,11,0.39208597,3.61459756
4229,11,0.59823447,7.12351274
4230,11,0.50015700,6.32183218
4231,11,0.53484958,4.54599476
4232,11,0.51998246,6.73384571
4233,11,0.30129743,5.12543344
4234,11,0.41605258,7.58915520
4235,11,0.38545901,3.49366617
4236,11,0.33102766,4.22564459
4237,11,0.29259834,2.54584551
4238,11,0.37317413,4.75529003
4239,11,0.34081501,4.34914255
4240,11,0.37306160,6.02168417
4241,11,0.36990735,3.39078498
4242,11,0.36615303,4.47861719
4243,11,0.35712427,3.84236956
4244,11,0.35645524,2.74603081
4245,11,0.27663574,3.42040682
4246,11,0.38568717,5.30085945
4247,11,0.35692769,5.18292093
4248,11,0.41419590,8.59163094
4249,11,0.41121322,5.58495903
4250,11,0.43552911,6.32075071
4251,11,0.52996826,6.10039473
4252,11,0.31358767,3.85904837
4253,11,0.32868886,2.89682150
4254,11,0.48187751,9.67266083
4255,11,0.46891677,6.48979044
4256,11,0.59148735,9.23886490
4257,11,0.53420192,5.18765783
4258,11,0.26687071,3.60419822
4259,11,0.39145678,3.40121222
4260,11,0.45019025,8.05260849
4261,11,0.28989825,8.15001202
4262,11,0.40806085,4.75490808
4263,11,0.48351035,8.91383934
4264,11,0.38931310,4.52119923
4265,11,0.32031941,3.10959101
4266,11,0.46856505,5.28809309
4267,11,0.42174000,9.48589516
4268,11,0.34660372,3.88894033
4269,11,0.30161232,2.88242364
4270,11,0.43517506,3.76004887
4271,11,0.37916970,2.97062469
4272,11,0.42144701,5.45019102
4273,11,0.37148327,6.12924290
4274,11,0.47495109,3.53765702
4275,11,0.37255448,5.60149336
4276,11,0.44016069,6.24505186
4277,11,0.40503502,5.97055531
4278,11,0.32664970,3.83133936
4279,11,0.39729673,6.40822649
4280,11,0.52333248,5.25490522
4281,11,0.33359450,4.81886816
4282,11,0.24226537,2.98435497
4283,11,0.34150216,4.04510403
4284,11,0.40863705,6.71141911
4285,11,0.43779576,3.73504233
4286,11,0.36357006,4.10848045
4287,11,0.34827119,4.72667170
4288,11,0.42275017,3.50994444
4289,11,0.40286893,5.47665215
4290,11,0.35170361,3.59976244
4291,11,0.46310565,6.83475542
4292,11,0.37138480,4.72607374
4293,11,0.42042297,5.09672117
4294,11,0.23825279,4.14832592
4295,11,0.40281862,7.41467667
4296,11,0.47387639,7.11734486
4297,11,0.45446548,5.29074478
4298,11,0.33298525,4.66276026
4299,11,0.48398662,7.41338873
4300,11,0.44359389,7.85570812
4301,12,0.40876153,4.58090353
4302,12,0.21624818,3.01684093
4303,12,0.44191474,5.55680180
4304,12,0.36892700,5.11073494
4305,12,0.52606332,5.66059685
4306,12,0.37971276,6.87998104
4307,12,0.39299631,6.39078188
4308,12,0.39435917,3.71729040
4309,12,0.43172961,7.50570393
4310,12,0.29804409,3.78953552
4311,12,0.33525240,3.76935029
4312,12,0.40872210,5.10417032
4313,12,0.26299858,6.85157204
4314,12,0.35150304,7.45483065
4315,12,0.29312277,5.27957106
4316,12,0.27322388,3.40246391
4317,12,0.34077662,5.13872242
4318,12,0.36655056,4.22484112
4319,12,0.39821404,4.35466146
4320,12,0.41964841,5.33839512
4321,12,0.28010133,3.29017305
4322,12,0.41069907,5.49202585
4323,12,0.34094056,6.08578253
4324,12,0.23203622,3.13760781
4325,12,0.34614021,3.78195524
4326,12,0.38207763,3.79420376
4327,12,0.30686975,4.28950262
4328,12,0.32272518,5.24071884
4329,12,0.48981267,4.59783649
4330,12,0.24185160,3.21806288
4331,12,0.44095561,8.90355015
4332,12,0.32822001,5.54600954
4333,12,0.44088769,4.74217606
4334,12,0.27693981,5.36062050
4335,12,0.39894226,8.29857540
4336,12,0.37762290,5.66080523
4337,12,0.36354753,4.30063057
4338,12,0.54075122,5.91303396
4339,12,0.37173486,4.54847908
4340,12,0.37293679,4.56716442
4341,12,0.37588894,7.50882769
4342,12,0.29780430,5.94138336
4343,12,0.36536580,3.71317863
4344,12,0.48525554,4.62497187
4345,12,0.31057808,4.67486382
4346,12,0.29561102,3.46698546
4347,12,0.34190869,4.94208050
4348,12,0.40544254,6.36114502
4349,12,0.42079610,6.34537888
4350,12,0.33099437,4.26458406
4351,12,0.37583190,4.32081461
4352,12,0.33787221,3.75172710
4353,12,0.33747911,4.25389290
4354,12,0.26504326,5.10906124
4355,12,0.30982116,6.16766453
4356,12,0.32704514,5.03027534
4357,12,0.32165650,5.52458572
4358,12,0.37479541,3.89975977
4359,12,0.40541303,5.22693586
4360,12,0.34837359,5.09233999
4361,12,0.32377753,4.02166033
4362,12,0.32172030,5.27568245
4363,12,0.48447776,4.91069460
4364,12,0.41939339,4.58961821
4365,12,0.51088554,4.96453190
4366,12,0.44499201,3.92092562
4367,12,0.44692159,6.63847733
4368,12,0.41541147,3.93683743
4369,12,0.36913830,4.91855431
4370,12,0.26060635,2.85764170
4371,12,0.29967740,5.41430712
4372,12,0.34243393,3.09744310
4373,12,0.43276411,4.24352932
4374,12,0.32444513,5.96435452
4375,12,0.36719492,3.28591728
4376,12,0.35725617,6.48308849
4377,12,0.32410279,4.03523636
4378,12,0.30639488,6.08499146
4379,12,0.31848216,4.12994337
4380,12,0.36047885,5.08705902
4381,12,0.33527464,4.96174192
4382,12,0.42101163,4.99072313
4383,12,0.53924048,7.48264074
4384,12,0.37155443,4.13665056
4385,12,0.30243528,4.10970783
4386,12,0.48157445,4.82468176
4387,12,0.34617972,4.46862698
4388,12,0.35564384,4.27911806
4389,12,0.45086485,4.74950266
4390,12,0.35871089,4.40552521
4391,12,0.46876371,8.63302422
4392,12,0.32062644,4.84091043
4393,12,0.24477628,5.52885675
4394,12,0.40212661,8.50875854
4395,12,0.45586932,5.31094313
4396,12,0.68820137,7.39408302
4397,12,0.31918922,2.94377565
4398,12,0.40133455,4.74829578
4399,12,0.28904960,4.87516022
4400,12,0.24501912,2.71275282
4401,12,0.41831854,4.14193106
4402,12,0.29570973,3.92417073
4403,12,0.38221914,3.73948598
4404,12,0.41534156,4.16815662
4405,12,0.28846151,4.79199028
4406,12,0.37768710,5.08111382
4407,12,0.43930674,6.80409288
4408,12,0.42531163,7.10412502
4409,12,0.28589904,9.57280731
4410,12,0.36962432,5.27245808
4411,12,0.39857090,4.63883877
4412,12,0.32199615,5.05530024
4413,12,0.43122715,7.07150555
4414,12,0.36106396,4.90563536
4415,12,0.40165842,4.95360947
4416,12,0.34046847,4.28676701
4417,12,0.31148034,4.33462715
4418,12,0.43454334,4.92388773
4419,12,0.58730459,3.42636657
4420,12,0.34925419,5.43426514
4421,12,0.43125671,4.64272976
4422,12,0.45648247,7.43515015
4423,12,0.34659433,7.17210817
4424,12,0.31690186,4.67341280
4425,12,0.28091586,3.17227411
4426,12,0.35083002,4.22231531
4427,12,0.29777145,3.92260647
4428,12,0.41161573,4.78173637
4429,12,0.38016233,3.69875860
4430,12,0.37486139,5.54586363
4431,12,0.39335325,4.57240820
4432,12,0.33221370,5.44801521
4433,12,0.39855742,3.50219750
4434,12,0.54371035,5.31124067
4435,12,0.26094791,2.75237441
4436,12,0.30107981,3.14096594
4437,12,0.28429008,4.32629633
4438,12,0.26058024,2.43408322
4439,12,0.47317839,5.59216785
4440,12,0.35842821,5.50479555
4441,12,0.32734686,5.01531601
4442,12,0.28527558,4.54965448
4443,12,0.31985521,6.44744730
4444,12,0.56722414,4.42094374
4445,12,0.22896829,5.56150246
4446,12,0.37054724,6.97428942
4447,12,0.31209409,6.29174137
4448,12,0.42342821,6.03318214
4449,12,0.41576660,5.20302963
4450,12,0.44412673,6.80327892
4451,12,0.35663742,4.35092163
4452,12,0.35481012,6.62150288
4453,12,0.38746488,4.05354357
4454,12,0.41356388,5.02610016
4455,12,0.41642451,5.38543224
4456,12,0.34024554,4.41310644
4457,12,0.24091667,2.80922055
4458,12,0.39740592,3.98814821
4459,12,0.45369583,5.18150377
4460,12,0.40212458,4.74361658
4461,12,0.39831817,5.62800598
4462,12,0.39308479,6.30461311
4463,12,0.27037084,4.61433983
4464,12,0.41336605,6.63162231
4465,12,0.41939038,5.71769285
4466,12,0.39285272,5.09584570
4467,12,0.38260755,4.13468313
4468,12,0.37873483,6.75309801
4469,12,0.32754493,4.52650213
4470,12,0.28576124,5.24724674
4471,12,0.35199678,4.43115044
4472,12,0.37328160,5.03965712
4473,12,0.54540586,5.02540445
4474,12,0.30766922,4.42096949
4475,12,0.47093204,6.96341419
4476,12,0.49937987,7.56782627
4477,12,0.24167061,4.15947962
4478,12,0.37423375,6.20936060
4479,12,0.35133904,5.09707403
4480,12,0.39261490,4.13142204
4481,12,0.46775106,4.24380922
4482,12,0.50320148,5.77975941
4483,12,0.34675014,5.34865141
4484,12,0.32488653,3.79260206
4485,12,0.39507633,4.87185526
4486,12,0.45328382,4.28810835
4487,12,0.42329463,6.72425318
4488,12,0.31434840,3.41822839
4489,12,0.33757332,3.01583219
4490,12,0.43442613,5.22363424
4491,12,0.54138297,9.74715519
4492,12,0.44532245,5.53011847
4493,12,0.36239585,4.28122187
4494,12,0.26220119,4.84665298
4495,12,0.29596397,4.51717806
4496,12,0.35156301,4.76808882
4497,12,0.36696681,5.77447605
4498,12,0.38039780,3.41845083
4499,12,0.47661513,5.16899967
4500,12,0.34488580,4.31421852
4501,12,0.33884948,6.95504284
4502,12,0.39021322,3.03901243
4503,12,0.41601220,7.21916580
4504,12,0.38117623,3.30008006
4505,12,0.37053415,5.21644878
4506,12,0.37002066,6.98922157
4507,12,0.41116181,5.47544003
4508,12,0.35548097,4.03806496
4509,12,0.32950050,5.06626558
4510,12,0.35737377,3.23281574
4511,12,0.27676690,2.46283269
4512,12,0.28353399,4.01528835
4513,12,0.44315040,9.60321236
4514,12,0.53927195,9.62945080
4515,12,0.33161622,5.77336311
4516,12,0.32707733,3.40792012
4517,12,0.23954600,4.51337337
4518,12,0.44524488,10.10654831
4519,12,0.40213525,4.46268082
4520,12,0.49023938,6.14913940
4521,12,0.28145909,4.82192278
4522,12,0.39721739,5.62676907
4523,12,0.40355024,7.40756989
4524,12,0.33177179,5.33216953
4525,12,0.27675694,4.09098291
4526,12,0.30996972,4.49872828
4527,12,0.38939124,4.16877604
4528,12,0.50248653,5.64383841
4529,12,0.45972073,5.79145718
4530,12,0.37497190,6.03171253
4531,12,0.38503450,3.92312002
4532,12,0.52643871,6.70822001
4533,12,0.42611673,6.42199373
4534,12,0.30202019,2.29410791
4535,12,0.32986623,5.51139259
4536,12,0.32434821,3.91203213
4537,12,0.34788057,4.14429665
4538,12,0.32996669,4.67040348
4539,12,0.43073684,4.94140244
4540,12,0.37888581,3.68136835
4541,12,0.44317815,4.92655277
4542,12,0.46746960,6.25924730
4543,12,0.34743875,5.66507578
4544,12,0.38197798,5.75273609
4545,12,0.35661516,3.73719454
4546,12,0.37732777,4.25101662
4547,12,0.29902086,4.90541077
4548,12,0.37874067,4.32450485
4549,12,0.40751445,5.39968109
4550,12,0.32070813,2.29057717
4551,12,0.45477375,5.62670088
4552,12,0.46674788,5.01788521
4553,12,0.43486938,7.07694101
4554,12,0.18709400,3.35196948
4555,12,0.53339994,6.67112064
4556,12,0.46541032,5.48407316
4557,12,0.52742910,4.25469303
4558,12,0.33967677,3.23701477
4559,12,0.41260278,4.55672121
4560,12,0.39503393,5.67711401
4561,12,0.36084971,4.95212221
4562,12,0.37570086,5.37452793
4563,12,0.32095790,6.62993908
4564,12,0.58109820,9.80290031
4565,12,0.42412883,4.12530470
4566,12,0.43361133,9.37147045
4567,12,0.27638972,2.97295499
4568,12,0.30908689,3.85990548
4569,12,0.45016587,4.58941698
4570,12,0.45354021,5.24148655
4571,12,0.33124673,4.00723314
4572,12,0.44726205,8.94526291
4573,12,0.43474886,5.17643166
4574,12,0.20233938,3.00504112
4575,12,0.34212205,4.41351175
4576,12,0.37570298,5.38725567
4577,12,0.39787135,5.45316696
4578,12,0.40600732,5.10443115
4579,12,0.36063513,3.58593965
4580,12,0.45092195,4.84665775
4581,12,0.39743072,4.59966660
4582,12,0.32202601,4.05992270
4583,12,0.33411425,2.95231938
4584,12,0.37593204,5.76837826
4585,12,0.30273727,3.60321736
4586,12,0.37605593,3.03634739
4587,12,0.31599605,7.17770052
4588,12,0.43677068,8.88635540
4589,12,0.33334869,4.00686073
4590,12,0.41243815,5.29818630
4591,12,0.39506990,3.16474342
4592,12,0.35286862,6.35338736
4593,12,0.46052966,7.00154114
4594,12,0.35715172,3.57877970
4595,12,0.22598054,3.38456988
4596,12,0.41097474,5.05220032
4597,12,0.33865756,4.32638931
4598,12,0.30530441,3.51572180
4599,12,0.44541699,3.88437033
4600,12,0.25822538,4.02309370
4601,12,0.35520411,5.89749956
4602,12,0.22605863,3.63881993
4603,12,0.36020103,5.96282196
4604,12,0.40405288,7.94113493
4605,12,0.29406023,5.91858196
4606,12,0.33713377,4.00446463
4607,12,0.48398814,2.93468475
4608,12,0.37356114,7.42306376
4609,12,0.36836991,5.63468170
4610,12,0.42665014,7.58694410
4611,12,0.39944479,3.20389581
4612,12,0.39599574,3.10136247
4613,12,0.32206002,5.75606966
4614,12,0.51168776,4.78882742
4615,12,0.35945177,4.82638264
4616,12,0.43912038,4.47145987
4617,12,0.35473329,5.37651014
4618,12,0.36620975,4.88615179
4619,12,0.44681549,3.99169350
4620,12,0.39739597,4.41144276
4621,12,0.25937700,4.06560564
4622,12,0.31666034,5.44775724
4623,12,0.35506049,3.20151234
4624,12,0.30811822,5.09521770
4625,12,0.40455881,4.21680832
4626,12,0.29319584,4.72442293
4627,12,0.45983896,5.79159307
4628,12,0.41675150,6.44462347
4629,12,0.41625163,3.21958208
4630,12,0.44702312,4.32764626
4631,12,0.38145888,4.68426323
4632,12,0.25030261,5.08197641
4633,12,0.43475139,5.08655596
4634,12,0.28297716,3.15201855
4635,12,0.42689252,2.64296055
4636,12,0.38213673,2.75916290
4637,12,0.39267030,5.95569611
4638,12,0.29637566,3.04306626
4639,12,0.44500473,4.61515427
4640,12,0.34245872,4.19716978
4641,12,0.38595971,3.95531750
4642,12,0.37851578,5.82177305
4643,12,0.50846291,3.09365988
4644,12,0.21474415,3.88578463
4645,12,0.34491724,5.12076378
4646,12,0.44206366,3.36734629
4647,12,0.37984374,4.53384686
4648,12,0.35888022,6.15336752
4649,12,0.37478828,3.65343070
4650,12,0.25648767,2.32788849
4651,12,0.38877219,4.35087204
4652,12,0.34974676,4.49302626
4653,12,0.34195048,4.28283405
4654,12,0.29189697,2.38441038
4655,12,0.30755836,4.94751978
4656,12,0.58648098,6.48792028
4657,12,0.43732131,6.30811739
4658,12,0.25864723,2.82053781
4659,12,0.49987215,6.57457399
4660,12,0.26186281,3.40834689
4661,12,0.33592331,4.87533760
4662,12,0.39594278,4.58007860
4663,12,0.36932963,3.65830827
4664,12,0.39964673,6.27415943
4665,12,0.24722338,3.56850457
4666,12,0.32667732,4.51897812
4667,12,0.22475107,2.49502182
4668,12,0.27603745,6.27867222
4669,12,0.45577604,4.90582132
4670,12,0.33789396,4.99310160
4671,12,0.36660951,4.80349874
4672,12,0.30428904,3.22018838
4673,12,0.44874403,5.49905062
4674,12,0.54324794,11.48961163
4675,12,0.30420291,3.22152495
4676,12,0.35357890,5.80692387
4677,12,0.43565851,5.82950735
4678,12,0.32822245,5.47216988
4679,12,0.29411048,4.09513950
4680,12,0.27741134,4.09731388
4681,12,0.36892822,6.79372931
4682,12,0.42864138,6.34332323
4683,12,0.37319404,5.69797039
4684,12,0.42371178,7.61735630
4685,12,0.45521551,5.46564436
4686,12,0.31569278,5.12236214
4687,12,0.37474775,4.55959034
4688,12,0.36223763,7.61377048
4689,12,0.35359848,8.63796329
4690,12,0.46354616,5.59098387
4691,12,0.15630977,2.37327313
4692,13,0.39657992,5.21856546
4693,13,0.36444986,4.10016489
4694,13,0.37465614,4.42890978
4695,13,0.26069379,3.68064427
4696,13,0.26120773,3.08321047
4697,13,0.39356413,4.62976265
4698,13,0.54814452,4.97444963
4699,13,0.35681102,3.58240628
4700,13,0.28080261,3.52285385
4701,13,0.34148139,4.31946945
4702,13,0.36294717,3.92739010
4703,13,0.29451370,3.08821297
4704,13,0.31266505,4.50325060
4705,13,0.47035360,8.51330662
4706,13,0.29840732,3.21310806
4707,13,0.50190043,4.67445612
4708,13,0.32643762,4.35605288
4709,13,0.26944149,5.95628405
4710,13,0.37941083,5.29662895
4711,13,0.35601443,6.44076014
4712,13,0.44106877,4.77515030
4713,13,0.39367342,3.80179143
4714,13,0.33614615,3.89105821
4715,13,0.38882196,4.99880219
4716,13,0.46541584,6.76629496
4717,13,0.40727729,5.50926495
4718,13,0.21314646,4.22778320
4719,13,0.32828009,3.15615392
4720,13,0.35052174,6.18123341
4721,13,0.32248688,3.78199506
4722,13,0.32943857,8.29866791
4723,13,0.40455693,4.13533592
4724,13,0.27112859,5.51439714
4725,13,0.35896188,3.74720931
4726,13,0.35631123,2.89710212
4727,13,0.43390763,3.43778801
4728,13,0.41206795,5.84435797
4729,13,0.34037775,3.53686619
4730,13,0.29463136,2.95490861
4731,13,0.36122626,5.10243559
4732,13,0.28191483,4.09292221
4733,13,0.26785904,7.83877850
4734,13,0.33587763,3.38315654
4735,13,0.33443487,3.23108029
4736,13,0.27373928,3.91249108
4737,13,0.30039650,4.23139858
4738,13,0.45181721,4.97996426
4739,13,0.35471654,4.27605200
4740,13,0.29532236,3.76093936
4741,13,0.33292413,4.80882549
4742,13,0.36176580,4.52689981
4743,13,0.36636183,7.53751040
4744,13,0.29263276,3.40593958
4745,13,0.31498808,3.16216087
4746,13,0.34803951,6.41669989
4747,13,0.40651825,5.49763775
4748,13,0.31394774,6.04632092
4749,13,0.32045311,3.89856505
4750,13,0.32348058,4.21011114
4751,13,0.37220672,3.72561526
4752,13,0.24276510,5.24507999
4753,13,0.40551561,4.24586725
4754,13,0.47383827,4.97941160
4755,13,0.22551581,3.99009681
4756,13,0.44720000,6.59867334
4757,13,0.38297462,5.81422186
4758,13,0.39798552,6.14364910
4759,13,0.39866537,4.41305256
4760,13,0.29693034,7.80736399
4761,13,0.38301516,6.02120733
4762,13,0.35637859,4.80135727
4763,13,0.26698786,4.93116426
4764,13,0.41204560,3.77244449
4765,13,0.19695505,4.35653400
4766,13,0.29242319,3.47411299
4767,13,0.33987242,6.25640345
4768,13,0.35598230,5.70699596
4769,13,0.28112450,5.13611031
4770,13,0.33017534,4.96416426
4771,13,0.31149611,3.95118737
4772,13,0.26282448,4.11019897
4773,13,0.21186997,2.70696306
4774,13,0.33739269,3.20794010
4775,13,0.25048512,3.56712103
4776,13,0.31979045,5.18344545
4777,13,0.28432041,5.26412201
4778,13,0.22030967,4.10692644
4779,13,0.32734257,4.92739534
4780,13,0.27771294,2.80111623
4781,13,0.41543737,6.33796453
4782,13,0.35778689,7.53875017
4783,13,0.41106761,9.88068962
4784,13,0.24252599,3.86467600
4785,13,0.33589002,4.68962336
4786,13,0.25682342,3.23453236
4787,13,0.16747990,3.34306359
4788,13,0.42578647,7.28752613
4789,13,0.50066847,6.04400158
4790,13,0.42021775,8.94620132
4791,13,0.44579285,7.56972551
4792,13,0.28333643,5.57136774
4793,13,0.28110096,4.77251577
4794,13,0.29552716,4.08631325
4795,13,0.39695838,5.89942694
4796,13,0.33974683,6.07838869
4797,13,0.40832022,5.63292122
4798,13,0.32383925,4.63472652
4799,13,0.30682006,4.31428289
4800,13,0.35697490,5.46163845
4801,13,0.30459714,4.61126614
4802,13,0.37505594,3.60548782
4803,13,0.34311828,4.22468138
4804,13,0.30536216,4.62836409
4805,13,0.32028750,3.90941596
4806,13,0.24150939,3.09762073
4807,13,0.40115458,7.71638203
4808,13,0.23734398,4.46850014
4809,13,0.31329715,3.94436574
4810,13,0.38352746,6.76402998
4811,13,0.30004984,2.96299291
4812,13,0.20910078,6.10783052
4813,13,0.25920036,2.84531736
4814,13,0.37957039,5.09821367
4815,13,0.45523414,7.32877588
4816,13,0.41918463,5.61857224
4817,13,0.22513579,3.83992171
4818,13,0.28891021,5.48766375
4819,13,0.38271838,8.18920422
4820,13,0.32923880,4.70572329
4821,13,0.43479604,4.70988798
4822,13,0.40874478,4.52210283
4823,13,0.22575112,6.91066551
4824,13,0.39550054,4.52473974
4825,13,0.34334680,4.19896173
4826,13,0.59144461,7.58326721
4827,13,0.35107017,4.97493505
4828,13,0.29692876,4.65219402
4829,13,0.34193411,4.58819437
4830,13,0.32656962,5.46776581
4831,13,0.35325682,6.60444689
4832,13,0.28075269,4.60214090
4833,13,0.18472333,4.91026640
4834,13,0.33866373,5.09080172
4835,13,0.32884029,5.22685814
4836,13,0.54900277,6.30894232
4837,13,0.45774117,6.05282068
4838,13,0.22154288,3.22793198
4839,13,0.46577722,4.29193020
4840,13,0.37271065,4.11474180
4841,13,0.33885261,6.92298985
4842,13,0.35547918,8.98703957
4843,13,0.44264263,7.08366060
4844,13,0.39094967,5.95389986
4845,13,0.33203849,3.56212807
4846,13,0.29592079,3.14332795
4847,13,0.34388840,6.13489103
4848,13,0.33536732,2.96064544
4849,13,0.23717201,4.81198978
4850,13,0.32123706,7.08910036
4851,13,0.30033728,6.44603062
4852,13,0.32890975,4.50659990
4853,13,0.25163901,3.11100388
4854,13,0.41317731,4.06811190
4855,13,0.36681068,4.79601145
4856,13,0.33640546,3.21330070
4857,13,0.31230226,3.06423187
4858,13,0.34068078,3.28658223
4859,13,0.25633833,3.73281646
4860,13,0.34996074,5.65697002
4861,13,0.31626773,4.53980970
4862,13,0.29072025,3.12554669
4863,13,0.43830884,7.03309584
4864,13,0.43965983,4.53103828
4865,13,0.33945811,3.73748302
4866,13,0.36664066,3.98438883
4867,13,0.51013404,8.38864899
4868,13,0.22865866,2.81622410
4869,13,0.36000517,5.07473135
4870,13,0.25414765,3.84260345
4871,13,0.34843564,5.83194065
4872,13,0.46447629,5.98355532
4873,13,0.35031676,4.02650833
4874,13,0.31928509,3.80591106
4875,13,0.31969675,5.61187458
4876,13,0.31156778,4.19942904
4877,13,0.27530020,3.05551505
4878,13,0.32381982,2.93628573
4879,13,0.25721535,5.59834909
4880,13,0.25182065,5.80595827
4881,13,0.44897357,5.08944941
4882,13,0.32352477,4.27036095
4883,13,0.28752878,3.93854976
4884,13,0.26290393,5.35619402
4885,13,0.35326672,5.95276690
4886,13,0.32392916,4.06095934
4887,13,0.30888596,2.94168520
4888,13,0.34632459,2.65124869
4889,13,0.50131607,6.20046759
4890,13,0.49910346,6.53184509
4891,13,0.25293189,5.59269142
4892,13,0.36013335,5.12971210
4893,13,0.35703349,4.44029188
4894,13,0.37992942,7.81108952
4895,13,0.31702191,6.86000299
4896,13,0.35674882,6.21494722
4897,13,0.30425575,2.95885587
4898,13,0.33124000,5.02974033
4899,13,0.32560036,3.20592570
4900,13,0.41887140,6.57224894
4901,13,0.34117866,5.94516897
4902,13,0.31335422,4.16094446
4903,13,0.44458914,4.49857426
4904,13,0.34133336,6.03577423
4905,13,0.37753052,5.58506107
4906,13,0.47535044,5.97654772
4907,13,0.38838059,6.59826374
4908,13,0.36118475,3.79086351
4909,13,0.31462479,3.03301764
4910,13,0.31041455,5.87019825
4911,13,0.38392887,4.97312784
4912,13,0.27348256,4.94259167
4913,13,0.40561408,4.44548798
4914,13,0.18394777,3.61680961
4915,13,0.37392962,4.92250061
4916,13,0.35088503,4.94173431
4917,13,0.32014722,3.13552713
4918,13,0.48301730,4.39898300
4919,13,0.51694769,5.76881981
4920,13,0.34805760,5.16190958
4921,13,0.41301593,4.12243605
4922,13,0.30929047,3.80086350
4923,13,0.46408728,6.39284945
4924,13,0.40003979,3.86468768
4925,13,0.31712458,4.23434114
4926,13,0.39808440,5.18325901
4927,13,0.29663420,4.95521927
4928,13,0.33971176,3.38029003
4929,13,0.33362079,3.21006799
4930,13,0.44269514,5.80099678
4931,13,0.35944140,4.49501991
4932,13,0.37124676,3.81712413
4933,13,0.32621986,3.12018442
4934,13,0.31708074,4.45889616
4935,13,0.40503111,5.62443733
4936,13,0.30450559,3.96394038
4937,13,0.32109883,5.57086802
4938,13,0.33329600,6.34273958
4939,13,0.39707986,4.74306059
4940,13,0.32995769,4.50772953
4941,13,0.30293381,4.32506800
4942,13,0.29430285,3.51227593
4943,13,0.24857670,5.39432192
4944,13,0.38627720,4.27966881
4945,13,0.31062394,5.26963186
4946,13,0.31567919,4.19913006
4947,13,0.31087637,6.11978817
4948,13,0.44811141,6.65531683
4949,13,0.28527933,5.08333349
4950,13,0.36605740,3.50779963
4951,13,0.31819052,5.69817305
4952,13,0.30424750,4.54198933
4953,13,0.48977828,4.56749201
4954,13,0.22525060,4.58679485
4955,13,0.36382210,6.14608622
4956,13,0.35583055,4.70467281
4957,13,0.39335132,4.23919678
4958,13,0.45179322,5.69289923
4959,13,0.34166822,5.02165508
4960,13,0.40548050,6.05263472
4961,13,0.39897317,5.08001518
4962,13,0.46465051,3.98238897
4963,13,0.43925202,5.67706633
4964,13,0.30598262,3.31649065
4965,13,0.30115616,4.36021805
4966,13,0.40110713,6.54247284
4967,13,0.29648322,6.83507347
4968,13,0.36014515,4.71994591
4969,13,0.53291839,6.83971834
4970,13,0.45811313,5.01504278
4971,13,0.31550911,5.97370577
4972,13,0.32462752,8.42973804
4973,13,0.33833617,4.36045361
4974,13,0.36655751,4.52326298
4975,13,0.25269350,3.57316279
4976,13,0.46151856,4.93527412
4977,13,0.48326689,8.90399647
4978,13,0.36702609,6.32741404
4979,13,0.36152083,4.42018843
4980,13,0.30630857,6.59795332
4981,13,0.44621998,4.58874893
4982,13,0.30854294,4.02400827
4983,13,0.40557763,4.07129335
4984,13,0.39104587,4.97742701
4985,13,0.42006475,4.50454521
4986,13,0.37466323,3.63619828
4987,13,0.33676866,3.35516906
4988,13,0.31325382,4.30884218
4989,13,0.29751232,5.25734377
4990,13,0.43764210,4.49150610
4991,13,0.19011629,4.26680708
4992,13,0.30133033,3.01591730
4993,13,0.32283998,5.59379721
4994,13,0.25125477,3.85445952
4995,13,0.34275752,5.81803894
4996,13,0.30325824,3.43534708
4997,13,0.32670557,4.81772041
4998,13,0.28036338,6.06574392
4999,13,0.35425112,3.54213428
5000,13,0.34413266,6.78157568
5001,13,0.28857446,5.02495289
5002,13,0.39119533,4.10429811
5003,13,0.27582151,3.45473742
5004,13,0.31155831,7.21655416
5005,13,0.39931437,4.02669573
5006,13,0.26726446,4.95550632
5007,13,0.28073713,5.18145609
5008,13,0.31898558,6.40888834
5009,13,0.35706282,5.94032431
5010,13,0.48906559,4.62054396
5011,13,0.29239616,4.78242302
5012,13,0.21200398,5.33754921
5013,13,0.28284627,4.92278767
5014,13,0.35011870,4.35059738
5015,13,0.37274435,4.06197739
5016,13,0.34830284,6.73809719
5017,13,0.24811994,4.28666544
5018,13,0.26051602,5.35197401
5019,13,0.36897045,3.95861149
5020,13,0.22292404,2.90370584
5021,13,0.36353114,3.83028412
5022,13,0.36109704,3.16274047
5023,13,0.37257862,4.82572365
5024,13,0.42179433,5.22197294
5025,13,0.29840568,3.22274232
5026,13,0.47309172,5.11168242
5027,13,0.44505593,6.24659491
5028,13,0.30713016,3.16412497
5029,13,0.25745732,3.81658602
5030,13,0.43531385,5.56032610
5031,13,0.42957708,7.07638788
5032,13,0.50157303,8.78613281
5033,13,0.42089602,8.15586948
5034,13,0.51732063,4.76363420
5035,13,0.32259864,3.06036806
5036,13,0.36445877,3.94781256
5037,13,0.41975862,7.42250824
5038,13,0.48227078,6.50933981
5039,13,0.34882796,4.24760675
5040,13,0.43479323,4.04475260
5041,13,0.29563481,5.96875858
5042,13,0.35365880,6.61101389
5043,13,0.29178897,4.08150387
5044,13,0.38849014,3.58911061
5045,13,0.32383269,3.37952662
5046,13,0.47191083,4.54348183
5047,13,0.47058496,3.81998754
5048,13,0.34421423,6.15966272
5049,13,0.34200069,5.18171692
5050,13,0.35030037,4.02569723
5051,13,0.25226650,6.93306828
5052,13,0.35743612,2.93239951
5053,13,0.38536340,9.48186970
5054,13,0.26111406,3.77388263
5055,13,0.38202271,6.21994781
5056,13,0.32863176,3.11244178
5057,13,0.40076494,4.96324492
5058,13,0.38002414,5.42944098
5059,13,0.41945404,6.02591705
5060,13,0.36185086,6.59667730
5061,13,0.32526708,3.80629539
5062,13,0.29312360,3.00729036
5063,13,0.42261487,4.40835047
5064,13,0.24175946,6.32883883
5065,13,0.42979828,6.33827782
5066,13,0.39400440,3.93454576
5067,13,0.31111243,3.31334639
5068,13,0.37872648,3.27857828
5069,13,0.36889204,5.47941160
5070,13,0.26563948,3.41158581
5071,13,0.37862772,7.40422869
5072,13,0.30858603,3.60501432
5073,13,0.21753947,3.65459561
5074,13,0.41584036,4.13893318
5075,13,0.37533170,4.79120016
5076,13,0.26701564,3.76991892
5077,13,0.36527836,5.16806746
5078,13,0.26085177,3.93866205
5079,13,0.23137246,4.57139778
5080,13,0.35443375,3.37990856
5081,13,0.33344072,4.96647882
5082,13,0.14478421,5.02441025
5083,14,0.25200468,3.61976528
5084,14,0.41681445,5.12233734
5085,14,0.29771432,4.98793459
5086,14,0.46102747,3.78858662
5087,14,0.33198893,3.61501908
5088,14,0.36081630,4.33661366
5089,14,0.25331455,4.68912029
5090,14,0.33754194,4.63678265
5091,14,0.36126512,3.77328324
5092,14,0.24400386,4.97283840
5093,14,0.28818569,4.65967369
5094,14,0.34163526,3.92031217
5095,14,0.35829997,6.57266092
5096,14,0.33247095,3.13773537
5097,14,0.30431241,6.58628511
5098,14,0.24934722,4.05825853
5099,14,0.35577306,4.85094643
5100,14,0.31234714,5.14275455
5101,14,0.23136620,6.03854465
5102,14,0.30710208,4.31184435
5103,14,0.31464678,3.68146896
5104,14,0.45797092,8.80454731
5105,14,0.20295048,2.56805801
5106,14,0.31283391,4.66963434
5107,14,0.28074518,3.72888613
5108,14,0.36684275,6.19728756
5109,14,0.32369700,7.94767714
5110,14,0.50008178,4.55750895
5111,14,0.33138812,5.30876637
5112,14,0.24888115,4.69092178
5113,14,0.27015859,3.41682720
5114,14,0.32422113,4.24027920
5115,14,0.41018742,6.86614132
5116,14,0.23620379,3.86762166
5117,14,0.41627491,5.60123777
5118,14,0.21393757,3.04195523
5119,14,0.37399411,3.65317917
5120,14,0.28380191,3.72087598
5121,14,0.29215276,3.02209616
5122,14,0.23978892,3.71504712
5123,14,0.45020431,5.68014574
5124,14,0.30856460,4.60750294
5125,14,0.34933823,5.74109793
5126,14,0.33138722,8.09112453
5127,14,0.29695112,4.88700628
5128,14,0.36334264,5.95900917
5129,14,0.43368146,6.72303820
5130,14,0.42507517,4.79645443
5131,14,0.36529213,3.92864108
5132,14,0.32245910,3.68348718
5133,14,0.28020930,3.94509602
5134,14,0.40609086,3.99463558
5135,14,0.30005193,4.47209501
5136,14,0.40329444,5.52127552
5137,14,0.36795557,4.93684292
5138,14,0.33274713,3.29364467
5139,14,0.22030166,2.36948061
5140,14,0.30228323,6.10745668
5141,14,0.44717425,8.76764488
5142,14,0.19393343,2.66787457
5143,14,0.37473243,6.72595835
5144,14,0.22534165,2.89032745
5145,14,0.42229906,6.17689466
5146,14,0.48080552,4.77383232
5147,14,0.24306953,3.16763544
5148,14,0.41683111,13.22225189
5149,14,0.52780759,4.53314590
5150,14,0.32579371,3.08617306
5151,14,0.22404113,2.88505530
5152,14,0.22740749,3.52490807
5153,14,0.27789167,5.30085039
5154,14,0.30962443,2.95172644
5155,14,0.30432236,3.67745519
5156,14,0.47463113,4.85589504
5157,14,0.25543565,4.22233629
5158,14,0.39779010,4.16807747
5159,14,0.39929563,6.00130272
5160,14,0.32403892,4.54084396
5161,14,0.28984675,6.89307213
5162,14,0.27350163,5.83554363
5163,14,0.43121466,5.89100981
5164,14,0.39180684,6.92271948
5165,14,0.36208728,5.79074717
5166,14,0.31721324,5.80567360
5167,14,0.33665907,5.45878839
5168,14,0.33683980,4.40859079
5169,14,0.42161074,4.86287451
5170,14,0.29993385,3.75878954
5171,14,0.39075547,6.52888298
5172,14,0.39809656,6.28394699
5173,14,0.23716666,3.70768070
5174,14,0.27616787,5.15859842
5175,14,0.32783294,4.41085482
5176,14,0.38002932,4.20708561
5177,14,0.26568562,2.67227435
5178,14,0.30845717,4.25484276
5179,14,0.40028197,5.67441082
5180,14,0.27766162,4.18697548
5181,14,0.28943914,3.35557556
5182,14,0.23373497,2.33996558
5183,14,0.35025230,5.28048658
5184,14,0.37936926,5.20775604
5185,14,0.29026756,3.30492926
5186,14,0.35129404,6.33250046
5187,14,0.35142720,4.70125771
5188,14,0.42851090,4.95470190
5189,14,0.28822908,3.72711325
5190,14,0.41136414,3.26848269
5191,14,0.24168408,2.66078448
5192,14,0.26946408,3.71950817
5193,14,0.28267762,5.17687559
5194,14,0.22863689,5.61863565
5195,14,0.39448845,3.98917150
5196,14,0.28830379,4.74376488
5197,14,0.30039188,6.58193636
5198,14,0.32777131,4.25125408
5199,14,0.31552836,3.36240363
5200,14,0.31677985,4.38262272
5201,14,0.30210435,4.42868090
5202,14,0.36591321,3.61843348
5203,14,0.37579572,5.48607492
5204,14,0.25361779,3.87000656
5205,14,0.30034810,4.17143869
5206,14,0.45450062,5.57432604
5207,14,0.39163554,3.69202828
5208,14,0.35610607,5.82837582
5209,14,0.28719053,4.31434345
5210,14,0.25197577,2.68438292
5211,14,0.36134741,5.11324358
5212,14,0.36862451,4.83243322
5213,14,0.37449223,3.70120144
5214,14,0.22215313,2.40384126
5215,14,0.26519793,3.52462077
5216,14,0.39240268,5.76149416
5217,14,0.24568523,4.18259716
5218,14,0.28894883,5.07540178
5219,14,0.39450189,4.53167105
5220,14,0.47716647,5.51462698
5221,14,0.33488700,3.46934319
5222,14,0.31109518,inf
5223,14,0.41695192,6.11893559
5224,14,0.47956407,4.06547308
5225,14,0.28214622,3.46904564
5226,14,0.22741269,3.40481329
5227,14,0.28073964,4.27393246
5228,14,0.43576285,6.26081276
5229,14,0.41533494,7.11277246
5230,14,0.31879112,3.37933064
5231,14,0.27649561,3.37613225
5232,14,0.26896858,4.09801006
5233,14,0.29397029,4.92784643
5234,14,0.24842925,4.39570427
5235,14,0.18143168,3.02643824
5236,14,0.30024785,4.36835241
5237,14,0.33532828,4.32880163
5238,14,0.45316505,7.62826157
5239,14,0.26391262,3.54742932
5240,14,0.39348802,4.18026304
5241,14,0.28552014,5.68646479
5242,14,0.37372643,5.19194317
5243,14,0.40043792,3.42893100
5244,14,0.37033844,4.43158770
5245,14,0.26601392,4.78256035
5246,14,0.29857153,6.89459991
5247,14,0.31651804,3.91864204
5248,14,0.32817972,3.17681909
5249,14,0.31282488,2.65294170
5250,14,0.31031966,5.22710276
5251,14,0.37707150,3.61105180
5252,14,0.36271766,10.46567440
5253,14,0.25466019,3.90366268
5254,14,0.32080561,4.31320047
5255,14,0.28455508,3.96468735
5256,14,0.35667980,4.79549789
5257,14,0.39118481,4.85806990
5258,14,0.41189450,3.69402933
5259,14,0.23128545,2.94229460
5260,14,0.18063375,3.18797159
5261,14,0.33937180,4.62677193
5262,14,0.38859075,8.58240318
5263,14,0.32663536,4.72991419
5264,14,0.30546582,5.22336149
5265,14,0.43702954,4.73556948
5266,14,0.30680841,3.76993680
5267,14,0.32875150,5.76328087
5268,14,0.42833024,4.90912962
5269,14,0.40306780,4.80689335
5270,14,0.35870022,4.29784012
5271,14,0.21709135,3.93781686
5272,14,0.36426514,4.00912142
5273,14,0.32288691,5.09934378
5274,14,0.34459713,3.15782547
5275,14,0.36680892,3.83865833
5276,14,0.31654274,4.84061670
5277,14,0.31976378,7.68897676
5278,14,0.38416177,7.73030090
5279,14,0.31818587,5.23039579
5280,14,0.35933959,6.37748623
5281,14,0.37907112,5.01976776
5282,14,0.24928644,3.07839370
5283,14,0.31485289,3.66545963
5284,14,0.27692497,4.39757252
5285,14,0.24684545,3.52686405
5286,14,0.26408660,3.63960719
5287,14,0.33778650,5.14885330
5288,14,0.29239190,6.33959913
5289,14,0.25898969,4.01136160
5290,14,0.34733242,4.57387209
5291,14,0.41592175,6.60705614
5292,14,0.32374775,4.05874109
5293,14,0.38748538,4.48201132
5294,14,0.31885219,4.22621918
5295,14,0.29825869,4.94378519
5296,14,0.20982075,4.34048843
5297,14,0.31933942,4.83923101
5298,14,0.31995797,4.14281750
5299,14,0.27494884,3.63173509
5300,14,0.34453240,4.96631002
5301,14,0.28996709,4.16651583
5302,14,0.23278511,3.09647727
5303,14,0.45062846,8.20130444
5304,14,0.23677626,4.74232960
5305,14,0.28740251,4.76606035
5306,14,0.33937624,6.76157475
5307,14,0.41282457,3.87488890
5308,14,0.42760569,5.11668444
5309,14,0.29035455,4.52611637
5310,14,0.25912037,3.99355412
5311,14,0.29353410,6.27377272
5312,14,0.44428653,4.56201935
5313,14,0.37807989,5.83398056
5314,14,0.27553627,3.90455699
5315,14,0.33514383,5.25126791
5316,14,0.23472695,3.61291432
5317,14,0.36433497,5.38429785
5318,14,0.43891495,6.25818539
5319,14,0.35671851,9.41435146
5320,14,0.34196675,4.13587093
5321,14,0.25266904,4.63870144
5322,14,0.32703483,7.51487112
5323,14,0.47567824,5.49336624
5324,14,0.32422322,5.08190536
5325,14,0.47316542,7.02679443
5326,14,0.22929749,4.78331327
5327,14,0.46613041,6.50415230
5328,14,0.28021315,3.90637350
5329,14,0.36391240,6.18103027
5330,14,0.44339696,4.39459944
5331,14,0.22039545,3.52741790
5332,14,0.34572068,5.12308741
5333,14,0.27070504,2.56346798
5334,14,0.35404706,4.15564251
5335,14,0.42290461,7.16717148
5336,14,0.36667100,4.22419882
5337,14,0.32049012,4.63382006
5338,14,0.29079390,3.71329188
5339,14,0.39487660,4.40128422
5340,14,0.20555411,3.41211057
5341,14,0.34295648,4.95504522
5342,14,0.39280552,5.44690800
5343,14,0.35505885,4.31294346
5344,14,0.26410720,3.52128148
5345,14,0.41999641,4.32570934
5346,14,0.39444447,4.00243473
5347,14,0.35009348,4.68246984
5348,14,0.34168074,3.87881875
5349,14,0.33222038,5.49007654
5350,14,0.43841916,4.58431911
5351,14,0.23641682,4.24625015
5352,14,0.32325014,3.02532911
5353,14,0.37703198,4.93276834
5354,14,0.39393803,7.62606668
5355,14,0.31578684,7.31884289
5356,14,0.25246930,2.80623651
5357,14,0.32613552,3.74803495
5358,14,0.28896996,2.23043060
5359,14,0.27158111,3.16757560
5360,14,0.43680125,6.03740740
5361,14,0.31391501,4.91637945
5362,14,0.32569832,4.50403547
5363,14,0.18492225,3.02594447
5364,14,0.38756856,6.17470884
5365,14,0.21685055,4.48463488
5366,14,0.38302594,7.93628502
5367,14,0.35985696,4.14710903
5368,14,0.39698267,3.99278879
5369,14,0.42994547,4.54298830
5370,14,0.35795501,4.50499964
5371,14,0.29712850,6.15862656
5372,14,0.38694054,3.87172341
5373,14,0.33752376,2.98904824
5374,14,0.33975369,3.82965398
5375,14,0.28766817,4.62910795
5376,14,0.29372939,5.48634672
5377,14,0.26524460,3.84246087
5378,14,0.34628129,4.70505333
5379,14,0.33816355,5.04278660
5380,14,0.33334222,5.41281080
5381,14,0.40655708,4.31483746
5382,14,0.35910881,3.75691986
5383,14,0.27213293,4.16886282
5384,14,0.33495399,4.55113029
5385,14,0.38708293,7.55966616
5386,14,0.40171200,5.38720369
5387,14,0.23360914,3.72975230
5388,14,0.20778909,4.08751297
5389,14,0.29172122,4.21425438
5390,14,0.43192336,8.68289661
5391,14,0.24247253,4.09024334
5392,14,0.41993424,8.23642731
5393,14,0.21864045,3.01155734
5394,14,0.26297200,2.94958448
5395,14,0.35207462,6.81043530
5396,14,0.27504468,3.71546078
5397,14,0.26039064,3.97098446
5398,14,0.26282912,3.47701693
5399,14,0.29743856,3.08790088
5400,14,0.24614713,5.41521740
5401,14,0.22101101,2.92196417
5402,14,0.27109692,4.96638250
5403,14,0.33094251,4.36637306
5404,14,0.33872557,7.10398006
5405,14,0.41216415,6.70421457
5406,14,0.22690076,3.42238998
5407,14,0.35523176,4.21821260
5408,14,0.34258524,4.75092411
5409,14,0.41803902,6.27849770
5410,14,0.34084123,3.39482355
5411,14,0.24696426,3.66625166
5412,14,0.30368948,7.05870676
5413,14,0.29701519,3.25624061
5414,14,0.33039162,3.23210502
5415,14,0.31056440,7.78439283
5416,14,0.39041105,9.03157330
5417,14,0.24241577,5.83468056
5418,14,0.54501361,7.47036695
5419,14,0.33750069,5.04966927
5420,14,0.33898550,4.38047838
5421,14,0.34232175,2.51257873
5422,14,0.30155361,6.02439165
5423,14,0.36878437,5.00326681
5424,14,0.41152024,7.48786831
5425,14,0.41987944,6.33122778
5426,14,0.40915513,5.95323372
5427,14,0.24384961,3.43861389
5428,14,0.29421121,6.96577978
5429,14,0.32699186,5.45544291
5430,14,0.35971242,4.01910734
5431,14,0.38755959,5.82714844
5432,14,0.18593249,3.59395528
5433,14,0.30886865,5.63184118
5434,14,0.45027387,4.61335230
5435,14,0.21149890,7.27745914
5436,14,0.38088536,3.68678927
5437,14,0.21616060,3.92609072
5438,14,0.37522107,6.12364197
5439,14,0.37932992,5.86076450
5440,14,0.28997695,3.42780733
5441,14,0.27844545,5.22276354
5442,14,0.33667922,5.72214413
5443,14,0.31359774,6.44471598
5444,14,0.22207582,3.85041904
5445,14,0.24993619,3.84386516
5446,14,0.38903317,5.71114016
5447,14,0.30607772,3.68260884
5448,14,0.29383013,3.07867789
5449,14,0.47436845,4.86852407
5450,14,0.38371241,3.87105799
5451,14,0.31126520,5.60828924
5452,14,0.51698440,6.89953089
5453,14,0.32052439,3.58619070
5454,14,0.29788220,6.90108013
5455,14,0.27220637,4.05689049
5456,14,0.55791247,6.55933523
5457,14,0.36501914,3.74055409
5458,14,0.29718262,3.52154446
5459,14,0.37523919,5.78088331
5460,14,0.35182914,4.21098089
5461,14,0.21127066,3.74075651
5462,14,0.34471506,4.58652878
5463,14,0.18863921,2.71913695
5464,14,0.38391250,3.49673510
5465,14,0.26177847,5.15357018
5466,14,0.35140568,4.97052240
5467,14,0.18893890,3.36894035
5468,14,0.29181075,2.94834661
5469,14,0.23610288,3.29450727
5470,14,0.40888369,6.59353399
5471,14,0.37443316,4.56149197
5472,14,0.33839238,4.78806305
5473,14,0.43852824,6.06564808
5474,15,0.23675743,3.69805527
5475,15,0.21330763,2.86522198
5476,15,0.24812955,3.38819647
5477,15,0.33051696,3.44756031
5478,15,0.27582887,3.03878236
5479,15,0.21727328,3.50315738
5480,15,0.25753057,4.28373146
5481,15,0.30498570,3.60672307
5482,15,0.34102941,3.72545481
5483,15,0.20707333,2.62821412
5484,15,0.22827359,3.74445939
5485,15,0.30755690,3.21144176
5486,15,0.31684431,4.19982767
5487,15,0.23370826,2.94313741
5488,15,0.34055638,5.73843288
5489,15,0.24105775,3.47330570
5490,15,0.29107726,4.55259180
5491,15,0.34283793,7.12377644
5492,15,0.27636105,4.45696497
5493,15,0.20059510,3.32479882
5494,15,0.29314959,5.62603903
5495,15,0.36399168,6.26326847
5496,15,0.27281657,5.88199139
5497,15,0.26635528,3.79995275
5498,15,0.29678047,4.26243830
5499,15,0.33525059,6.78615618
5500,15,0.30589950,5.98680496
5501,15,0.31065083,4.22216082
5502,15,0.32306421,4.34317684
5503,15,0.21264437,3.34582162
5504,15,0.27204311,3.57479811
5505,15,0.22709575,3.41960073
5506,15,0.26215503,5.38151312
5507,15,0.21517117,3.43137288
5508,15,0.23352671,3.52993751
5509,15,0.25365505,3.56536412
5510,15,0.24488784,4.69190788
5511,15,0.23947147,3.36908460
5512,15,0.21884406,4.17653370
5513,15,0.26997691,3.51611376
5514,15,0.33554423,5.73480892
5515,15,0.35519755,5.04867792
5516,15,0.43398160,4.45034266
5517,15,0.20107859,4.19502831
5518,15,0.25789648,5.85475636
5519,15,0.26320219,4.99933529
5520,15,0.31223100,3.98537374
5521,15,0.36364549,8.83161354
5522,15,0.31147075,3.95492053
5523,15,0.44068918,5.28697681
5524,15,0.32427216,8.89153004
5525,15,0.33831370,4.31401014
5526,15,0.16294333,3.02384424
5527,15,0.34971735,5.11295557
5528,15,0.31656456,4.96698093
5529,15,0.29556823,3.48746133
5530,15,0.35213554,6.32726765
5531,15,0.28647825,5.61950493
5532,15,0.22406787,3.72036076
5533,15,0.39983350,4.24090052
5534,15,0.42115045,4.94217539
5535,15,0.32861650,4.84068298
5536,15,0.30253315,4.45211649
5537,15,0.32324809,4.03306437
5538,15,0.19465508,2.87658191
5539,15,0.35885441,3.99547958
5540,15,0.37198266,3.82991743
5541,15,0.26773024,3.51578283
5542,15,0.31566858,7.02770805
5543,15,0.30553594,3.99830222
5544,15,0.29038924,4.10499144
5545,15,0.28965598,5.80886745
5546,15,0.34177920,4.33263254
5547,15,0.24904381,3.65439463
5548,15,0.25155944,3.13406396
5549,15,0.38070738,3.19009662
5550,15,0.35822219,4.52516460
5551,15,0.48261172,6.74516344
5552,15,0.22645885,2.96379924
5553,15,0.28098840,5.21327829
5554,15,0.22303948,2.49682331
5555,15,0.29261872,4.33331156
5556,15,0.36912611,6.17832565
5557,15,0.25984606,4.07670689
5558,15,0.36615393,4.61817551
5559,15,0.34905204,4.97981787
5560,15,0.33240923,4.39205647
5561,15,0.35497150,7.02836370
5562,15,0.30665019,3.63505054
5563,15,0.47364992,4.89071798
5564,15,0.29219714,4.35159540
5565,15,0.24597961,3.04441786
5566,15,0.25217146,3.27042222
5567,15,0.32981098,3.62007141
5568,15,0.38574266,4.95713711
5569,15,0.37139374,5.61609268
5570,15,0.26855516,3.07945347
5571,15,0.17997648,3.06743026
5572,15,0.37137276,6.58212090
5573,15,0.46945703,5.72524357
5574,15,0.40106153,8.81431866
5575,15,0.13975161,1.82148910
5576,15,0.28918341,3.78397512
5577,15,0.36977190,4.99428463
5578,15,0.31412813,3.83012724
5579,15,0.30193132,4.04094887
5580,15,0.21744592,4.65749216
5581,15,0.27789348,5.45096397
5582,15,0.31008077,4.97326469
5583,15,0.30280149,4.90371132
5584,15,0.26398543,3.72885394
5585,15,0.30983150,3.96714950
5586,15,0.29745045,5.42801237
5587,15,0.37686986,8.27280426
5588,15,0.16143131,3.96309090
5589,15,0.32260910,3.89532280
5590,15,0.27558506,4.40579891
5591,15,0.24600644,2.76734853
5592,15,0.21492171,3.47532845
5593,15,0.29002750,4.41205502
5594,15,0.22507766,4.20789051
5595,15,0.21302956,3.49341345
5596,15,0.18106927,2.49065948
5597,15,0.36566943,4.15530491
5598,15,0.22525883,5.79622459
5599,15,0.30236673,4.82541943
5600,15,0.28697631,3.24115682
5601,15,0.33986744,6.31075954
5602,15,0.30646271,5.90539360
5603,15,0.36691427,6.30659342
5604,15,0.31688157,4.52565765
5605,15,0.38029829,5.87448120
5606,15,0.31058121,6.42983675
5607,15,0.38028967,8.02138901
5608,15,0.18253011,3.70037794
5609,15,0.38564280,5.53834677
5610,15,0.31770620,6.02336836
5611,15,0.22632906,4.00943422
5612,15,0.31073695,4.65294838
5613,15,0.33158275,4.33050346
5614,15,0.29937816,5.12164021
5615,15,0.26949748,4.35233927
5616,15,0.21042541,2.74518394
5617,15,0.29325396,4.23561764
5618,15,0.34730262,7.91181946
5619,15,0.31836975,6.27160549
5620,15,0.39629227,5.99325609
5621,15,0.25279826,4.85006046
5622,15,0.27565941,3.56640124
5623,15,0.36040369,3.81801844
5624,15,0.30859172,3.85094666
5625,15,0.29812264,11.08764362
5626,15,0.40140620,5.06163454
5627,15,0.35339743,9.12984371
5628,15,0.23091190,7.29003239
5629,15,0.25906500,4.67941666
5630,15,0.31364939,4.83451843
5631,15,0.39506355,5.97765446
5632,15,0.22878894,3.57444811
5633,15,0.32611871,4.31553841
5634,15,0.33279133,8.04145432
5635,15,0.31197459,5.34500074
5636,15,0.23169491,2.31753635
5637,15,0.37006614,4.20510340
5638,15,0.30117995,5.67443705
5639,15,0.44685727,6.38060188
5640,15,0.29570252,4.48147678
5641,15,0.28440860,6.28386927
5642,15,0.39186996,6.97157478
5643,15,0.36277354,4.82478380
5644,15,0.34031525,5.00669670
5645,15,0.20744717,3.06531167
5646,15,0.22687599,3.64046335
5647,15,0.35150796,4.94586372
5648,15,0.41542035,5.87526083
5649,15,0.33210167,5.05346346
5650,15,0.35819471,5.48912811
5651,15,0.28799078,5.44430923
5652,15,0.39933723,4.10168171
5653,15,0.26138115,4.21004009
5654,15,0.34983999,3.84561849
5655,15,0.31036982,5.12223721
5656,15,0.29283965,4.11995411
5657,15,0.36972532,4.90505028
5658,15,0.46069765,4.23187113
5659,15,0.26671264,3.77566814
5660,15,0.38013282,4.73405075
5661,15,0.23432212,2.75466776
5662,15,0.34053904,4.77743626
5663,15,0.31320164,4.01528072
5664,15,0.25237405,4.07343102
5665,15,0.26311970,3.40739775
5666,15,0.26754916,9.10156441
5667,15,0.31988788,4.45502806
5668,15,0.25816721,3.65666652
5669,15,0.34915963,5.24263191
5670,15,0.28145605,4.91322660
5671,15,0.29281211,3.97102475
5672,15,0.31079388,5.01931143
5673,15,0.32815033,7.69513702
5674,15,0.34326327,7.28594732
5675,15,0.30554163,7.38078976
5676,15,0.20593934,4.43158960
5677,15,0.22646090,2.95002747
5678,15,0.20317237,3.75388956
5679,15,0.33522743,5.08420467
5680,15,0.40665251,6.22986460
5681,15,0.22324032,3.56216431
5682,15,0.31748605,6.50447178
5683,15,0.31691346,5.20693970
5684,15,0.44055015,7.33170271
5685,15,0.23207119,2.39644694
5686,15,0.23307088,3.97733545
5687,15,0.28463891,3.12000775
5688,15,0.29469770,3.70479321
5689,15,0.45608425,10.54217720
5690,15,0.38582838,8.74736595
5691,15,0.32703307,7.55364656
5692,15,0.38994962,7.94242859
5693,15,0.27005380,3.66024089
5694,15,0.29043454,5.01348448
5695,15,0.27651069,3.33517742
5696,15,0.23180586,6.38003540
5697,15,0.34895381,4.38775015
5698,15,0.26614207,4.31949949
5699,15,0.30152079,5.40822124
5700,15,0.28314555,4.80286741
5701,15,0.33397543,4.17145634
5702,15,0.24588147,2.97526002
5703,15,0.31112093,2.41764712
5704,15,0.39841038,3.53555274
5705,15,0.32349268,4.52002525
5706,15,0.47021183,5.64410830
5707,15,0.22740361,3.43632388
5708,15,0.32225046,5.00758648
5709,15,0.33774135,4.08596754
5710,15,0.36968648,6.35114336
5711,15,0.28563869,3.78217173
5712,15,0.36829966,4.71861553
5713,15,0.32111451,3.16139174
5714,15,0.31940466,5.09892559
5715,15,0.39362350,5.16501141
5716,15,0.40546840,3.94896722
5717,15,0.43499500,5.00950813
5718,15,0.28206539,4.22846794
5719,15,0.37807083,3.98266387
5720,15,0.21776155,3.72844076
5721,15,0.29880956,4.72320890
5722,15,0.24672481,4.90869522
5723,15,0.40467411,6.14773655
5724,15,0.24505477,3.84480906
5725,15,0.19731282,3.39150643
5726,15,0.31959975,3.23299074
5727,15,0.24848436,6.40400124
5728,15,0.36161554,3.38977003
5729,15,0.26793793,3.50121951
5730,15,0.45456514,6.45917606
5731,15,0.22541285,4.92430735
5732,15,0.35906461,4.54097128
5733,15,0.29416889,4.05615044
5734,15,0.40179586,3.96456170
5735,15,0.41520154,3.77174759
5736,15,0.30358306,5.63775539
5737,15,0.43763977,3.93354392
5738,15,0.27955198,2.64774132
5739,15,0.24071768,5.14495611
5740,15,0.39929834,5.01407433
5741,15,0.23071420,3.45781326
5742,15,0.23149784,3.41136646
5743,15,0.24840511,3.08359838
5744,15,0.25890353,4.46164370
5745,15,0.15398365,3.00671005
5746,15,0.30270597,7.54172754
5747,15,0.35781574,3.60918975
5748,15,0.26018229,4.38264132
5749,15,0.38179922,5.78728437
5750,15,0.32932356,3.98841262
5751,15,0.40464443,4.29320908
5752,15,0.38961446,5.45808887
5753,15,0.33733666,3.91517949
5754,15,0.38526049,4.97753668
5755,15,0.23683463,3.31974506
5756,15,0.25811037,4.90405369
5757,15,0.37757003,4.98549938
5758,15,0.37929201,8.67883301
5759,15,0.28132302,6.00751925
5760,15,0.33680913,5.24304152
5761,15,0.32969075,4.03656578
5762,15,0.32869047,2.68234444
5763,15,0.23001778,3.19801998
5764,15,0.26974088,5.89990091
5765,15,0.30272698,3.04620433
5766,15,0.33945251,3.68132520
5767,15,0.39906889,4.70489264
5768,15,0.44184303,5.45072842
5769,15,0.46967489,4.87193012
5770,15,0.33249611,6.12616205
5771,15,0.30563721,4.57398272
5772,15,0.25907618,4.30896807
5773,15,0.21498267,3.25408244
5774,15,0.42743295,6.93575716
5775,15,0.43470156,5.54694891
5776,15,0.25286984,3.39547777
5777,15,0.31020164,3.47359395
5778,15,0.29164892,3.74226475
5779,15,0.27850249,3.73383284
5780,15,0.35285819,5.33654213
5781,15,0.50921184,6.52379417
5782,15,0.33231491,5.68658733
5783,15,0.30095589,3.69997644
5784,15,0.49934918,4.47274876
5785,15,0.44645339,4.84846258
5786,15,0.27052727,4.09598589
5787,15,0.26040381,2.75150371
5788,15,0.37512133,4.11843300
5789,15,0.27124780,3.29673433
5790,15,0.20502785,4.47224998
5791,15,0.35352632,4.98003101
5792,15,0.39966822,5.04555893
5793,15,0.39435670,3.95411873
5794,15,0.35035843,4.51016235
5795,15,0.38241291,8.79788303
5796,15,0.28804371,5.52587652
5797,15,0.32798684,3.66763830
5798,15,0.47534996,5.70959044
5799,15,0.23683612,5.38284779
5800,15,0.28911263,3.68362975
5801,15,0.34382582,5.61993742
5802,15,0.39092433,4.08890438
5803,15,0.30768922,3.81820273
5804,15,0.25176847,3.34012103
5805,15,0.46965086,6.89296627
5806,15,0.31929660,2.95198154
5807,15,0.26773089,2.03746772
5808,15,0.42533743,4.06072950
5809,15,0.42853409,6.81023550
5810,15,0.21407509,2.47403097
5811,15,0.49960250,4.00118160
5812,15,0.27456045,3.83452892
5813,15,0.29835963,5.68375397
5814,15,0.30979079,4.75484610
5815,15,0.26779747,5.05557966
5816,15,0.33444765,4.31379128
5817,15,0.27838030,4.99169827
5818,15,0.41385952,5.26690149
5819,15,0.24258357,5.09921217
5820,15,0.24126381,3.73162365
5821,15,0.30394849,3.44240928
5822,15,0.19571170,3.77428985
5823,15,0.33524394,2.78767657
5824,15,0.44563270,4.10446501
5825,15,0.30822417,4.59336662
5826,15,0.25168926,4.20132923
5827,15,0.33718848,4.04420900
5828,15,0.26280406,6.03851700
5829,15,0.44215804,5.74365664
5830,15,0.27153060,5.91573048
5831,15,0.28232864,4.69393015
5832,15,0.35111767,3.30906558
5833,15,0.43952775,8.08353710
5834,15,0.36006433,3.44436479
5835,15,0.32088718,5.08980560
5836,15,0.18216556,3.23565555
5837,15,0.43725476,4.40292025
5838,15,0.31468320,5.69575405
5839,15,0.30014589,3.88647842
5840,15,0.29111075,3.34641671
5841,15,0.32208633,3.60119820
5842,15,0.28549021,5.16145563
5843,15,0.22911701,8.12289810
5844,15,0.31953833,6.44129324
5845,15,0.30421019,3.34321666
5846,15,0.34468806,5.07331705
5847,15,0.36319613,7.72427273
5848,15,0.25659510,7.97619390
5849,15,0.32092041,3.60015702
5850,15,0.32771236,6.96679735
5851,15,0.22185078,3.16411948
5852,15,0.38236052,3.63472438
5853,15,0.24435712,3.11379695
5854,15,0.26058337,3.92388940
5855,15,0.28401309,3.34540582
5856,15,0.33224198,4.41438961
5857,15,0.28897569,6.38953161
5858,15,0.41795480,4.54350901
5859,15,0.43835625,5.33811522
5860,15,0.27520612,5.75729465
5861,15,0.44318920,5.07189751
5862,15,0.30131674,4.77930069
5863,15,0.41706482,4.27005529
5864,15,0.33248863,4.22890329
5865,16,0.27590710,5.69624329
5866,16,0.20935452,3.93839979
5867,16,0.28939122,6.14388323
5868,16,0.24384129,6.08430624
5869,16,0.35486645,3.98764467
5870,16,0.26476243,4.06546402
5871,16,0.44961724,5.11779022
5872,16,0.25608116,3.75838828
5873,16,0.28901464,5.69466162
5874,16,0.26488328,4.67659378
5875,16,0.20388862,3.51490140
5876,16,0.32038805,3.96483421
5877,16,0.19190437,4.09333420
5878,16,0.37985796,5.09227848
5879,16,0.22137693,2.60373521
5880,16,0.15679055,2.41066599
5881,16,0.45845100,5.87505770
5882,16,0.30469513,3.40713620
5883,16,0.22936469,3.47265244
5884,16,0.34299371,3.88729119
5885,16,0.37772605,4.93305397
5886,16,0.23040909,3.31671858
5887,16,0.32884520,3.60999227
5888,16,0.29819596,4.61817932
5889,16,0.26399931,3.65742898
5890,16,0.31600928,4.35339499
5891,16,0.38434809,3.73452783
5892,16,0.26964790,3.33787966
5893,16,0.44198573,9.07693958
5894,16,0.31250942,4.31345749
5895,16,0.15980290,5.28981543
5896,16,0.26802620,5.01367331
5897,16,0.32255235,5.47628164
5898,16,0.32438755,4.64906454
5899,16,0.39940459,6.17423153
5900,16,0.28986555,6.83658218
5901,16,0.26820135,3.99425077
5902,16,0.32514381,4.07177496
5903,16,0.31415477,5.32327652
5904,16,0.37946880,5.72796774
5905,16,0.32116115,4.15473461
5906,16,0.31188670,2.93269730
5907,16,0.31972650,5.52478790
5908,16,0.24753031,4.14086723
5909,16,0.24952033,4.22574759
5910,16,0.28225434,5.46978140
5911,16,0.19660625,2.83800173
5912,16,0.28615397,2.76249576
5913,16,0.18723252,2.42119455
5914,16,0.38689074,3.55629396
5915,16,0.34124500,2.95797372
5916,16,0.22030807,4.00174856
5917,16,0.28889868,3.08370924
5918,16,0.30274212,4.81620789
5919,16,0.33082345,4.41228676
5920,16,0.28317750,3.56746483
5921,16,0.26996601,4.62923527
5922,16,0.17267171,2.62990880
5923,16,0.30474186,6.01592350
5924,16,0.33028024,4.84913111
5925,16,0.20559937,3.99800348
5926,16,0.33486658,8.85346794
5927,16,0.28578317,7.51073647
5928,16,0.29496041,6.36339712
5929,16,0.17925185,2.95754671
5930,16,0.27774969,4.34998798
5931,16,0.31158078,3.93562603
5932,16,0.12376028,2.44056249
5933,16,0.19782905,3.53213859
5934,16,0.22555193,3.02860284
5935,16,0.27241004,4.26294851
5936,16,0.29732907,3.56912923
5937,16,0.29019520,8.70380116
5938,16,0.31018788,4.16583490
5939,16,0.24383360,6.90984774
5940,16,0.25661400,3.39448929
5941,16,0.29442024,7.02325439
5942,16,0.35338420,6.25543356
5943,16,0.36520457,6.39107370
5944,16,0.24811369,6.94658375
5945,16,0.32497180,5.56294870
5946,16,0.29548222,4.52672529
5947,16,0.28066975,6.13114071
5948,16,0.21407175,5.09984541
5949,16,0.43959847,7.18499184
5950,16,0.27312475,6.73295832
5951,16,0.38879883,7.32853413
5952,16,0.39452276,7.08005333
5953,16,0.30356094,4.18506956
5954,16,0.22291204,3.27540135
5955,16,0.25148898,3.64896226
5956,16,0.35341936,6.21357965
5957,16,0.31651187,3.54650140
5958,16,0.32950252,4.37364578
5959,16,0.22539140,5.46860504
5960,16,0.29400370,4.07221842
5961,16,0.32248938,4.26649904
5962,16,0.34559417,3.83776236
5963,16,0.16986078,2.73857760
5964,16,0.30530560,2.82350326
5965,16,0.24826014,3.98386526
5966,16,0.25662118,2.82406569
5967,16,0.40688825,5.28791904
5968,16,0.26373303,4.54152250
5969,16,0.36457825,4.32932758
5970,16,0.26116782,4.51486492
5971,16,0.20849508,2.23090792
5972,16,0.37269008,5.16406870
5973,16,0.27439719,3.20657849
5974,16,0.40548828,5.34324265
5975,16,0.22407299,3.32850027
5976,16,0.22469601,3.63614750
5977,16,0.34406924,4.57579088
5978,16,0.26473171,2.61927819
5979,16,0.27634400,6.54490089
5980,16,0.45835686,4.88818264
5981,16,0.37291682,5.84043312
5982,16,0.33995658,4.22298574
5983,16,0.18208104,2.81950355
5984,16,0.26499632,4.05161953
5985,16,0.31900567,8.49691296
5986,16,0.26177213,5.87565851
5987,16,0.27472934,3.37424779
5988,16,0.25853202,2.90329838
5989,16,0.29400820,6.09989977
5990,16,0.29728538,6.76276922
5991,16,0.22061162,5.48484325
5992,16,0.38808542,5.11908627
5993,16,0.31430084,4.02338457
5994,16,0.25494736,3.55914021
5995,16,0.23493405,3.73514485
5996,16,0.29966322,4.11958075
5997,16,0.25756788,5.31224108
5998,16,0.40097356,7.39683008
5999,16,0.27044666,7.10279655
6000,16,0.19717279,2.29537702
6001,16,0.25343263,4.38757420
6002,16,0.27733400,3.56793213
6003,16,0.31033853,3.11473083
6004,16,0.24995518,3.57609558
6005,16,0.26197797,4.79336023
6006,16,0.18887037,2.37621999
6007,16,0.30939519,5.95947933
6008,16,0.35135829,5.77343464
6009,16,0.25583977,7.05031252
6010,16,0.31608954,7.25259590
6011,16,0.18469022,2.78166747
6012,16,0.23413154,3.58234000
6013,16,0.40534979,4.08513355
6014,16,0.27237362,5.75349808
6015,16,0.31201613,4.73562717
6016,16,0.41061568,8.33962250
6017,16,0.34190446,11.41401958
6018,16,0.28876442,3.59764338
6019,16,0.35228831,6.39015770
6020,16,0.39081031,3.11982918
6021,16,0.47200480,7.86053658
6022,16,0.34046161,4.61745501
6023,16,0.32166141,4.13915491
6024,16,0.40577585,6.55565882
6025,16,0.24931423,5.32209969
6026,16,0.30146867,6.75579166
6027,16,0.22482237,3.86514664
6028,16,0.26831269,3.28176808
6029,16,0.35515290,5.98864508
6030,16,0.32888567,3.47298384
6031,16,0.27860284,3.82444191
6032,16,0.20235240,3.80007911
6033,16,0.35448530,4.88665915
6034,16,0.30912489,4.70480156
6035,16,0.21447645,4.05856562
6036,16,0.25232187,6.96244860
6037,16,0.24955028,4.53056002
6038,16,0.42758730,3.59139228
6039,16,0.31126928,3.87224650
6040,16,0.24198286,3.01733136
6041,16,0.27530420,2.88781667
6042,16,0.37024733,4.74028444
6043,16,0.35289347,5.01960850
6044,16,0.17471471,3.93441296
6045,16,0.19504336,4.00061321
6046,16,0.38409033,5.99443197
6047,16,0.35665500,8.26133537
6048,16,0.25921208,4.47334528
6049,16,0.23390120,5.88221407
6050,16,0.25329340,3.58214211
6051,16,0.28230634,5.11698008
6052,16,0.41834587,4.80735874
6053,16,0.34894720,5.06741190
6054,16,0.24450463,2.84021878
6055,16,0.18107146,4.03239298
6056,16,0.37728316,5.52699137
6057,16,0.32304451,4.74415779
6058,16,0.32839897,4.98386765
6059,16,0.31080988,5.84154463
6060,16,0.25439429,3.49669933
6061,16,0.27178335,4.25910521
6062,16,0.37425873,4.39934492
6063,16,0.34409857,3.21186900
6064,16,0.32440880,3.38372350
6065,16,0.19916824,5.49489069
6066,16,0.32985803,4.39413738
6067,16,0.44448423,5.53988695
6068,16,0.26422852,3.76535726
6069,16,0.53429109,5.44302082
6070,16,0.39565006,5.32173681
6071,16,0.34641168,3.84719706
6072,16,0.21688300,3.09218955
6073,16,0.28388020,4.23519707
6074,16,0.38638017,5.14635801
6075,16,0.36903146,5.45457649
6076,16,0.33132258,4.06045723
6077,16,0.37141490,5.14167643
6078,16,0.39421749,5.11402559
6079,16,0.39482284,3.98250413
6080,16,0.27706265,5.90119743
6081,16,0.39171174,2.87882066
6082,16,0.29417437,3.51613975
6083,16,0.37113678,5.25728178
6084,16,0.36328423,6.36942339
6085,16,0.28742108,8.18229580
6086,16,0.27130011,3.02626967
6087,16,0.30187795,4.07137394
6088,16,0.26091248,2.42337823
6089,16,0.26358509,2.75715280
6090,16,0.34091336,6.08550596
6091,16,0.39417794,5.51814651
6092,16,0.26717943,3.94896460
6093,16,0.37822717,4.84095144
6094,16,0.37138480,4.52274084
6095,16,0.40795702,6.17355204
6096,16,0.36210614,4.01354122
6097,16,0.27444622,3.64769340
6098,16,0.34326202,2.36488271
6099,16,0.26985341,4.13230515
6100,16,0.36456358,4.51371145
6101,16,0.34328699,7.14504147
6102,16,0.24691951,2.95880914
6103,16,0.36262327,5.91156054
6104,16,0.22521162,4.79936361
6105,16,0.38112861,5.79096603
6106,16,0.27058658,6.31071329
6107,16,0.17431533,3.12938333
6108,16,0.41069835,10.56623936
6109,16,0.36025035,4.36888504
6110,16,0.22994125,2.90701437
6111,16,0.26067951,8.07225418
6112,16,0.28908265,7.38247299
6113,16,0.19775631,3.68268514
6114,16,0.35405964,7.00665808
6115,16,0.34928778,5.70282221
6116,16,0.21829695,3.62853050
6117,16,0.30159640,4.48042583
6118,16,0.18039995,2.89146948
6119,16,0.20629160,5.01979685
6120,16,0.33118558,6.66104698
6121,16,0.25482658,4.10659981
6122,16,0.28023437,5.28158426
6123,16,0.33207315,3.18017101
6124,16,0.28003186,3.62360573
6125,16,0.35403475,5.66547441
6126,16,0.32614303,4.35126352
6127,16,0.26246050,4.65884686
6128,16,0.29302058,4.74623966
6129,16,0.28093791,4.82216978
6130,16,0.26383233,4.59618378
6131,16,0.27032432,4.02950382
6132,16,0.31199604,5.22674847
6133,16,0.30185682,3.19573426
6134,16,0.29079813,7.65393257
6135,16,0.36227378,6.20226431
6136,16,0.31560355,7.29407024
6137,16,0.33222431,5.02734709
6138,16,0.34764928,4.61298084
6139,16,0.22311813,3.34644890
6140,16,0.43291152,4.48621321
6141,16,0.22740294,4.44199753
6142,16,0.30484122,3.96457243
6143,16,0.30821788,4.50559998
6144,16,0.24859282,3.55249953
6145,16,0.33343416,3.27839804
6146,16,0.25455263,4.46554041
6147,16,0.39590532,6.27511024
6148,16,0.28963572,4.68685293
6149,16,0.21892522,4.70299053
6150,16,0.25150758,3.23847985
6151,16,0.31466204,4.03305578
6152,16,0.21999758,5.17559004
6153,16,0.38917661,6.39454842
6154,16,0.46282449,6.82564688
6155,16,0.26565653,2.71174765
6156,16,0.22660774,3.36518192
6157,16,0.47578132,6.62855816
6158,16,0.29725283,3.42361426
6159,16,0.26906651,2.80967093
6160,16,0.14406767,3.86574292
6161,16,0.31179824,3.82358122
6162,16,0.29598922,4.70842409
6163,16,0.32688007,3.72841167
6164,16,0.26475319,3.40369749
6165,16,0.24227941,3.69771361
6166,16,0.35437125,3.04483771
6167,16,0.33175015,4.43787766
6168,16,0.41113687,4.25015020
6169,16,0.47239089,5.39437056
6170,16,0.28706062,3.49520183
6171,16,0.43505102,3.08299851
6172,16,0.24717373,3.62994170
6173,16,0.24703909,4.60658169
6174,16,0.24130702,3.20253015
6175,16,0.25872311,3.79124808
6176,16,0.36835551,5.06754875
6177,16,0.30997655,4.37278080
6178,16,0.41677377,5.95247364
6179,16,0.34080565,3.45111036
6180,16,0.39119595,6.31062651
6181,16,0.29484105,5.01436901
6182,16,0.29526478,5.98751497
6183,16,0.27205873,6.64453745
6184,16,0.26596475,2.92460442
6185,16,0.35426742,2.72733951
6186,16,0.24709707,5.57173300
6187,16,0.22295409,4.44058466
6188,16,0.26009294,2.50292182
6189,16,0.24539632,3.24445701
6190,16,0.26328623,4.60957718
6191,16,0.23649524,5.47282648
6192,16,0.21991630,3.16356301
6193,16,0.29249230,5.93949795
6194,16,0.32774496,2.77191615
6195,16,0.26322308,4.80815554
6196,16,0.27514547,6.32805109
6197,16,0.26703912,3.64626503
6198,16,0.28790078,5.52510262
6199,16,0.33940414,3.85356808
6200,16,0.23708311,3.32086444
6201,16,0.21145934,4.15469122
6202,16,0.31469780,4.58241081
6203,16,0.32479292,4.24804258
6204,16,0.34759319,3.81307793
6205,16,0.40148568,9.02412605
6206,16,0.40681383,3.61272621
6207,16,0.39731818,15.04258251
6208,16,0.32198301,3.16911101
6209,16,0.33132547,5.06612921
6210,16,0.24526039,3.85150433
6211,16,0.29084259,4.44942236
6212,16,0.34067124,7.58671379
6213,16,0.33120599,5.83000708
6214,16,0.42123252,5.59205055
6215,16,0.43934521,7.76532221
6216,16,0.47749525,4.78213120
6217,16,0.36480534,8.00730991
6218,16,0.22387096,2.93702412
6219,16,0.25262472,2.73723912
6220,16,0.25744176,5.75415230
6221,16,0.25580484,4.10484600
6222,16,0.34602511,5.95073700
6223,16,0.32962054,3.77056956
6224,16,0.17483442,2.63686490
6225,16,0.24236411,4.33816147
6226,16,0.25713921,3.67115784
6227,16,0.29543546,4.32404423
6228,16,0.25875354,4.71742296
6229,16,0.35826916,4.35582256
6230,16,0.31980258,3.62637496
6231,16,0.34575930,6.25731516
6232,16,0.31712025,3.89680958
6233,16,0.38767993,5.55218887
6234,16,0.31262410,6.37129116
6235,16,0.25147867,3.75045395
6236,16,0.19723824,2.76426554
6237,16,0.32722634,3.50654149
6238,16,0.38863233,4.55002928
6239,16,0.27897730,2.59787130
6240,16,0.24480915,5.78466415
6241,16,0.25045881,3.38690710
6242,16,0.34379739,9.31643963
6243,16,0.31087470,4.89864349
6244,16,0.24421562,5.37986231
6245,16,0.31745598,3.94170833
6246,16,0.31296265,4.27159548
6247,16,0.39066753,8.97405148
6248,16,0.19675881,2.71249223
6249,16,0.39109045,5.54944611
6250,16,0.31310356,5.71561003
6251,16,0.25704017,4.78506947
6252,16,0.19071728,3.44748688
6253,16,0.31628495,7.74918461
6254,16,0.25547057,4.16132259
6255,16,0.23912820,4.78182125
6256,17,0.29618153,7.22249269
6257,17,0.30400467,6.42007208
6258,17,0.39172444,6.69853640
6259,17,0.21344520,4.36898279
6260,17,0.34618938,4.05395794
6261,17,0.34250718,3.17841101
6262,17,0.26439744,4.28418446
6263,17,0.32939172,4.20229578
6264,17,0.25330216,2.69525552
6265,17,0.23918548,3.78064990
6266,17,0.23741637,3.83492255
6267,17,0.25863415,3.40264940
6268,17,0.34574240,4.16601610
6269,17,0.25790611,5.05964947
6270,17,0.19912373,4.04352093
6271,17,0.23986000,4.17788219
6272,17,0.26364976,3.14629889
6273,17,0.28331578,5.71430159
6274,17,0.34618697,5.04202604
6275,17,0.34715629,3.90693665
6276,17,0.20943394,4.70545673
6277,17,0.34732515,5.66662407
6278,17,0.27135146,4.15775681
6279,17,0.31998080,4.68688393
6280,17,0.21661641,2.99618745
6281,17,0.21552341,3.95416141
6282,17,0.27153742,5.04644156
6283,17,0.23562431,2.93933582
6284,17,0.26044339,5.52397776
6285,17,0.29436320,4.38440704
6286,17,0.24788989,5.38001394
6287,17,0.17828020,2.61411834
6288,17,0.35848469,4.69969416
6289,17,0.33936566,7.43519068
6290,17,0.19690818,2.83803487
6291,17,0.26810896,3.61789465
6292,17,0.29541701,5.06687307
6293,17,0.27651918,4.51224327
6294,17,0.29324660,4.82661581
6295,17,0.28235528,3.67582321
6296,17,0.41996193,4.06972980
6297,17,0.32652074,5.75221968
6298,17,0.15284511,3.81522918
6299,17,0.22546914,2.91572142
6300,17,0.20323902,3.70545053
6301,17,0.29841590,5.13280201
6302,17,0.39778221,4.47248793
6303,17,0.27927423,4.76430559
6304,17,0.41884661,7.07643509
6305,17,0.23615345,2.95277739
6306,17,0.24287727,5.68145180
6307,17,0.20629233,5.07070923
6308,17,0.22879860,4.55840015
6309,17,0.21516410,4.26026058
6310,17,0.40266097,5.59041786
6311,17,0.33398357,5.42773914
6312,17,0.21970131,4.29022932
6313,17,0.22457010,4.01468515
6314,17,0.28265116,5.16746902
6315,17,0.22371408,4.95427513
6316,17,0.24304432,3.90291882
6317,17,0.34858653,4.04075050
6318,17,0.21387410,3.50864196
6319,17,0.35517234,8.43234634
6320,17,0.23502618,3.90409231
6321,17,0.22231203,3.85111117
6322,17,0.26341870,5.18091249
6323,17,0.18940060,3.32488275
6324,17,0.36608976,4.38660479
6325,17,0.21004565,4.27845430
6326,17,0.26139516,4.66918373
6327,17,0.40220082,3.60193157
6328,17,0.49548408,4.72151709
6329,17,0.21940804,4.41169071
6330,17,0.35989541,5.21105242
6331,17,0.26856810,3.25361180
6332,17,0.31183487,5.13603497
6333,17,0.23660636,3.32970023
6334,17,0.21714520,4.35469007
6335,17,0.30246204,3.71449065
6336,17,0.21472219,3.64630485
6337,17,0.21233857,2.73372436
6338,17,0.29226458,4.61743450
6339,17,0.38842061,5.52989578
6340,17,0.37517986,10.57144737
6341,17,0.29449064,3.48583293
6342,17,0.29714131,5.63817692
6343,17,0.34075543,4.17761278
6344,17,0.16524842,2.94648671
6345,17,0.32724494,6.35209131
6346,17,0.28869238,5.33006048
6347,17,0.35542256,5.74810839
6348,17,0.24925208,3.02955389
6349,17,0.24261671,3.23982549
6350,17,0.19214588,3.21213508
6351,17,0.14799295,2.76068163
6352,17,0.37177372,5.25687551
6353,17,0.35187215,4.48075199
6354,17,0.18199761,2.95750761
6355,17,0.33170375,5.46621656
6356,17,0.27355364,4.62757587
6357,17,0.26212105,3.74335957
6358,17,0.23317903,3.45607448
6359,17,0.44158936,4.79911947
6360,17,0.38359094,5.64812422
6361,17,0.28910199,4.35157919
6362,17,0.28929895,3.40777349
6363,17,0.33615077,5.08420038
6364,17,0.27734113,2.95701551
6365,17,0.19821690,3.03001070
6366,17,0.21208408,3.43038201
6367,17,0.16927302,3.27545023
6368,17,0.32390690,6.68373585
6369,17,0.18621519,3.74682999
6370,17,0.28249586,4.75952673
6371,17,0.23502746,3.23382187
6372,17,0.20590279,2.87841105
6373,17,0.23099701,4.25464344
6374,17,0.28285044,3.86706877
6375,17,0.18963991,3.34744763
6376,17,0.25094625,3.97843027
6377,17,0.34794894,7.14043283
6378,17,0.31815934,4.83869648
6379,17,0.32637882,3.92416143
6380,17,0.23895687,3.47125912
6381,17,0.30886066,4.56967163
6382,17,0.36839405,5.66068983
6383,17,0.26884580,7.01827812
6384,17,0.24956863,3.75844979
6385,17,0.32475716,4.46059990
6386,17,0.40101233,4.30920506
6387,17,0.38927856,4.20104933
6388,17,0.26261911,3.97130728
6389,17,0.38516915,7.49337435
6390,17,0.36141610,6.09654331
6391,17,0.18921633,2.95066142
6392,17,0.20441008,5.31802797
6393,17,0.15911058,3.83098435
6394,17,0.34300417,5.04574442
6395,17,0.19444495,4.63993502
6396,17,0.21736997,5.86291122
6397,17,0.29683724,3.75903678
6398,17,0.23050497,4.14895010
6399,17,0.24764013,5.29406500
6400,17,0.41064984,5.55494928
6401,17,0.35383928,4.80627346
6402,17,0.24533150,5.50218916
6403,17,0.33087653,4.03411913
6404,17,0.33664966,4.75323534
6405,17,0.26309538,6.24987555
6406,17,0.24045378,3.69027925
6407,17,0.35578957,3.04979587
6408,17,0.30891082,4.37657928
6409,17,0.28655639,4.73858738
6410,17,0.30780664,3.71063375
6411,17,0.33829296,6.73306942
6412,17,0.22035910,3.52161980
6413,17,0.31039223,4.86559582
6414,17,0.35970122,9.23545551
6415,17,0.32979125,7.06200314
6416,17,0.29528505,9.14458847
6417,17,0.32965079,9.07202435
6418,17,0.31951159,4.44194794
6419,17,0.31802121,6.01071310
6420,17,0.27277410,4.83393240
6421,17,0.27818879,7.12842512
6422,17,0.35234627,4.84649086
6423,17,0.26255971,4.81704998
6424,17,0.38414067,6.54579258
6425,17,0.25106111,3.39100027
6426,17,0.26378202,5.69932175
6427,17,0.28790236,5.28676176
6428,17,0.33677843,4.71848583
6429,17,0.41101110,5.41669512
6430,17,0.24087186,2.56077671
6431,17,0.37869063,5.68060780
6432,17,0.34433281,3.67053461
6433,17,0.29998213,4.22263050
6434,17,0.17000084,2.25688505
6435,17,0.44404036,6.06573915
6436,17,0.23665935,5.95017052
6437,17,0.26755261,4.13812160
6438,17,0.24962068,4.51420403
6439,17,0.35430172,4.85133743
6440,17,0.40410277,4.41975927
6441,17,0.38349265,3.93666053
6442,17,0.28100821,3.04942703
6443,17,0.27166516,4.31657839
6444,17,0.30091965,2.56763077
6445,17,0.36201149,9.19882488
6446,17,0.17794836,3.38056803
6447,17,0.23785745,3.81247663
6448,17,0.34567448,6.25730848
6449,17,0.32222724,3.45431662
6450,17,0.20370355,4.65005922
6451,17,0.24678901,3.72626209
6452,17,0.21367201,3.14295292
6453,17,0.17005073,2.88042021
6454,17,0.21099727,4.46969175
6455,17,0.41688931,7.67265177
6456,17,0.20084801,4.39164639
6457,17,0.39227140,6.89446306
6458,17,0.23327899,3.65717387
6459,17,0.24310383,3.82133055
6460,17,0.31129515,3.82969522
6461,17,0.22099799,3.07537580
6462,17,0.39079136,6.41663980
6463,17,0.27951118,3.67764163
6464,17,0.30547303,6.18557978
6465,17,0.40737617,6.02576828
6466,17,0.23418775,4.32065535
6467,17,0.20650022,3.67513967
6468,17,0.20133212,6.80214405
6469,17,0.19946569,4.20675564
6470,17,0.17886917,6.31487656
6471,17,0.45615116,7.89571142
6472,17,0.29819936,4.22809744
6473,17,0.18885827,4.38175821
6474,17,0.26531789,4.73502922
6475,17,0.31870452,6.26911497
6476,17,0.33594587,4.58456326
6477,17,0.39631331,4.59317207
6478,17,0.35763061,6.16816330
6479,17,0.30019516,5.23491287
6480,17,0.22988114,4.27596712
6481,17,0.34941941,5.37819433
6482,17,0.29865462,3.93736768
6483,17,0.36103344,4.62214375
6484,17,0.17570202,2.78556681
6485,17,0.29614455,3.33336210
6486,17,0.36334357,3.14089394
6487,17,0.22823200,3.97706914
6488,17,0.39252198,4.02410221
6489,17,0.32198167,5.82347775
6490,17,0.20857301,3.80349445
6491,17,0.18827431,2.42495561
6492,17,0.34836385,5.66596174
6493,17,0.19636913,3.58807325
6494,17,0.30103919,4.21436977
6495,17,0.27635616,3.64144230
6496,17,0.35754886,8.60899067
6497,17,0.24215505,4.15958405
6498,17,0.18165943,2.34150958
6499,17,0.25936112,3.31609440
6500,17,0.34636748,3.81068468
6501,17,0.23934494,5.16461039
6502,17,0.36677980,6.39593172
6503,17,0.23749149,4.41886473
6504,17,0.49622744,5.81129503
6505,17,0.45746613,5.76712370
6506,17,0.19300905,4.36197186
6507,17,0.32994550,5.33844709
6508,17,0.27060294,5.23552275
6509,17,0.22037122,4.13324881
6510,17,0.26897132,4.60424280
6511,17,0.25934109,2.89284301
6512,17,0.25974002,6.21240282
6513,17,0.28074843,3.79439044
6514,17,0.29588401,3.80169082
6515,17,0.26775950,3.69660950
6516,17,0.21944124,3.74272656
6517,17,0.20874366,4.10547924
6518,17,0.36398306,6.39335728
6519,17,0.34539264,3.39572692
6520,17,0.18182999,3.75036430
6521,17,0.33795923,3.91814375
6522,17,0.22176231,3.85579944
6523,17,0.39660645,6.09559107
6524,17,0.32701480,3.23226571
6525,17,0.31381831,4.78657103
6526,17,0.22402589,5.01852942
6527,17,0.24110702,4.18185806
6528,17,0.20105715,5.06491280
6529,17,0.25561449,4.52909613
6530,17,0.25573531,3.35477352
6531,17,0.36069283,4.58519125
6532,17,0.26392549,4.20746183
6533,17,0.25452274,3.84858155
6534,17,0.22047228,3.89187098
6535,17,0.27577385,3.85660291
6536,17,0.39968309,4.95210934
6537,17,0.17281622,5.05238914
6538,17,0.24599910,3.80229926
6539,17,0.22650726,4.42120314
6540,17,0.34461549,3.85189891
6541,17,0.40610778,6.16450930
6542,17,0.22939891,4.34927940
6543,17,0.31387293,5.86998367
6544,17,0.28534788,4.44240284
6545,17,0.22317988,4.96529198
6546,17,0.31162801,5.72795010
6547,17,0.23437518,3.38042617
6548,17,0.24698563,3.61692524
6549,17,0.33180889,5.45869827
6550,17,0.32331479,4.16599607
6551,17,0.18143557,5.69889259
6552,17,0.28664276,2.99545527
6553,17,0.34114337,5.05268002
6554,17,0.33579591,6.92347097
6555,17,0.19152093,4.69377041
6556,17,0.40221742,4.19408083
6557,17,0.31927443,4.82161808
6558,17,0.39608502,5.34147358
6559,17,0.31589413,5.38248301
6560,17,0.32162410,4.85069656
6561,17,0.22200441,3.25243378
6562,17,0.35875762,6.69783020
6563,17,0.40749156,3.30455089
6564,17,0.26021737,4.94511271
6565,17,0.28721032,3.62114716
6566,17,0.35682386,5.38077497
6567,17,0.32344589,7.59961510
6568,17,0.25864449,4.79142475
6569,17,0.32656795,4.94739771
6570,17,0.26619035,3.45846748
6571,17,0.35048091,10.43095207
6572,17,0.24553579,3.67913246
6573,17,0.25969803,5.81125736
6574,17,0.28242257,4.28488636
6575,17,0.28153899,4.44979048
6576,17,0.36282715,5.07135534
6577,17,0.21949439,3.14256573
6578,17,0.22102979,2.76013637
6579,17,0.32804957,3.38450313
6580,17,0.26428324,4.11010790
6581,17,0.19553673,3.98008800
6582,17,0.37660846,4.21263981
6583,17,0.30436748,5.44607782
6584,17,0.33367306,4.07173443
6585,17,0.30267474,5.31907988
6586,17,0.40003473,5.67895555
6587,17,0.36294782,7.18320417
6588,17,0.28247583,5.11437035
6589,17,0.33038321,5.42271519
6590,17,0.34247941,6.46398067
6591,17,0.20802251,3.40434265
6592,17,0.29329172,3.89203882
6593,17,0.25060105,4.02633190
6594,17,0.27219012,5.13622379
6595,17,0.33162010,4.01515198
6596,17,0.29147044,4.08898592
6597,17,0.20759894,4.25199652
6598,17,0.29452580,3.73380923
6599,17,0.34100354,3.33260441
6600,17,0.24484813,3.72271800
6601,17,0.28866774,3.58961678
6602,17,0.22944012,2.91317821
6603,17,0.25915009,3.67887187
6604,17,0.37072003,4.42930555
6605,17,0.36968583,6.82378626
6606,17,0.31422025,5.01969194
6607,17,0.28626907,3.09404588
6608,17,0.26893201,2.38477349
6609,17,0.26054180,3.66486073
6610,17,0.22211215,3.32261944
6611,17,0.38138327,4.10935974
6612,17,0.21703270,2.66415954
6613,17,0.20793688,3.84202743
6614,17,0.23372595,2.99567509
6615,17,0.29687098,6.13499212
6616,17,0.23534685,3.30138898
6617,17,0.34440237,6.53767443
6618,17,0.23077798,4.92823839
6619,17,0.24485198,4.57533979
6620,17,0.19715586,6.83559418
6621,17,0.26128876,4.86938524
6622,17,0.31743091,5.47260523
6623,17,0.21907571,2.88868499
6624,17,0.23031478,3.84059215
6625,17,0.21045528,4.87270069
6626,17,0.36050457,6.58245516
6627,17,0.24332787,5.76263809
6628,17,0.31762755,5.01388073
6629,17,0.36536127,3.68321157
6630,17,0.23050469,4.33378410
6631,17,0.35063148,5.23935127
6632,17,0.34183639,4.42285728
6633,17,0.22225469,4.74360466
6634,17,0.25570944,5.76653576
6635,17,0.30980313,3.26039958
6636,17,0.31392539,3.36310768
6637,17,0.25031662,3.45902705
6638,17,0.26141709,3.05957747
6639,17,0.25741661,3.82974935
6640,17,0.40023187,3.51464152
6641,17,0.32969439,3.53066158
6642,17,0.38225526,6.53526354
6643,17,0.24879408,4.63098049
6644,17,0.25104195,5.04047871
6645,17,0.25657439,5.63880062
6646,17,0.21321642,3.84219575
6647,18,0.24953139,4.38121414
6648,18,0.34452415,5.09010458
6649,18,0.38356188,5.53792953
6650,18,0.24107771,3.74552250
6651,18,0.20505776,3.44589663
6652,18,0.23755816,4.11726570
6653,18,0.24844620,2.61650181
6654,18,0.30136842,5.51553488
6655,18,0.26322722,3.24620533
6656,18,0.21981210,3.71354318
6657,18,0.22426787,4.53143120
6658,18,0.29409513,3.60097384
6659,18,0.17500949,3.44745040
6660,18,0.25116956,3.63304424
6661,18,0.25163099,4.01701975
6662,18,0.26848912,4.01884556
6663,18,0.16854951,3.77685308
6664,18,0.22898194,3.99793696
6665,18,0.18488625,3.03653359
6666,18,0.16798803,3.88529396
6667,18,0.20673952,5.24952698
6668,18,0.22501402,4.96358347
6669,18,0.23262152,3.30717278
6670,18,0.28739160,5.94172907
6671,18,0.16902435,4.74723434
6672,18,0.33257982,7.60587311
6673,18,0.30207485,6.39516878
6674,18,0.12909961,3.58000517
6675,18,0.21599355,3.95587206
6676,18,0.31741861,5.97299623
6677,18,0.18744133,4.06826925
6678,18,0.30593026,4.64243984
6679,18,0.33376968,5.95679760
6680,18,0.24300930,4.76850653
6681,18,0.18966150,4.08541918
6682,18,0.17303734,4.39369392
6683,18,0.21544217,4.99235868
6684,18,0.22061291,3.68579769
6685,18,0.17235968,3.55990863
6686,18,0.25517482,4.00893641
6687,18,0.37111276,6.14503860
6688,18,0.23449455,6.88001251
6689,18,0.27606544,6.64637041
6690,18,0.37105489,6.66454268
6691,18,0.32126272,5.29846382
6692,18,0.29119039,5.89057302
6693,18,0.15416008,4.46965837
6694,18,0.21614662,5.22803497
6695,18,0.11435924,2.63507295
6696,18,0.22400993,4.77569199
6697,18,0.25518709,5.13647604
6698,18,0.16082875,3.01521826
6699,18,0.45926762,7.59482765
6700,18,0.23917428,4.40928793
6701,18,0.28232431,4.57543612
6702,18,0.29201710,5.01890564
6703,18,0.24669653,1.95871222
6704,18,0.26967731,5.94886875
6705,18,0.30775729,6.15723753
6706,18,0.28478745,6.55360174
6707,18,0.36488101,6.28805208
6708,18,0.27976030,3.24806237
6709,18,0.39970368,4.39529800
6710,18,0.30102769,5.01196003
6711,18,0.19531271,4.43003654
6712,18,0.23632067,3.74452114
6713,18,0.37372303,4.67122316
6714,18,0.23963836,4.35163450
6715,18,0.31461200,5.69376183
6716,18,0.28179479,3.72619748
6717,18,0.32181463,3.93287897
6718,18,0.30841297,4.15487909
6719,18,0.19848929,5.54727221
6720,18,0.46630508,5.51775503
6721,18,0.28345251,4.54365778
6722,18,0.27361745,3.05266500
6723,18,0.23419380,2.68310261
6724,18,0.29740882,2.98983502
6725,18,0.32347745,4.09874201
6726,18,0.16988987,2.86636901
6727,18,0.30160195,3.86225009
6728,18,0.22813159,5.56587696
6729,18,0.40864789,4.72392082
6730,18,0.28259659,3.70699120
6731,18,0.37306648,4.06175137
6732,18,0.32149756,8.57975292
6733,18,0.18211707,3.01374245
6734,18,0.18227267,2.03045964
6735,18,0.25779861,3.20584464
6736,18,0.21193978,3.49107695
6737,18,0.17692560,2.44976473
6738,18,0.18827069,2.71074390
6739,18,0.32525414,5.48832130
6740,18,0.22935462,3.68441224
6741,18,0.27898407,4.20196056
6742,18,0.16431704,3.57737732
6743,18,0.30163440,4.45839596
6744,18,0.27636772,5.74348259
6745,18,0.15579057,3.64459610
6746,18,0.33412248,8.49562931
6747,18,0.19033204,4.56537628
6748,18,0.17641187,2.73702407
6749,18,0.22855173,5.03898621
6750,18,0.36251178,5.05952215
6751,18,0.35128671,4.42182541
6752,18,0.18242568,3.16335416
6753,18,0.26695594,6.32826900
6754,18,0.26759970,4.17299891
6755,18,0.25546223,3.25348282
6756,18,0.28164500,6.31018209
6757,18,0.29172820,8.67068863
6758,18,0.20058157,5.10497236
6759,18,0.34650177,2.95789838
6760,18,0.24535480,6.22204542
6761,18,0.35290965,6.41143513
6762,18,0.25591281,4.06470203
6763,18,0.25198400,3.89705133
6764,18,0.33296615,4.07025433
6765,18,0.32136762,4.18751240
6766,18,0.28137854,6.43673849
6767,18,0.20297618,3.75149393
6768,18,0.23162532,3.94239664
6769,18,0.36732054,5.76491165
6770,18,0.34733701,3.54953837
6771,18,0.20894790,3.69291925
6772,18,0.30920577,7.51227093
6773,18,0.38104400,5.54964304
6774,18,0.24885869,3.68054295
6775,18,0.15735796,4.58619165
6776,18,0.26289225,4.60599566
6777,18,0.19991928,2.64602971
6778,18,0.34482086,6.13078833
6779,18,0.31866291,4.65770817
6780,18,0.25429475,3.24867916
6781,18,0.37492749,6.51546478
6782,18,0.21786907,5.12872505
6783,18,0.34566027,4.65085840
6784,18,0.28815389,3.87566829
6785,18,0.16894293,4.35089970
6786,18,0.26794124,6.24667168
6787,18,0.19362228,2.66183496
6788,18,0.22247487,3.28252935
6789,18,0.23190464,3.69839001
6790,18,0.28830004,9.79871655
6791,18,0.21983761,4.57461357
6792,18,0.16634913,3.51917434
6793,18,0.27694234,2.82901621
6794,18,0.27696955,7.43633747
6795,18,0.38155594,8.33721256
6796,18,0.19268274,3.73597288
6797,18,0.18807918,4.29491854
6798,18,0.25476700,6.34281254
6799,18,0.23657478,3.20726299
6800,18,0.21954465,4.33099318
6801,18,0.42412513,5.89467859
6802,18,0.36896491,5.18156433
6803,18,0.35613671,4.06737089
6804,18,0.24061535,4.01928806
6805,18,0.33543769,5.79457808
6806,18,0.25382921,3.38030648
6807,18,0.26111192,4.21873999
6808,18,0.35192227,4.84867668
6809,18,0.29686236,4.79074907
6810,18,0.31628650,5.02768660
6811,18,0.16294506,3.94279742
6812,18,0.28837383,4.09708309
6813,18,0.25710243,3.79082465
6814,18,0.28987324,3.15807700
6815,18,0.32440013,4.70399809
6816,18,0.33692738,6.51493883
6817,18,0.31651992,6.62450552
6818,18,0.29293931,3.90453219
6819,18,0.33076620,3.59484553
6820,18,0.21007249,4.86574411
6821,18,0.34673101,4.08019257
6822,18,0.27320510,4.50552177
6823,18,0.23332492,4.70486069
6824,18,0.33880129,8.46325111
6825,18,0.31821817,4.62806511
6826,18,0.25810915,5.30900145
6827,18,0.31184155,6.40681648
6828,18,0.27182391,4.82114935
6829,18,0.34859055,5.92831707
6830,18,0.31249613,4.10627651
6831,18,0.31556743,4.74283075
6832,18,0.29215088,5.49833632
6833,18,0.22054429,3.30592060
6834,18,0.20074582,3.60914755
6835,18,0.23947881,3.17136359
6836,18,0.17278330,6.03931665
6837,18,0.20855519,2.84153748
6838,18,0.31004339,4.03575897
6839,18,0.31558922,3.52648425
6840,18,0.21710464,3.28541374
6841,18,0.27712169,4.97634459
6842,18,0.35343453,5.43731642
6843,18,0.36684850,4.72573757
6844,18,0.27192414,3.97676778
6845,18,0.29585063,2.91742373
6846,18,0.17741808,3.76020193
6847,18,0.22855863,3.72628140
6848,18,0.26937136,5.55220938
6849,18,0.27952248,5.61004496
6850,18,0.24289250,4.56363153
6851,18,0.20946145,2.40527797
6852,18,0.29694572,5.77916718
6853,18,0.29036388,3.51735902
6854,18,0.19327515,3.82043242
6855,18,0.27507013,4.74544573
6856,18,0.24603713,6.44692564
6857,18,0.17257464,2.96997261
6858,18,0.24837618,3.46380830
6859,18,0.27773684,5.73028183
6860,18,0.24353510,4.89315844
6861,18,0.24719757,5.62832928
6862,18,0.27647674,5.46522474
6863,18,0.21413597,4.15478706
6864,18,0.28351766,4.81769276
6865,18,0.21155843,4.09612942
6866,18,0.16477925,2.58668971
6867,18,0.18501854,3.94729686
6868,18,0.26435700,5.33936977
6869,18,0.30494565,4.21271896
6870,18,0.30008996,5.15923500
6871,18,0.32324767,5.33160067
6872,18,0.32193679,5.56478786
6873,18,0.29115257,5.14650917
6874,18,0.27258697,6.97916746
6875,18,0.20357893,2.99791050
6876,18,0.21425302,4.61849451
6877,18,0.30376580,4.64315891
6878,18,0.30593598,7.28801537
6879,18,0.16099375,3.58154917
6880,18,0.25532225,5.49511528
6881,18,0.29216251,6.93121529
6882,18,0.22522709,5.82068968
6883,18,0.24996150,5.47764349
6884,18,0.50293183,6.66232347
6885,18,0.22150545,3.14494777
6886,18,0.31129330,5.48325586
6887,18,0.28249711,7.33085966
6888,18,0.35562086,8.06965733
6889,18,0.28475410,4.96255732
6890,18,0.36932677,5.16057920
6891,18,0.22626233,2.78861666
6892,18,0.29505348,6.49572945
6893,18,0.31082982,4.81423903
6894,18,0.34887296,3.47214270
6895,18,0.20919688,3.78726482
6896,18,0.29363549,5.13027334
6897,18,0.19484808,3.45977974
6898,18,0.36185473,10.18109894
6899,18,0.34243017,4.35977411
6900,18,0.38834691,3.47134829
6901,18,0.24666530,6.18262863
6902,18,0.33474249,5.93792582
6903,18,0.34027925,3.44774842
6904,18,0.27727732,2.99287033
6905,18,0.31907439,4.98618746
6906,18,0.23545943,3.56966567
6907,18,0.28228772,3.75591445
6908,18,0.31853822,6.32703972
6909,18,0.37275043,6.32693100
6910,18,0.29842106,7.19667101
6911,18,0.16063598,3.92643499
6912,18,0.38107744,5.39196348
6913,18,0.22686838,3.86573482
6914,18,0.29621401,4.82747650
6915,18,0.33521175,4.15421724
6916,18,0.33797663,4.79618263
6917,18,0.20594746,3.15569305
6918,18,0.28468871,4.31447458
6919,18,0.34538925,5.24414825
6920,18,0.23901004,4.38691330
6921,18,0.36443013,3.77011514
6922,18,0.29532871,3.83523417
6923,18,0.33065355,3.64518142
6924,18,0.28185233,5.44473839
6925,18,0.20815402,2.54077053
6926,18,0.29718205,5.40321684
6927,18,0.15783155,4.09124231
6928,18,0.30149949,2.82600737
6929,18,0.28345710,4.55762196
6930,18,0.19158968,4.46216965
6931,18,0.29099044,7.34339619
6932,18,0.34551078,9.16399765
6933,18,0.26723582,5.10933924
6934,18,0.21358204,2.87956309
6935,18,0.31517249,5.01350355
6936,18,0.33893400,6.14930964
6937,18,0.20699456,4.92665768
6938,18,0.31609428,6.58412409
6939,18,0.23010857,5.03200722
6940,18,0.24099085,6.47982836
6941,18,0.30282480,4.32580042
6942,18,0.21167237,5.35591269
6943,18,0.26406336,3.08659077
6944,18,0.32399410,3.37034631
6945,18,0.31088558,6.62361670
6946,18,0.37120962,7.82023811
6947,18,0.21877071,5.83384562
6948,18,0.26144826,2.76268816
6949,18,0.21295646,3.35915160
6950,18,0.15178220,4.46384001
6951,18,0.33131477,3.93871903
6952,18,0.29156661,3.24484825
6953,18,0.29076767,3.40578461
6954,18,0.33002022,3.14562130
6955,18,0.17751887,3.06562185
6956,18,0.37976840,4.89524078
6957,18,0.29367259,7.47365999
6958,18,0.12811106,2.78070784
6959,18,0.22656649,4.35854483
6960,18,0.26653939,3.74787498
6961,18,0.38048282,4.03832579
6962,18,0.28358567,3.95243931
6963,18,0.28268391,3.65438271
6964,18,0.24798322,5.13880205
6965,18,0.21958263,3.66147733
6966,18,0.28574759,6.24845457
6967,18,0.25448832,4.40862465
6968,18,0.24272430,5.00796795
6969,18,0.18249060,3.14331722
6970,18,0.31820631,4.44180059
6971,18,0.37473196,5.09969664
6972,18,0.33435228,3.89137149
6973,18,0.17411353,3.38929725
6974,18,0.27294588,3.22299480
6975,18,0.23492622,3.73434758
6976,18,0.30696613,5.11410713
6977,18,0.28462487,4.86973667
6978,18,0.33411691,3.30314612
6979,18,0.22496542,5.66295671
6980,18,0.23247370,5.85208511
6981,18,0.25787640,5.34366322
6982,18,0.35696304,7.00398397
6983,18,0.29756969,3.75456357
6984,18,0.17084073,4.53894281
6985,18,0.33369100,3.97084546
6986,18,0.29914790,4.40859556
6987,18,0.24304205,4.14722681
6988,18,0.21243140,2.63844872
6989,18,0.25924969,2.27777243
6990,18,0.30221868,3.92945480
6991,18,0.21150339,2.54244542
6992,18,0.32194653,5.47990370
6993,18,0.24622196,3.10689855
6994,18,0.24077503,3.16631079
6995,18,0.27667040,4.27410126
6996,18,0.31530502,6.79327536
6997,18,0.25489283,5.23769808
6998,18,0.41978249,4.70929432
6999,18,0.35704327,4.02044678
7000,18,0.23340975,4.65610552
7001,18,0.25436485,4.14323616
7002,18,0.34005255,6.74851418
7003,18,0.27012140,7.06888866
7004,18,0.28041413,4.52406073
7005,18,0.26017982,5.01070261
7006,18,0.34313360,5.12432289
7007,18,0.28114879,4.44397497
7008,18,0.24079676,6.56046772
7009,18,0.33578309,4.19203281
7010,18,0.25828028,4.58555937
7011,18,0.28699753,5.00339031
7012,18,0.33439738,6.44012213
7013,18,0.26327050,5.18210649
7014,18,0.27543360,2.96173120
7015,18,0.24995467,2.54440165
7016,18,0.35159039,5.43796110
7017,18,0.34197146,6.60432625
7018,18,0.35420403,9.53275108
7019,18,0.21102600,2.69152594
7020,18,0.25152665,5.90785885
7021,18,0.28309000,4.43631506
7022,18,0.24387869,3.59197307
7023,18,0.21156609,3.11099458
7024,18,0.28364679,4.29756880
7025,18,0.27088025,3.58965945
7026,18,0.19567394,2.41611767
7027,18,0.39909571,5.84212637
7028,18,0.28885478,3.59494781
7029,18,0.34152305,8.23626328
7030,18,0.14920628,1.93187213
7031,18,0.22349632,7.47179937
7032,18,0.22786343,3.73421216
7033,18,0.38423830,6.17816734
7034,18,0.26365483,3.59386444
7035,18,0.21854630,3.70794106
7036,18,0.31199622,4.44211626
7037,18,0.29905573,6.79855919
7038,19,0.41589803,9.00784969
7039,19,0.27488464,5.06823874
7040,19,0.32886297,4.76789665
7041,19,0.23840404,3.32558107
7042,19,0.23311681,6.00273228
7043,19,0.23255455,6.83405113
7044,19,0.25729978,6.34865427
7045,19,0.28499544,6.67108727
7046,19,0.19004095,5.13995552
7047,19,0.23048936,2.81463313
7048,19,0.13455425,3.06084013
7049,19,0.27608228,3.69239640
7050,19,0.17404561,2.31941962
7051,19,0.30122346,3.21596146
7052,19,0.25134605,6.72947931
7053,19,0.23894028,3.87921023
7054,19,0.24106371,6.77931595
7055,19,0.20002785,4.91838980
7056,19,0.18681465,4.30647850
7057,19,0.28079885,4.96427441
7058,19,0.31064481,3.73577881
7059,19,0.26126003,4.00959063
7060,19,0.18581018,4.43708611
7061,19,0.20698008,3.31089520
7062,19,0.19318527,6.82881927
7063,19,0.37229240,10.81040668
7064,19,0.34557450,7.06892109
7065,19,0.18508403,3.89131498
7066,19,0.22184753,4.73505878
7067,19,0.25170431,5.14307928
7068,19,0.19559865,3.26228952
7069,19,0.25697795,3.46562433
7070,19,0.31653631,4.89536810
7071,19,0.15766390,2.74005389
7072,19,0.22558200,3.06716132
7073,19,0.27521688,4.86282587
7074,19,0.26375306,3.96077538
7075,19,0.24234428,4.12448168
7076,19,0.24407721,3.89710760
7077,19,0.35511690,7.47125959
7078,19,0.24398531,3.47558808
7079,19,0.12070099,3.07423139
7080,19,0.28774643,3.04951167
7081,19,0.29167426,4.21483707
7082,19,0.16680261,3.29464436
7083,19,0.24013498,4.47784185
7084,19,0.27703491,6.02775717
7085,19,0.21631891,6.32085180
7086,19,0.22254348,4.62456179
7087,19,0.25073379,3.90983558
7088,19,0.32778284,4.95899153
7089,19,0.30404431,4.78372669
7090,19,0.19894794,4.90895414
7091,19,0.30259925,3.50357175
7092,19,0.18919322,3.90876389
7093,19,0.16622519,2.81988430
7094,19,0.18613645,2.30241346
7095,19,0.15221977,3.31481338
7096,19,0.23084272,4.03670359
7097,19,0.24941349,6.91090012
7098,19,0.39274225,5.28475237
7099,19,0.16619892,2.92717266
7100,19,0.25836092,4.24103308
7101,19,0.14387947,3.52636027
7102,19,0.23998584,5.67823076
7103,19,0.24127060,5.50479937
7104,19,0.15768352,3.15290999
7105,19,0.27511477,4.37330580
7106,19,0.25617290,4.15955257
7107,19,0.30077320,3.45624733
7108,19,0.21708210,4.51606703
7109,19,0.24726588,5.15811348
7110,19,0.25165692,4.02299595
7111,19,0.25728700,3.72126937
7112,19,0.25218990,4.77021122
7113,19,0.14395586,3.88275743
7114,19,0.17939036,2.91801333
7115,19,0.22622392,3.93153715
7116,19,0.21404986,3.23767447
7117,19,0.30606943,9.09607697
7118,19,0.31703293,7.06317759
7119,19,0.18519926,3.68473411
7120,19,0.22486317,5.78295660
7121,19,0.30802009,4.71839619
7122,19,0.21416458,3.37683010
7123,19,0.30228329,4.14228821
7124,19,0.39217731,6.29068708
7125,19,0.34039354,9.91669273
7126,19,0.17187461,4.56378698
7127,19,0.36418518,4.80219603
7128,19,0.17479497,3.83030081
7129,19,0.20913184,3.97770667
7130,19,0.17885351,5.83287048
7131,19,0.23313330,4.18425751
7132,19,0.31836733,5.41669464
7133,19,0.20788050,6.81963396
7134,19,0.16893977,2.97079587
7135,19,0.22594757,4.76190948
7136,19,0.16062781,4.92726231
7137,19,0.15419528,2.48908877
7138,19,0.30389982,3.63371778
7139,19,0.29706025,3.65447545
7140,19,0.21379583,3.97512960
7141,19,0.25835562,4.23151016
7142,19,0.29714209,5.08994579
7143,19,0.30242032,4.13538218
7144,19,0.22418132,4.24765158
7145,19,0.23245434,3.44234324
7146,19,0.21227680,2.99504066
7147,19,0.27122751,3.70634890
7148,19,0.16101134,3.66469240
7149,19,0.32470691,3.75847387
7150,19,0.30275157,3.32003093
7151,19,0.19397345,2.43168187
7152,19,0.24980780,3.40216494
7153,19,0.17433876,3.62163305
7154,19,0.28614181,4.92295885
7155,19,0.41815770,6.70785666
7156,19,0.21277356,4.98769140
7157,19,0.10103500,2.21954226
7158,19,0.25470027,3.46201015
7159,19,0.36830699,5.42587614
7160,19,0.22996348,4.42406082
7161,19,0.35036659,6.35983276
7162,19,0.23471440,4.79647350
7163,19,0.25311750,3.44143128
7164,19,0.22298734,3.41832232
7165,19,0.28812760,4.22783804
7166,19,0.22280636,3.46622801
7167,19,0.21946825,3.17656636
7168,19,0.24535853,4.54471493
7169,19,0.31375700,3.45527816
7170,19,0.23438531,5.10294533
7171,19,0.29190969,8.02095032
7172,19,0.29169935,4.35801792
7173,19,0.29256001,3.88223076
7174,19,0.22029880,3.72163868
7175,19,0.29914224,3.04213572
7176,19,0.18649840,2.69221354
7177,19,0.23409724,3.28480315
7178,19,0.17689848,3.33028865
7179,19,0.22553799,2.75251722
7180,19,0.18912733,3.45831704
7181,19,0.25819218,7.51818085
7182,19,0.33527708,5.01682377
7183,19,0.26894963,2.73124075
7184,19,0.22870034,3.13562179
7185,19,0.20742992,3.71088409
7186,19,0.29017159,3.84131932
7187,19,0.17475222,4.17262363
7188,19,0.17253041,3.01801133
7189,19,0.33880487,5.58199072
7190,19,0.33092290,3.99269986
7191,19,0.28740948,4.37407160
7192,19,0.31300655,5.95361090
7193,19,0.20295402,2.23322272
7194,19,0.29073113,3.80279446
7195,19,0.24275815,4.95743895
7196,19,0.26638967,6.15672684
7197,19,0.39308274,7.09044266
7198,19,0.24223095,4.33687687
7199,19,0.30575287,3.80180168
7200,19,0.31587541,5.89011717
7201,19,0.27223364,4.38014460
7202,19,0.16234659,4.64922571
7203,19,0.20830609,3.77948260
7204,19,0.20498158,3.97143435
7205,19,0.19579244,2.41622448
7206,19,0.37263077,7.26561880
7207,19,0.16103390,2.41618896
7208,19,0.14042860,3.30274081
7209,19,0.25952470,5.86928034
7210,19,0.37889320,5.30356503
7211,19,0.31920406,4.06837416
7212,19,0.27200136,4.52547789
7213,19,0.29318649,5.50968790
7214,19,0.17323506,4.45693493
7215,19,0.21076939,3.70843244
7216,19,0.22523439,3.38009572
7217,19,0.20102261,4.92718506
7218,19,0.14772455,3.25498438
7219,19,0.20656154,4.82440186
7220,19,0.18527061,2.66613293
7221,19,0.29581511,6.09273338
7222,19,0.28632650,5.19364643
7223,19,0.18847437,2.96659374
7224,19,0.30191839,2.50154352
7225,19,0.25841421,7.87102699
7226,19,0.26828873,3.32113433
7227,19,0.20186256,3.36929011
7228,19,0.33437181,3.16700864
7229,19,0.31626946,3.67287064
7230,19,0.23158044,3.44376969
7231,19,0.22722301,5.03529882
7232,19,0.25997424,3.38958430
7233,19,0.19944240,6.85406160
7234,19,0.13139561,1.78136027
7235,19,0.22052807,4.75636530
7236,19,0.20990603,5.23374176
7237,19,0.29456598,3.95806575
7238,19,0.34003246,4.50568247
7239,19,0.16731998,3.72680950
7240,19,0.31378639,3.60981083
7241,19,0.41162366,4.97302198
7242,19,0.17035653,3.19850326
7243,19,0.37598497,5.64390898
7244,19,0.27752900,5.53278065
7245,19,0.17868572,4.36562252
7246,19,0.32978821,5.54308796
7247,19,0.24979401,4.58851910
7248,19,0.24257562,6.36418724
7249,19,0.28014189,inf
7250,19,0.25048655,4.16818142
7251,19,0.37452739,3.95353770
7252,19,0.13785911,2.99390030
7253,19,0.22646537,3.44175792
7254,19,0.25384781,3.72517872
7255,19,0.30163664,5.84586191
7256,19,0.27833569,3.60850239
7257,19,0.27991173,5.26542950
7258,19,0.25540090,3.13459539
7259,19,0.22919571,2.73046851
7260,19,0.32392973,5.66764212
7261,19,0.26557818,4.95179176
7262,19,0.29744905,3.17230678
7263,19,0.18686943,3.47356439
7264,19,0.21509282,4.38667822
7265,19,0.23954362,5.44460392
7266,19,0.48895499,4.89268255
7267,19,0.24680088,3.51478529
7268,19,0.25294369,4.62853909
7269,19,0.16612870,3.11258221
7270,19,0.34992456,4.02807522
7271,19,0.31490561,6.30002785
7272,19,0.32623181,2.86779141
7273,19,0.28210670,4.80849552
7274,19,0.26667506,2.97658706
7275,19,0.29639924,3.66554999
7276,19,0.17595451,4.32764578
7277,19,0.25102055,5.01685047
7278,19,0.21539955,3.33180714
7279,19,0.19024190,2.82939863
7280,19,0.23952104,5.30756569
7281,19,0.26465344,3.37341881
7282,19,0.28563416,5.27734184
7283,19,0.34640032,3.87313747
7284,19,0.17155702,4.74933434
7285,19,0.20459187,3.82543850
7286,19,0.30791119,4.85775137
7287,19,0.32412094,6.27955484
7288,19,0.32276195,6.24763250
7289,19,0.33087146,3.89818501
7290,19,0.19830526,3.20284700
7291,19,0.26104569,5.44061518
7292,19,0.18617117,4.14716673
7293,19,0.24409881,4.31815004
7294,19,0.31688875,3.00062227
7295,19,0.16370842,4.55266094
7296,19,0.16186200,3.81599593
7297,19,0.20071134,4.95326805
7298,19,0.27244234,5.35859203
7299,19,0.29468888,5.97467947
7300,19,0.36466032,4.71809053
7301,19,0.17746082,4.38273191
7302,19,0.27793455,9.35122204
7303,19,0.35899368,6.16143799
7304,19,0.34949932,5.73784590
7305,19,0.17835866,3.79136229
7306,19,0.27203315,3.90654564
7307,19,0.19764668,4.25982285
7308,19,0.25993472,7.86250210
7309,19,0.37286878,9.07016659
7310,19,0.33199748,7.03000116
7311,19,0.45009756,6.08020926
7312,19,0.23581800,4.58260489
7313,19,0.26664910,5.78782845
7314,19,0.32699117,7.75842237
7315,19,0.27402279,4.82043934
7316,19,0.15265907,3.06241131
7317,19,0.42573306,8.04350281
7318,19,0.23380995,3.43948054
7319,19,0.32762921,5.08186483
7320,19,0.37334630,5.14890194
7321,19,0.41807801,4.80481195
7322,19,0.24444512,4.11759090
7323,19,0.18902700,4.71242619
7324,19,0.27300563,5.16038656
7325,19,0.24131986,3.20973229
7326,19,0.35628134,3.60693622
7327,19,0.34901240,3.78726649
7328,19,0.20747375,4.28515053
7329,19,0.30791056,3.95619965
7330,19,0.24799275,4.13012028
7331,19,0.24598309,3.61774516
7332,19,0.33929306,3.48713374
7333,19,0.30617645,3.30800509
7334,19,0.31168282,6.90299273
7335,19,0.28347769,5.55782604
7336,19,0.27389807,2.52177835
7337,19,0.46454358,8.18692970
7338,19,0.29378617,4.93598795
7339,19,0.27464315,5.65064812
7340,19,0.26079655,3.09228253
7341,19,0.24889249,4.70331049
7342,19,0.17528939,2.55120897
7343,19,0.49521121,4.55787897
7344,19,0.15546292,2.51003718
7345,19,0.25245148,3.89106703
7346,19,0.25415957,5.43236399
7347,19,0.27132034,7.04091978
7348,19,0.32729292,7.46183825
7349,19,0.25077516,3.61988401
7350,19,0.28005558,5.24191761
7351,19,0.35302120,3.23346758
7352,19,0.18138015,3.32245946
7353,19,0.26589856,7.66645098
7354,19,0.20372668,2.49601221
7355,19,0.21470357,3.57547116
7356,19,0.30629385,6.83890533
7357,19,0.14733866,2.62676096
7358,19,0.19687994,3.48060393
7359,19,0.33524662,2.92695093
7360,19,0.27500618,3.92029285
7361,19,0.20744382,3.65969014
7362,19,0.20457700,2.73459792
7363,19,0.28692913,2.81921268
7364,19,0.28647497,5.04220390
7365,19,0.26165789,3.55584288
7366,19,0.24223036,4.76522970
7367,19,0.22352275,3.31004095
7368,19,0.30226287,4.14456081
7369,19,0.38345057,6.94067383
7370,19,0.26963300,5.53858900
7371,19,0.28263259,3.26625752
7372,19,0.25348160,5.55971003
7373,19,0.14842315,3.68415284
7374,19,0.30893561,5.27777147
7375,19,0.26124045,4.92052221
7376,19,0.29602391,3.80187035
7377,19,0.15680408,2.99044299
7378,19,0.21405140,4.82702541
7379,19,0.26819801,3.59317684
7380,19,0.17678533,3.17135262
7381,19,0.30964807,4.51310635
7382,19,0.19835889,3.05552816
7383,19,0.18128997,6.27121115
7384,19,0.16799688,2.76593900
7385,19,0.19729617,3.58185506
7386,19,0.34583139,5.24889183
7387,19,0.28957540,3.73291683
7388,19,0.33362979,4.67193174
7389,19,0.37731963,5.66684914
7390,19,0.25879252,3.81843710
7391,19,0.29749548,3.10315728
7392,19,0.29418027,4.78484726
7393,19,0.33987793,5.47091866
7394,19,0.24722689,5.22690964
7395,19,0.20332111,4.16307878
7396,19,0.25176293,3.63131189
7397,19,0.29511401,5.64678669
7398,19,0.29382247,5.79408789
7399,19,0.15704867,2.11828113
7400,19,0.25786376,5.60868454
7401,19,0.27794278,3.21984839
7402,19,0.27315986,4.61142540
7403,19,0.24315265,3.62207842
7404,19,0.22080800,3.62621975
7405,19,0.23067984,5.08645725
7406,19,0.18736823,4.04960537
7407,19,0.21220990,3.23832083
7408,19,0.31208313,4.93612623
7409,19,0.25839543,3.33945012
7410,19,0.22086638,5.21508551
7411,19,0.24206695,3.36673450
7412,19,0.28067482,6.19341373
7413,19,0.15019268,2.67673850
7414,19,0.36582649,5.03132010
7415,19,0.20989963,6.02419949
7416,19,0.26433074,5.19694662
7417,19,0.17185326,2.78989911
7418,19,0.31832963,5.23498201
7419,19,0.22024077,5.77109003
7420,19,0.28601393,5.35492897
7421,19,0.19626182,2.78643107
7422,19,0.27529100,3.96511078
7423,19,0.25902998,4.73072338
7424,19,0.43279952,5.36779737
7425,19,0.21992409,4.09764099
7426,19,0.40944308,5.05781078
7427,19,0.29489890,3.35842633
7428,19,0.21493265,4.90953064
7429,20,0.20092973,5.32903814
7430,20,0.23366633,4.77021551
7431,20,0.23008755,4.45208836
7432,20,0.21463962,3.81473804
7433,20,0.19404913,2.61553311
7434,20,0.20388435,3.51611328
7435,20,0.25382370,4.06068754
7436,20,0.18082353,3.75510120
7437,20,0.24662907,4.49041986
7438,20,0.28504008,4.39952135
7439,20,0.27450174,3.84202790
7440,20,0.25453344,4.13909578
7441,20,0.14949352,2.19230890
7442,20,0.26524502,5.81636047
7443,20,0.26540947,6.18973732
7444,20,0.20665644,3.50788069
7445,20,0.12787068,3.09352016
7446,20,0.15589522,3.16734028
7447,20,0.25609446,6.21141148
7448,20,0.32135141,5.79593897
7449,20,0.26937345,3.59271049
7450,20,0.31717235,4.50781345
7451,20,0.23665923,3.79797506
7452,20,0.18529776,3.99062824
7453,20,0.15925984,3.20678473
7454,20,0.27038473,2.94662881
7455,20,0.24224575,4.88746119
7456,20,0.20384805,5.42955875
7457,20,0.18252948,2.96364927
7458,20,0.21850967,4.42162371
7459,20,0.20985433,3.73684502
7460,20,0.25156015,3.73304701
7461,20,0.21347971,4.26640749
7462,20,0.34034216,4.35539246
7463,20,0.09274290,2.89556146
7464,20,0.26291102,4.30578136
7465,20,0.24404120,5.59536886
7466,20,0.18471320,2.95073390
7467,20,0.21542829,3.19466925
7468,20,0.34982139,4.31790590
7469,20,0.22072288,3.62951827
7470,20,0.37004891,8.56914711
7471,20,0.28756738,6.31557894
7472,20,0.26849779,4.13393402
7473,20,0.22804804,4.47842646
7474,20,0.21795084,5.17344999
7475,20,0.18072048,3.79124427
7476,20,0.32650191,5.56983089
7477,20,0.24456394,4.05667210
7478,20,0.29679963,5.17379141
7479,20,0.28359735,3.87250638
7480,20,0.40070221,7.85111666
7481,20,0.27415338,4.74844027
7482,20,0.23149817,4.55951786
7483,20,0.36029971,12.00544357
7484,20,0.20006052,4.19733238
7485,20,0.31228575,2.98126984
7486,20,0.18344033,3.26371837
7487,20,0.23427513,2.86932826
7488,20,0.26045686,3.23206186
7489,20,0.16307992,3.23962092
7490,20,0.20535386,3.16065645
7491,20,0.28556228,6.63560915
7492,20,0.20709085,6.07044506
7493,20,0.22192979,4.51403761
7494,20,0.25744429,5.42094707
7495,20,0.24453650,4.56137896
7496,20,0.18764880,2.48126864
7497,20,0.20248562,3.39541149
7498,20,0.18191153,4.29712486
7499,20,0.35286471,4.79943609
7500,20,0.16702789,4.96716166
7501,20,0.15745866,6.95871544
7502,20,0.12727042,2.34762120
7503,20,0.21317096,3.09329462
7504,20,0.24064282,3.75588775
7505,20,0.40468961,4.47291327
7506,20,0.22856580,5.85412502
7507,20,0.23287484,5.24732828
7508,20,0.26899880,3.55731082
7509,20,0.20626950,3.14977598
7510,20,0.31947088,4.92341566
7511,20,0.13901187,2.48292089
7512,20,0.28921515,4.89129591
7513,20,0.22939059,3.55616975
7514,20,0.20155683,3.05738997
7515,20,0.24429366,3.88047338
7516,20,0.28937668,3.83153200
7517,20,0.26275182,4.84650612
7518,20,0.27809823,4.14896774
7519,20,0.24485031,5.22837877
7520,20,0.14113583,5.56212473
7521,20,0.13387299,2.61741018
7522,20,0.24684601,6.60560322
7523,20,0.22093052,3.85408568
7524,20,0.24359886,3.39060807
7525,20,0.19532479,4.74218512
7526,20,0.20078173,3.11598134
7527,20,0.14880666,3.44902086
7528,20,0.19184732,3.59779501
7529,20,0.21056630,3.38114810
7530,20,0.23772490,4.14144611
7531,20,0.21979921,4.00936079
7532,20,0.25128251,4.59455633
7533,20,0.15320572,3.66502142
7534,20,0.26508126,5.97333622
7535,20,0.23355462,4.81389713
7536,20,0.27198625,4.77588892
7537,20,0.27272394,4.06165600
7538,20,0.27029067,3.10511780
7539,20,0.34055239,5.78608513
7540,20,0.24502039,5.67972898
7541,20,0.31857252,4.10600471
7542,20,0.23061484,2.67344308
7543,20,0.17562842,4.82585096
7544,20,0.23339126,3.64029980
7545,20,0.12403309,6.89991999
7546,20,0.16050714,2.94159985
7547,20,0.16287330,3.80755186
7548,20,0.21262492,4.53027964
7549,20,0.18229282,5.28268051
7550,20,0.28757706,5.39570665
7551,20,0.19776103,5.77326250
7552,20,0.21288078,4.65036297
7553,20,0.14710808,4.31257820
7554,20,0.22880676,5.19524527
7555,20,0.16834530,2.21799421
7556,20,0.20417404,2.83575082
7557,20,0.27302748,3.95748568
7558,20,0.23284012,4.56426716
7559,20,0.24491054,4.49288988
7560,20,0.21990129,4.68203640
7561,20,0.17667601,3.56704783
7562,20,0.19369535,3.92058492
7563,20,0.19837791,3.77001834
7564,20,0.43760854,8.69467354
7565,20,0.11658430,3.80179286
7566,20,0.33017069,6.37423086
7567,20,0.27585867,3.08099151
7568,20,0.32462850,4.35277796
7569,20,0.26739818,2.78939629
7570,20,0.32087758,5.11619759
7571,20,0.19913170,3.94098091
7572,20,0.16066059,3.05786800
7573,20,0.13254309,2.69689870
7574,20,0.23827840,3.94802237
7575,20,0.18984042,4.70816565
7576,20,0.36080623,5.04607010
7577,20,0.21094483,4.51960468
7578,20,0.28141919,5.34737349
7579,20,0.26326674,3.43555188
7580,20,0.14175966,2.69500184
7581,20,0.20163938,3.72757006
7582,20,0.21281666,6.27642345
7583,20,0.14040732,4.29825306
7584,20,0.15981485,2.69099140
7585,20,0.29176557,8.10857868
7586,20,0.26705384,3.55329227
7587,20,0.22862700,3.10386252
7588,20,0.16319323,2.71167707
7589,20,0.26389265,4.02829742
7590,20,0.27691859,6.87415886
7591,20,0.23939863,4.49300289
7592,20,0.28115731,8.52477551
7593,20,0.31168079,6.48215961
7594,20,0.21336384,4.54002619
7595,20,0.18578038,2.21588230
7596,20,0.32175294,4.30650759
7597,20,0.24406710,2.66372967
7598,20,0.17498462,3.73897362
7599,20,0.20397593,3.75008273
7600,20,0.26209378,4.52213717
7601,20,0.34174073,8.61603165
7602,20,0.20478091,4.06361485
7603,20,0.35108808,9.03811359
7604,20,0.14306748,3.17694116
7605,20,0.25908306,4.71240950
7606,20,0.30894458,3.43352914
7607,20,0.32070914,5.23136377
7608,20,0.20313248,2.80700302
7609,20,0.28836417,7.56073093
7610,20,0.21961085,5.72700596
7611,20,0.29849604,5.73408461
7612,20,0.23648153,3.35578799
7613,20,0.14876989,2.56436324
7614,20,0.19638565,5.18598938
7615,20,0.31474662,4.65806103
7616,20,0.29893950,5.76376677
7617,20,0.18827036,3.25494003
7618,20,0.26934794,5.28756046
7619,20,0.24089931,3.43331385
7620,20,0.23124376,3.60520959
7621,20,0.38281733,3.85017633
7622,20,0.28613508,5.12336922
7623,20,0.23116620,3.92657065
7624,20,0.18851134,3.98879886
7625,20,0.24472564,3.82629466
7626,20,0.26208043,4.73132372
7627,20,0.31736806,6.71065092
7628,20,0.24329293,3.69674373
7629,20,0.23222892,3.81098628
7630,20,0.21057028,2.68783522
7631,20,0.21685138,3.70723057
7632,20,0.26841724,4.11776733
7633,20,0.21037345,4.29402685
7634,20,0.28189012,5.21177816
7635,20,0.32481888,3.51478148
7636,20,0.27984449,3.80417609
7637,20,0.23162483,4.13022375
7638,20,0.39191723,4.90853500
7639,20,0.16365686,4.00413704
7640,20,0.18069768,3.02630234
7641,20,0.17129540,3.37533689
7642,20,0.18852903,3.29632068
7643,20,0.21740267,3.36538506
7644,20,0.35733271,6.74341822
7645,20,0.27477804,4.52618361
7646,20,0.30006126,5.20246410
7647,20,0.23445129,4.88274574
7648,20,0.23046131,2.78645039
7649,20,0.25813499,3.78748941
7650,20,0.24435231,3.10524106
7651,20,0.22868732,4.16305017
7652,20,0.31199402,4.63288927
7653,20,0.31176573,6.40440369
7654,20,0.25169957,2.76529860
7655,20,0.24867773,4.27330971
7656,20,0.27017960,4.54168940
7657,20,0.24566954,4.51600885
7658,20,0.21217616,3.38612461
7659,20,0.26827812,3.87758398
7660,20,0.14151387,3.16600561
7661,20,0.29301825,8.94282246
7662,20,0.27630627,3.58393717
7663,20,0.23087072,4.91698837
7664,20,0.23916551,4.03180599
7665,20,0.34501839,3.98018670
7666,20,0.16603616,2.72027230
7667,20,0.28407288,3.18488812
7668,20,0.27975580,3.75497317
7669,20,0.37793162,7.56194830
7670,20,0.27184761,3.69883776
7671,20,0.14196193,3.47770882
7672,20,0.31827471,3.97176647
7673,20,0.20251405,3.95225477
7674,20,0.28144348,4.00666523
7675,20,0.27511287,4.12057734
7676,20,0.30957219,3.78807878
7677,20,0.31997734,3.56747341
7678,20,0.22655426,3.24604583
7679,20,0.16104136,2.27079701
7680,20,0.15340973,1.60249841
7681,20,0.14470819,3.11826158
7682,20,0.31321871,6.10897589
7683,20,0.25113374,5.78346634
7684,20,0.24950291,5.28742743
7685,20,0.18620470,4.32739830
7686,20,0.21964093,5.31083012
7687,20,0.29770631,2.96061182
7688,20,0.18695013,4.52839184
7689,20,0.33108434,4.09574080
7690,20,0.21660689,5.35340500
7691,20,0.22052391,2.45451570
7692,20,0.28174812,4.46592522
7693,20,0.24846783,4.53384876
7694,20,0.13918033,2.17621994
7695,20,0.30030644,4.55825043
7696,20,0.16772482,4.36143351
7697,20,0.10801501,2.76273870
7698,20,0.12432968,2.79093552
7699,20,0.18513323,2.86798358
7700,20,0.29575813,5.82955980
7701,20,0.25783548,3.50369287
7702,20,0.25886732,3.95562410
7703,20,0.25331283,4.59870100
7704,20,0.24145998,3.44158530
7705,20,0.19760075,3.85483265
7706,20,0.23200342,6.20027637
7707,20,0.29821125,7.82347584
7708,20,0.21461530,4.50025702
7709,20,0.25175279,4.23072052
7710,20,0.11385082,2.65185142
7711,20,0.30467829,7.24357510
7712,20,0.35344249,10.47795010
7713,20,0.24436179,5.13594675
7714,20,0.20513329,3.21934080
7715,20,0.31017083,3.25477695
7716,20,0.20097409,4.17895365
7717,20,0.41029578,5.36376858
7718,20,0.29187471,5.29758549
7719,20,0.21676117,3.52312398
7720,20,0.26767510,3.46977210
7721,20,0.26936400,4.65677166
7722,20,0.25232506,6.24511909
7723,20,0.25242165,4.89480925
7724,20,0.23082724,3.81088734
7725,20,0.23557156,3.40450001
7726,20,0.22642779,2.81779027
7727,20,0.16958480,2.94057298
7728,20,0.23382053,2.84779930
7729,20,0.26847827,3.99223852
7730,20,0.31256482,5.73076868
7731,20,0.31162071,5.48389530
7732,20,0.40192565,4.62062359
7733,20,0.23037098,3.97735906
7734,20,0.22408378,3.28468323
7735,20,0.27647173,3.72082210
7736,20,0.27262372,3.69896388
7737,20,0.23011725,3.77339005
7738,20,0.32523549,4.88472891
7739,20,0.28694028,3.56175351
7740,20,0.24156700,4.62860489
7741,20,0.20343587,2.59620500
7742,20,0.17564508,2.50607276
7743,20,0.20143551,4.15309477
7744,20,0.27769724,3.20316648
7745,20,0.17050986,3.65199780
7746,20,0.23808691,4.70849848
7747,20,0.26447949,3.07665563
7748,20,0.34560540,6.29434204
7749,20,0.29965273,2.86877704
7750,20,0.17776385,2.75422406
7751,20,0.18999831,3.06219506
7752,20,0.25794217,3.59769630
7753,20,0.26777312,4.61451435
7754,20,0.33958536,4.50789928
7755,20,0.17435659,4.30378246
7756,20,0.26589152,4.71862078
7757,20,0.17476502,2.54769993
7758,20,0.26851055,3.29031563
7759,20,0.19530317,4.45801306
7760,20,0.21463960,5.45592403
7761,20,0.19358434,3.54529977
7762,20,0.23530486,5.74159241
7763,20,0.15613273,2.65025163
7764,20,0.28071296,6.19662094
7765,20,0.25895959,5.23000908
7766,20,0.13436949,2.54988194
7767,20,0.26134634,6.13339615
7768,20,0.21315278,4.88055944
7769,20,0.29605007,5.42215347
7770,20,0.18748999,4.07465458
7771,20,0.24612428,4.17145634
7772,20,0.18562892,4.03167343
7773,20,0.46394330,6.85535812
7774,20,0.23805308,5.90548801
7775,20,0.31325489,6.39497519
7776,20,0.28407735,8.74356842
7777,20,0.30020654,6.88941813
7778,20,0.25939798,4.29363012
7779,20,0.26782525,2.93364406
7780,20,0.24037209,3.04415894
7781,20,0.21681944,2.34734464
7782,20,0.31727698,4.42543411
7783,20,0.23563628,3.43237281
7784,20,0.32462972,5.03543186
7785,20,0.27123234,3.75337887
7786,20,0.17048989,3.76825261
7787,20,0.29794025,4.63659620
7788,20,0.22754896,3.22018099
7789,20,0.17900370,3.07726979
7790,20,0.24040732,3.28370571
7791,20,0.24242410,6.09339428
7792,20,0.11526380,1.63054383
7793,20,0.22178820,3.75985956
7794,20,0.25945848,2.45448446
7795,20,0.16073333,2.54410219
7796,20,0.24583329,3.40077448
7797,20,0.19592437,4.01103306
7798,20,0.11647193,3.53753591
7799,20,0.34725434,7.14960241
7800,20,0.26109433,8.53375626
7801,20,0.25955153,4.61639357
7802,20,0.28347439,3.54186559
7803,20,0.25240943,2.84578013
7804,20,0.20064160,3.04705834
7805,20,0.23048896,4.29793787
7806,20,0.22461632,5.21415997
7807,20,0.33073172,5.25721931
7808,20,0.17187530,4.29716921
7809,20,0.27393380,4.37782526
7810,20,0.36505225,4.90649557
7811,20,0.31030709,6.23856068
7812,20,0.20649987,3.05994630
7813,20,0.26452631,6.34278202
7814,20,0.26664597,3.55872583
7815,20,0.19691212,3.17095613
7816,20,0.19697979,3.07539272
7817,20,0.20350727,3.29234433
7818,20,0.16677052,3.37274766
7819,20,0.16157272,2.75532150
