global_step,epoch,loss,grad_norm
0,1,2.30415344,0.21536991
1,1,2.30201721,0.19008970
2,1,2.30478668,0.33022308
3,1,2.29266357,0.29839256
4,1,2.25718689,0.44078255
5,1,2.32019806,1.58783090
6,1,2.27130890,0.27314216
7,1,2.28713989,0.23651476
8,1,2.28967285,0.29480171
9,1,2.29188538,0.24736799
10,1,2.28845215,0.19428504
11,1,2.27619171,0.30494601
12,1,2.26818085,0.25333810
13,1,2.25750732,0.28872508
14,1,2.24926758,0.75498408
15,1,2.25579834,0.60631537
16,1,2.21990967,0.51878941
17,1,2.16977692,0.85047168
18,1,2.21390533,1.20542896
19,1,2.20266342,1.39416361
20,1,2.19585419,0.47907186
21,1,2.20014954,1.52703977
22,1,2.19457245,0.76279926
23,1,2.07180786,0.92365092
24,1,2.23481750,2.34830093
25,1,2.11867905,1.90231299
26,1,2.09893036,0.80040532
27,1,2.20851898,1.53289664
28,1,2.13959503,0.72579008
29,1,2.13833618,1.01747978
30,1,2.10539246,1.05444849
31,1,2.07901001,0.88403744
32,1,2.15560150,4.02784681
33,1,1.99772835,2.67882109
34,1,2.09752655,2.61762333
35,1,2.01366806,2.06427431
36,1,2.09507751,1.16955614
37,1,2.07139587,1.25656748
38,1,2.00246048,1.09474850
39,1,2.15547180,3.71999240
40,1,2.01248932,1.55394197
41,1,2.00733185,1.67573595
42,1,2.13862610,2.08078790
43,1,1.99245834,1.46248388
44,1,2.09213257,1.51364088
45,1,1.95112610,1.13767588
46,1,1.96780396,1.26480389
47,1,2.02460480,1.52157307
48,1,1.95645142,1.26039362
49,1,1.89215088,1.36071813
50,1,1.91377258,2.08882952
51,1,1.99989700,2.27947927
52,1,1.96929169,1.77949035
53,1,2.13457012,2.64802575
54,1,2.06462860,4.20672941
55,1,1.95870972,1.02729940
56,1,2.03262329,1.42217910
57,1,1.95775986,1.47557473
58,1,1.98323059,0.82436675
59,1,2.04026794,1.75927150
60,1,1.99339676,1.26557231
61,1,1.94213104,2.52964902
62,1,1.93199921,1.51784003
63,1,1.95816231,1.62824750
64,1,2.01037979,2.09950852
65,1,1.89916420,1.89004195
66,1,1.85929298,1.53538394
67,1,1.99069023,1.74722087
68,1,1.93301010,3.72570133
69,1,1.89129639,3.53406572
70,1,1.98995399,2.07779264
71,1,1.88212204,3.13208890
72,1,1.84088707,1.86943483
73,1,1.96505356,6.32185555
74,1,1.85501099,3.34552836
75,1,1.85222626,4.16015768
76,1,1.87081528,3.99439192
77,1,1.98716736,5.94677830
78,1,1.97319031,7.20592260
79,1,1.98743439,5.12121582
80,1,1.89428711,3.29252028
81,1,2.09917450,7.32159281
82,1,1.85913086,2.35296512
83,1,1.94578552,3.15968490
84,1,1.92155457,1.75806642
85,1,1.86886215,2.01201320
86,1,2.04174805,1.93309939
87,1,1.91778564,1.63156962
88,1,1.78662109,2.88095927
89,1,1.89268684,1.47019732
90,1,1.94371557,2.71591330
91,1,1.69766808,2.82154679
92,1,1.98790288,3.94107294
93,1,1.87075233,2.44292521
94,1,1.87683105,2.40810990
95,1,1.86473846,2.88284993
96,1,1.88530731,3.43433642
97,1,1.83719635,2.18787241
98,1,1.83629227,2.12963915
99,1,1.84339523,4.44634676
100,1,2.00823975,7.35863113
101,1,1.72367096,3.03463435
102,1,1.88306808,5.09592199
103,1,1.94535446,7.71327019
104,1,1.81529999,3.86567640
105,1,1.98480892,5.69857931
106,1,1.78364944,3.82699251
107,1,1.84541702,2.31609678
108,1,1.85141945,3.04321527
109,1,1.81905556,4.28325129
110,1,1.70849609,2.07619882
111,1,1.83243942,2.16786551
112,1,1.81739426,2.03673434
113,1,1.84622002,2.54579759
114,1,1.81335449,3.64189959
115,1,1.73283243,2.12590003
116,1,1.84495354,1.76678598
117,1,1.79276276,1.95236003
118,1,1.76073360,2.35868835
119,1,1.70920944,3.55515647
120,1,1.84105873,1.87977099
121,1,1.75637054,2.52839303
122,1,1.86275101,3.67917109
123,1,1.70358658,2.49408984
124,1,1.82689476,2.52351761
125,1,1.69938660,4.87043333
126,1,1.81905365,2.67693543
127,1,1.82811737,3.70069361
128,1,1.91585732,4.46112919
129,1,1.71711159,3.15325665
130,1,1.80712318,2.73319006
131,1,1.70618916,2.07148385
132,1,1.73300982,2.82241178
133,1,1.81667900,3.32292366
134,1,1.73275375,2.46685433
135,1,1.79697132,2.54078650
136,1,1.71976852,3.03555489
137,1,1.75278854,2.07845473
138,1,1.72720337,2.68465781
139,1,1.76810646,2.64798999
140,1,1.74809265,2.24328208
141,1,1.74875450,1.72981024
142,1,1.75080109,2.41789174
143,1,1.64448166,1.57884073
144,1,1.79029465,4.84584045
145,1,1.71509361,2.31009674
146,1,1.83584785,1.80501890
147,1,1.87037659,4.43705606
148,1,1.93465710,4.16806507
149,1,1.73338699,4.02856731
150,1,1.72646523,1.74148917
151,1,1.77886391,2.48810387
152,1,1.73775673,2.29022551
153,1,1.74099731,3.41231179
154,1,1.61976719,3.85383844
155,1,1.69498527,4.41730213
156,1,1.75626922,6.29127312
157,1,1.68943024,4.02396727
158,1,1.69667935,4.34937239
159,1,1.73436356,3.01317143
160,1,1.81580925,2.47102427
161,1,1.68653393,3.21626759
162,1,1.79979897,3.28406668
163,1,1.71494102,2.11739612
164,1,1.72653532,3.83878899
165,1,1.61961746,2.24371171
166,1,1.63891029,2.68594384
167,1,1.77962685,3.06169128
168,1,1.71909595,3.17550278
169,1,1.72784901,4.96528530
170,1,1.85224533,5.13429594
171,1,1.54806042,2.22491336
172,1,1.61315203,3.15118194
173,1,1.70105648,2.71045470
174,1,1.62632918,2.68884110
175,1,1.66094685,5.98930550
176,1,1.73144674,3.98203158
177,1,1.60427380,1.66290891
178,1,1.68232918,4.90738201
179,1,1.70519352,4.05162239
180,1,1.62119484,7.38083315
181,1,1.68086767,2.38056326
182,1,1.80429196,6.13630819
183,1,1.68756104,3.09094524
184,1,1.59336662,1.92288446
185,1,1.81626797,2.28452826
186,1,1.61890602,2.13249874
187,1,1.58183575,2.02998543
188,1,1.60679436,2.30977178
189,1,1.64857388,2.71467185
190,1,1.60095286,4.04214907
191,1,1.56605530,2.77564883
192,1,1.76533389,5.77374506
193,1,1.75991678,6.31996679
194,1,1.73785686,1.96952009
195,1,1.53020763,2.66159725
196,1,1.97022533,8.66880322
197,1,1.62379646,2.86139488
198,1,1.73438072,2.20045066
199,1,1.94701672,3.75217986
200,1,1.79380035,3.46982956
201,1,1.79679871,3.11543632
202,1,1.73645973,2.92679834
203,1,1.76535368,3.36695075
204,1,1.79036951,3.36391449
205,1,1.77236843,4.88555431
206,1,1.75771737,2.00103784
207,1,1.64531827,2.95087671
208,1,1.66029882,4.97313929
209,1,1.69971466,3.88219476
210,1,1.67898560,4.19968605
211,1,1.73585701,4.57462311
212,1,1.72316360,4.02523375
213,1,1.79726315,5.13876486
214,1,1.77761078,3.12546921
215,1,1.64198685,2.01173663
216,1,1.68951988,2.23180461
217,1,1.63098443,3.24051237
218,1,1.70422935,1.76191354
219,1,1.72896624,3.36929226
220,1,1.74380803,3.65921807
221,1,1.66190362,2.51302075
222,1,1.70464873,2.61749911
223,1,1.74186325,3.32225513
224,1,1.62223196,2.80637956
225,1,1.61406708,2.31018996
226,1,1.82073021,3.37190890
227,1,1.75683403,2.96276951
228,1,1.62636566,2.13663149
229,1,1.66677380,5.08982611
230,1,1.65545082,3.01745224
231,1,1.58280563,3.64730191
232,1,1.67358780,4.53031778
233,1,1.57658958,1.66503096
234,1,1.78562546,7.26787758
235,1,1.67618942,4.07465887
236,1,1.61243534,3.72431970
237,1,1.57089090,3.96673679
238,1,1.68290710,4.73071194
239,1,1.55661869,2.76297069
240,1,1.64774561,3.76186109
241,1,1.60478020,3.38262391
242,1,1.62066436,4.59674406
243,1,1.69696617,4.11581421
244,1,1.54602122,3.88576841
245,1,1.73858869,5.57536221
246,1,1.54135799,3.54104590
247,1,1.57510138,3.65608525
248,1,1.67332792,3.67918587
249,1,1.66633129,4.60453129
250,1,1.68284893,7.48034239
251,1,1.61758137,4.28310537
252,1,1.58199501,4.08579063
253,1,1.72546005,4.67468929
254,1,1.55528450,2.85401678
255,1,1.61408913,3.09021664
256,1,1.60340667,1.78445137
257,1,1.72887802,5.29411030
258,1,1.56276131,2.47818804
259,1,1.63228226,5.14898109
260,1,1.61057806,3.71594882
261,1,1.48818636,4.52334881
262,1,1.52400661,2.38344312
263,1,1.66433811,6.22127390
264,1,1.51728535,4.17866993
265,1,1.43443108,2.58893752
266,1,1.71408606,6.39074183
267,1,1.54799557,5.76299715
268,1,1.45147133,3.40901113
269,1,1.58156979,5.89333487
270,1,1.37763608,2.19991136
271,1,1.58073699,4.88623571
272,1,1.75292635,5.23868990
273,1,1.59877110,2.91308117
274,1,1.52266788,3.99220634
275,1,1.58383894,7.46343374
276,1,1.41286898,3.29393840
277,1,1.64586687,7.95999002
278,1,1.72250962,4.77672577
279,1,1.59424686,4.52751589
280,1,1.55986357,5.76604700
281,1,1.66766453,4.29387188
282,1,1.59921455,4.14774752
283,1,1.44586182,4.33293343
284,1,1.63870335,4.15191269
285,1,1.58200955,6.08671761
286,1,1.69276190,6.73395443
287,1,1.63796377,4.99007940
288,1,1.41369915,2.41947150
289,1,1.53777981,4.22165108
290,1,1.67712927,3.83612800
291,1,1.57700562,3.63582635
292,1,1.57920253,2.82203674
293,1,1.61529970,3.21987033
294,1,1.63044500,2.07608604
295,1,1.45144463,1.88900232
296,1,1.58848381,2.61441302
297,1,1.49212480,1.87246549
298,1,1.60142517,2.13776374
299,1,1.40481091,2.58251166
300,1,1.47899437,3.62928605
301,1,1.37661755,3.20804286
302,1,1.69915462,5.30959129
303,1,1.37245750,4.77779675
304,1,1.68743062,5.19784403
305,1,1.57792091,4.30000448
306,1,1.52437758,5.98428106
307,1,1.50564289,3.32396078
308,1,1.52306652,2.79495931
309,1,1.39178371,2.75644851
310,1,1.40875149,4.63081646
311,1,1.48946786,3.55248499
312,1,1.48818159,3.06177545
313,1,1.73976040,4.37383938
314,1,1.50194073,6.08273602
315,1,1.51904297,3.14828086
316,1,1.39902282,2.59077239
317,1,1.43007898,3.57440996
318,1,1.46320295,3.31174135
319,1,1.50729012,6.75592947
320,1,1.51492620,3.29976273
321,1,1.59953964,5.18833637
322,1,1.52946854,5.05864334
323,1,1.61992991,4.33850288
324,1,1.52213335,4.69594908
325,1,1.48721266,2.65305376
326,1,1.42151356,3.27812433
327,1,1.44689512,2.93491340
328,1,1.51635695,3.51581097
329,1,1.58475590,4.67148066
330,1,1.30115378,4.05423355
331,1,1.38593042,2.75360131
332,1,1.64261580,3.53097439
333,1,1.45390892,4.52203369
334,1,1.57385445,4.59817934
335,1,1.47284603,5.53510284
336,1,1.56346703,3.11531973
337,1,1.32227421,3.09574199
338,1,1.53139496,4.11335659
339,1,1.40412140,3.82086921
340,1,1.44057560,2.48938036
341,1,1.32800639,2.87932897
342,1,1.49336886,6.67677021
343,1,1.41906130,5.84758759
344,1,1.56950951,4.18998623
345,1,1.59880304,6.49861717
346,1,1.32815647,5.02595472
347,1,1.54170310,3.92265415
348,1,1.51846886,4.20073938
349,1,1.37845898,3.49641395
350,1,1.64660072,5.50671911
351,1,1.44438314,3.18832493
352,1,1.36726665,3.72224021
353,1,1.42241859,5.07031155
354,1,1.33390749,3.60952449
355,1,1.38161325,5.36478138
356,1,1.46211982,4.73346376
357,1,1.46486580,3.74735212
358,1,1.40612912,5.68937111
359,1,1.69186354,7.97216415
360,1,1.58137941,5.62790346
361,1,1.38288999,6.19535494
362,1,1.34103894,4.42292833
363,1,1.32895184,2.64103985
364,1,1.41190815,4.52515459
365,1,1.36768174,4.26476192
366,1,1.44838238,3.98854709
367,1,1.29983544,2.43539643
368,1,1.50685894,3.66833019
369,1,1.49898458,3.08401084
370,1,1.59027719,4.02800322
371,1,1.34416664,4.36163521
372,1,1.43769169,2.81892323
373,1,1.46099377,3.89982033
374,1,1.47602654,3.36159849
375,1,1.37585020,4.00383806
376,1,1.40057755,2.73282242
377,1,1.36969471,2.85511446
378,1,1.44050241,4.73638916
379,1,1.65343475,5.32949734
380,1,1.43106842,2.93675375
381,1,1.41956329,4.37770605
382,1,1.57564807,5.90631533
383,1,1.35893059,3.99139929
384,1,1.36642885,4.04011106
385,1,1.35547578,3.27125287
386,1,1.37585175,3.92400455
387,1,1.43174648,2.88635159
388,1,1.44780636,3.65871167
389,1,1.41813898,6.30541229
390,1,1.39944720,5.81760931
391,2,1.42715216,6.79766750
392,2,1.51131070,7.26542711
393,2,1.40495229,3.25360298
394,2,1.37062931,3.00952029
395,2,1.43955326,3.09893632
396,2,1.43934155,2.99275303
397,2,1.43414450,2.65846705
398,2,1.27126479,2.74684811
399,2,1.26143503,3.91913652
400,2,1.30567431,3.60696816
401,2,1.35088778,3.17536569
402,2,1.39348650,5.20173883
403,2,1.46631372,4.69448280
404,2,1.28091002,4.32360172
405,2,1.36554956,3.71280289
406,2,1.32136571,3.48292899
407,2,1.36441040,2.67220020
408,2,1.20731175,5.61882305
409,2,1.32085419,5.07748508
410,2,1.46412027,5.48061609
411,2,1.35669231,4.08954477
412,2,1.45631647,5.05932570
413,2,1.21674848,4.61347532
414,2,1.32664752,4.43738747
415,2,1.28520644,5.15012836
416,2,1.74020767,12.21881580
417,2,1.36580133,4.70004559
418,2,1.45474875,5.10320759
419,2,1.55185986,6.69603157
420,2,1.42642546,6.93864775
421,2,1.47727442,3.10962677
422,2,1.46198821,5.07393742
423,2,1.53899479,5.77767134
424,2,1.44003034,5.18390656
425,2,1.43259764,5.68037605
426,2,1.40509272,4.06819963
427,2,1.25185287,5.68171835
428,2,1.49812627,4.00778913
429,2,1.47769201,4.31443453
430,2,1.23211324,2.43022346
431,2,1.28509283,5.18241692
432,2,1.44545567,8.92216682
433,2,1.24347448,3.30085850
434,2,1.39714634,5.24720716
435,2,1.55866516,8.60347080
436,2,1.27095604,3.84861326
437,2,1.48703969,6.35503054
438,2,1.69157112,6.24022722
439,2,1.51338387,7.89872885
440,2,1.17005265,3.39856410
441,2,1.36736131,3.77771568
442,2,1.53268147,9.27619076
443,2,1.36611128,3.14942336
444,2,1.45268750,3.46283984
445,2,1.35965085,3.49117804
446,2,1.52239227,6.33873987
447,2,1.38825130,5.87564754
448,2,1.31573415,3.54359484
449,2,1.42901039,3.99460363
450,2,1.41292143,6.99941826
451,2,1.33418608,5.86934710
452,2,1.26960683,4.32825184
453,2,1.48011911,4.82910156
454,2,1.33359861,5.60917854
455,2,1.61998975,8.21586609
456,2,1.43313539,2.80643415
457,2,1.20746064,4.20170593
458,2,1.30042315,3.93381548
459,2,1.48877525,6.32771254
460,2,1.43047631,4.59830046
461,2,1.38503838,3.67556691
462,2,1.36924171,5.97196341
463,2,1.55097616,7.92173338
464,2,1.43431234,4.86032915
465,2,1.42270494,6.11726570
466,2,1.41217566,4.10540056
467,2,1.30045176,3.24854946
468,2,1.25744343,3.34545732
469,2,1.34894109,5.25516415
470,2,1.34357953,4.33812475
471,2,1.25632977,3.11499858
472,2,1.31821012,4.47141218
473,2,1.36263585,5.53229046
474,2,1.21572852,2.83190465
475,2,1.29642940,4.68515015
476,2,1.32830834,6.69319534
477,2,1.42656493,4.49150372
478,2,1.35544384,3.28587174
479,2,1.43109858,3.85960531
480,2,1.19124055,4.42419720
481,2,1.46172261,6.07851362
482,2,1.16675925,6.31666374
483,2,1.34629202,3.36930752
484,2,1.26345730,3.56704307
485,2,1.27976966,3.75137353
486,2,1.26664305,4.58748817
487,2,1.36333311,4.52359724
488,2,1.14862633,4.20387173
489,2,1.34467947,4.56722689
490,2,1.21821487,4.81392145
491,2,1.22917080,5.80350065
492,2,1.18135619,4.85006857
493,2,1.25480092,6.66491842
494,2,1.42627203,4.02252150
495,2,1.39042413,4.81972075
496,2,1.50687385,3.82839561
497,2,1.34688067,4.08838844
498,2,1.46676564,3.26845455
499,2,1.20382309,3.76400304
500,2,1.25668728,3.94244385
501,2,1.20083523,2.84932065
502,2,1.44067395,3.82746172
503,2,1.23731780,5.12469149
504,2,1.38033080,4.60451126
505,2,1.21728885,3.82383990
506,2,1.34616423,4.66747618
507,2,1.29248130,5.74830484
508,2,1.23302305,5.00372648
509,2,1.27535999,5.19161272
510,2,1.34276700,6.97851324
511,2,1.25097394,5.67673349
512,2,1.26930118,5.12796831
513,2,1.60888028,8.64193630
514,2,1.38668203,7.24461651
515,2,1.43828416,8.99901295
516,2,1.18853903,3.59109879
517,2,1.40923643,6.99833488
518,2,1.43021178,3.98550987
519,2,1.47646117,5.84397602
520,2,1.21010852,2.94139361
521,2,1.34530890,3.07521105
522,2,1.26718998,3.55561972
523,2,1.29432201,3.72257471
524,2,1.34137416,5.41657877
525,2,1.25458145,5.13435268
526,2,1.18389893,3.42912364
527,2,1.39775717,3.81830716
528,2,1.18683553,3.47743988
529,2,1.32269025,3.16345024
530,2,1.26383412,4.73016882
531,2,1.19325769,5.03001308
532,2,1.25683475,5.64816666
533,2,1.23069143,4.46058655
534,2,1.19304574,6.19038725
535,2,1.21706605,4.78228426
536,2,1.37030816,6.26902485
537,2,1.26603186,4.37590694
538,2,1.22794342,7.16224909
539,2,1.36397839,4.26998854
540,2,1.17570066,5.61258745
541,2,1.38840663,6.86338758
542,2,1.32527077,4.55744505
543,2,1.28946233,6.26701832
544,2,1.20331025,5.33589554
545,2,1.35440755,4.62200356
546,2,1.20584941,4.50215769
547,2,1.39900970,7.05030346
548,2,1.21798730,5.03862095
549,2,1.27085567,3.75596523
550,2,1.30981493,5.44300652
551,2,1.25369823,6.18976974
552,2,1.21744728,3.33286023
553,2,1.33100533,6.02399874
554,2,1.26347399,7.35884380
555,2,1.25304747,5.36406755
556,2,1.17672336,5.20086575
557,2,1.26826835,4.59854555
558,2,1.27286887,5.95845795
559,2,1.23125327,6.23232031
560,2,1.15246093,4.92191935
561,2,1.22003543,5.24296474
562,2,1.37946928,5.08379984
563,2,1.16888297,6.49419928
564,2,1.10457063,4.91151667
565,2,1.27824259,3.73328090
566,2,1.26415586,4.30205059
567,2,1.27916861,5.17301369
568,2,1.20523787,6.97726583
569,2,1.14085639,2.83257174
570,2,1.16938615,5.75661469
571,2,1.28004205,6.10936022
572,2,1.27555096,4.74859810
573,2,1.20378518,3.63791370
574,2,1.27292347,4.32161808
575,2,1.12275589,5.74910021
576,2,1.37848997,3.68486547
577,2,1.28829181,4.72873306
578,2,1.25630701,4.04557514
579,2,1.13946593,3.43267131
580,2,1.14932013,5.04818153
581,2,1.13171375,3.01231122
582,2,1.34086990,6.32547855
583,2,1.31656253,6.80311203
584,2,1.27615952,5.75396299
585,2,1.17191374,5.82776594
586,2,1.12639749,5.40506792
587,2,1.11532080,6.36581182
588,2,1.20781684,4.84760094
589,2,1.10953760,5.06675720
590,2,1.32201576,5.40195179
591,2,1.30249345,4.60773993
592,2,1.43682075,6.29686594
593,2,1.21987438,4.46659279
594,2,1.24532282,4.06385851
595,2,1.19747210,5.82975912
596,2,1.32554567,6.22358561
597,2,1.00773025,3.80140948
598,2,1.07268429,4.64597845
599,2,1.26156068,6.01055956
600,2,1.13443696,5.38551950
601,2,1.15751791,7.16048670
602,2,1.13490808,5.14761019
603,2,1.10105968,6.26980639
604,2,1.29558468,8.76646423
605,2,1.26095366,4.66252899
606,2,1.26189852,4.55309772
607,2,1.26450443,4.02090740
608,2,1.28955352,5.80814600
609,2,1.20226872,5.03619480
610,2,1.31400776,5.34572029
611,2,1.09988880,4.82374430
612,2,1.03492332,4.38628817
613,2,1.17214775,5.47851515
614,2,1.12464166,4.67179966
615,2,1.41978908,4.02366781
616,2,1.27363372,6.44072056
617,2,1.16212344,4.37111855
618,2,1.07255125,4.43367529
619,2,1.21503830,4.60944080
620,2,1.15481901,3.91246223
621,2,1.17720032,3.85983372
622,2,1.24765635,4.66450453
623,2,1.11478114,4.69378519
624,2,1.16660511,4.45509624
625,2,1.13202226,9.46682358
626,2,1.22020531,9.03542137
627,2,0.99444073,5.45728254
628,2,1.22239113,8.60476303
629,2,1.13232636,7.69117212
630,2,1.15175390,6.55106878
631,2,1.05767846,4.82155943
632,2,1.02406549,5.32237530
633,2,1.14397991,5.95829821
634,2,1.20273781,5.71043825
635,2,1.01119435,4.82931376
636,2,1.03600335,4.89464474
637,2,1.21236181,5.25241327
638,2,1.19754624,5.55181122
639,2,1.05703092,4.96066809
640,2,1.18205070,5.85823965
641,2,1.02712381,3.88670421
642,2,1.26975191,7.59562683
643,2,1.10037673,4.24880981
644,2,1.11532748,5.43547201
645,2,1.36762071,8.97814083
646,2,1.25838304,3.93207479
647,2,1.16079354,8.28841877
648,2,1.38430560,10.09189320
649,2,1.17763448,4.83732891
650,2,1.15234029,5.72546244
651,2,1.28534555,8.99350452
652,2,1.26860070,7.16563892
653,2,1.12774777,3.88676476
654,2,1.03491604,4.76077890
655,2,1.30207074,6.17163038
656,2,1.42195559,6.28067160
657,2,1.15544796,4.20571947
658,2,1.20715439,6.11209297
659,2,1.36154413,4.68288279
660,2,1.32581937,5.09271383
661,2,1.26038551,5.34448433
662,2,1.34023881,6.18172979
663,2,1.47204661,10.23614788
664,2,1.22886515,7.49197340
665,2,1.27272296,4.73765755
666,2,1.13474178,5.46855497
667,2,1.36442900,7.13863230
668,2,1.24221253,5.28241205
669,2,1.13101149,3.67017436
670,2,1.14476585,6.98312616
671,2,1.31655228,3.54972601
672,2,1.16398513,5.58959103
673,2,1.34347773,5.66247272
674,2,1.16871977,4.30968094
675,2,1.16938448,4.95417500
676,2,1.16048419,4.90983820
677,2,1.20854604,3.48769116
678,2,1.27659011,6.27059793
679,2,1.30534303,6.27972794
680,2,1.13548100,5.28905678
681,2,1.16208732,5.87832212
682,2,1.22068000,4.71305847
683,2,1.15096724,7.51819754
684,2,1.09744406,3.63717103
685,2,1.21478510,9.47056198
686,2,1.18399429,9.72814941
687,2,1.14721751,3.47943854
688,2,1.09242988,5.15743780
689,2,1.32053721,5.30937243
690,2,1.35891962,5.73089552
691,2,1.09562039,4.90950394
692,2,1.16795373,3.46912575
693,2,1.13353097,5.79958105
694,2,1.13713646,4.30462790
695,2,1.30897379,5.09296989
696,2,1.07254434,3.98316479
697,2,1.10223007,4.88229418
698,2,1.18365514,5.27429628
699,2,1.11147559,5.07072735
700,2,1.13540816,8.03525639
701,2,1.14546752,6.18100309
702,2,1.15280640,5.96401119
703,2,1.05386782,4.42614698
704,2,1.26030731,8.80039692
705,2,1.19953394,5.70195723
706,2,0.97568297,4.40581751
707,2,1.04175055,5.39271832
708,2,1.11492121,4.10918283
709,2,1.22125208,6.65898609
710,2,1.03143740,3.20280600
711,2,1.16415429,3.96906209
712,2,1.25951183,4.66885996
713,2,1.16030073,4.78915548
714,2,1.01096201,6.07453394
715,2,1.07199311,5.11072969
716,2,1.17837405,7.85789728
717,2,1.14195704,7.40324688
718,2,0.97242844,5.40746832
719,2,1.11402011,6.50845814
720,2,0.95562994,6.21710110
721,2,1.20348406,6.93307877
722,2,1.25820601,9.51007748
723,2,0.98640442,4.26284075
724,2,1.22367477,5.13099384
725,2,1.28176427,7.61771584
726,2,1.16309834,4.91095877
727,2,1.08944464,6.73281002
728,2,1.27893567,6.42177105
729,2,1.18544936,5.11069536
730,2,1.16917539,7.57589865
731,2,1.18876576,5.96040106
732,2,1.10352278,9.43164349
733,2,1.12941468,6.05447626
734,2,1.09527028,7.15376759
735,2,1.26089251,6.21614170
736,2,1.19019198,7.34931231
737,2,1.33906507,7.43076038
738,2,1.21293402,6.22237206
739,2,1.01989388,4.26434994
740,2,1.00046039,3.54340792
741,2,1.10103858,4.74346781
742,2,1.26938820,7.27964211
743,2,1.14595079,3.41863942
744,2,1.29764295,4.80579376
745,2,1.20399642,4.63382769
746,2,1.30179012,6.12196350
747,2,1.01432765,4.94030142
748,2,1.08696961,5.19205523
749,2,1.19187129,6.01051950
750,2,0.98265547,4.13328934
751,2,1.20704770,4.67243004
752,2,1.25690818,5.95526791
753,2,0.94327980,4.17136812
754,2,1.14211583,5.10617781
755,2,1.16107774,5.02081203
756,2,1.13024557,6.80669212
757,2,1.09775984,5.02944040
758,2,0.94048226,5.34685326
759,2,1.04168379,4.94631004
760,2,1.10618281,5.16700506
761,2,1.04502130,5.10961866
762,2,1.02171052,5.55841923
763,2,0.97399259,4.52321339
764,2,1.06778228,5.42661715
765,2,1.05037415,7.56870127
766,2,1.17131400,4.92011261
767,2,1.30465746,6.95872974
768,2,0.99291170,3.86579418
769,2,1.20469046,5.17863464
770,2,1.11619389,5.97471905
771,2,1.20727122,9.13001156
772,2,1.11678123,6.75521517
773,2,0.88822305,5.91008186
774,2,0.92364174,3.65871954
775,2,1.18282199,6.41810274
776,2,1.10961258,6.56230068
777,2,1.08618212,8.40232754
778,2,1.04728401,6.31564045
779,2,1.19263148,7.54850435
780,2,1.16175389,9.67807388
781,2,0.94639081,5.65871763
782,3,1.09143853,6.21369171
783,3,1.10549212,7.03390789
784,3,1.15519094,6.29153204
785,3,1.04116392,5.39102602
786,3,1.03404844,4.76565123
787,3,0.92186499,4.83829308
788,3,1.07638609,5.62480211
789,3,1.18090820,6.25557423
790,3,1.11810017,5.53642130
791,3,1.04059529,5.77215958
792,3,0.96952742,4.92605066
793,3,0.99780416,5.06343889
794,3,1.07911313,4.01802063
795,3,1.02277946,4.87683964
796,3,1.04102826,3.66974068
797,3,1.02100480,5.30057573
798,3,0.98313165,5.49462509
799,3,0.98103249,6.58767986
800,3,1.00802326,6.61241007
801,3,1.07429242,4.45645571
802,3,1.07881606,5.11047411
803,3,0.89448810,5.30447292
804,3,1.04643250,5.98866320
805,3,0.81722218,4.77054214
806,3,1.00170159,4.92171478
807,3,0.98672259,8.16563606
808,3,1.09282660,6.93598461
809,3,1.00036407,4.86870384
810,3,1.05141854,5.27593756
811,3,0.98937941,4.53450346
812,3,1.05687237,6.22232008
813,3,0.86281598,5.22098684
814,3,0.96881986,5.90972328
815,3,1.15803277,5.28269386
816,3,1.07205474,6.25056458
817,3,1.00764823,4.99848366
818,3,1.08863497,8.44128036
819,3,0.99486482,6.18014050
820,3,0.93169689,3.57190990
821,3,1.01216173,6.76516819
822,3,1.06728768,4.67061043
823,3,0.97738165,5.54602957
824,3,0.87257499,4.51069546
825,3,0.93347806,5.62919664
826,3,0.98074013,6.30208826
827,3,1.21879435,8.97432232
828,3,1.14334774,5.73544216
829,3,1.13921988,6.88533831
830,3,0.97529554,6.27155399
831,3,0.93009722,5.45231104
832,3,0.95482790,4.78576946
833,3,1.15752232,7.36094141
834,3,1.15427470,6.12027025
835,3,0.93111306,3.82076645
836,3,1.09107745,4.93894100
837,3,1.12828183,6.35468578
838,3,1.05122018,4.98526764
839,3,1.08713663,6.37291670
840,3,0.82242966,4.48947001
841,3,1.13238692,6.19401693
842,3,1.11099768,8.01142788
843,3,0.93356323,4.96162701
844,3,0.85416102,4.79900074
845,3,0.98031831,4.96621704
846,3,1.01442862,4.09691668
847,3,0.88937485,4.68946123
848,3,0.99062949,9.69330215
849,3,1.04934931,5.06509972
850,3,0.85813075,4.85331535
851,3,0.91849566,5.06388378
852,3,0.99799603,6.85535431
853,3,0.92370224,6.62351942
854,3,0.89800698,7.06325769
855,3,1.17276549,6.59273481
856,3,0.86202830,6.78356409
857,3,0.94357008,6.38495731
858,3,1.09950995,7.02387905
859,3,0.90530074,6.61857224
860,3,0.98760492,6.62655735
861,3,0.99529815,6.04776192
862,3,1.09063482,5.12388086
863,3,1.03527570,5.50654745
864,3,1.09104776,5.80534172
865,3,1.15760744,6.85639858
866,3,0.91943222,6.89846945
867,3,0.87173390,4.03530931
868,3,0.95828044,4.38680744
869,3,0.92513800,3.85507917
870,3,0.85730582,4.04921007
871,3,0.93079853,6.57529783
872,3,1.11386776,6.73069143
873,3,0.99263692,4.64957333
874,3,0.89814031,5.22305155
875,3,0.93908328,7.14097404
876,3,0.89368850,4.82249975
877,3,1.23450923,5.12404203
878,3,1.09079075,7.41164064
879,3,0.98486710,4.40565968
880,3,1.01094961,7.54089165
881,3,1.01248538,6.65117693
882,3,0.95774209,9.89680386
883,3,0.92169696,3.80036092
884,3,1.21676493,6.61905432
885,3,1.06871676,7.16065121
886,3,1.01133966,5.02693605
887,3,1.08343720,7.03739691
888,3,1.17470908,4.37704659
889,3,1.04946423,3.95634055
890,3,1.11897218,5.11779022
891,3,1.03983402,4.84755802
892,3,1.10571647,5.15028954
893,3,1.05401254,4.58831549
894,3,1.01258588,4.07789946
895,3,1.11821771,5.68700981
896,3,1.00184476,4.69236612
897,3,1.05389535,5.21717453
898,3,1.02808070,6.46654606
899,3,1.03831458,5.49303532
900,3,1.07372999,8.54149342
901,3,0.89608943,6.70644712
902,3,1.09030092,7.08634377
903,3,0.99274510,5.16620302
904,3,0.87821674,5.08060503
905,3,1.00434947,7.37322330
906,3,1.10539973,6.53162766
907,3,1.09034538,6.68362570
908,3,1.14716458,9.26592064
909,3,1.14969814,9.10600376
910,3,1.00947475,6.68883657
911,3,0.88826907,6.11947155
912,3,1.20769703,6.74428558
913,3,1.07429695,4.66042376
914,3,1.02854514,7.30030727
915,3,0.84833658,3.26737857
916,3,0.96908247,6.19418001
917,3,1.08833981,4.23043156
918,3,0.98003316,4.53477192
919,3,0.91898990,5.31280041
920,3,1.05847597,5.18849611
921,3,0.98943931,4.12714243
922,3,0.95366681,8.19485569
923,3,1.10185170,5.71191549
924,3,0.95033795,6.21180820
925,3,0.95616311,7.68256235
926,3,1.10085225,6.24423027
927,3,0.89162213,4.60785055
928,3,0.97634983,6.33616352
929,3,1.07677674,7.33492851
930,3,1.05814338,8.50384140
931,3,1.12399650,7.55693626
932,3,0.92066723,4.31589031
933,3,0.99481094,4.33474398
934,3,1.11166978,8.53297806
935,3,0.96108782,4.83735085
936,3,0.99942195,4.51977921
937,3,1.01885390,4.34632301
938,3,1.01687193,3.35878968
939,3,1.16218925,5.52461720
940,3,0.93500048,4.90344667
941,3,0.95570493,5.62521791
942,3,0.94614071,4.21394873
943,3,1.03344941,5.96623278
944,3,0.91411293,4.99625063
945,3,0.92412400,6.35223532
946,3,1.16525578,6.32560968
947,3,0.94994813,5.10110426
948,3,1.24031210,5.55166960
949,3,0.97388256,4.44712210
950,3,0.92184186,3.21322775
951,3,1.08839154,7.28307915
952,3,1.03003800,5.36468363
953,3,1.03529859,5.17114258
954,3,1.10344207,4.49291611
955,3,1.03188956,5.39244461
956,3,1.06815422,6.07174015
957,3,0.84937441,5.01358223
958,3,0.85462785,5.07816696
959,3,1.10023236,5.50991106
960,3,1.04741156,5.40237236
961,3,1.01583529,3.68770027
962,3,0.96495062,5.29862070
963,3,0.95131856,8.31731796
964,3,1.00440454,4.99117708
965,3,0.84118032,3.34908104
966,3,0.89859629,3.81248641
967,3,0.97978336,5.32919407
968,3,1.06216526,7.97282267
969,3,0.89282131,5.44067097
970,3,0.89808291,8.03719139
971,3,0.92169303,5.15003347
972,3,1.05826294,7.96637726
973,3,0.86615759,5.78186560
974,3,0.93181950,5.24566031
975,3,0.85454512,8.26169682
976,3,1.05126560,5.09580946
977,3,0.91283786,5.49309254
978,3,0.93306720,6.99462652
979,3,1.09505033,7.68007231
980,3,1.14796138,7.13951731
981,3,0.98458362,7.42323589
982,3,1.19295883,8.15408993
983,3,0.88414770,6.34954739
984,3,1.14047718,7.76633549
985,3,0.95582628,5.90924406
986,3,1.00643337,6.61764193
987,3,0.94135165,3.60401297
988,3,1.11235285,5.82326841
989,3,0.90821320,6.19487906
990,3,0.96971434,5.41868544
991,3,1.00794446,3.63721538
992,3,1.19024968,9.35327148
993,3,1.05326438,6.95134830
994,3,0.96061838,5.70705938
995,3,0.90496260,3.87560654
996,3,0.92895013,5.23238611
997,3,1.12787914,5.37027836
998,3,1.03113103,6.08580542
999,3,0.99598843,5.28084564
1000,3,1.09732056,8.11596394
1001,3,0.84779954,4.09582996
1002,3,1.04482388,4.24847555
1003,3,0.92980075,5.77343369
1004,3,0.97295111,5.41520452
1005,3,0.94118571,4.48938560
1006,3,0.99903548,3.95618486
1007,3,1.00595641,5.50512791
1008,3,1.14089632,6.10334826
1009,3,0.93411475,5.31139278
1010,3,0.92943358,8.10829926
1011,3,1.03175592,5.35827446
1012,3,0.97933090,6.38202095
1013,3,0.89125896,4.67175913
1014,3,0.99785066,8.72485638
1015,3,1.14738512,5.88762999
1016,3,1.22585583,7.62883043
1017,3,1.16869795,7.27413416
1018,3,1.04128325,4.82079840
1019,3,0.95901996,4.12445927
1020,3,1.01467431,4.79800558
1021,3,0.98790556,5.76410580
1022,3,0.83036399,3.94690061
1023,3,0.99260211,5.55122089
1024,3,0.90654558,3.74391556
1025,3,1.00778091,5.00932217
1026,3,0.98737621,5.46774149
1027,3,0.78580761,4.34956074
1028,3,0.87706035,5.93017006
1029,3,1.15846562,7.98655272
1030,3,1.11246145,7.77648258
1031,3,1.00470567,5.48441029
1032,3,1.02209044,5.07658386
1033,3,1.00291443,5.27922821
1034,3,0.86746633,5.83369255
1035,3,1.19681823,9.77017403
1036,3,1.13707328,5.13913155
1037,3,1.05577540,7.07788610
1038,3,0.97659141,4.92008972
1039,3,1.03910697,5.39173985
1040,3,1.12797582,6.55580616
1041,3,0.91004157,5.60220909
1042,3,0.93243551,4.83352184
1043,3,1.05727136,5.71050215
1044,3,0.79833865,3.94143558
1045,3,1.01165438,7.59485340
1046,3,0.94244629,3.88864303
1047,3,0.94435817,4.29564810
1048,3,0.96839708,5.45723057
1049,3,0.89214301,5.61189890
1050,3,0.96329135,4.07473660
1051,3,0.84130239,3.98333764
1052,3,1.00895858,5.32999516
1053,3,0.74979448,5.36136341
1054,3,1.03589678,4.35124445
1055,3,1.09787118,7.54161406
1056,3,0.97217309,5.08084345
1057,3,0.89365619,3.87254691
1058,3,1.05848455,6.36659861
1059,3,0.93450910,5.92990589
1060,3,0.90940404,5.77046490
1061,3,0.69390422,5.47887039
1062,3,1.17810595,7.20171404
1063,3,0.98211324,5.79327059
1064,3,1.03302038,7.98214626
1065,3,1.05852115,8.57179070
1066,3,0.97206491,8.39504433
1067,3,0.86390090,6.44828606
1068,3,1.01935935,7.36138678
1069,3,0.95665896,5.57872152
1070,3,1.15685129,8.16294003
1071,3,0.86726499,4.93202591
1072,3,0.91398764,4.76816893
1073,3,0.90680981,4.61012745
1074,3,1.26536560,8.70099735
1075,3,1.02194464,5.02493191
1076,3,0.92346418,4.91197681
1077,3,0.98722702,5.27215385
1078,3,0.88528967,3.57700777
1079,3,0.92690796,5.37391138
1080,3,1.07775235,5.18458652
1081,3,0.89070976,6.00889730
1082,3,0.77853906,4.91916990
1083,3,0.81138510,3.86977553
1084,3,0.93750042,4.88997173
1085,3,1.01866341,5.11631298
1086,3,0.98572934,6.76038980
1087,3,0.83737433,5.27048397
1088,3,1.22573495,inf
1089,3,1.29640472,12.37567806
1090,3,0.70100176,5.50423479
1091,3,0.88585770,5.45844412
1092,3,0.90436167,4.73613405
1093,3,0.80888987,4.75724936
1094,3,0.90804124,6.21252489
1095,3,1.07151556,5.33759737
1096,3,0.96029830,6.27593899
1097,3,0.97521627,7.71769810
1098,3,0.96998918,4.45632935
1099,3,0.80232692,5.96847248
1100,3,0.84811443,5.29955149
1101,3,0.96731883,7.74905872
1102,3,0.77822077,5.41284227
1103,3,1.06291962,6.23978758
1104,3,0.91114914,5.39242077
1105,3,0.74270099,3.47516870
1106,3,1.02178884,4.94164705
1107,3,0.87572920,4.71533251
1108,3,0.79127491,4.10872078
1109,3,0.82173324,5.26827955
1110,3,1.00456393,4.54468536
1111,3,1.10839224,6.14934349
1112,3,0.92542917,4.67314863
1113,3,0.78945208,5.61603642
1114,3,1.11939740,5.85908127
1115,3,0.87438774,3.82191682
1116,3,0.89513338,5.86765528
1117,3,0.81720519,5.13025141
1118,3,0.79350644,7.39824915
1119,3,0.79276776,4.73185730
1120,3,1.00895679,3.20793986
1121,3,0.80703926,4.88018417
1122,3,0.99405241,6.84190798
1123,3,1.03073764,7.71284628
1124,3,0.92693436,5.72004890
1125,3,0.86973214,4.33109951
1126,3,1.11700487,8.61443043
1127,3,0.98144233,7.38260794
1128,3,0.76771998,5.43823814
1129,3,0.94990230,4.31321144
1130,3,0.89476228,5.88386345
1131,3,0.92218125,5.12587023
1132,3,0.88590968,6.50960207
1133,3,1.00961804,6.49523211
1134,3,0.93105316,5.63402510
1135,3,0.91845757,4.53842354
1136,3,1.19108260,6.73944855
1137,3,1.12277603,4.16074800
1138,3,0.87247807,4.11148787
1139,3,0.93519330,5.57121229
1140,3,0.83442920,4.56382942
1141,3,0.95059127,4.90527773
1142,3,0.93429363,5.59418344
1143,3,0.92257297,3.94790268
1144,3,0.86425871,5.92661905
1145,3,0.67797625,4.64903784
1146,3,1.07702017,4.92504120
1147,3,0.94575351,5.31641388
1148,3,1.01451516,6.39259434
1149,3,0.93382561,4.36342812
1150,3,0.78771615,3.60993433
1151,3,0.91426539,6.56206799
1152,3,0.87636578,3.82817650
1153,3,0.85140407,4.85061073
1154,3,0.82879102,4.62399960
1155,3,0.87809515,4.33554792
1156,3,0.75802720,5.60795641
1157,3,0.82474518,4.61218357
1158,3,0.68787587,4.59299517
1159,3,0.91872519,4.47453833
1160,3,1.19641590,6.99044132
1161,3,1.01870537,4.90315866
1162,3,0.97131097,4.06704187
1163,3,1.11639535,7.60914660
1164,3,0.84207559,4.85819435
1165,3,0.86666125,5.47303200
1166,3,0.92341113,4.03760242
1167,3,0.74387276,5.73489523
1168,3,0.77106792,4.77831173
1169,3,0.60771132,3.73411965
1170,3,0.74744076,4.96173429
1171,3,1.02833128,6.51207685
1172,3,0.70459163,8.34699249
1173,4,0.93589437,7.95049810
1174,4,0.94511616,10.27116299
1175,4,0.78151238,4.38951159
1176,4,0.92407012,5.36041021
1177,4,0.83122116,4.72598362
1178,4,0.92538804,5.00519562
1179,4,0.82701778,5.77728844
1180,4,0.78308004,4.99456120
1181,4,0.83644480,6.00244808
1182,4,0.92197853,6.41678476
1183,4,1.01376319,5.41493750
1184,4,0.87459028,7.12463236
1185,4,0.91417235,4.34781122
1186,4,0.68189585,4.49893999
1187,4,0.87786299,6.65072346
1188,4,0.98156524,5.91874886
1189,4,0.79648662,7.18386889
1190,4,0.85763669,4.38627958
1191,4,0.86916459,9.43160439
1192,4,0.77310771,4.91543770
1193,4,0.79370201,4.17841482
1194,4,0.66418689,4.60766983
1195,4,0.90663439,4.85667658
1196,4,1.08933711,7.85983610
1197,4,0.88869584,5.91526747
1198,4,0.74727702,5.96824789
1199,4,0.87924987,5.82430840
1200,4,0.72878617,6.12309694
1201,4,0.84537566,5.83854818
1202,4,0.94466370,5.59240675
1203,4,0.80701196,6.18532705
1204,4,0.91211355,7.26098442
1205,4,0.79871041,4.95753479
1206,4,0.93975645,5.95250130
1207,4,0.89517248,4.82362127
1208,4,0.80461216,5.15649223
1209,4,0.75975931,4.64094734
1210,4,0.95976758,4.59194994
1211,4,1.02551484,6.14507771
1212,4,0.96718025,7.33797407
1213,4,0.81220329,5.96893215
1214,4,0.81993961,6.05663157
1215,4,0.94714642,6.35305786
1216,4,0.89116514,4.98003721
1217,4,0.80085874,6.23900414
1218,4,0.93079984,10.37242413
1219,4,0.89848495,4.16795635
1220,4,0.72595024,5.42461967
1221,4,0.84729177,6.65281868
1222,4,1.08038354,7.38758564
1223,4,1.00307155,8.62201500
1224,4,0.81623507,4.25806236
1225,4,0.86070752,4.59070730
1226,4,0.65215325,3.66996622
1227,4,0.88100529,5.36454868
1228,4,1.01804996,6.22476101
1229,4,0.74299741,4.61828899
1230,4,0.87128299,5.05289030
1231,4,0.94177943,5.93197298
1232,4,0.84341216,4.74059439
1233,4,0.75793463,4.47421646
1234,4,0.95470446,7.09912491
1235,4,0.91580397,5.74497032
1236,4,0.82976699,5.97321749
1237,4,1.00825548,6.00469017
1238,4,0.88897920,4.47460461
1239,4,0.79084909,4.40296173
1240,4,0.90619540,4.23342180
1241,4,0.97973835,6.29903698
1242,4,0.98764670,5.60777521
1243,4,0.83666313,5.18510962
1244,4,0.95768905,6.28432941
1245,4,0.94524276,5.20473862
1246,4,0.83554459,4.29940510
1247,4,0.89446843,5.57593536
1248,4,0.74403888,5.12096453
1249,4,0.73495018,5.37575865
1250,4,0.69508129,4.45949745
1251,4,0.72049868,3.64841652
1252,4,0.79938114,4.57100964
1253,4,0.75697589,5.32282352
1254,4,0.97055334,5.04735041
1255,4,0.89381266,5.16686487
1256,4,0.73357010,5.40269852
1257,4,0.68439746,5.25357056
1258,4,0.86065680,8.27166843
1259,4,0.80902690,6.03840780
1260,4,0.88079232,6.90433598
1261,4,0.71954346,6.08343267
1262,4,0.83671343,7.09258318
1263,4,0.76877189,6.52007818
1264,4,0.69813895,4.36522675
1265,4,0.89484382,6.21210670
1266,4,0.95129997,10.42852402
1267,4,0.89477491,5.84178305
1268,4,0.76901931,7.99008274
1269,4,0.89288092,5.39395189
1270,4,0.74556690,5.22304916
1271,4,0.73568416,4.96159220
1272,4,0.69344378,8.50055218
1273,4,0.92735553,7.13832903
1274,4,0.71959674,5.40156269
1275,4,0.82961071,6.21941853
1276,4,0.83374625,5.83282614
1277,4,0.80030316,7.37986374
1278,4,0.84164649,5.39250326
1279,4,0.91477042,5.70836926
1280,4,0.81399608,4.63942862
1281,4,0.83754140,4.46793079
1282,4,0.84498966,6.04702568
1283,4,0.72637761,4.40587854
1284,4,0.79184830,6.50661993
1285,4,0.68527395,5.53059053
1286,4,0.89739102,5.63961124
1287,4,0.76772863,7.03456831
1288,4,1.14332533,11.56381798
1289,4,0.86180174,7.68628693
1290,4,0.92771125,5.55654955
1291,4,0.84897995,5.48088360
1292,4,0.98068422,9.18707180
1293,4,0.86877406,5.46168232
1294,4,0.76745331,4.22362947
1295,4,0.85100520,4.99579096
1296,4,1.10896230,4.86704731
1297,4,0.88356942,6.10825109
1298,4,0.99451262,8.50420952
1299,4,1.10798407,7.13694763
1300,4,0.86546564,5.36188650
1301,4,0.89085686,4.86654043
1302,4,0.83337307,3.94753027
1303,4,0.85259449,5.44048214
1304,4,0.82649410,6.06370687
1305,4,1.11358714,5.98935318
1306,4,0.88475162,6.25727844
1307,4,0.89522785,4.63464975
1308,4,0.97047615,4.64795303
1309,4,0.96533889,5.28900576
1310,4,0.85872442,6.52931833
1311,4,0.86994505,4.02120781
1312,4,0.92286891,5.70411015
1313,4,0.87409598,5.06481552
1314,4,0.85223448,5.25941706
1315,4,0.75433785,5.50686264
1316,4,0.77700400,5.33381987
1317,4,0.97965312,6.46159220
1318,4,0.96813142,6.75621176
1319,4,0.82608688,6.09427118
1320,4,0.87867713,5.69245481
1321,4,0.93924761,5.57500029
1322,4,0.75191212,4.49176121
1323,4,0.95015913,5.02721548
1324,4,1.00104356,6.55902338
1325,4,0.91039598,4.53221083
1326,4,0.72608566,3.56156278
1327,4,0.76016188,3.23727679
1328,4,0.69012392,3.46484137
1329,4,0.91424584,3.96099591
1330,4,0.81018150,5.07584524
1331,4,0.68509048,3.49077082
1332,4,0.94182205,7.73173571
1333,4,0.80054659,5.60332632
1334,4,0.91293395,5.26750565
1335,4,1.11335564,7.65412760
1336,4,0.75142658,5.48889351
1337,4,0.69247842,4.89643526
1338,4,0.74730277,6.44107580
1339,4,1.02916408,5.58552217
1340,4,0.68794423,5.97306585
1341,4,0.94341236,6.75892782
1342,4,0.89703870,5.73313665
1343,4,0.74719691,5.76278257
1344,4,0.74914098,6.06742668
1345,4,0.75087452,5.53651142
1346,4,0.82928473,6.37373114
1347,4,0.67503989,5.70822573
1348,4,0.78758991,3.87023807
1349,4,0.77372694,5.50369596
1350,4,0.70332158,5.48118210
1351,4,0.82977104,5.05713844
1352,4,0.77536529,6.08051634
1353,4,0.96456987,6.94637156
1354,4,0.96839690,8.47194576
1355,4,0.59714234,5.23140383
1356,4,0.74714553,5.85077906
1357,4,0.80519938,4.86697912
1358,4,0.61355150,5.15905762
1359,4,0.83923852,5.02101374
1360,4,0.95724452,6.57248402
1361,4,1.02614808,6.55866098
1362,4,0.83895051,6.24659729
1363,4,0.73371702,4.73816538
1364,4,0.84716940,5.90609026
1365,4,0.79980665,5.06039762
1366,4,0.84322643,5.39498281
1367,4,0.82814395,4.78919554
1368,4,0.83849466,8.69550610
1369,4,0.88351381,4.42750311
1370,4,0.95342320,7.58522654
1371,4,0.67202377,5.29084921
1372,4,0.90758198,5.97933722
1373,4,0.99422884,4.82136202
1374,4,0.78061473,5.88368797
1375,4,0.74631095,5.62443352
1376,4,0.80122930,5.29943562
1377,4,0.82651877,6.48820353
1378,4,0.96581501,6.71861649
1379,4,0.95326972,6.97388840
1380,4,0.84859484,8.92136478
1381,4,0.68114448,3.58985376
1382,4,0.80886042,5.06335545
1383,4,0.69422448,3.55517912
1384,4,0.84911424,5.54047585
1385,4,0.83410072,5.07830095
1386,4,0.85700339,5.68768692
1387,4,0.71910828,4.87270021
1388,4,0.90623158,5.58914566
1389,4,0.81279951,4.89360619
1390,4,0.97260451,9.20143700
1391,4,0.88277823,5.24337530
1392,4,0.68474793,5.55070972
1393,4,0.85711884,5.62607908
1394,4,0.84650993,6.67825890
1395,4,0.84194815,6.39198303
1396,4,1.00117946,11.05247688
1397,4,0.82080930,6.26863813
1398,4,0.82173955,6.18298674
1399,4,1.08721864,8.39158916
1400,4,0.98235816,6.74660778
1401,4,0.88158011,7.27401257
1402,4,0.73522913,4.46180677
1403,4,0.83291495,4.73371792
1404,4,1.05815971,7.50150824
1405,4,0.91498977,6.74166441
1406,4,0.87042856,5.25162649
1407,4,1.02592456,5.64200401
1408,4,0.87190104,4.36003399
1409,4,0.80433726,3.99566627
1410,4,0.92038518,7.61113405
1411,4,0.95996189,7.98357868
1412,4,0.68552673,4.65962076
1413,4,0.81897461,6.48803902
1414,4,0.92754245,6.74766350
1415,4,0.97828293,8.64673996
1416,4,0.83072090,8.44365406
1417,4,0.77649838,4.17523575
1418,4,0.88242716,6.97785950
1419,4,0.80124843,7.40644312
1420,4,0.97683287,5.32494783
1421,4,0.84555686,5.29722404
1422,4,0.84155345,4.78706837
1423,4,0.82972389,4.46365738
1424,4,0.77283645,5.43097210
1425,4,0.74349940,4.51928473
1426,4,0.63137227,3.68672180
1427,4,0.80093741,5.02034950
1428,4,0.87769985,5.09936428
1429,4,0.86301786,4.49623775
1430,4,0.68766618,6.76399183
1431,4,0.74542296,6.59555769
1432,4,0.73538500,4.90861559
1433,4,0.75617909,5.18473530
1434,4,0.97952849,7.24001455
1435,4,0.87266785,7.26947689
1436,4,0.71850836,5.57102060
1437,4,0.74944818,8.79104233
1438,4,0.87482202,4.77179337
1439,4,0.77695400,6.81254816
1440,4,1.00721717,7.38194323
1441,4,0.87382960,8.53747654
1442,4,0.78807843,5.39147711
1443,4,0.92634231,6.11381578
1444,4,0.83931631,4.94293451
1445,4,0.75310296,6.33732653
1446,4,0.96814775,6.88516617
1447,4,1.05868018,6.46576548
1448,4,0.80678099,4.83887005
1449,4,0.77794731,4.06199121
1450,4,0.70099032,4.26943541
1451,4,0.94655693,7.71483183
1452,4,1.06454957,7.74517250
1453,4,0.74581051,3.49329972
1454,4,0.86216295,4.57536364
1455,4,0.86835337,4.82869005
1456,4,0.91829967,7.40753460
1457,4,0.91747582,6.55981255
1458,4,0.92953432,8.41370487
1459,4,0.69464397,4.11798668
1460,4,0.84407735,6.03406858
1461,4,0.81767571,6.17481279
1462,4,0.84589052,5.00461578
1463,4,0.79127872,3.46389246
1464,4,1.10314822,6.76882696
1465,4,1.01813805,8.54783726
1466,4,0.75251812,4.53534412
1467,4,0.84370881,5.03689718
1468,4,0.94631577,6.71102190
1469,4,0.84987026,5.47886133
1470,4,0.82156885,5.45295191
1471,4,0.75547767,5.26484776
1472,4,0.81591570,4.28613091
1473,4,0.85552371,5.22691298
1474,4,0.73120511,5.44330168
1475,4,0.91513431,5.08706713
1476,4,1.01197696,6.64214182
1477,4,0.98547119,4.25348234
1478,4,0.77421105,6.90323830
1479,4,0.68609089,5.23846626
1480,4,0.81316352,5.17211294
1481,4,0.79349536,5.49867535
1482,4,0.92518425,7.18993473
1483,4,0.99466860,9.96183681
1484,4,0.85761797,9.68169594
1485,4,1.01325583,9.46849442
1486,4,0.75944889,6.00881577
1487,4,0.79124606,6.49041080
1488,4,0.85199761,5.98223352
1489,4,0.85264748,6.44993782
1490,4,0.86313969,7.26237488
1491,4,0.95039922,6.66457415
1492,4,0.82075423,4.23131132
1493,4,0.78647673,5.55346584
1494,4,0.91286933,5.50739145
1495,4,0.86723840,4.96331120
1496,4,0.94257957,4.91847563
1497,4,0.74797988,4.98495579
1498,4,0.83121228,4.86369371
1499,4,0.83230472,5.13811636
1500,4,0.83587468,5.52067804
1501,4,0.84624988,4.78497219
1502,4,0.84127772,5.28789425
1503,4,0.85861385,5.78247404
1504,4,0.62239069,4.98034430
1505,4,0.73125124,4.70603418
1506,4,0.62504292,4.27857494
1507,4,0.70084858,6.38561773
1508,4,0.61831439,5.57915688
1509,4,0.64580429,5.54078817
1510,4,0.93613130,5.02698517
1511,4,0.78160673,4.67257071
1512,4,0.81265032,6.30631018
1513,4,0.57391739,4.82621050
1514,4,0.70965385,4.16358042
1515,4,0.70682377,3.91796350
1516,4,0.84131944,3.93842006
1517,4,0.79984307,5.43719530
1518,4,0.98872292,6.00624418
1519,4,0.76944292,4.97934437
1520,4,0.78443801,5.01523352
1521,4,0.85886455,6.21723747
1522,4,0.69858038,5.88796043
1523,4,0.83313364,6.26875401
1524,4,0.79293090,4.36237860
1525,4,0.59564161,5.04043722
1526,4,0.72887015,5.72063828
1527,4,0.79507750,4.74364901
1528,4,0.64483607,4.44232178
1529,4,0.75375354,5.36000967
1530,4,0.78366756,4.73003435
1531,4,0.63713771,4.00149870
1532,4,0.76091540,4.52168512
1533,4,0.88715649,6.49486303
1534,4,0.89671648,5.01356220
1535,4,0.72910100,5.09191608
1536,4,0.83362651,6.32351160
1537,4,0.74984962,4.75148249
1538,4,0.68616915,3.95760822
1539,4,0.91526115,9.05776119
1540,4,0.98074138,5.87539721
1541,4,0.70329762,5.57879543
1542,4,0.78685176,4.23140287
1543,4,0.92614043,5.91455126
1544,4,0.64907682,4.43294334
1545,4,1.02163422,7.54084969
1546,4,0.73844868,7.26274395
1547,4,0.67708868,4.07137585
1548,4,0.91458970,6.43749094
1549,4,0.64506245,6.69013977
1550,4,0.65112597,4.36314487
1551,4,0.85294068,5.18261147
1552,4,0.70383286,4.63793325
1553,4,0.82355565,4.32072401
1554,4,0.74207759,4.21889400
1555,4,0.91025025,7.43731642
1556,4,0.74776900,6.21608400
1557,4,0.77552211,4.05031633
1558,4,0.69147301,6.04550362
1559,4,0.94115806,5.70713425
1560,4,0.78971040,10.32340717
1561,4,0.73567295,8.35770416
1562,4,0.77364308,6.14813662
1563,4,0.77063441,6.67691565
1564,5,0.60992855,5.38367271
1565,5,0.65969312,7.26164055
1566,5,0.69973904,5.10748053
1567,5,0.73316580,6.99936724
1568,5,0.53365314,4.32337952
1569,5,0.71488404,6.97832680
1570,5,0.67478061,7.34035015
1571,5,0.86594069,6.14410019
1572,5,0.83898664,6.23525715
1573,5,0.91727620,4.71304703
1574,5,0.79360795,5.01485014
1575,5,0.98019743,5.11440563
1576,5,0.73804116,5.56017399
1577,5,0.84670311,6.33710527
1578,5,0.68072867,4.26541662
1579,5,0.88180345,6.55165958
1580,5,0.53952539,3.17338371
1581,5,0.69372219,4.84645510
1582,5,0.70630676,4.17575407
1583,5,0.63314188,5.02493238
1584,5,0.74644172,3.84326029
1585,5,0.67039198,4.73395348
1586,5,0.72860312,6.26791239
1587,5,0.79528576,5.03082561
1588,5,0.81288534,4.29237366
1589,5,0.83044660,4.55509043
1590,5,0.89693296,7.19162989
1591,5,0.76492298,5.49870443
1592,5,0.89938045,7.16766167
1593,5,0.71515119,5.63493490
1594,5,0.87454212,8.40041447
1595,5,0.79472792,5.26202488
1596,5,0.77586937,6.40143585
1597,5,0.89609122,6.17185783
1598,5,0.86769491,7.35807705
1599,5,0.81621683,6.74291372
1600,5,0.82188082,6.92692709
1601,5,0.57766676,5.05841398
1602,5,0.80405772,6.35150480
1603,5,0.76027179,5.46372938
1604,5,0.78898656,5.17208433
1605,5,0.61719400,4.50259399
1606,5,0.73812222,5.42364168
1607,5,0.83492351,7.21669340
1608,5,0.75756037,5.49947214
1609,5,0.69398081,7.51873302
1610,5,0.90580332,7.85132837
1611,5,0.82458353,5.79811001
1612,5,0.79939151,5.33155489
1613,5,0.76146543,5.26706553
1614,5,0.77545637,6.03072548
1615,5,0.63001812,4.47680664
1616,5,0.83909094,6.31267929
1617,5,0.69983923,6.61484480
1618,5,0.71082711,4.99770498
1619,5,0.80265045,5.17278290
1620,5,0.77515090,4.01660442
1621,5,0.67767131,3.99262309
1622,5,0.86404628,6.35835743
1623,5,0.75723350,3.67666316
1624,5,0.58583927,5.11186123
1625,5,0.80551076,3.67770600
1626,5,0.83521080,5.53796625
1627,5,0.66018331,6.17992878
1628,5,0.67926681,5.14842367
1629,5,0.71145082,5.08456469
1630,5,0.74047327,6.60648489
1631,5,0.69293177,5.58778095
1632,5,0.66874862,4.32757902
1633,5,0.80584657,7.67329359
1634,5,0.73165226,6.08003283
1635,5,0.67894852,6.53393030
1636,5,0.86085916,5.88853598
1637,5,0.77819860,4.16227102
1638,5,0.75644249,4.86011505
1639,5,0.89162022,6.89133596
1640,5,0.74962115,7.43240070
1641,5,0.76136792,6.16381836
1642,5,0.76923633,4.08323860
1643,5,0.76931554,5.28556919
1644,5,0.74027872,8.29192162
1645,5,0.76380610,5.42414904
1646,5,0.84333992,5.25068903
1647,5,0.77250659,6.45570803
1648,5,0.84970105,6.48963213
1649,5,0.95085627,6.72359514
1650,5,0.74932748,6.43412971
1651,5,0.73842639,7.54648304
1652,5,0.66661376,6.74307346
1653,5,0.66782188,3.86589813
1654,5,0.79572451,6.23657846
1655,5,0.83393246,6.25997066
1656,5,0.86658669,6.06715536
1657,5,0.92275643,12.00948048
1658,5,0.73807180,6.62237740
1659,5,0.78927428,7.11675549
1660,5,0.92331803,7.48336029
1661,5,0.69937623,5.38973951
1662,5,0.73986769,5.59725761
1663,5,0.75748003,4.71822691
1664,5,0.97128928,7.78248644
1665,5,0.69264549,5.78647184
1666,5,0.82635587,5.21453857
1667,5,0.67762983,7.49210978
1668,5,0.81903470,5.68485355
1669,5,0.88929880,5.71881866
1670,5,0.77175438,5.96082306
1671,5,0.71771234,5.49267435
1672,5,0.72488165,7.12977409
1673,5,0.69486678,4.84159994
1674,5,0.75341356,5.93669558
1675,5,0.56522936,5.54297638
1676,5,0.77744287,4.14280367
1677,5,0.86882639,5.36618233
1678,5,0.97672659,6.47511244
1679,5,0.72932440,7.46755362
1680,5,0.75652361,6.50278854
1681,5,0.87028879,6.08230829
1682,5,0.64422667,4.99266386
1683,5,0.88119280,5.27931166
1684,5,0.71468127,4.87280273
1685,5,0.78025818,4.98736143
1686,5,0.63424134,3.59849167
1687,5,0.84985781,4.56366348
1688,5,0.69140530,4.05127048
1689,5,0.70305997,4.96553564
1690,5,0.73669499,4.40264750
1691,5,0.71566796,3.75789523
1692,5,0.88797688,6.82318068
1693,5,0.69798708,6.47963524
1694,5,0.77184749,5.61232471
1695,5,0.57612056,4.79061985
1696,5,0.82450819,8.05340290
1697,5,0.75681150,6.27435780
1698,5,0.57006598,4.02219152
1699,5,0.77190745,5.43863821
1700,5,0.57950544,4.24107122
1701,5,0.68415034,5.22499800
1702,5,0.92777944,7.72005177
1703,5,0.57010543,6.15249586
1704,5,0.89495891,10.89098167
1705,5,0.71730494,5.86732626
1706,5,0.66180497,5.22521353
1707,5,0.76231933,4.66586781
1708,5,0.91741914,8.52447128
1709,5,0.78048646,5.14583492
1710,5,0.72661865,5.32138395
1711,5,0.73853397,5.52060127
1712,5,0.69298434,5.98303795
1713,5,0.75021774,5.80764914
1714,5,0.89928943,6.36344671
1715,5,0.64064151,5.14393711
1716,5,0.73343599,4.98669291
1717,5,0.86237752,6.97673655
1718,5,0.78442287,7.35958242
1719,5,0.69674003,5.74674082
1720,5,0.65477639,5.01792097
1721,5,0.72653937,4.09513998
1722,5,0.68733716,4.19330549
1723,5,0.75751138,7.68318939
1724,5,0.98866236,6.45148134
1725,5,0.66085792,5.00062752
1726,5,0.69712663,4.96827078
1727,5,0.60279816,4.37420225
1728,5,0.47816777,4.31122303
1729,5,0.82130742,5.02527285
1730,5,0.68091357,6.30823517
1731,5,0.65065169,5.78677893
1732,5,0.83210397,5.92873764
1733,5,0.69612503,5.67661190
1734,5,0.62824053,5.69163275
1735,5,0.70885146,6.86721754
1736,5,0.80578744,6.77294493
1737,5,0.80611026,8.22133923
1738,5,0.66246760,6.09604979
1739,5,0.64924729,5.19600773
1740,5,0.68350494,3.87901187
1741,5,0.59555876,4.24561119
1742,5,0.68275362,6.14152336
1743,5,0.81114900,7.02692413
1744,5,0.66083074,4.25625992
1745,5,0.56818104,3.90978098
1746,5,0.73068798,6.02714443
1747,5,0.66097915,5.22659445
1748,5,0.67453277,5.66989374
1749,5,0.93325293,7.59842443
1750,5,0.83425891,4.99284935
1751,5,0.70321792,4.29707718
1752,5,0.67470419,4.53155518
1753,5,0.81055480,8.13491058
1754,5,0.63440698,4.24940872
1755,5,0.75011194,5.09349251
1756,5,0.96130311,6.73629379
1757,5,0.84743464,7.82912540
1758,5,0.77274370,5.14016485
1759,5,0.69283915,5.55635738
1760,5,0.64898944,4.95031929
1761,5,0.67653620,6.59607887
1762,5,0.61602306,4.49312162
1763,5,0.78218818,4.80491781
1764,5,0.63098896,5.82299566
1765,5,0.55245149,5.14355946
1766,5,0.86414635,6.26052475
1767,5,0.74210727,4.74773073
1768,5,0.76422578,6.16374874
1769,5,0.70774209,4.20999622
1770,5,0.67761993,5.49816942
1771,5,0.81687570,4.93712234
1772,5,0.65392458,5.71927643
1773,5,0.86526465,7.80072212
1774,5,0.63449007,7.41850567
1775,5,0.67776281,4.10139513
1776,5,0.84658068,6.31025648
1777,5,0.66220975,6.02463198
1778,5,0.71765852,5.52198315
1779,5,0.71970999,5.15140915
1780,5,0.66274476,7.12809896
1781,5,0.75872552,8.22466087
1782,5,0.76156181,8.58391094
1783,5,0.74674100,9.85508347
1784,5,0.76904833,5.18731976
1785,5,0.86631453,6.59163523
1786,5,0.60355961,5.92676115
1787,5,0.69901067,5.36112022
1788,5,0.67385411,4.96893644
1789,5,0.77262092,6.27678394
1790,5,0.62938368,7.03319645
1791,5,0.65633774,5.35733843
1792,5,0.73620039,6.97119761
1793,5,0.67855883,5.63725185
1794,5,0.80031806,5.35771418
1795,5,0.83131027,6.28330946
1796,5,0.82930112,6.25701094
1797,5,0.70759630,5.39452696
1798,5,0.79833364,6.16680479
1799,5,0.74551523,5.76923275
1800,5,0.75432265,5.76215553
1801,5,0.72747004,6.73064423
1802,5,0.84799469,6.55214500
1803,5,0.70929611,5.60932922
1804,5,0.69655919,5.43572998
1805,5,0.68143052,4.73292446
1806,5,0.88628215,6.27320957
1807,5,0.66588318,3.98046041
1808,5,0.85822093,5.95103312
1809,5,0.69708568,5.12371254
1810,5,0.54660875,4.42794895
1811,5,0.75423259,5.90118361
1812,5,0.71038800,4.98851013
1813,5,0.66787601,4.92356920
1814,5,0.83488154,6.33694458
1815,5,0.70084792,4.75186586
1816,5,0.66933429,6.61728430
1817,5,0.67132443,4.50252533
1818,5,0.74404138,6.30069208
1819,5,0.60450578,5.30372143
1820,5,0.73928189,4.65242958
1821,5,0.83966470,7.18878365
1822,5,0.72782469,3.44654632
1823,5,0.62005240,4.96064854
1824,5,0.72377491,5.97933149
1825,5,0.65452808,4.56814623
1826,5,0.52386260,4.95263577
1827,5,0.84536737,7.19576931
1828,5,0.71820259,7.01521730
1829,5,0.54726964,5.00678158
1830,5,0.71330142,6.13880348
1831,5,0.74886823,6.32102537
1832,5,0.71011603,5.85974312
1833,5,0.66536224,6.39232588
1834,5,0.85718143,6.14537001
1835,5,0.68528008,6.43678904
1836,5,0.50551820,4.23500109
1837,5,0.86458910,5.57556248
1838,5,0.67884642,4.80434895
1839,5,0.77258205,5.60854959
1840,5,0.60881174,4.69137859
1841,5,0.67671931,5.50903177
1842,5,0.56409061,5.02066612
1843,5,0.62180597,3.65378594
1844,5,0.70340961,6.12829924
1845,5,0.62520039,5.17092991
1846,5,0.60243970,6.25372696
1847,5,0.78286487,6.57557774
1848,5,0.79568601,4.42625427
1849,5,0.64353228,7.34546471
1850,5,0.79626727,7.49067307
1851,5,0.65496743,6.83579063
1852,5,0.75164437,5.81763411
1853,5,0.53672397,5.74902201
1854,5,0.70445895,5.45742321
1855,5,0.73188090,6.54664755
1856,5,0.71763438,6.82079315
1857,5,0.82796359,5.25312805
1858,5,0.51218998,4.39542723
1859,5,0.69368213,7.35878754
1860,5,0.53654814,6.08097887
1861,5,0.76261687,4.69343519
1862,5,0.85119528,5.99217272
1863,5,0.75980788,4.87827873
1864,5,0.77389699,5.30117083
1865,5,0.89871132,7.82655191
1866,5,0.69641078,5.75181198
1867,5,0.66506028,5.38491011
1868,5,0.76274323,4.78685808
1869,5,0.68819821,4.89344788
1870,5,0.63211042,4.09544230
1871,5,0.60645252,5.04590893
1872,5,0.73493040,5.88522196
1873,5,0.89580667,5.28971958
1874,5,0.68596178,7.68317318
1875,5,0.74510241,4.49108887
1876,5,0.80363351,5.87966108
1877,5,0.65082717,4.58401203
1878,5,0.72877884,4.85420609
1879,5,0.73922956,4.58768702
1880,5,0.75731587,6.15563679
1881,5,0.64311093,4.87563801
1882,5,0.59039295,4.67299175
1883,5,0.62143791,3.64291859
1884,5,0.69429046,4.77333689
1885,5,0.72625279,9.97650814
1886,5,0.78705329,5.24608088
1887,5,0.85022229,4.86091232
1888,5,0.68852043,5.97667694
1889,5,0.72187138,8.01945591
1890,5,0.74726421,6.09781694
1891,5,0.74761188,5.21139002
1892,5,0.72010040,5.44773293
1893,5,0.67071611,5.34734201
1894,5,0.80859220,4.92849350
1895,5,0.75376451,6.40205097
1896,5,0.76204824,5.90379047
1897,5,0.70025533,4.29924965
1898,5,0.68767977,5.00777006
1899,5,0.78853977,5.16707611
1900,5,0.72486746,6.22646952
1901,5,0.72968704,4.35786963
1902,5,0.75923049,7.21957016
1903,5,0.70313299,6.86848164
1904,5,0.78432989,5.95125723
1905,5,0.64799756,5.06931686
1906,5,0.61341292,6.34235811
1907,5,0.74236393,5.99896240
1908,5,0.72604078,5.92304230
1909,5,0.70859545,5.07758141
1910,5,0.70943135,5.46973085
1911,5,0.76781642,4.73674297
1912,5,0.95795321,8.23260880
1913,5,0.83097243,8.75840282
1914,5,0.56090748,5.14654875
1915,5,0.78238362,8.15513325
1916,5,0.60791242,4.17192268
1917,5,0.83572251,5.96546030
1918,5,0.71156168,5.29071665
1919,5,0.63262606,6.38590384
1920,5,0.56698489,5.90730858
1921,5,0.70276976,4.97059011
1922,5,0.60444009,4.61873674
1923,5,0.64396828,6.56874514
1924,5,0.67032307,3.96598983
1925,5,0.79328382,5.14314938
1926,5,0.71254218,7.06174374
1927,5,0.72341019,5.63079548
1928,5,0.78195304,7.70793009
1929,5,0.76155746,8.94588089
1930,5,0.55909103,5.48041201
1931,5,0.71447968,8.19402313
1932,5,0.63411331,6.39248180
1933,5,0.85359800,8.57616234
1934,5,0.68769091,7.28668261
1935,5,0.69089293,7.36996603
1936,5,0.68010128,6.17315102
1937,5,0.76668751,7.78580761
1938,5,0.77880681,5.83996725
1939,5,0.78701633,6.87417126
1940,5,0.80437899,6.26843882
1941,5,0.66157281,5.55186701
1942,5,0.80623913,5.41223955
1943,5,0.56968653,4.69883966
1944,5,0.61659330,4.82031965
1945,5,0.77610791,7.23607063
1946,5,0.67064691,6.88441563
1947,5,0.78235322,6.25822449
1948,5,0.61967820,4.46555567
1949,5,0.72419679,6.42335796
1950,5,0.83096093,8.02045536
1951,5,0.75797558,7.12410164
1952,5,0.74531186,6.89069796
1953,5,0.78317016,5.94472265
1954,5,0.81810796,6.77211666
1955,6,0.58609521,5.52510500
1956,6,0.58783269,5.35102081
1957,6,0.64682162,5.24195051
1958,6,0.57584298,4.22265625
1959,6,0.60455227,3.64376402
1960,6,0.65386599,5.80777884
1961,6,0.62295711,4.57775831
1962,6,0.80287027,9.17628574
1963,6,0.60622430,6.75267601
1964,6,0.82202387,5.68814993
1965,6,0.62635332,4.43519640
1966,6,0.56130338,5.91349602
1967,6,0.71572655,5.95873785
1968,6,0.74178493,7.39179611
1969,6,0.80234408,7.86882448
1970,6,0.76316941,6.37728500
1971,6,0.81639230,8.75028801
1972,6,0.55143523,3.46076274
1973,6,0.82662010,6.49902391
1974,6,0.67194295,5.80008554
1975,6,1.04162645,6.72137642
1976,6,0.67058229,6.72454643
1977,6,0.54350370,5.83987045
1978,6,0.61583799,4.25997114
1979,6,0.66325569,5.49403143
1980,6,0.66553956,6.02262068
1981,6,0.75258625,5.59557962
1982,6,0.79890925,7.42488480
1983,6,0.70046324,3.95959425
1984,6,0.74037766,5.63297033
1985,6,0.87454414,6.77575731
1986,6,0.83835888,3.64325213
1987,6,0.70987099,5.07036257
1988,6,0.53649849,5.27478361
1989,6,0.55939347,5.61807966
1990,6,0.75204808,5.30958748
1991,6,0.64679945,5.15803576
1992,6,0.72890413,5.53785515
1993,6,0.42500061,4.51934147
1994,6,0.57600415,3.62287521
1995,6,0.93439573,5.82692003
1996,6,0.73128456,5.37636948
1997,6,0.56895304,6.09455585
1998,6,0.70707887,5.27802706
1999,6,0.72539610,5.60147476
2000,6,0.70582253,6.84044600
2001,6,0.63527119,6.02448416
2002,6,0.52090621,7.63684320
2003,6,0.60029644,6.84524775
2004,6,0.65941453,6.88998270
2005,6,0.64836359,4.57007885
2006,6,0.60099661,4.53730440
2007,6,0.81303620,6.46380854
2008,6,0.60300720,6.73823547
2009,6,0.84821045,9.62372112
2010,6,0.67665482,5.05981016
2011,6,0.62053901,6.79813385
2012,6,0.63069439,5.97706795
2013,6,0.77423799,7.95086098
2014,6,0.90366626,7.62208939
2015,6,0.68834770,4.58114815
2016,6,0.75357002,7.19405603
2017,6,0.60955566,4.92378187
2018,6,0.63630760,4.76241636
2019,6,0.63721913,5.28647327
2020,6,0.78735268,6.86101389
2021,6,0.67500615,4.59715223
2022,6,0.64251840,4.92338848
2023,6,0.52430773,5.41674328
2024,6,0.66636825,5.87470007
2025,6,0.55926579,4.23066092
2026,6,0.77577555,6.67797565
2027,6,0.69522363,5.13015127
2028,6,0.69657284,5.29168940
2029,6,0.62715328,5.25419092
2030,6,0.71324646,6.62189245
2031,6,0.60545373,4.61309528
2032,6,0.78679442,5.85841370
2033,6,0.67561150,4.28890991
2034,6,0.56604904,4.25716400
2035,6,0.70784080,5.62882090
2036,6,0.61332560,5.33487558
2037,6,0.65989387,5.42877388
2038,6,0.75112474,5.91177654
2039,6,0.65478426,3.68878174
2040,6,0.64043671,5.48733759
2041,6,0.55639577,4.24228191
2042,6,0.70422292,4.30035400
2043,6,0.62963331,5.09258842
2044,6,0.63747883,4.49455976
2045,6,0.69237870,7.81916904
2046,6,0.70169389,5.75046682
2047,6,0.77900946,5.99440813
2048,6,0.69982809,5.57581806
2049,6,0.53262752,5.25868416
2050,6,0.59008741,5.51804256
2051,6,0.62194663,5.52352858
2052,6,0.60286796,5.46407175
2053,6,0.66018569,6.01845026
2054,6,0.79708135,4.91957045
2055,6,0.63424855,7.24268293
2056,6,0.65286553,7.41485167
2057,6,0.72641641,5.28528214
2058,6,0.52520084,4.80278349
2059,6,0.94126642,9.15344334
2060,6,0.57982767,6.75816107
2061,6,0.91305918,8.25226307
2062,6,0.78965473,5.65482140
2063,6,0.71203744,5.96753693
2064,6,0.66469878,6.87574434
2065,6,0.67210072,6.24869919
2066,6,0.81517196,5.82434464
2067,6,0.57005489,6.07743740
2068,6,0.80441022,6.86233568
2069,6,0.73006237,5.60218143
2070,6,0.72280157,5.05986309
2071,6,0.72741967,4.22850609
2072,6,0.61825502,5.02932787
2073,6,0.69993395,5.38182735
2074,6,0.76388568,5.25088835
2075,6,0.87427056,4.82230663
2076,6,0.66160393,4.54519558
2077,6,0.69573528,6.63340235
2078,6,0.60478199,4.02426004
2079,6,0.59780914,4.21734810
2080,6,0.69350857,6.15838909
2081,6,0.58096915,3.91937542
2082,6,0.55820799,4.89588165
2083,6,0.62948585,6.95666027
2084,6,0.52529657,5.62809992
2085,6,0.65247065,5.20615864
2086,6,0.70247966,6.55167723
2087,6,0.60473520,4.30390549
2088,6,0.70697445,5.74570751
2089,6,0.68342686,6.70163822
2090,6,0.74961174,6.64975548
2091,6,0.69870031,4.80063772
2092,6,0.63980162,5.84196329
2093,6,0.46330267,3.98554611
2094,6,0.75012863,7.30138111
2095,6,0.88590908,6.46526957
2096,6,0.63396811,5.05906153
2097,6,0.66275537,5.57008314
2098,6,0.62425125,6.29518986
2099,6,0.74039805,5.01708603
2100,6,0.82740831,4.76688385
2101,6,0.56603551,5.09755945
2102,6,0.61243713,6.91328335
2103,6,0.60466909,4.60167646
2104,6,0.52260977,4.98466301
2105,6,0.60061872,4.81839657
2106,6,0.69001412,6.50789881
2107,6,0.62774968,4.42284441
2108,6,0.68721193,6.10114861
2109,6,0.68945736,4.82169294
2110,6,0.55524909,5.46419907
2111,6,0.62346548,5.05669737
2112,6,0.62135768,5.94855356
2113,6,0.60256833,5.25924063
2114,6,0.72035134,6.37584257
2115,6,0.62319529,4.71607876
2116,6,0.48738703,5.11813211
2117,6,0.65521687,5.54383373
2118,6,0.83867109,7.80059052
2119,6,0.58077323,5.66346598
2120,6,0.71147311,4.69815731
2121,6,0.56598717,5.37149382
2122,6,0.57191122,4.83638906
2123,6,0.52009493,4.38064051
2124,6,0.62994808,5.97994328
2125,6,0.73751855,4.42338800
2126,6,0.73894620,6.01216888
2127,6,0.48970699,4.93642569
2128,6,0.71291906,5.65397310
2129,6,0.55689573,7.72888041
2130,6,0.60618824,5.48693228
2131,6,0.62545681,5.78663778
2132,6,0.58421904,5.70254135
2133,6,0.54203176,5.48317814
2134,6,0.55894887,4.28020239
2135,6,0.66579318,5.37971592
2136,6,0.71042079,7.39522886
2137,6,0.55811203,5.54266977
2138,6,0.52253026,5.02092505
2139,6,0.72775376,5.14028263
2140,6,0.48959199,5.72861719
2141,6,0.65346253,5.16428661
2142,6,0.47269428,4.66839123
2143,6,0.64523339,5.26746845
2144,6,0.71416432,6.79080629
2145,6,0.66978788,5.98332357
2146,6,0.62676990,6.63727331
2147,6,0.75343323,7.67880487
2148,6,0.69413173,6.92107344
2149,6,0.82504904,6.70743322
2150,6,0.58742470,6.16678047
2151,6,0.85153741,6.16798067
2152,6,0.66446483,5.69006634
2153,6,0.72855818,4.85160017
2154,6,0.58109933,5.34209251
2155,6,0.54407400,4.32020807
2156,6,0.64213347,4.75266171
2157,6,0.66886157,4.83204079
2158,6,0.54529339,5.00648260
2159,6,0.63822663,4.90018368
2160,6,0.69909263,7.90000010
2161,6,0.80911392,5.85741806
2162,6,0.62330937,5.36228085
2163,6,0.58213639,6.68292570
2164,6,0.52854532,3.73116612
2165,6,0.75854325,7.56062841
2166,6,0.73611200,6.23223495
2167,6,0.68410772,5.99766827
2168,6,0.61583769,5.84341335
2169,6,0.73664963,4.25511932
2170,6,0.67709851,6.73730993
2171,6,0.63377380,5.87830162
2172,6,0.52004170,4.76300716
2173,6,0.60973382,5.42570543
2174,6,0.75230420,4.58032179
2175,6,0.59809226,4.72858429
2176,6,0.78423965,5.08205843
2177,6,0.76202679,6.88969088
2178,6,0.65483546,5.30136395
2179,6,0.74521887,6.80470181
2180,6,0.69988203,6.60375834
2181,6,0.78055131,6.57981205
2182,6,0.56559038,4.93715954
2183,6,0.83807695,6.37019157
2184,6,0.69624597,4.98881721
2185,6,0.55624479,4.52074671
2186,6,0.75466543,6.67307711
2187,6,0.83771122,6.37852573
2188,6,0.61557657,4.89589500
2189,6,0.61054361,4.18906164
2190,6,0.65397894,5.50452423
2191,6,0.77877605,6.01495552
2192,6,0.56912738,4.77301836
2193,6,0.76688480,6.01693869
2194,6,0.65942013,4.58662319
2195,6,0.72584772,5.01088190
2196,6,0.55582297,3.98283434
2197,6,0.43836790,3.19508004
2198,6,0.69095463,5.53411961
2199,6,0.65983903,6.64857340
2200,6,0.56411475,5.11028576
2201,6,0.57941616,4.50337410
2202,6,0.56993866,4.65349388
2203,6,0.60577422,6.00324011
2204,6,0.68962526,4.63263988
2205,6,0.48030281,4.81678534
2206,6,0.58189362,6.37965202
2207,6,0.62318325,4.78915548
2208,6,0.80659324,5.83862591
2209,6,0.70114839,5.41928291
2210,6,0.77494717,7.99827337
2211,6,0.58363223,5.35478592
2212,6,0.72008848,5.87572050
2213,6,0.73398495,5.29156113
2214,6,0.59173393,5.89492226
2215,6,0.72590160,8.07459831
2216,6,0.64107138,4.36629343
2217,6,0.69136733,7.20156765
2218,6,0.53906310,4.99080706
2219,6,0.57885182,6.62898111
2220,6,0.69216090,4.17280674
2221,6,0.83792520,8.12024784
2222,6,0.79346311,5.50662661
2223,6,0.54974759,4.06825924
2224,6,0.70403832,5.07857323
2225,6,0.52991247,4.05659580
2226,6,0.53866166,5.88865328
2227,6,0.65297937,5.08041048
2228,6,0.57942128,6.26697540
2229,6,0.81108207,8.22072411
2230,6,0.58661985,4.76270056
2231,6,0.64875698,5.49944639
2232,6,0.75173283,5.73763800
2233,6,0.75921381,6.71765280
2234,6,0.65299916,5.83240271
2235,6,0.80526263,5.96989107
2236,6,0.73787028,6.77849340
2237,6,0.67115867,5.42505217
2238,6,0.61128354,5.03300524
2239,6,0.57630891,4.66287088
2240,6,0.64088637,6.60082197
2241,6,0.79279637,6.32161713
2242,6,0.62756789,3.68556380
2243,6,0.58285189,4.84771109
2244,6,0.71673423,5.75119495
2245,6,0.60314661,4.76619434
2246,6,0.65851539,4.19219255
2247,6,0.83728141,5.68869829
2248,6,0.79395992,4.71976137
2249,6,0.70795250,5.78459358
2250,6,0.51439536,3.74341226
2251,6,0.57159221,3.21341419
2252,6,0.54134476,5.76030779
2253,6,0.53432214,3.91884184
2254,6,0.69986677,5.27111244
2255,6,0.79016078,7.61205912
2256,6,0.73899013,7.11215830
2257,6,0.67714286,5.95020914
2258,6,0.52013922,4.86957645
2259,6,0.68355286,5.69936800
2260,6,0.69572628,5.86743402
2261,6,0.76627445,5.43181229
2262,6,0.57915342,4.25479412
2263,6,0.67878878,5.22559404
2264,6,0.73693311,3.99249482
2265,6,0.62093544,6.26322842
2266,6,0.67140377,4.39089584
2267,6,0.63695192,5.01705694
2268,6,0.64834583,7.62432909
2269,6,0.66762835,8.03748417
2270,6,0.68657094,5.26866484
2271,6,0.76594079,5.87412786
2272,6,0.70503974,4.37723875
2273,6,0.64597470,4.01216412
2274,6,0.64782226,4.45259476
2275,6,0.60032332,5.28107691
2276,6,0.57588208,4.67930698
2277,6,0.56604981,4.45380926
2278,6,0.64313334,7.17698574
2279,6,0.55338335,3.98746943
2280,6,0.85273618,6.34908295
2281,6,0.70441318,5.35966396
2282,6,0.63571888,5.17854977
2283,6,0.79234755,6.22343493
2284,6,0.71200287,6.84330416
2285,6,0.65833712,5.92053938
2286,6,0.63484967,6.00057983
2287,6,0.68038356,5.71092367
2288,6,0.61016452,4.56910419
2289,6,0.69940084,6.31170464
2290,6,0.62545723,5.09533453
2291,6,0.59073550,4.80443144
2292,6,0.75612593,6.46123552
2293,6,0.48790431,3.54790807
2294,6,0.63534951,4.68948460
2295,6,0.58148301,4.84256411
2296,6,0.64312708,5.08077478
2297,6,0.48245972,5.25580263
2298,6,0.70578885,6.01781607
2299,6,0.68504739,6.63597250
2300,6,0.56922567,5.21526527
2301,6,0.65275884,6.34884596
2302,6,0.78479373,4.96065998
2303,6,0.53821695,4.30643559
2304,6,0.70828962,7.33232117
2305,6,0.60678428,6.41546583
2306,6,0.65741158,7.80208826
2307,6,0.59058464,5.23817873
2308,6,0.61529100,5.84079838
2309,6,0.70486569,5.07878733
2310,6,0.60243195,6.35089684
2311,6,0.67761087,9.82067966
2312,6,0.57322192,4.87539339
2313,6,0.55024207,6.05635548
2314,6,0.83508849,5.68578720
2315,6,0.62157869,8.26738548
2316,6,0.68062133,9.52537251
2317,6,0.73042810,5.25519419
2318,6,0.50684285,4.63428068
2319,6,0.63178408,6.10743427
2320,6,0.57390761,4.06162643
2321,6,0.50364339,4.67024088
2322,6,0.70490718,6.99978733
2323,6,0.77435893,5.59478140
2324,6,0.65867513,6.43682814
2325,6,0.52142966,5.13685989
2326,6,0.56449044,7.15230989
2327,6,0.70370740,7.81617928
2328,6,0.57868743,6.04617262
2329,6,0.58820105,6.25656033
2330,6,0.61358738,5.56259537
2331,6,0.61270982,6.11043835
2332,6,0.78110504,8.05349350
2333,6,0.85164261,6.61719084
2334,6,0.68726170,7.95006561
2335,6,0.62900537,5.71695614
2336,6,0.51879346,4.80225658
2337,6,0.64643168,4.49479389
2338,6,0.58637804,10.39966011
2339,6,0.73677039,6.93754578
2340,6,0.59522873,5.16105890
2341,6,0.69946992,6.52498293
2342,6,0.73345208,5.53560638
2343,6,0.63179851,5.62184286
2344,6,0.49447232,4.48620415
2345,6,0.70180416,8.98448277
2346,7,0.49144915,3.93878412
2347,7,0.68132055,5.13215542
2348,7,0.69850791,6.68366432
2349,7,0.57874739,5.86026144
2350,7,0.69472921,6.79242039
2351,7,0.63982606,5.63921452
2352,7,0.81140071,7.41438341
2353,7,0.57585251,4.85926104
2354,7,0.67020935,4.11051893
2355,7,0.79127789,5.20447874
2356,7,0.63989806,7.02394867
2357,7,0.66372567,9.06064320
2358,7,0.60200334,5.03691339
2359,7,0.64055073,5.91342020
2360,7,0.64625239,5.75365353
2361,7,0.70814753,7.75780582
2362,7,0.69579637,5.69598246
2363,7,0.52225220,4.36336422
2364,7,0.54221654,4.82624769
2365,7,0.65269542,6.51970863
2366,7,0.61789346,6.28989601
2367,7,0.58965385,6.62812090
2368,7,0.59540188,6.60832977
2369,7,0.40352899,4.22026587
2370,7,0.50049627,4.14135504
2371,7,0.64410114,8.31786251
2372,7,0.58280671,5.93510294
2373,7,0.58566141,5.63888693
2374,7,0.55647528,5.69971848
2375,7,0.84121835,7.18279219
2376,7,0.74031329,8.28357792
2377,7,0.44063830,4.88334513
2378,7,0.59363854,4.34211969
2379,7,0.54032409,4.27146482
2380,7,0.64240497,5.88534737
2381,7,0.79447281,9.05591297
2382,7,0.61681849,5.03448248
2383,7,0.52596307,5.62745476
2384,7,0.50953114,8.79870510
2385,7,0.53048730,7.38206768
2386,7,0.55621612,4.45746899
2387,7,0.61422265,6.39287043
2388,7,0.65507627,5.92054701
2389,7,0.64209557,4.64678574
2390,7,0.52335978,7.17142057
2391,7,0.58652180,5.35772038
2392,7,0.64472342,4.78956270
2393,7,0.67154044,5.80512857
2394,7,0.56112909,5.04841375
2395,7,0.47597048,4.13270855
2396,7,0.62107122,5.48827505
2397,7,0.59363687,4.60784435
2398,7,0.38955733,4.36511230
2399,7,0.43794730,4.07318640
2400,7,0.47142392,5.75670385
2401,7,0.47822139,5.15908384
2402,7,0.61983585,6.24081564
2403,7,0.54561228,5.16582489
2404,7,0.62093687,4.72679138
2405,7,0.62120473,5.52770042
2406,7,0.53413224,6.02794313
2407,7,0.59006006,3.91188931
2408,7,0.52676117,4.61944199
2409,7,0.77667141,7.47840548
2410,7,0.51163423,5.49968719
2411,7,0.74757481,5.29518175
2412,7,0.63962775,4.24462891
2413,7,0.73187637,9.17034340
2414,7,0.66592669,6.53860044
2415,7,0.58824217,7.10561895
2416,7,0.76990879,6.79469633
2417,7,0.46139526,5.62032366
2418,7,0.53986067,3.96800590
2419,7,0.65083647,6.01484108
2420,7,0.49587673,6.22457552
2421,7,0.59795952,6.15648460
2422,7,0.67873442,5.05304050
2423,7,0.49841860,3.67948127
2424,7,0.73295701,5.85355520
2425,7,0.75233686,6.68541098
2426,7,0.76916373,6.97297812
2427,7,0.61999542,4.85183859
2428,7,0.54153711,6.10883808
2429,7,0.71801925,6.19429350
2430,7,0.64307696,5.62621498
2431,7,0.63560104,4.67026424
2432,7,0.74259913,5.94404268
2433,7,0.49261701,4.78666449
2434,7,0.54716563,4.63354397
2435,7,0.57655579,4.65647650
2436,7,0.68404412,4.67022800
2437,7,0.69400078,5.33325815
2438,7,0.55450904,4.27215290
2439,7,0.56293875,4.92760468
2440,7,0.65995359,4.35474730
2441,7,0.52116013,3.61649418
2442,7,0.58858567,6.06962919
2443,7,0.77955496,6.91061974
2444,7,0.68561125,5.29617691
2445,7,0.47284952,5.79879999
2446,7,0.44374710,4.49165678
2447,7,0.48045656,4.33699942
2448,7,0.81260014,5.72845173
2449,7,0.56002045,5.69163895
2450,7,0.66544849,5.59053707
2451,7,0.66213536,4.90356350
2452,7,0.58743465,5.30236959
2453,7,0.66143942,5.17589569
2454,7,0.58033180,5.74668741
2455,7,0.65135777,5.15248585
2456,7,0.63561249,4.41278648
2457,7,0.55283302,5.85921383
2458,7,0.70584023,5.19481802
2459,7,0.80210459,5.11801147
2460,7,0.68046713,5.79958963
2461,7,0.55793869,4.83461094
2462,7,0.53719735,4.93512774
2463,7,0.67053545,4.37824965
2464,7,0.52730459,4.92858791
2465,7,0.51921189,5.79387951
2466,7,0.59755719,5.08494520
2467,7,0.65636611,4.62804699
2468,7,0.57495379,6.25075054
2469,7,0.67968482,5.71498060
2470,7,0.62924159,5.40579605
2471,7,0.64303994,4.54730129
2472,7,0.52102238,3.90197015
2473,7,0.56713015,3.75211453
2474,7,0.59413189,5.96758461
2475,7,0.61503512,5.45386839
2476,7,0.65949094,6.66576529
2477,7,0.61546296,5.12803745
2478,7,0.49736783,6.30692434
2479,7,0.68634558,9.34247684
2480,7,0.67972028,5.06349134
2481,7,0.77668548,7.21928835
2482,7,0.56491673,5.14453936
2483,7,0.52950770,4.88378334
2484,7,0.62600148,5.50147486
2485,7,0.74235404,7.01135778
2486,7,0.78818774,6.50057697
2487,7,0.66119206,5.97166872
2488,7,0.65547097,6.45166445
2489,7,0.52916574,4.08799553
2490,7,0.58947420,4.37501764
2491,7,0.61901635,4.03621864
2492,7,0.51918399,4.67358780
2493,7,0.56551343,4.63436556
2494,7,0.85962951,10.53255844
2495,7,0.56937349,6.45403385
2496,7,0.51236045,4.06253576
2497,7,0.65785944,5.65126228
2498,7,0.60628945,5.15577888
2499,7,0.69356549,6.74354410
2500,7,0.49748772,5.55383873
2501,7,0.59150755,7.09330368
2502,7,0.51751703,4.59243155
2503,7,0.52848142,4.46492767
2504,7,0.49926096,5.93443966
2505,7,0.58665687,8.34333134
2506,7,0.69054067,6.90356016
2507,7,0.57495117,6.58379793
2508,7,0.73050702,6.66282701
2509,7,0.73567003,6.08264637
2510,7,0.55472541,7.59231663
2511,7,0.57107961,6.20992327
2512,7,0.38806123,4.08210611
2513,7,0.64425945,5.15205717
2514,7,0.68294382,6.00222874
2515,7,0.66277409,5.69907904
2516,7,0.83514917,6.58965206
2517,7,0.51995063,4.20040131
2518,7,0.51439196,5.75559282
2519,7,0.50316525,4.07902718
2520,7,0.67753565,9.21585655
2521,7,0.46294475,5.07811546
2522,7,0.61543560,5.48965645
2523,7,0.59249568,3.73994660
2524,7,0.51375461,4.66623878
2525,7,0.82482672,5.95153522
2526,7,0.56989932,6.78360271
2527,7,0.59123862,4.84759903
2528,7,0.63060772,6.05727959
2529,7,0.53027844,5.69769955
2530,7,0.65884459,7.68355703
2531,7,0.75652289,4.77129126
2532,7,0.68054545,4.58517885
2533,7,0.57645154,5.26171017
2534,7,0.60886919,6.08135557
2535,7,0.45650095,3.64149046
2536,7,0.54488564,4.95787239
2537,7,0.57599819,5.35572433
2538,7,0.56448919,5.88657570
2539,7,0.66011560,4.35701513
2540,7,0.64961660,6.10246944
2541,7,0.62624872,4.89199495
2542,7,0.51212788,6.23555708
2543,7,0.59288836,4.48115301
2544,7,0.66838783,5.30853319
2545,7,0.55612397,5.73709297
2546,7,0.90127403,9.03942585
2547,7,0.69990534,6.61042786
2548,7,0.47931939,4.77737141
2549,7,0.91557646,9.74059486
2550,7,0.75086337,5.40261889
2551,7,0.69772446,5.18772745
2552,7,0.45486540,4.81420755
2553,7,0.49663281,4.33679390
2554,7,0.69949937,6.61717701
2555,7,0.55968690,5.47313261
2556,7,0.42139485,6.20823765
2557,7,0.52283788,4.25715494
2558,7,0.44508728,3.86199713
2559,7,0.42743421,4.27461386
2560,7,0.67772126,4.97313643
2561,7,0.72889316,7.11097383
2562,7,0.65817404,6.87999010
2563,7,0.56585658,4.90934420
2564,7,0.59270865,5.87056637
2565,7,0.46866727,4.26696777
2566,7,0.66371357,5.97120190
2567,7,0.44498944,4.60665989
2568,7,0.61476940,4.66139746
2569,7,0.49230105,4.85328722
2570,7,0.77218664,5.86746979
2571,7,0.64508402,5.93648100
2572,7,0.42361039,4.57175827
2573,7,0.57250977,5.14724445
2574,7,0.61191237,8.15872002
2575,7,0.66264892,6.48693800
2576,7,0.58362043,5.84575653
2577,7,0.72723615,6.97658920
2578,7,0.74145347,6.29264784
2579,7,0.42455927,4.13151598
2580,7,0.64659226,4.96608829
2581,7,0.54385668,5.20473528
2582,7,0.52041984,4.93924713
2583,7,0.75056380,5.93168640
2584,7,0.56595898,5.24385071
2585,7,0.55279267,4.98597336
2586,7,0.49273366,6.49076843
2587,7,0.54465950,5.43441343
2588,7,0.63728398,6.33328915
2589,7,0.57223976,5.32415295
2590,7,0.45441747,4.04814243
2591,7,0.69042790,4.49634790
2592,7,0.66325116,7.64352036
2593,7,0.80242181,10.54043388
2594,7,0.40497577,5.15595961
2595,7,0.45761859,6.31017303
2596,7,0.48912919,5.95213890
2597,7,0.45430604,4.42828274
2598,7,0.60194325,4.99826241
2599,7,0.57190263,5.85367250
2600,7,0.83832002,5.11562681
2601,7,0.69109899,9.47215843
2602,7,0.71579045,5.60699511
2603,7,0.64921981,7.04716682
2604,7,0.71708149,6.19546461
2605,7,0.50896204,4.59134817
2606,7,0.78408581,5.94441319
2607,7,0.56452018,5.26420832
2608,7,0.64403063,3.70036530
2609,7,0.53331834,5.18734598
2610,7,0.47206545,4.43233395
2611,7,0.52719051,5.31944513
2612,7,0.56328648,5.49089956
2613,7,0.47044718,4.34110069
2614,7,0.47908771,5.11622143
2615,7,0.54887974,4.25365019
2616,7,0.68866152,6.94407654
2617,7,0.48047903,5.20588160
2618,7,0.62005818,4.89518166
2619,7,0.52241474,4.62581778
2620,7,0.56591892,5.85357618
2621,7,0.58583105,4.84788513
2622,7,0.51474708,5.73402929
2623,7,0.42807537,6.46648264
2624,7,0.95391381,8.07874584
2625,7,0.61280942,7.83504391
2626,7,0.37596390,3.71096277
2627,7,0.58869290,5.72734833
2628,7,0.64587861,6.54891777
2629,7,0.64928019,5.46407652
2630,7,0.58623219,5.16375065
2631,7,0.52751505,4.43645525
2632,7,0.64501107,5.27237511
2633,7,0.58513820,3.62784314
2634,7,0.75502050,6.69188786
2635,7,0.62312305,5.00338221
2636,7,0.71060240,5.53420067
2637,7,0.67049134,5.30715132
2638,7,0.56683004,3.86792803
2639,7,0.52955931,6.15256596
2640,7,0.51400208,5.74455976
2641,7,0.68030924,6.34683084
2642,7,0.64503390,4.96407366
2643,7,0.49115279,5.52387667
2644,7,0.47678655,3.96808457
2645,7,0.75765300,6.28115654
2646,7,0.66230679,6.94440413
2647,7,0.67926610,6.13399315
2648,7,0.48065609,4.15475464
2649,7,0.69382381,6.67144918
2650,7,0.60719895,5.39112043
2651,7,0.60753745,6.73486280
2652,7,0.67377353,6.99673223
2653,7,0.58269572,5.37917757
2654,7,0.76794398,7.19019270
2655,7,0.80378103,7.02414751
2656,7,0.79475749,7.00656652
2657,7,0.52156478,4.42465973
2658,7,0.60435581,3.58987355
2659,7,0.50288630,5.33128119
2660,7,0.61346471,4.49768925
2661,7,0.57967532,5.88512278
2662,7,0.58046645,4.58185720
2663,7,0.56246597,4.39216614
2664,7,0.57200325,5.79267883
2665,7,0.46980470,5.10982132
2666,7,0.58009541,5.17552662
2667,7,0.49511600,4.00553131
2668,7,0.71324325,5.51603699
2669,7,0.62167776,6.95933580
2670,7,0.57719290,7.27974033
2671,7,0.71543396,5.71074677
2672,7,0.65317094,7.00490093
2673,7,0.50166595,5.00633049
2674,7,0.58645678,5.06317377
2675,7,0.50049818,5.14964199
2676,7,0.65488648,5.04480219
2677,7,0.46103343,3.81502104
2678,7,0.54788774,5.03557539
2679,7,0.66811311,4.63538694
2680,7,0.45352009,4.23220825
2681,7,0.46278539,3.87890816
2682,7,0.69032860,4.14526749
2683,7,0.64802235,5.91314793
2684,7,0.44492364,5.69591379
2685,7,0.58180642,5.92417717
2686,7,0.52330410,4.16610765
2687,7,0.63836455,5.33382273
2688,7,0.52893174,7.08160782
2689,7,0.55281627,5.70285797
2690,7,0.48537633,4.22338390
2691,7,0.52650881,4.07341242
2692,7,0.73991489,5.15682125
2693,7,0.57912982,5.10026503
2694,7,0.62088609,5.41226673
2695,7,0.40590101,4.13680220
2696,7,0.63824928,5.57123709
2697,7,0.59510481,5.52224207
2698,7,0.57146323,3.64796948
2699,7,0.51538157,5.53142738
2700,7,0.54672980,4.73676062
2701,7,0.58075643,5.15492964
2702,7,0.56504649,4.00765133
2703,7,0.51664215,6.51609087
2704,7,0.55028903,5.14276409
2705,7,0.50733310,4.04458857
2706,7,0.56828499,5.26355600
2707,7,0.71812141,5.86919403
2708,7,0.48511523,5.95569992
2709,7,0.64507383,6.43316555
2710,7,0.51310873,4.47692108
2711,7,0.64975858,6.64085579
2712,7,0.42485192,4.39620829
2713,7,0.61661720,4.64460230
2714,7,0.51138592,5.08238029
2715,7,0.66782153,6.63915920
2716,7,0.57029700,6.15696192
2717,7,0.63239264,6.61448431
2718,7,0.64516950,5.79778957
2719,7,0.68976593,5.92456818
2720,7,0.60669267,4.94573164
2721,7,0.66898119,6.16624928
2722,7,0.56571382,5.15542269
2723,7,0.54671806,4.44050455
2724,7,0.60717160,8.73436928
2725,7,0.60986185,5.36429548
2726,7,0.51627874,4.92196226
2727,7,0.83186382,6.61970043
2728,7,0.51165783,4.68032455
2729,7,0.54302639,5.75106192
2730,7,0.47674462,3.82525539
2731,7,0.57077336,4.23162079
2732,7,0.57349777,4.69663954
2733,7,0.57143533,5.07170773
2734,7,0.38566691,4.72141790
2735,7,0.45747006,3.62467432
2736,7,0.78785819,9.19181252
2737,8,0.40842590,4.52927399
2738,8,0.45740381,5.81818628
2739,8,0.58041048,4.67951393
2740,8,0.51205814,5.66540337
2741,8,0.54477561,5.28204727
2742,8,0.46477482,5.17890787
2743,8,0.43791670,5.49926949
2744,8,0.56516796,4.66399431
2745,8,0.62877333,6.17143583
2746,8,0.46162537,5.85020685
2747,8,0.63862789,6.10494089
2748,8,0.29889101,4.42155552
2749,8,0.58320487,5.47614813
2750,8,0.69669771,8.00139141
2751,8,0.56175137,5.75917149
2752,8,0.48317152,5.02342987
2753,8,0.73055148,8.78977680
2754,8,0.58787042,4.75833750
2755,8,0.56242937,6.48677826
2756,8,0.52720141,4.76441574
2757,8,0.48600534,3.81317782
2758,8,0.50319242,7.53390551
2759,8,0.65045738,5.69341946
2760,8,0.52780896,5.46778679
2761,8,0.43626225,3.50069809
2762,8,0.63934445,6.92977905
2763,8,0.58470690,8.24912071
2764,8,0.42607331,6.31757307
2765,8,0.58518243,5.52612686
2766,8,0.49224487,4.41030502
2767,8,0.39077905,4.10346031
2768,8,0.53647041,5.01140976
2769,8,0.46991748,5.95593882
2770,8,0.58492136,6.94472456
2771,8,0.58425266,6.45053434
2772,8,0.43527007,4.45862961
2773,8,0.44816023,6.35735273
2774,8,0.71640491,6.39509296
2775,8,0.46938181,4.64462328
2776,8,0.76824629,9.35913372
2777,8,0.56410563,5.49129772
2778,8,0.49985644,6.72368097
2779,8,0.60652614,4.25537968
2780,8,0.78114522,8.26928806
2781,8,0.56996250,6.09685993
2782,8,0.71691310,6.45318508
2783,8,0.63601726,4.01130104
2784,8,0.66201496,4.65015459
2785,8,0.58630127,4.41031122
2786,8,0.54228318,6.51021957
2787,8,0.53947580,4.04452896
2788,8,0.56741762,7.89743900
2789,8,0.45405793,5.83211088
2790,8,0.60378331,5.74807167
2791,8,0.52391577,5.43353796
2792,8,0.56197774,5.32728481
2793,8,0.59340775,5.67312527
2794,8,0.74423200,4.63367510
2795,8,0.63278860,5.23336363
2796,8,0.47947782,4.17054129
2797,8,0.65786332,6.21546555
2798,8,0.76290148,6.86141634
2799,8,0.64500928,5.64514637
2800,8,0.45892420,4.49188519
2801,8,0.57587051,3.86183929
2802,8,0.36782378,3.72334790
2803,8,0.70462596,6.99231625
2804,8,0.55016267,3.97322679
2805,8,0.41333711,3.15996885
2806,8,0.55545282,5.50518274
2807,8,0.50052190,4.09754896
2808,8,0.50664264,6.21715021
2809,8,0.66482151,5.38726997
2810,8,0.49111778,4.99206877
2811,8,0.49356329,4.17411375
2812,8,0.46207243,4.88550949
2813,8,0.49589533,5.46657848
2814,8,0.54271996,4.89187670
2815,8,0.54335582,4.90859890
2816,8,0.51726317,5.32371235
2817,8,0.40549883,3.68272090
2818,8,0.67734104,5.48301363
2819,8,0.34563619,4.03189611
2820,8,0.63250381,5.92818975
2821,8,0.53695548,6.05568218
2822,8,0.53427738,5.00068760
2823,8,0.85062969,6.31713009
2824,8,0.57551104,6.06879711
2825,8,0.71524000,7.53541279
2826,8,0.48967123,5.99924469
2827,8,0.56033850,6.05274725
2828,8,0.61088431,7.99385548
2829,8,0.74213153,6.03903341
2830,8,0.47635520,5.13922501
2831,8,0.54701847,6.90953016
2832,8,0.46587908,5.39271927
2833,8,0.51106739,5.07673931
2834,8,0.52774376,4.90914202
2835,8,0.60295975,5.86223507
2836,8,0.67949343,4.90733194
2837,8,0.60064662,4.18796253
2838,8,0.67919284,4.80408382
2839,8,0.48489085,3.61250186
2840,8,0.44907618,3.93346000
2841,8,0.50693429,4.45147896
2842,8,0.54195988,4.26604128
2843,8,0.61261451,4.64220524
2844,8,0.65764332,7.27979851
2845,8,0.69413638,6.11387920
2846,8,0.51600635,5.48398542
2847,8,0.48655254,4.55886555
2848,8,0.49701428,3.84673095
2849,8,0.57678306,5.41963959
2850,8,0.60726929,5.25471687
2851,8,0.49815410,5.69647694
2852,8,0.54762995,4.30713892
2853,8,0.50240558,5.03298521
2854,8,0.56173837,5.73817873
2855,8,0.48801324,4.46913195
2856,8,0.64591891,4.86917162
2857,8,0.41999036,3.83170652
2858,8,0.53214359,5.96398878
2859,8,0.61202091,5.06199837
2860,8,0.66130179,6.14291191
2861,8,0.57575893,4.53860807
2862,8,0.59106606,5.04086065
2863,8,0.70524943,6.13485098
2864,8,0.68226373,6.72983789
2865,8,0.40601552,4.77259731
2866,8,0.68514693,5.88611269
2867,8,0.57190359,5.22866106
2868,8,0.50358242,4.95990181
2869,8,0.49348325,5.30706835
2870,8,0.63952827,5.15426302
2871,8,0.55377650,5.64334011
2872,8,0.43330806,4.48515129
2873,8,0.66812748,12.12973499
2874,8,0.50121170,4.49445105
2875,8,0.52142918,4.87993526
2876,8,0.67871386,6.72453070
2877,8,0.60271829,6.42544031
2878,8,0.46865159,5.10435057
2879,8,0.55188233,5.97848129
2880,8,0.44757932,5.74851465
2881,8,0.71352124,7.21478224
2882,8,0.47224995,5.04515934
2883,8,0.57277238,4.86120319
2884,8,0.47425762,4.39720440
2885,8,0.61419702,6.22864342
2886,8,0.55578399,5.49951887
2887,8,0.44684535,4.71688938
2888,8,0.57958668,7.41688061
2889,8,0.36631989,3.68399286
2890,8,0.51932669,5.77624416
2891,8,0.57242000,5.39518404
2892,8,0.54556990,4.68954611
2893,8,0.59402162,5.44189072
2894,8,0.50318784,3.89470840
2895,8,0.51416832,3.95533323
2896,8,0.65661263,6.04373789
2897,8,0.57005227,3.59839606
2898,8,0.52552366,5.94008780
2899,8,0.38591337,6.37698889
2900,8,0.50991654,5.77185774
2901,8,0.65509129,4.97810030
2902,8,0.61611414,5.32881689
2903,8,0.61866319,6.52457809
2904,8,0.43911350,4.94412088
2905,8,0.46122071,4.28651285
2906,8,0.44583857,9.17627239
2907,8,0.65112311,7.22251320
2908,8,0.52854592,6.23380852
2909,8,0.63877141,5.94795656
2910,8,0.58376956,5.17197132
2911,8,0.67337483,8.37067890
2912,8,0.56068146,5.00093269
2913,8,0.58972430,5.34138632
2914,8,0.53429174,5.56331205
2915,8,0.48120436,6.74139977
2916,8,0.61872882,7.04436064
2917,8,0.55048770,6.25143766
2918,8,0.58490926,5.46921730
2919,8,0.49683282,4.23493290
2920,8,0.53476745,5.35223913
2921,8,0.56028003,5.47724962
2922,8,0.55862272,4.90066099
2923,8,0.39334983,3.78609371
2924,8,0.58410895,5.45103598
2925,8,0.57651103,5.13445520
2926,8,0.61071098,6.95116568
2927,8,0.57064188,5.71323776
2928,8,0.45563051,4.86009264
2929,8,0.58850908,6.87688971
2930,8,0.55296648,5.33192873
2931,8,0.45489869,4.39328623
2932,8,0.52227771,6.45313168
2933,8,0.70531750,5.67618513
2934,8,0.35818952,4.01732254
2935,8,0.67163461,5.32344770
2936,8,0.51577896,4.48811913
2937,8,0.45824862,5.25980854
2938,8,0.53882134,5.39175797
2939,8,0.45147139,4.35783339
2940,8,0.48371318,4.01302624
2941,8,0.63831985,5.49427509
2942,8,0.68707138,7.86969709
2943,8,0.56046730,5.18960714
2944,8,0.54063165,4.79907274
2945,8,0.67525786,6.38348532
2946,8,0.68176204,6.23179674
2947,8,0.74789238,8.76605988
2948,8,0.45347399,4.50680923
2949,8,0.43378374,3.48323512
2950,8,0.49519578,4.72731352
2951,8,0.74565905,5.75047588
2952,8,0.44480866,5.05938625
2953,8,0.76633346,5.78995848
2954,8,0.55628645,4.75435877
2955,8,0.35981607,3.26232886
2956,8,0.57678270,5.24648619
2957,8,0.66000485,7.11859560
2958,8,0.53302264,4.21337175
2959,8,0.60279417,4.20177460
2960,8,0.49831074,4.21766138
2961,8,0.50442976,4.21044683
2962,8,0.59791511,5.93897486
2963,8,0.66447151,6.31234598
2964,8,0.58634984,8.22139263
2965,8,0.46001953,4.12350559
2966,8,0.45781302,4.91505718
2967,8,0.49650028,5.48479939
2968,8,0.61616045,4.96874142
2969,8,0.42695352,5.08163452
2970,8,0.55083942,4.63310480
2971,8,0.53005213,6.09410715
2972,8,0.65175354,5.07756233
2973,8,0.62820143,5.66083670
2974,8,0.50609887,5.09294796
2975,8,0.55023152,5.27956581
2976,8,0.54173839,5.12162018
2977,8,0.60572881,4.90802765
2978,8,0.36828116,2.99973249
2979,8,0.63217562,6.98191738
2980,8,0.51186472,5.25266838
2981,8,0.66644120,6.39269018
2982,8,0.52449143,6.27465343
2983,8,0.46532559,3.47550058
2984,8,0.57991821,5.75523853
2985,8,0.45390832,5.28908825
2986,8,0.41256100,4.92919254
2987,8,0.64216173,7.20068073
2988,8,0.38920540,3.80878019
2989,8,0.67889905,6.25527048
2990,8,0.51445758,4.78522873
2991,8,0.63072002,6.51843929
2992,8,0.41212124,5.38507700
2993,8,0.66146821,6.89558744
2994,8,0.56002510,7.67216063
2995,8,0.54232603,5.12844610
2996,8,0.46694618,5.95466375
2997,8,0.57515210,6.11260748
2998,8,0.63373166,4.39370966
2999,8,0.50180978,3.61572838
3000,8,0.49208447,4.61214209
3001,8,0.50377750,4.74403334
3002,8,0.54466802,4.39038754
3003,8,0.50758624,3.88664651
3004,8,0.55632836,5.86164141
3005,8,0.79061669,5.00917339
3006,8,0.59375238,5.66445732
3007,8,0.51349401,6.00532675
3008,8,0.57692385,5.29677582
3009,8,0.51507270,5.38063574
3010,8,0.49725562,5.30573320
3011,8,0.63277608,6.61336327
3012,8,0.55950475,6.21908236
3013,8,0.44751060,4.64517689
3014,8,0.46984741,5.02414417
3015,8,0.58685750,5.64463949
3016,8,0.58921206,5.80571795
3017,8,0.63461912,6.29937124
3018,8,0.54371136,4.97869778
3019,8,0.56288755,5.90203285
3020,8,0.66266263,5.20062351
3021,8,0.42120335,4.54619455
3022,8,0.57120037,4.46764946
3023,8,0.53582180,4.64858198
3024,8,0.41780674,3.90737772
3025,8,0.63582700,5.35067654
3026,8,0.39920565,6.09173584
3027,8,0.48130241,4.95472193
3028,8,0.66587275,4.83621407
3029,8,0.54103804,4.68719387
3030,8,0.50789380,5.32615471
3031,8,0.43348390,4.04319191
3032,8,0.47077766,3.68433022
3033,8,0.45645642,5.00666285
3034,8,0.49263930,4.98805761
3035,8,0.43413025,6.35664511
3036,8,0.53302222,5.76494741
3037,8,0.42606282,4.58771753
3038,8,0.45266080,6.87004423
3039,8,0.53608608,5.74121380
3040,8,0.49559957,6.83107567
3041,8,0.60587025,6.66289473
3042,8,0.35568365,4.74704456
3043,8,0.54411352,5.28999996
3044,8,0.56973189,6.39985418
3045,8,0.48468801,5.35307074
3046,8,0.63539881,8.25217533
3047,8,0.51889652,8.73130798
3048,8,0.50559628,5.49177837
3049,8,0.65561867,7.94088554
3050,8,0.49525726,5.44116592
3051,8,0.47464406,5.54927492
3052,8,0.58599246,4.84615946
3053,8,0.43979049,5.55955458
3054,8,0.48612851,5.51144171
3055,8,0.60418677,5.87149382
3056,8,0.54046571,4.97615337
3057,8,0.66986573,5.34296846
3058,8,0.57592320,4.42622709
3059,8,0.48760849,5.33649063
3060,8,0.61299497,4.95796871
3061,8,0.47048184,4.10414696
3062,8,0.55725855,4.52293682
3063,8,0.57451111,4.99948788
3064,8,0.59813225,5.36821699
3065,8,0.62426233,5.82112503
3066,8,0.62048233,5.66478920
3067,8,0.54728758,5.46680450
3068,8,0.45878106,4.41506624
3069,8,0.41377583,4.23094273
3070,8,0.56970668,5.41795683
3071,8,0.55690378,5.20692778
3072,8,0.57438725,5.49332142
3073,8,0.38271895,3.25120950
3074,8,0.48214784,4.66697216
3075,8,0.50690055,3.35258508
3076,8,0.68200076,7.43113184
3077,8,0.63382006,6.94660044
3078,8,0.52643251,4.53743029
3079,8,0.45651203,4.07038116
3080,8,0.56241047,5.53935051
3081,8,0.49551994,6.08666706
3082,8,0.48196536,4.09166574
3083,8,0.47502667,4.58333635
3084,8,0.57430828,4.75780058
3085,8,0.45988572,4.28825331
3086,8,0.47723651,4.95726585
3087,8,0.47680417,5.19739103
3088,8,0.46902597,8.26222897
3089,8,0.54334819,4.57028008
3090,8,0.59012842,7.93742418
3091,8,0.52640080,4.38231277
3092,8,0.51493478,4.84676218
3093,8,0.50855625,8.84958935
3094,8,0.67034960,7.30749607
3095,8,0.54161590,7.06971121
3096,8,0.44479147,4.53527689
3097,8,0.50560296,4.39101839
3098,8,0.79602075,6.02609777
3099,8,0.50031412,4.84146404
3100,8,0.50436449,5.04469442
3101,8,0.50683671,5.24808931
3102,8,0.57302737,5.49889660
3103,8,0.54948258,4.98686314
3104,8,0.54012394,5.88390160
3105,8,0.31337729,4.01660156
3106,8,0.48691165,4.22932196
3107,8,0.78044021,6.65733862
3108,8,0.32244086,4.15722990
3109,8,0.57941753,4.87729454
3110,8,0.46203506,3.87733006
3111,8,0.63595068,5.61022472
3112,8,0.62150812,5.53994417
3113,8,0.59040791,5.57711506
3114,8,0.64204895,7.51372957
3115,8,0.43441606,5.35897112
3116,8,0.43806514,4.01212883
3117,8,0.47608095,4.95605755
3118,8,0.60468167,7.93904686
3119,8,0.59253061,5.17259979
3120,8,0.51490676,4.76129436
3121,8,0.54250616,5.12198400
3122,8,0.52157664,4.42149734
3123,8,0.63068444,4.78008842
3124,8,0.82187766,9.12164402
3125,8,0.45862672,6.02363014
3126,8,0.41832739,4.11343002
3127,8,0.67794180,9.05478096
3128,9,0.57562560,5.93942499
3129,9,0.46475556,6.00731087
3130,9,0.39033860,3.14042449
3131,9,0.40428898,3.84074593
3132,9,0.43181375,5.48474360
3133,9,0.51880395,7.89738560
3134,9,0.54228526,8.13643456
3135,9,0.43823355,4.32198095
3136,9,0.59133267,4.44059658
3137,9,0.52660501,5.58368540
3138,9,0.53008890,5.36212826
3139,9,0.48085904,6.01426649
3140,9,0.47477889,4.88818979
3141,9,0.42295656,3.68321824
3142,9,0.36169392,5.16677666
3143,9,0.43580866,6.88055563
3144,9,0.62366629,8.94687748
3145,9,0.53526127,5.39572334
3146,9,0.46310714,5.29580688
3147,9,0.54634213,4.75221920
3148,9,0.55012244,6.93617201
3149,9,0.50402534,5.08752728
3150,9,0.50511098,6.21309614
3151,9,0.58818913,7.00464153
3152,9,0.46826938,4.72459888
3153,9,0.63592643,4.94622326
3154,9,0.61968094,4.98700905
3155,9,0.51614565,7.39397097
3156,9,0.63853621,7.48501158
3157,9,0.58207369,6.59157515
3158,9,0.42203814,6.93578577
3159,9,0.47300136,3.67995596
3160,9,0.49803814,6.59343910
3161,9,0.38865089,6.31455231
3162,9,0.42296568,3.48674750
3163,9,0.43566626,3.99364829
3164,9,0.54449880,4.40504169
3165,9,0.49861485,4.76031733
3166,9,0.55681753,4.73326540
3167,9,0.54293811,5.14004183
3168,9,0.56610453,5.83878899
3169,9,0.63174033,5.03330183
3170,9,0.65199268,6.06000900
3171,9,0.46780309,5.71675348
3172,9,0.43839943,4.32890463
3173,9,0.49140486,4.55549431
3174,9,0.52189636,5.12552214
3175,9,0.40438280,5.30523777
3176,9,0.38839677,4.90997839
3177,9,0.36011371,4.44188452
3178,9,0.34902364,3.34925222
3179,9,0.63385022,5.83046865
3180,9,0.54999244,6.49918413
3181,9,0.55359280,4.02516937
3182,9,0.57556868,7.05311966
3183,9,0.43619448,5.34031677
3184,9,0.39708340,6.71052408
3185,9,0.47008580,6.29069567
3186,9,0.49617872,5.47460222
3187,9,0.57780409,6.44877148
3188,9,0.51510388,4.90058327
3189,9,0.51806653,5.60983467
3190,9,0.51802969,7.26412344
3191,9,0.57124043,5.75723886
3192,9,0.64635980,6.49969435
3193,9,0.44970772,3.92383695
3194,9,0.49112743,5.46191835
3195,9,0.44005439,4.79132509
3196,9,0.52052438,4.98042250
3197,9,0.50775635,6.77517366
3198,9,0.54139113,4.19274950
3199,9,0.49636424,5.75326109
3200,9,0.43332118,3.69552565
3201,9,0.51967663,5.14055538
3202,9,0.81946051,6.82873964
3203,9,0.52609777,4.94497347
3204,9,0.52466977,4.33295679
3205,9,0.49974322,6.31547451
3206,9,0.59040809,4.74403381
3207,9,0.42872679,3.95110941
3208,9,0.45600957,4.06680107
3209,9,0.47123271,4.44969416
3210,9,0.38382852,4.36899948
3211,9,0.51203692,5.86916065
3212,9,0.44714114,4.08866596
3213,9,0.35941446,5.64157629
3214,9,0.49033824,4.95912695
3215,9,0.63159454,4.32900095
3216,9,0.44431111,4.23958063
3217,9,0.34115869,4.64659786
3218,9,0.61238170,7.01631260
3219,9,0.40596181,6.14615536
3220,9,0.49766764,5.39509487
3221,9,0.41995117,4.80180597
3222,9,0.52760941,4.73521805
3223,9,0.41593260,5.82656050
3224,9,0.65616161,5.46812963
3225,9,0.63729107,6.85135698
3226,9,0.71050835,6.51969862
3227,9,0.46606901,6.63362646
3228,9,0.50920570,5.25385380
3229,9,0.44433039,6.46439457
3230,9,0.52922004,10.58473110
3231,9,0.56541729,5.83799934
3232,9,0.55088049,5.33779716
3233,9,0.48695284,4.65255260
3234,9,0.46636817,6.03433752
3235,9,0.56735426,7.16576529
3236,9,0.45329440,5.29418278
3237,9,0.38655132,4.37151814
3238,9,0.40511757,3.83356524
3239,9,0.43925560,4.04258013
3240,9,0.44643894,6.43019676
3241,9,0.49580172,6.32695580
3242,9,0.53772032,5.11577702
3243,9,0.41969955,4.10001373
3244,9,0.58902323,5.59831095
3245,9,0.52380431,6.28592205
3246,9,0.55605751,7.08986568
3247,9,0.55048168,4.35398960
3248,9,0.53706181,6.82884598
3249,9,0.36654770,3.99018049
3250,9,0.48129210,3.81139851
3251,9,0.53233004,4.89650774
3252,9,0.52664751,6.32220840
3253,9,0.46180826,5.64292479
3254,9,0.54616189,4.45350122
3255,9,0.48062301,3.89579415
3256,9,0.53940612,6.10795355
3257,9,0.45252553,6.95766926
3258,9,0.42829239,3.87187839
3259,9,0.55767560,8.94501114
3260,9,0.53539008,4.99668455
3261,9,0.54569262,5.01554871
3262,9,0.57521391,5.56184626
3263,9,0.37058669,3.68948746
3264,9,0.37885189,3.81068015
3265,9,0.40883711,5.47156429
3266,9,0.56719393,7.17639589
3267,9,0.36099356,7.81834269
3268,9,0.52169287,5.76125669
3269,9,0.41551906,4.46959877
3270,9,0.55738473,5.57436419
3271,9,0.38537914,5.65708065
3272,9,0.51997948,7.91529560
3273,9,0.53903085,5.22417545
3274,9,0.61192274,7.55891085
3275,9,0.38436335,4.24569798
3276,9,0.54699969,4.91381502
3277,9,0.57295841,5.50934792
3278,9,0.58168572,7.38654852
3279,9,0.36221319,5.08865213
3280,9,0.57156205,5.10915995
3281,9,0.57597190,6.56280422
3282,9,0.54147607,5.31768417
3283,9,0.46889484,5.28715181
3284,9,0.48065931,4.29005194
3285,9,0.48955086,5.98559380
3286,9,0.54838473,6.24806023
3287,9,0.48630959,4.69132233
3288,9,0.42352813,4.63517570
3289,9,0.54102749,inf
3290,9,0.31549370,4.27653360
3291,9,0.47219306,5.85421371
3292,9,0.42098051,4.18933392
3293,9,0.59974819,5.10041094
3294,9,0.57046229,5.87945652
3295,9,0.55073947,6.13929224
3296,9,0.77542448,6.45234251
3297,9,0.55980074,6.07122850
3298,9,0.40636367,4.97628546
3299,9,0.53420717,5.76252127
3300,9,0.48869491,4.79904461
3301,9,0.54213262,5.54247999
3302,9,0.63662112,6.01258659
3303,9,0.55585742,5.15478134
3304,9,0.41438228,3.77544069
3305,9,0.44973758,5.15528774
3306,9,0.56115842,4.91831207
3307,9,0.43891782,4.62208700
3308,9,0.51269209,5.85089684
3309,9,0.62581342,6.67584133
3310,9,0.61351210,6.15091515
3311,9,0.47324049,4.96281767
3312,9,0.44213775,4.87663126
3313,9,0.55192930,7.61938858
3314,9,0.35594949,6.73906994
3315,9,0.56434596,4.47714376
3316,9,0.40631896,4.48842621
3317,9,0.59929210,6.57834530
3318,9,0.43760663,4.53892326
3319,9,0.35092735,6.47661877
3320,9,0.46721494,4.50957775
3321,9,0.49172205,4.75151587
3322,9,0.71730930,5.77555752
3323,9,0.51078802,5.65085936
3324,9,0.38241449,4.42442513
3325,9,0.52388823,5.49476194
3326,9,0.38206005,6.32000303
3327,9,0.61046374,6.27764559
3328,9,0.52725196,5.96043873
3329,9,0.65656781,5.20505524
3330,9,0.52201289,5.95412016
3331,9,0.53551894,7.64408255
3332,9,0.44993904,5.79946280
3333,9,0.32644802,5.15681601
3334,9,0.47099209,5.52807713
3335,9,0.52484870,5.41238213
3336,9,0.50294441,6.43312597
3337,9,0.53178167,5.77779055
3338,9,0.50324333,5.74115324
3339,9,0.38443601,4.85228205
3340,9,0.52198780,6.09591246
3341,9,0.46073574,4.93367815
3342,9,0.56677687,5.88664818
3343,9,0.46933928,6.65337849
3344,9,0.56168497,4.48972845
3345,9,0.39531177,4.42643642
3346,9,0.60826182,5.75803423
3347,9,0.58109039,6.33927917
3348,9,0.56354237,5.33577061
3349,9,0.49654555,4.63252163
3350,9,0.48640922,6.40399933
3351,9,0.45850587,4.21801996
3352,9,0.45321065,5.11309481
3353,9,0.46903509,5.58967113
3354,9,0.51633006,5.37927866
3355,9,0.54149836,5.64717865
3356,9,0.38524395,4.30370903
3357,9,0.40395316,3.29968309
3358,9,0.51952380,5.60521460
3359,9,0.46890175,5.90346575
3360,9,0.35804281,4.93212461
3361,9,0.58312446,6.15851974
3362,9,0.49194542,7.13602448
3363,9,0.45334527,5.73832560
3364,9,0.58130246,6.95881081
3365,9,0.49191338,6.24814463
3366,9,0.40485853,4.78531647
3367,9,0.73742259,7.11343575
3368,9,0.52320325,3.85710335
3369,9,0.51218569,6.17064762
3370,9,0.70168227,7.88407087
3371,9,0.76480883,7.30760574
3372,9,0.36117405,4.06531000
3373,9,0.53696585,4.10481930
3374,9,0.56649029,5.65231943
3375,9,0.44987124,4.56427574
3376,9,0.50671899,5.63816166
3377,9,0.47838950,5.42639256
3378,9,0.50116718,4.98698330
3379,9,0.43382207,4.08043861
3380,9,0.48218086,6.04042053
3381,9,0.51558310,6.40194559
3382,9,0.53988802,7.27226686
3383,9,0.46831822,4.88483524
3384,9,0.43028975,4.14748859
3385,9,0.60307574,6.10808039
3386,9,0.49149001,5.88373375
3387,9,0.47352111,6.78693151
3388,9,0.44782478,5.02079773
3389,9,0.58925158,5.11315393
3390,9,0.56015193,5.69020033
3391,9,0.56809801,5.34900713
3392,9,0.62647009,4.14867258
3393,9,0.74067289,6.88232565
3394,9,0.80941802,6.70090342
3395,9,0.41201672,6.86767483
3396,9,0.51878268,3.94800353
3397,9,0.54660159,7.39465094
3398,9,0.56258094,4.61315250
3399,9,0.39526528,3.72854638
3400,9,0.54993761,6.19296455
3401,9,0.56127465,6.54114580
3402,9,0.59261274,4.85380793
3403,9,0.55208111,6.17612553
3404,9,0.61769581,9.07533836
3405,9,0.72489357,12.06352425
3406,9,0.66308045,6.19354534
3407,9,0.54817498,5.12054300
3408,9,0.68488479,5.52803087
3409,9,0.50761253,5.17226887
3410,9,0.61155415,6.87575579
3411,9,0.61888587,5.82110167
3412,9,0.49130791,5.59587765
3413,9,0.58751070,5.20504713
3414,9,0.55741167,5.50111675
3415,9,0.53897995,6.15738773
3416,9,0.64001954,4.23188496
3417,9,0.53224349,4.67118597
3418,9,0.39265275,4.77150440
3419,9,0.41203460,3.84704947
3420,9,0.59513086,6.60284424
3421,9,0.50613415,4.12431145
3422,9,0.46251214,4.05501461
3423,9,0.50394320,6.01741505
3424,9,0.46254531,4.45308971
3425,9,0.54955781,4.42630672
3426,9,0.46461770,6.58088636
3427,9,0.55375814,7.09849024
3428,9,0.45383322,6.76538038
3429,9,0.48167855,5.44559574
3430,9,0.61534691,5.44986963
3431,9,0.49006248,6.90385389
3432,9,0.40366471,4.53074884
3433,9,0.49018455,5.29241133
3434,9,0.48298123,4.64772511
3435,9,0.66184425,5.14599276
3436,9,0.63745779,6.60923958
3437,9,0.49739459,4.62911081
3438,9,0.40737832,3.08899856
3439,9,0.38542753,5.19678688
3440,9,0.61276692,5.90175056
3441,9,0.63252008,8.09469032
3442,9,0.54807508,6.52261257
3443,9,0.50572950,4.66421080
3444,9,0.64547276,4.25979471
3445,9,0.47549275,7.45506716
3446,9,0.60729825,5.85116816
3447,9,0.65607947,6.90614653
3448,9,0.53171855,5.52000713
3449,9,0.49384713,4.86446571
3450,9,0.71410978,5.88008308
3451,9,0.50061464,5.52668428
3452,9,0.50967366,5.48347378
3453,9,0.46176934,3.85909295
3454,9,0.43494278,5.44949102
3455,9,0.56122291,7.33471870
3456,9,0.51719075,4.72167826
3457,9,0.45965981,4.55531883
3458,9,0.59254861,8.56285381
3459,9,0.54503554,4.24139881
3460,9,0.39968252,5.03023529
3461,9,0.49039879,3.48786378
3462,9,0.58997303,6.24942636
3463,9,0.56143564,5.71667814
3464,9,0.40754077,4.88699102
3465,9,0.43366575,5.16480637
3466,9,0.42467964,3.67618656
3467,9,0.48625237,5.16795731
3468,9,0.47513887,4.67590666
3469,9,0.54523075,5.25671577
3470,9,0.39170682,5.97821474
3471,9,0.50485498,6.02844954
3472,9,0.41918263,4.39055586
3473,9,0.58740008,7.97999811
3474,9,0.43537199,6.46392775
3475,9,0.69744158,6.39173269
3476,9,0.76065189,6.51759911
3477,9,0.56386542,6.38192558
3478,9,0.53074163,6.32914782
3479,9,0.68262768,6.66342974
3480,9,0.65249693,6.09432888
3481,9,0.38032979,4.69720840
3482,9,0.54341465,6.01770926
3483,9,0.61114126,7.01266670
3484,9,0.67813420,6.37271404
3485,9,0.63431275,6.19780588
3486,9,0.60752070,5.00733376
3487,9,0.51783764,4.89233446
3488,9,0.69754469,6.23351431
3489,9,0.54351354,7.93938494
3490,9,0.40402815,4.21510553
3491,9,0.46734038,5.51086521
3492,9,0.45674765,4.50574350
3493,9,0.63680553,6.80898094
3494,9,0.58366942,4.97109699
3495,9,0.61326969,4.50250769
3496,9,0.61897284,7.07891893
3497,9,0.46046859,4.52799034
3498,9,0.49241674,4.47993898
3499,9,0.42335683,4.24836922
3500,9,0.55293053,6.04466724
3501,9,0.56127119,6.45257854
3502,9,0.58991194,6.47445154
3503,9,0.32156432,3.44458842
3504,9,0.54971135,4.86624336
3505,9,0.55227900,5.38292742
3506,9,0.67602354,6.13042688
3507,9,0.52045405,4.16858530
3508,9,0.56736267,5.49130392
3509,9,0.55809617,5.00898218
3510,9,0.58694357,5.91085148
3511,9,0.57782233,7.18797827
3512,9,0.52718782,5.78979874
3513,9,0.46692264,4.81496525
3514,9,0.43345746,5.43390417
3515,9,0.53319860,5.07861519
3516,9,0.59185755,5.83574486
3517,9,0.32462949,2.88743877
3518,9,0.56884193,8.48082733
3519,10,0.47720745,5.26830053
3520,10,0.38956311,3.61235046
3521,10,0.43607265,4.58664560
3522,10,0.51585329,7.38197899
3523,10,0.51007181,5.29402924
3524,10,0.41882104,4.07742739
3525,10,0.40154982,3.92410040
3526,10,0.58348894,4.06114960
3527,10,0.48363101,3.99771881
3528,10,0.46845049,6.84987259
3529,10,0.33539930,4.07528591
3530,10,0.47652769,4.48539877
3531,10,0.32744136,3.59736109
3532,10,0.57667089,5.05338955
3533,10,0.54152727,4.27667713
3534,10,0.46774831,8.94623280
3535,10,0.42657438,6.35036516
3536,10,0.48199901,5.90588903
3537,10,0.42030919,4.73905993
3538,10,0.48443577,4.15944767
3539,10,0.47343281,6.60454035
3540,10,0.58354294,7.71760654
3541,10,0.38711405,3.98733783
3542,10,0.37448102,4.52912283
3543,10,0.54257894,5.81095743
3544,10,0.40167001,6.22425175
3545,10,0.52784407,7.26413059
3546,10,0.36797899,4.81183434
3547,10,0.51411140,5.31558704
3548,10,0.48108765,4.58336401
3549,10,0.43936712,7.19869041
3550,10,0.45343292,5.44375181
3551,10,0.37612748,5.13167191
3552,10,0.56983149,6.52843046
3553,10,0.36846817,5.11735487
3554,10,0.49089018,4.95090532
3555,10,0.39442593,5.18686247
3556,10,0.67090112,7.56451035
3557,10,0.49070296,5.06204891
3558,10,0.48078811,6.06566191
3559,10,0.32570279,4.31193304
3560,10,0.63831067,6.45617056
3561,10,0.51911950,4.40711355
3562,10,0.38172972,4.12061644
3563,10,0.39294925,3.30436563
3564,10,0.44137585,4.20783663
3565,10,0.54371214,8.68569279
3566,10,0.44625318,6.02580738
3567,10,0.48163497,5.17569590
3568,10,0.44491813,5.94788599
3569,10,0.40314636,3.85056019
3570,10,0.36972979,3.92798853
3571,10,0.41721466,4.27629566
3572,10,0.36899060,4.28942060
3573,10,0.44925371,5.89752102
3574,10,0.48945558,5.25116920
3575,10,0.62942719,6.02867794
3576,10,0.42832851,5.24407434
3577,10,0.55794168,4.71674061
3578,10,0.56683636,5.37287521
3579,10,0.38680550,5.76133680
3580,10,0.44537163,6.99847460
3581,10,0.52010912,5.06792307
3582,10,0.42785507,5.93495417
3583,10,0.53564423,6.14157772
3584,10,0.52694499,5.43577814
3585,10,0.51509798,12.23078156
3586,10,0.49483451,7.17180872
3587,10,0.38558644,5.03212690
3588,10,0.40327787,5.15162945
3589,10,0.45932057,5.16209698
3590,10,0.31119770,3.39327264
3591,10,0.39795622,4.68003988
3592,10,0.35612285,4.00083208
3593,10,0.41982633,3.61861229
3594,10,0.46533406,4.73126745
3595,10,0.48181754,6.07264376
3596,10,0.36757636,5.68837738
3597,10,0.61675394,4.84381485
3598,10,0.47587284,4.85176086
3599,10,0.37358293,4.84800959
3600,10,0.52872938,6.55905056
3601,10,0.42251807,6.37642717
3602,10,0.44787362,7.12212467
3603,10,0.39319247,4.89674091
3604,10,0.56619608,5.51868868
3605,10,0.45912117,4.50465584
3606,10,0.49303564,5.17121601
3607,10,0.51788890,5.53300619
3608,10,0.57905030,5.02716541
3609,10,0.48709241,5.40170145
3610,10,0.55484474,7.16874790
3611,10,0.53446031,5.66904640
3612,10,0.41572011,6.31686020
3613,10,0.40528965,3.62757707
3614,10,0.40129805,4.96470833
3615,10,0.36352560,5.42268658
3616,10,0.47517329,6.79118490
3617,10,0.33969170,4.16973734
3618,10,0.44310924,4.54469109
3619,10,0.62546170,14.31315899
3620,10,0.51383531,3.46681571
3621,10,0.50759447,4.58297110
3622,10,0.49743736,6.26104593
3623,10,0.48600751,7.41080093
3624,10,0.44156867,6.45207024
3625,10,0.41693860,4.40561199
3626,10,0.30380470,5.54591942
3627,10,0.37475303,4.80640078
3628,10,0.70410824,8.60396862
3629,10,0.29643062,4.16429281
3630,10,0.46334243,4.87189293
3631,10,0.58766693,5.80839682
3632,10,0.39114207,5.94249439
3633,10,0.59667826,6.45317984
3634,10,0.59605157,8.36156178
3635,10,0.39247909,6.30508184
3636,10,0.39350533,4.98706150
3637,10,0.44259951,5.65906858
3638,10,0.46995011,7.55335903
3639,10,0.43258932,4.66230297
3640,10,0.45839643,5.91105843
3641,10,0.58542728,7.14648151
3642,10,0.58863783,8.59531307
3643,10,0.35934490,7.08082247
3644,10,0.45031276,5.98468733
3645,10,0.46132427,4.23205328
3646,10,0.66248852,6.54982710
3647,10,0.47502172,5.64759207
3648,10,0.37911558,4.25967741
3649,10,0.41822255,4.48610353
3650,10,0.34876567,2.97126031
3651,10,0.46042782,5.92202473
3652,10,0.51784545,5.43067312
3653,10,0.44895566,4.75345898
3654,10,0.34199393,4.27029943
3655,10,0.42553812,6.04930782
3656,10,0.52381289,6.58256578
3657,10,0.57181001,4.63555956
3658,10,0.46845692,4.95425558
3659,10,0.49872842,5.26807499
3660,10,0.52166444,5.15011883
3661,10,0.48822647,5.21131992
3662,10,0.37213510,4.54776430
3663,10,0.49429423,5.10266495
3664,10,0.46781451,5.06035423
3665,10,0.53825700,5.15566015
3666,10,0.54903495,6.52484465
3667,10,0.43719846,4.52084970
3668,10,0.42550704,4.77790117
3669,10,0.45223433,5.52758741
3670,10,0.49750519,4.94121933
3671,10,0.50454170,4.00294495
3672,10,0.42809087,4.99399281
3673,10,0.56146049,7.29737663
3674,10,0.46337414,5.35866499
3675,10,0.56405133,5.21685934
3676,10,0.43623391,5.55719709
3677,10,0.40137672,4.43524408
3678,10,0.46674567,8.16308308
3679,10,0.48897162,4.89675188
3680,10,0.42372689,5.23463202
3681,10,0.48501712,6.16330290
3682,10,0.34571546,4.34984541
3683,10,0.52207595,4.74798822
3684,10,0.36266282,4.96220064
3685,10,0.46595904,5.43472242
3686,10,0.53905684,4.83246899
3687,10,0.45477033,4.22076130
3688,10,0.48896009,4.61298943
3689,10,0.46294948,4.18691063
3690,10,0.34281322,4.91904974
3691,10,0.35621405,4.69087076
3692,10,0.38386387,4.40171528
3693,10,0.60278267,6.35673475
3694,10,0.65459144,5.66177750
3695,10,0.44070685,5.01014376
3696,10,0.76594228,7.85506105
3697,10,0.47397807,4.67253351
3698,10,0.44152975,4.48221111
3699,10,0.62021148,5.57013321
3700,10,0.64695871,6.74786615
3701,10,0.61018348,6.18083763
3702,10,0.42791283,5.03588772
3703,10,0.58205307,6.62439060
3704,10,0.45043594,5.11713362
3705,10,0.55960095,5.06274748
3706,10,0.55808550,4.90806437
3707,10,0.35047418,4.19515800
3708,10,0.37336239,4.56372595
3709,10,0.44128618,5.02575159
3710,10,0.62950706,6.61491251
3711,10,0.44419944,4.67423868
3712,10,0.51284885,5.27914667
3713,10,0.47171596,4.13430548
3714,10,0.58083093,8.28408623
3715,10,0.54249215,5.98883820
3716,10,0.46969894,5.32140017
3717,10,0.43667537,4.59948206
3718,10,0.55051082,4.58010960
3719,10,0.39661178,5.21207571
3720,10,0.38284153,5.73744106
3721,10,0.61094987,5.44444990
3722,10,0.48225787,5.37919521
3723,10,0.65217972,5.49091005
3724,10,0.48973927,6.94928741
3725,10,0.50125164,4.80948687
3726,10,0.47253931,5.31495667
3727,10,0.41459185,3.91439438
3728,10,0.62537634,8.83919811
3729,10,0.45677614,4.22491789
3730,10,0.48472461,4.82375717
3731,10,0.52172667,4.47669411
3732,10,0.40806922,4.16986752
3733,10,0.38459161,3.70727730
3734,10,0.38714284,3.20680904
3735,10,0.57264012,4.14674616
3736,10,0.49081475,5.33682060
3737,10,0.44388580,7.49002838
3738,10,0.43302578,4.38868141
3739,10,0.50533843,6.10532141
3740,10,0.55045044,5.57582808
3741,10,0.47743616,6.10118866
3742,10,0.38596413,5.50943851
3743,10,0.52785808,7.20011377
3744,10,0.44997180,4.93865681
3745,10,0.40143830,5.13642597
3746,10,0.31423417,6.98787928
3747,10,0.35027903,4.30828476
3748,10,0.58798432,8.03473663
3749,10,0.53858203,5.91284323
3750,10,0.50104505,5.71961594
3751,10,0.63163978,6.05099249
3752,10,0.61349458,6.56828165
3753,10,0.46131432,5.24913168
3754,10,0.48142210,4.88163233
3755,10,0.49642140,5.28485870
3756,10,0.50028354,5.56252432
3757,10,0.47236970,3.69753027
3758,10,0.42008626,4.29864645
3759,10,0.38380051,4.43844986
3760,10,0.50974345,4.52666330
3761,10,0.49284464,3.86509895
3762,10,0.54099846,4.72924852
3763,10,0.42748266,5.32736206
3764,10,0.54523087,5.24182415
3765,10,0.61415744,6.64534521
3766,10,0.43738964,4.37265682
3767,10,0.43426609,4.43396235
3768,10,0.46751919,6.60513735
3769,10,0.54881316,7.46908045
3770,10,0.37039471,4.62473726
3771,10,0.37983257,3.77116561
3772,10,0.47874141,4.51940966
3773,10,0.35711509,5.79816580
3774,10,0.49104434,7.06223440
3775,10,0.46459743,4.65975523
3776,10,0.56511813,6.16299868
3777,10,0.45614117,6.05326748
3778,10,0.37406731,5.19082975
3779,10,0.44429350,4.47578144
3780,10,0.50718009,6.47606134
3781,10,0.43349534,4.66095114
3782,10,0.52081722,5.68728781
3783,10,0.45745024,6.50702381
3784,10,0.44038963,4.80382967
3785,10,0.43486768,6.87709475
3786,10,0.51836866,5.18459702
3787,10,0.53819180,4.99728298
3788,10,0.43823382,4.80307627
3789,10,0.53562391,4.77016544
3790,10,0.45332503,4.78516579
3791,10,0.44127393,3.55990458
3792,10,0.53455710,4.57257128
3793,10,0.41240770,5.22313833
3794,10,0.26785150,3.93319464
3795,10,0.33871934,5.10968304
3796,10,0.47728300,4.63204050
3797,10,0.43990746,4.16335773
3798,10,0.55816603,4.75347519
3799,10,0.53941876,5.46470928
3800,10,0.35225689,3.82715487
3801,10,0.31689513,5.06807041
3802,10,0.55144656,6.20477390
3803,10,0.53778529,5.76405525
3804,10,0.42362696,4.17554760
3805,10,0.46563593,4.85663700
3806,10,0.62050891,6.84597301
3807,10,0.55189049,5.91092968
3808,10,0.42901760,5.15344429
3809,10,0.30142546,3.53600359
3810,10,0.34983313,4.29558039
3811,10,0.47040722,4.92358446
3812,10,0.43362743,4.97259235
3813,10,0.46287489,4.75508642
3814,10,0.62038732,6.25153303
3815,10,0.51834607,6.76376581
3816,10,0.37513825,5.07360172
3817,10,0.38687974,5.84155226
3818,10,0.43817633,6.24929428
3819,10,0.47358918,7.77701187
3820,10,0.49192011,4.26527357
3821,10,0.33991134,4.95807314
3822,10,0.36903316,5.95849371
3823,10,0.56160200,8.79636383
3824,10,0.50142795,4.46528721
3825,10,0.47524011,4.55151844
3826,10,0.50064021,7.00124741
3827,10,0.45199171,4.98485613
3828,10,0.56192839,5.57737541
3829,10,0.64629668,7.15317488
3830,10,0.40849900,5.06723690
3831,10,0.48772761,4.83986425
3832,10,0.40572980,5.66256332
3833,10,0.51224875,5.10282803
3834,10,0.37285969,4.49096727
3835,10,0.55352169,6.76739120
3836,10,0.38222778,5.68919516
3837,10,0.35206240,3.92055655
3838,10,0.56103957,4.84765291
3839,10,0.39948583,4.84463978
3840,10,0.46483895,4.60168552
3841,10,0.37824541,3.95186400
3842,10,0.37039119,4.55802774
3843,10,0.43501192,4.35109854
3844,10,0.30632156,4.05349493
3845,10,0.47458231,4.79930925
3846,10,0.46456134,5.71275187
3847,10,0.43975148,6.07396221
3848,10,0.43867368,6.90323782
3849,10,0.39163157,6.45941114
3850,10,0.49898171,8.36921406
3851,10,0.48186466,6.52878189
3852,10,0.41170785,4.96993399
3853,10,0.45951054,4.17355156
3854,10,0.52836841,9.00435162
3855,10,0.55191821,9.35861778
3856,10,0.52553725,6.59354877
3857,10,0.43610859,6.06175947
3858,10,0.55319858,5.39835215
3859,10,0.37703687,5.22413826
3860,10,0.48454174,6.28092575
3861,10,0.43315399,6.66592550
3862,10,0.59984499,8.50666142
3863,10,0.54832095,8.65277290
3864,10,0.37231183,6.89689922
3865,10,0.40288156,3.81047678
3866,10,0.51950407,5.66894770
3867,10,0.48911080,4.40781355
3868,10,0.59667909,7.17736387
3869,10,0.48609573,4.70175982
3870,10,0.55081797,6.80229092
3871,10,0.50669467,3.65624738
3872,10,0.51278687,6.11050653
3873,10,0.35955179,3.92754292
3874,10,0.46015751,7.28153276
3875,10,0.43741333,4.75199413
3876,10,0.46255392,5.86414433
3877,10,0.58752608,5.58429718
3878,10,0.37865621,4.37540102
3879,10,0.49948034,6.23671055
3880,10,0.51884341,6.83759451
3881,10,0.59338033,4.57051134
3882,10,0.68960094,4.56371355
3883,10,0.41139483,6.40495396
3884,10,0.34142238,4.39641762
3885,10,0.50180995,4.41663122
3886,10,0.42698443,6.84360075
3887,10,0.39664370,5.48789215
3888,10,0.65184867,5.84291077
3889,10,0.53652090,5.02778912
3890,10,0.56660068,6.12052059
3891,10,0.42315361,3.52771473
3892,10,0.48788816,4.58379126
3893,10,0.40250310,4.97306347
3894,10,0.47383809,4.55734491
3895,10,0.52254057,5.28753853
3896,10,0.64643514,5.56352615
3897,10,0.38201979,4.87432480
3898,10,0.43016490,5.81960440
3899,10,0.47558695,4.99332857
3900,10,0.44909948,4.28172064
3901,10,0.44046658,4.76090479
3902,10,0.55064660,5.15216446
3903,10,0.43929178,5.94922829
3904,10,0.39493948,4.46210051
3905,10,0.58978182,6.20633507
3906,10,0.50698233,7.29477692
3907,10,0.40771884,4.45712852
3908,10,0.58532965,5.68716145
3909,10,0.37520045,4.36913538
3910,11,0.41682309,5.49326658
3911,11,0.48148996,8.63324356
3912,11,0.63812351,6.10931873
3913,11,0.47237271,5.45817566
3914,11,0.39614010,5.63026428
3915,11,0.51448792,6.30588198
3916,11,0.45275247,4.20523167
3917,11,0.45545125,4.65898657
3918,11,0.43410227,5.07198095
3919,11,0.51515156,5.22404766
3920,11,0.36075470,4.13128042
3921,11,0.32776093,4.49470091
3922,11,0.49793097,4.66178513
3923,11,0.33062950,3.77917075
3924,11,0.38366002,4.16409063
3925,11,0.57462502,8.12865925
3926,11,0.50758982,7.32208729
3927,11,0.37048665,4.66210842
3928,11,0.33034459,3.33867002
3929,11,0.45503125,6.43691206
3930,11,0.48010129,8.20532608
3931,11,0.45625550,5.78156757
3932,11,0.39367831,5.63925171
3933,11,0.46716738,6.88137531
3934,11,0.51132011,5.74326801
3935,11,0.47219425,4.12500048
3936,11,0.37377870,3.93808508
3937,11,0.54554319,5.26060057
3938,11,0.58598530,7.85920811
3939,11,0.36099851,5.16758490
3940,11,0.41997823,4.69943523
3941,11,0.37126327,3.99161887
3942,11,0.53807509,5.48966599
3943,11,0.44466329,4.62309456
3944,11,0.41200787,4.45348597
3945,11,0.46307203,3.79365206
3946,11,0.44118670,4.19258165
3947,11,0.45899120,5.20461559
3948,11,0.44839880,5.87490606
3949,11,0.40972263,5.17824316
3950,11,0.37137380,3.66331768
3951,11,0.43271935,6.04775858
3952,11,0.57575989,4.63740063
3953,11,0.36703071,3.78061771
3954,11,0.54141247,4.43814039
3955,11,0.45264435,4.92393875
3956,11,0.43308440,5.41021776
3957,11,0.37256548,4.43296623
3958,11,0.26607472,3.62220216
3959,11,0.32050824,3.76016116
3960,11,0.34542137,4.51150179
3961,11,0.40971601,5.22446489
3962,11,0.30624583,4.02142668
3963,11,0.56322128,7.20863867
3964,11,0.44810450,5.41595984
3965,11,0.47487935,7.60218811
3966,11,0.46985608,7.58254910
3967,11,0.37551242,4.28714848
3968,11,0.52883863,6.06813288
3969,11,0.47990930,8.34248352
3970,11,0.39437604,4.41323090
3971,11,0.56220591,4.51616478
3972,11,0.41680884,5.38803482
3973,11,0.38679188,4.37567902
3974,11,0.30644482,5.69460630
3975,11,0.44763300,6.42071056
3976,11,0.45913294,6.09546280
3977,11,0.61768174,6.31204557
3978,11,0.50080770,4.47599173
3979,11,0.52636647,5.13015223
3980,11,0.35923988,4.82208681
3981,11,0.44369549,4.39518356
3982,11,0.39362341,3.83987999
3983,11,0.46492314,5.28973484
3984,11,0.40222284,4.09001493
3985,11,0.34798157,3.49505925
3986,11,0.46569473,4.84579229
3987,11,0.50572884,4.66863441
3988,11,0.42596203,4.40837908
3989,11,0.35636818,4.67530680
3990,11,0.47592449,5.07935905
3991,11,0.41472554,5.41120720
3992,11,0.33624244,4.57347488
3993,11,0.48741114,6.14593363
3994,11,0.50771832,5.98346901
3995,11,0.46274409,6.98138523
3996,11,0.33577043,3.25052261
3997,11,0.41505337,5.62797070
3998,11,0.54106456,6.95062351
3999,11,0.56395137,5.83783770
4000,11,0.41491711,4.58369064
4001,11,0.49905154,7.86173916
4002,11,0.46127418,6.41319227
4003,11,0.49436522,5.19275475
4004,11,0.34070799,4.27551746
4005,11,0.42590588,4.35303593
4006,11,0.34548432,3.80876803
4007,11,0.44007105,3.80094433
4008,11,0.44627568,4.32733536
4009,11,0.51730537,6.17309999
4010,11,0.43122470,6.43189478
4011,11,0.52961516,6.29369688
4012,11,0.35651684,3.79788709
4013,11,0.48145172,7.67615414
4014,11,0.44442415,4.73084307
4015,11,0.37138632,5.36210442
4016,11,0.37647343,6.48310041
4017,11,0.37900600,4.30183363
4018,11,0.25688291,4.41954231
4019,11,0.53300595,4.83681583
4020,11,0.45315123,5.93249178
4021,11,0.37863034,4.16269064
4022,11,0.36371091,5.58271885
4023,11,0.35025185,5.31756496
4024,11,0.46257344,7.98284101
4025,11,0.41412786,4.49936008
4026,11,0.55058420,6.87700987
4027,11,0.45641318,6.41927338
4028,11,0.51782912,6.47313309
4029,11,0.53306562,4.84597635
4030,11,0.44841999,5.27369452
4031,11,0.41034198,3.98154664
4032,11,0.43486348,4.18330288
4033,11,0.32964224,4.60586405
4034,11,0.48870584,6.11358070
4035,11,0.43599445,5.12241459
4036,11,0.44081068,4.62891531
4037,11,0.27627027,3.37593889
4038,11,0.42982793,5.76996946
4039,11,0.41234550,4.41394424
4040,11,0.40104258,4.00237036
4041,11,0.59900820,7.23765087
4042,11,0.74319839,9.81525135
4043,11,0.34283513,4.18581009
4044,11,0.33481032,4.23539162
4045,11,0.32415411,6.08725691
4046,11,0.39701897,5.07788515
4047,11,0.59452695,10.31315804
4048,11,0.48774406,4.68556356
4049,11,0.41632521,5.78395224
4050,11,0.42418313,4.59459686
4051,11,0.47517538,5.20321655
4052,11,0.48617136,5.34071255
4053,11,0.42584383,4.38972807
4054,11,0.37995225,4.26456881
4055,11,0.35190013,6.49523354
4056,11,0.49836850,5.45948935
4057,11,0.68703294,5.57835531
4058,11,0.58024210,6.16089725
4059,11,0.32267565,3.82356501
4060,11,0.49305272,5.65470266
4061,11,0.47603065,4.70417356
4062,11,0.40231675,7.91681337
4063,11,0.43892461,4.85178661
4064,11,0.38974026,3.79412103
4065,11,0.49081618,6.78555775
4066,11,0.38093704,4.74478340
4067,11,0.45840263,4.98086023
4068,11,0.41115537,4.68928099
4069,11,0.42788389,4.89793253
4070,11,0.53625041,7.75291872
4071,11,0.49585131,7.48985863
4072,11,0.36120692,4.01909256
4073,11,0.45393705,5.84787321
4074,11,0.42498919,4.72759199
4075,11,0.51354873,4.68430901
4076,11,0.56120098,4.86251307
4077,11,0.61154783,5.36005449
4078,11,0.50811124,5.76877165
4079,11,0.48916668,7.74359131
4080,11,0.30018982,2.89012885
4081,11,0.43179113,9.47845173
4082,11,0.36586186,5.03798532
4083,11,0.61660409,5.96438169
4084,11,0.43702477,6.69713211
4085,11,0.51207137,6.24140930
4086,11,0.47944444,4.87635469
4087,11,0.48031783,6.49814796
4088,11,0.46213344,4.90208912
4089,11,0.36137199,4.14198208
4090,11,0.53709042,5.12946510
4091,11,0.45998698,6.42876387
4092,11,0.52968633,9.57110023
4093,11,0.52644813,6.02391863
4094,11,0.58101535,8.07439899
4095,11,0.50059909,5.75570345
4096,11,0.44863811,6.75641394
4097,11,0.39300275,5.44484329
4098,11,0.53243941,4.50990343
4099,11,0.53978795,6.67434788
4100,11,0.40978095,6.19360590
4101,11,0.54489607,8.52348804
4102,11,0.44580105,4.59347105
4103,11,0.46569341,5.32402039
4104,11,0.52041787,4.61691856
4105,11,0.57189912,5.03105116
4106,11,0.46866736,4.38015366
4107,11,0.48308203,4.71095228
4108,11,0.39882040,6.17503214
4109,11,0.33466226,3.85689259
4110,11,0.33893251,4.18139029
4111,11,0.44573721,6.04870749
4112,11,0.45493957,3.91196942
4113,11,0.48679841,5.61370182
4114,11,0.48925018,5.16853952
4115,11,0.38819379,4.66899157
4116,11,0.34859639,3.92763019
4117,11,0.54976475,5.93485308
4118,11,0.38981572,6.25556707
4119,11,0.43006653,3.76522994
4120,11,0.38800746,4.66125679
4121,11,0.61759794,5.83271742
4122,11,0.57257098,4.61918592
4123,11,0.41954178,5.39709759
4124,11,0.36508074,3.19850588
4125,11,0.51517093,6.30616474
4126,11,0.34688282,5.24420214
4127,11,0.48068827,5.27552271
4128,11,0.37475568,4.29368067
4129,11,0.43236193,4.80959702
4130,11,0.33700186,3.25217509
4131,11,0.40329230,5.87514019
4132,11,0.50218701,6.27334976
4133,11,0.37573761,6.16584682
4134,11,0.52583581,6.13163757
4135,11,0.41945827,6.00770092
4136,11,0.41504705,5.26417685
4137,11,0.42182001,7.03745079
4138,11,0.65073049,5.54913902
4139,11,0.37037200,3.56696820
4140,11,0.46705356,4.66199493
4141,11,0.55706739,5.63184643
4142,11,0.52516079,6.56609726
4143,11,0.41641328,4.69641018
4144,11,0.46728089,4.97312593
4145,11,0.51772791,6.20163155
4146,11,0.54039168,5.41790056
4147,11,0.50380051,5.29903364
4148,11,0.44027013,5.18311119
4149,11,0.52556741,4.65147114
4150,11,0.49129730,5.99316740
4151,11,0.41655326,5.47626400
4152,11,0.51235139,6.48501825
4153,11,0.47253317,4.30639648
4154,11,0.50460982,5.22209644
4155,11,0.47629005,6.21072149
4156,11,0.49029380,4.50100374
4157,11,0.54125953,6.60090923
4158,11,0.43136239,3.70338321
4159,11,0.46088132,6.59320116
4160,11,0.54084629,5.92841625
4161,11,0.40192282,5.58560944
4162,11,0.44584048,4.96428633
4163,11,0.43325377,3.95052028
4164,11,0.48818421,6.41179991
4165,11,0.48074692,6.70296240
4166,11,0.46149370,5.63685226
4167,11,0.44610050,4.22803497
4168,11,0.46529359,3.79354048
4169,11,0.48152480,6.29127550
4170,11,0.37341553,4.26863861
4171,11,0.48762083,6.23336887
4172,11,0.40566576,5.56052780
4173,11,0.39624482,6.26879358
4174,11,0.43922937,5.82455254
4175,11,0.44301847,3.73606181
4176,11,0.44929147,4.51501322
4177,11,0.40179420,5.60732746
4178,11,0.34415853,5.40086126
4179,11,0.40020913,4.56144571
4180,11,0.30674115,3.74261045
4181,11,0.45337582,7.40676260
4182,11,0.40982565,4.75424623
4183,11,0.46297625,9.89126873
4184,11,0.31248498,5.12909317
4185,11,0.43553752,9.10530949
4186,11,0.50382358,7.77439070
4187,11,0.45151997,6.33838320
4188,11,0.48129684,5.30706549
4189,11,0.55707705,5.74729633
4190,11,0.69246030,5.90403175
4191,11,0.49660218,6.56655645
4192,11,0.49464846,5.18729734
4193,11,0.44023144,7.20017958
4194,11,0.35886067,4.35605383
4195,11,0.39456958,4.44518566
4196,11,0.54451251,7.81479406
4197,11,0.43176538,4.98830032
4198,11,0.48525915,4.29626894
4199,11,0.40696818,6.02067280
4200,11,0.41269311,4.58066559
4201,11,0.40103406,4.65205240
4202,11,0.40027016,4.48219967
4203,11,0.62872320,5.18740511
4204,11,0.55700219,5.42490005
4205,11,0.35354233,4.03296089
4206,11,0.40983289,4.60924387
4207,11,0.53337979,5.89428329
4208,11,0.40012717,4.38208961
4209,11,0.35895383,4.70659113
4210,11,0.34086537,4.51670265
4211,11,0.44782147,5.38386440
4212,11,0.32637835,4.13436031
4213,11,0.40916890,5.29225922
4214,11,0.34298974,4.92034245
4215,11,0.34141028,3.95954680
4216,11,0.32767588,5.42183590
4217,11,0.33195138,5.48379040
4218,11,0.30214682,4.29282427
4219,11,0.47904390,5.40588045
4220,11,0.46673229,6.19882727
4221,11,0.44099975,6.23115826
4222,11,0.32209468,4.05947781
4223,11,0.47817859,5.76327419
4224,11,0.59302866,6.67549372
4225,11,0.35020137,5.05839825
4226,11,0.56094205,6.09439516
4227,11,0.42367184,5.44567204
4228,11,0.37526405,4.61010027
4229,11,0.46200478,5.93318462
4230,11,0.58975756,7.99035740
4231,11,0.42033085,6.32949114
4232,11,0.41386569,4.10861206
4233,11,0.33659744,3.79551244
4234,11,0.47234094,5.19302368
4235,11,0.65539002,6.02262115
4236,11,0.43005729,5.91445732
4237,11,0.39311716,4.55913115
4238,11,0.48354810,6.10904455
4239,11,0.29571623,4.94910812
4240,11,0.41601816,3.59170198
4241,11,0.53560281,5.68448257
4242,11,0.40890378,4.74151087
4243,11,0.48334366,5.06096220
4244,11,0.51773298,7.84331894
4245,11,0.42535484,4.27258492
4246,11,0.34492677,5.51993847
4247,11,0.46314988,5.31488800
4248,11,0.56256145,5.73488140
4249,11,0.50340849,6.08602381
4250,11,0.49445847,4.95388508
4251,11,0.43181133,7.64117479
4252,11,0.53455400,6.99713612
4253,11,0.37454998,4.02272892
4254,11,0.39945871,6.52955198
4255,11,0.46553510,4.91349363
4256,11,0.45933753,4.60475492
4257,11,0.43318674,4.08007002
4258,11,0.44922876,6.57306671
4259,11,0.36539042,4.25989342
4260,11,0.38032115,4.49817133
4261,11,0.48148555,6.23338938
4262,11,0.50458395,5.08420134
4263,11,0.47857347,5.22869301
4264,11,0.66661799,7.43838358
4265,11,0.52595580,6.54222298
4266,11,0.59059000,6.62525463
4267,11,0.34448856,3.99047422
4268,11,0.38390315,3.55234194
4269,11,0.49990863,7.24482775
4270,11,0.44533253,7.52972031
4271,11,0.42500958,4.61779356
4272,11,0.39175025,6.35402393
4273,11,0.31899527,5.88805437
4274,11,0.35725486,5.76307011
4275,11,0.46757892,6.94324255
4276,11,0.47810987,6.46956444
4277,11,0.48348257,5.89486027
4278,11,0.36516374,4.60429716
4279,11,0.53157771,12.32490158
4280,11,0.61642373,9.52972221
4281,11,0.44198480,4.82342911
4282,11,0.37807071,3.97055340
4283,11,0.26785302,3.57613420
4284,11,0.46870297,6.34478521
4285,11,0.45057961,6.10362577
4286,11,0.37668324,5.51304197
4287,11,0.54277408,6.89164114
4288,11,0.47837120,7.05389118
4289,11,0.58974910,8.29585648
4290,11,0.41375005,9.70526695
4291,11,0.35027289,4.58109093
4292,11,0.49314016,7.00085545
4293,11,0.32810652,3.88816166
4294,11,0.52210689,4.96069050
4295,11,0.42453352,5.57100725
4296,11,0.35006717,5.08655214
4297,11,0.41899621,5.87490702
4298,11,0.54182845,5.27534199
4299,11,0.46942392,6.62890816
4300,11,0.57810271,6.16541386
4301,12,0.45872647,8.78906250
4302,12,0.60233486,8.62964916
4303,12,0.35382348,5.60266018
4304,12,0.51543570,6.66057158
4305,12,0.41990685,4.76180172
4306,12,0.46246898,4.64878082
4307,12,0.64978319,7.73885918
4308,12,0.41470057,5.74957991
4309,12,0.53985202,7.75864029
4310,12,0.61438751,6.91511488
4311,12,0.36203960,5.43563652
4312,12,0.46977395,7.88095665
4313,12,0.48007476,4.16709948
4314,12,0.50787544,8.29157162
4315,12,0.45999593,9.48977852
4316,12,0.45948970,5.44614553
4317,12,0.42039052,4.45983458
4318,12,0.50406504,5.60413122
4319,12,0.35097039,8.46006107
4320,12,0.39507052,4.16923094
4321,12,0.44121706,3.99780583
4322,12,0.36087555,4.93049717
4323,12,0.37542775,4.37427187
4324,12,0.49497318,6.09634781
4325,12,0.41612214,5.62656260
4326,12,0.45534956,6.77210760
4327,12,0.48044267,4.98863554
4328,12,0.67090780,9.79401493
4329,12,0.34941730,4.21812105
4330,12,0.38976336,5.89752007
4331,12,0.40579778,5.05726480
4332,12,0.33000308,4.78901672
4333,12,0.47176626,3.68969560
4334,12,0.54768091,7.12866831
4335,12,0.55824041,4.63809681
4336,12,0.44642180,6.97751760
4337,12,0.35952362,3.86036110
4338,12,0.41620135,5.47755289
4339,12,0.32819337,5.98955011
4340,12,0.31794909,4.28346777
4341,12,0.41488564,8.46490669
4342,12,0.41027230,5.17339849
4343,12,0.44144997,5.29533911
4344,12,0.41090721,4.27236700
4345,12,0.48371789,5.30939436
4346,12,0.31970042,4.43642426
4347,12,0.36671385,5.99220419
4348,12,0.60239005,8.12162781
4349,12,0.52729642,6.02363205
4350,12,0.30930829,7.76233530
4351,12,0.40219739,4.82473183
4352,12,0.31424737,3.94388199
4353,12,0.46572936,5.46670628
4354,12,0.55516499,6.97282553
4355,12,0.48690385,5.84936380
4356,12,0.36414188,4.70856953
4357,12,0.40665042,4.31799173
4358,12,0.41734558,4.79556799
4359,12,0.42267030,5.37393379
4360,12,0.35108083,4.99088430
4361,12,0.50213379,5.25828600
4362,12,0.33759487,4.62754107
4363,12,0.40811956,5.48932076
4364,12,0.41112396,4.62398148
4365,12,0.45355326,6.15305853
4366,12,0.36702031,4.71296930
4367,12,0.40457019,4.43638134
4368,12,0.34496593,4.70148087
4369,12,0.40075788,5.27584600
4370,12,0.49346361,7.16195202
4371,12,0.40696567,6.14714575
4372,12,0.34953865,3.84256768
4373,12,0.42215103,4.71665049
4374,12,0.35522714,4.20697498
4375,12,0.31366503,5.02758074
4376,12,0.34137559,4.66777372
4377,12,0.65235722,8.48505020
4378,12,0.58313465,8.11410141
4379,12,0.42202336,4.97959757
4380,12,0.36942336,4.06041622
4381,12,0.42254829,4.73624182
4382,12,0.40600944,3.97805643
4383,12,0.31898880,3.33326316
4384,12,0.42983741,4.30057716
4385,12,0.37203327,4.07425737
4386,12,0.35576627,5.08578825
4387,12,0.40925729,5.94758749
4388,12,0.47473150,9.37596512
4389,12,0.33375990,3.25800157
4390,12,0.38781825,3.45888877
4391,12,0.35662687,4.73607206
4392,12,0.45645040,5.24366283
4393,12,0.38124436,5.88203287
4394,12,0.44578099,5.04246616
4395,12,0.48184881,7.95880032
4396,12,0.41989177,5.13650560
4397,12,0.43667516,4.71566105
4398,12,0.47315979,6.01508808
4399,12,0.29939550,4.78711414
4400,12,0.31110179,5.28244638
4401,12,0.42060575,9.21846104
4402,12,0.45728850,6.09296703
4403,12,0.24164043,3.91403675
4404,12,0.32114947,6.17206097
4405,12,0.43426976,6.32703543
4406,12,0.43976098,5.24959850
4407,12,0.38578448,8.35695744
4408,12,0.50663644,6.69562721
4409,12,0.43439484,4.90941954
4410,12,0.33248109,4.80635166
4411,12,0.70783162,10.13866425
4412,12,0.47444993,7.45559072
4413,12,0.52718592,5.57113552
4414,12,0.49019054,4.96161413
4415,12,0.51564330,5.33802414
4416,12,0.63795412,7.78472519
4417,12,0.34607044,4.36062956
4418,12,0.46344197,5.12984657
4419,12,0.37081677,5.19685984
4420,12,0.64655942,5.28162050
4421,12,0.36995798,3.75914574
4422,12,0.39617914,8.20118046
4423,12,0.41115040,5.00346899
4424,12,0.35179567,4.67440271
4425,12,0.39749682,4.10803318
4426,12,0.50421917,4.89455366
4427,12,0.60213041,6.04742956
4428,12,0.42944002,4.71610355
4429,12,0.45791781,4.72071838
4430,12,0.45278528,5.15204239
4431,12,0.34269387,3.67678070
4432,12,0.38051790,4.51115131
4433,12,0.41426578,4.55509949
4434,12,0.36008978,4.01230764
4435,12,0.46912146,6.08635235
4436,12,0.46995485,4.94756937
4437,12,0.53569472,4.91725302
4438,12,0.25684366,3.13934326
4439,12,0.53609681,5.53298330
4440,12,0.51318228,6.22887230
4441,12,0.54563940,4.89636517
4442,12,0.41881558,6.85304165
4443,12,0.40938228,5.79651022
4444,12,0.38369122,4.82584190
4445,12,0.36743349,4.95254755
4446,12,0.48786628,4.10113096
4447,12,0.50484586,5.66240883
4448,12,0.40023524,4.59842491
4449,12,0.38631508,3.94245481
4450,12,0.33674386,3.75927258
4451,12,0.43971649,5.22723961
4452,12,0.51913679,6.05889130
4453,12,0.30004659,3.84682846
4454,12,0.55539495,6.25450134
4455,12,0.50026262,5.36980772
4456,12,0.44093189,4.67900133
4457,12,0.48102924,5.09460783
4458,12,0.64161605,8.43955326
4459,12,0.43188709,4.69422150
4460,12,0.34440136,3.61590385
4461,12,0.34051579,4.18624067
4462,12,0.47013217,6.73487902
4463,12,0.42260817,4.18352699
4464,12,0.26430091,3.11076570
4465,12,0.33202329,5.11680651
4466,12,0.36078763,2.89388680
4467,12,0.42693317,4.92526770
4468,12,0.41919547,4.72411489
4469,12,0.37211347,4.20030737
4470,12,0.36677337,4.82132244
4471,12,0.37641507,6.67097092
4472,12,0.33578318,3.85989189
4473,12,0.36364430,4.45769453
4474,12,0.46116453,6.29978466
4475,12,0.34293520,4.78745222
4476,12,0.30951241,6.28510761
4477,12,0.49966425,6.62300062
4478,12,0.38038170,5.56825781
4479,12,0.27630222,4.18285179
4480,12,0.38283306,5.17854261
4481,12,0.44606006,5.53117752
4482,12,0.33781883,4.06428337
4483,12,0.38154012,4.89112759
4484,12,0.30935097,5.24968863
4485,12,0.24230397,3.80572176
4486,12,0.35140979,5.46277523
4487,12,0.47117028,4.73377752
4488,12,0.40941608,3.84992123
4489,12,0.32637614,5.51735210
4490,12,0.45023173,5.60107946
4491,12,0.42615443,6.38306093
4492,12,0.33157763,3.42695689
4493,12,0.44243050,5.15611887
4494,12,0.36237031,6.74311972
4495,12,0.50520027,4.22780657
4496,12,0.39824995,6.68251228
4497,12,0.33623153,4.23014832
4498,12,0.37562543,4.52111578
4499,12,0.45504546,5.05081797
4500,12,0.43498573,4.55838108
4501,12,0.47021991,4.81274462
4502,12,0.33933896,3.28173566
4503,12,0.36795759,3.84211349
4504,12,0.42375943,4.97714281
4505,12,0.31091779,3.38380623
4506,12,0.38695532,3.83636427
4507,12,0.28611031,3.08915806
4508,12,0.38235497,4.46720552
4509,12,0.45867482,6.28433752
4510,12,0.29697728,3.30335712
4511,12,0.41712421,4.99214888
4512,12,0.51306283,4.86028576
4513,12,0.45664844,5.80247736
4514,12,0.44187146,4.51303434
4515,12,0.52949739,4.92925358
4516,12,0.47458851,4.87843943
4517,12,0.44918931,7.04663944
4518,12,0.51686084,6.63713741
4519,12,0.36647063,4.22867775
4520,12,0.42664152,7.02249765
4521,12,0.41766736,5.74436426
4522,12,0.46478248,4.73713970
4523,12,0.30357933,4.60229778
4524,12,0.47041065,4.56460047
4525,12,0.39628023,4.18573856
4526,12,0.33287877,3.90808868
4527,12,0.42742401,5.11538553
4528,12,0.54416859,6.66300392
4529,12,0.41526163,5.39598513
4530,12,0.31158531,5.30675745
4531,12,0.38108516,4.90387821
4532,12,0.42721188,4.21416521
4533,12,0.41273969,3.65932727
4534,12,0.36778852,4.57603931
4535,12,0.54462707,6.52222157
4536,12,0.43428284,5.63851261
4537,12,0.37322736,4.95038509
4538,12,0.31364265,3.81800175
4539,12,0.46685678,5.28504515
4540,12,0.45250469,4.88118124
4541,12,0.41408175,4.33865118
4542,12,0.37428623,4.91606140
4543,12,0.40237355,4.28845787
4544,12,0.26189154,3.34596014
4545,12,0.36402568,4.59194326
4546,12,0.26843095,3.96523595
4547,12,0.38747805,4.66135168
4548,12,0.47053277,6.22090864
4549,12,0.40906882,4.25167704
4550,12,0.33950049,3.73309875
4551,12,0.33543849,6.66210032
4552,12,0.54886150,5.15564108
4553,12,0.51643568,6.17141199
4554,12,0.52081406,5.64842796
4555,12,0.39198881,5.06006622
4556,12,0.49397135,5.21023941
4557,12,0.52075785,6.81647301
4558,12,0.41551018,4.64683533
4559,12,0.66619480,7.12384176
4560,12,0.28551799,3.77199721
4561,12,0.34936637,7.73829269
4562,12,0.47151247,4.80064535
4563,12,0.51633060,5.14203358
4564,12,0.38013369,4.85173702
4565,12,0.36318183,4.40945530
4566,12,0.31852853,5.62233114
4567,12,0.45631456,7.66934109
4568,12,0.40126565,5.46432495
4569,12,0.39665523,3.75147843
4570,12,0.36957079,5.13719749
4571,12,0.39129186,4.83759880
4572,12,0.34001940,4.41498613
4573,12,0.31206644,4.11365175
4574,12,0.48008513,4.21864986
4575,12,0.39611337,3.94692111
4576,12,0.49812022,4.60320997
4577,12,0.42896080,6.52027988
4578,12,0.36119205,4.28201199
4579,12,0.26398942,4.61129856
4580,12,0.44077748,4.97701836
4581,12,0.42993271,5.24316406
4582,12,0.41738021,5.38307810
4583,12,0.47821647,5.41775894
4584,12,0.37625113,4.86152601
4585,12,0.29024941,3.74894881
4586,12,0.34594321,5.16631222
4587,12,0.33478266,4.90717697
4588,12,0.47373068,5.74212027
4589,12,0.53979629,4.96051741
4590,12,0.47588396,7.81375551
4591,12,0.30004254,3.82997203
4592,12,0.44317192,6.82496309
4593,12,0.53526825,7.66635180
4594,12,0.43860227,4.69108725
4595,12,0.34654897,4.38439703
4596,12,0.33052266,4.36640406
4597,12,0.36422747,5.18166542
4598,12,0.37873816,3.61558080
4599,12,0.44375604,5.37927008
4600,12,0.62974060,8.05172443
4601,12,0.37315184,4.50290298
4602,12,0.43572795,4.75388432
4603,12,0.45516133,4.12957191
4604,12,0.33752191,3.74770737
4605,12,0.36557531,4.27507925
4606,12,0.39302689,5.51178980
4607,12,0.42140329,4.58655071
4608,12,0.31377137,4.70188379
4609,12,0.35334468,3.66701627
4610,12,0.46428305,4.91361427
4611,12,0.42791435,5.31847382
4612,12,0.50174534,5.38287544
4613,12,0.30257952,5.06691217
4614,12,0.41190308,6.34766483
4615,12,0.44284880,6.10522747
4616,12,0.39636576,4.25494099
4617,12,0.48954782,6.17768574
4618,12,0.42623454,4.03700447
4619,12,0.51736546,5.06165218
4620,12,0.45155281,8.41160107
4621,12,0.50330257,5.99123049
4622,12,0.44549349,4.09246540
4623,12,0.30559903,2.55826735
4624,12,0.41421580,3.39709401
4625,12,0.50945258,5.31522131
4626,12,0.37795335,3.75744033
4627,12,0.50323457,5.30345297
4628,12,0.61102766,8.32666397
4629,12,0.39097148,4.79852962
4630,12,0.40497142,5.13037634
4631,12,0.38203496,3.74665856
4632,12,0.46946999,9.88607597
4633,12,0.41601592,6.61321735
4634,12,0.40856755,4.84960938
4635,12,0.52463347,5.01277399
4636,12,0.44768417,4.42902994
4637,12,0.56963694,7.02069187
4638,12,0.34058174,3.94208336
4639,12,0.36418870,5.58948040
4640,12,0.46926826,5.43452311
4641,12,0.43804705,6.29780197
4642,12,0.50161153,7.01281786
4643,12,0.54329699,9.44922066
4644,12,0.44400188,9.60747719
4645,12,0.46526349,4.80447674
4646,12,0.42213577,5.28124571
4647,12,0.36229086,5.64616346
4648,12,0.27519476,3.53868842
4649,12,0.41649461,5.36542797
4650,12,0.50824797,6.32240915
4651,12,0.39501804,3.99622393
4652,12,0.31075084,3.67203593
4653,12,0.40138197,4.11943579
4654,12,0.43146890,4.62775326
4655,12,0.36528596,3.61654139
4656,12,0.61857998,5.69949150
4657,12,0.35867691,4.88985395
4658,12,0.37972790,5.46211338
4659,12,0.31963730,3.97477007
4660,12,0.49748823,4.92263174
4661,12,0.40967613,4.88303280
4662,12,0.45069274,5.44313765
4663,12,0.35580340,3.94639397
4664,12,0.27783325,3.75279903
4665,12,0.28135210,4.77767134
4666,12,0.30553076,3.51379561
4667,12,0.42987636,5.96942949
4668,12,0.32155704,5.05681276
4669,12,0.52670759,6.00403595
4670,12,0.45039797,5.23547077
4671,12,0.61708236,6.89639044
4672,12,0.40930444,3.53561234
4673,12,0.57012397,5.17757988
4674,12,0.35321999,4.87688065
4675,12,0.42620614,5.13451958
4676,12,0.33342037,5.14401579
4677,12,0.36473906,3.54702306
4678,12,0.45617801,5.69228840
4679,12,0.43371618,4.06567430
4680,12,0.50543666,6.41156912
4681,12,0.49698466,6.13831615
4682,12,0.40985146,4.59302378
4683,12,0.35322607,4.61849785
4684,12,0.31125826,3.96769929
4685,12,0.53901321,5.43630934
4686,12,0.46172574,10.38051033
4687,12,0.57460463,11.36406517
4688,12,0.44208488,4.33787107
4689,12,0.53033084,4.71704674
4690,12,0.54153734,5.51525545
4691,12,0.65134525,8.82719994
4692,13,0.34770691,4.68242121
4693,13,0.38018715,6.61220932
4694,13,0.30173996,5.88729715
4695,13,0.38906750,6.53434896
4696,13,0.34632289,4.85581493
4697,13,0.35408598,5.76220751
4698,13,0.34035516,3.52835369
4699,13,0.49671090,5.70851421
4700,13,0.31631941,4.29120445
4701,13,0.28557190,5.12418890
4702,13,0.46966821,5.21743870
4703,13,0.47878772,7.37297058
4704,13,0.42452842,4.16873980
4705,13,0.28034198,5.53061152
4706,13,0.46053752,4.55684471
4707,13,0.33849701,4.37911749
4708,13,0.32895821,4.27249050
4709,13,0.51951963,6.82022953
4710,13,0.35851336,4.09814453
4711,13,0.40822402,5.52426958
4712,13,0.45555907,4.58086538
4713,13,0.34659851,5.72073698
4714,13,0.52884573,4.96975803
4715,13,0.46937710,8.20989609
4716,13,0.42049250,7.61018038
4717,13,0.41217154,7.23694372
4718,13,0.35556370,4.58827591
4719,13,0.41834456,5.79487371
4720,13,0.49590459,5.80076647
4721,13,0.49624401,5.08710194
4722,13,0.36487684,3.95545220
4723,13,0.33843505,3.92980027
4724,13,0.32933068,5.21416283
4725,13,0.41853583,5.23760986
4726,13,0.34782103,4.23034191
4727,13,0.28853738,4.49992180
4728,13,0.43072188,6.11277294
4729,13,0.28642657,4.83125210
4730,13,0.46763155,7.73277330
4731,13,0.34132987,6.44083786
4732,13,0.34747139,5.35944748
4733,13,0.38886413,4.90781307
4734,13,0.49568683,6.16605377
4735,13,0.37091991,6.97570181
4736,13,0.45183861,5.42489147
4737,13,0.51370370,7.59450102
4738,13,0.31780237,4.06066036
4739,13,0.51010370,6.23550558
4740,13,0.60774720,5.84793663
4741,13,0.45801759,6.65893793
4742,13,0.39544639,4.98434353
4743,13,0.34443855,4.10037947
4744,13,0.40643877,6.30865097
4745,13,0.39604947,6.52436304
4746,13,0.40973309,4.89724445
4747,13,0.38194025,3.96414256
4748,13,0.44039541,6.03135920
4749,13,0.41395244,5.20987749
4750,13,0.42449045,4.18084621
4751,13,0.34568268,4.62467527
4752,13,0.30147246,5.04151201
4753,13,0.36919436,4.45006800
4754,13,0.26251417,3.23420095
4755,13,0.37946713,4.89104700
4756,13,0.46226868,5.93383026
4757,13,0.40433902,4.48391199
4758,13,0.36862415,7.34322262
4759,13,0.30200726,4.64405155
4760,13,0.26482040,3.79607868
4761,13,0.42107308,6.02418137
4762,13,0.33609253,3.96581316
4763,13,0.53455186,7.87953281
4764,13,0.27493465,5.52799082
4765,13,0.31223291,3.57108855
4766,13,0.44789690,8.76647949
4767,13,0.37180662,6.13373995
4768,13,0.32453337,3.97054815
4769,13,0.48763752,5.67281199
4770,13,0.43548551,4.55606127
4771,13,0.29111233,4.16308594
4772,13,0.27543038,3.98203421
4773,13,0.47684807,8.59976387
4774,13,0.45677865,4.06820536
4775,13,0.37693107,6.10389042
4776,13,0.41068181,3.58024335
4777,13,0.26462477,5.12048197
4778,13,0.52355194,6.94986105
4779,13,0.43037176,4.57005644
4780,13,0.38757455,4.25601196
4781,13,0.23564792,2.81117201
4782,13,0.48665076,3.89361572
4783,13,0.30611658,4.64953756
4784,13,0.32044986,5.52795410
4785,13,0.37754649,4.81774759
4786,13,0.60858357,9.07905006
4787,13,0.43909717,4.14348364
4788,13,0.46440306,6.60517788
4789,13,0.38285446,5.50441790
4790,13,0.29962987,5.24312401
4791,13,0.39587039,5.65084887
4792,13,0.21491753,4.04631805
4793,13,0.30040008,5.10978174
4794,13,0.29927248,4.79121494
4795,13,0.44359592,5.87304688
4796,13,0.34396315,4.72443342
4797,13,0.31101418,3.98904586
4798,13,0.47419056,4.90040874
4799,13,0.53055006,5.59425545
4800,13,0.40063041,6.42658329
4801,13,0.28407711,3.88779449
4802,13,0.45590824,5.45007992
4803,13,0.35317433,5.15785456
4804,13,0.43853378,6.09805107
4805,13,0.51699972,6.25723124
4806,13,0.40137601,6.05847359
4807,13,0.53100538,8.23848820
4808,13,0.49834737,6.07576180
4809,13,0.41362432,5.88735485
4810,13,0.29014891,5.03216076
4811,13,0.47523722,7.34903622
4812,13,0.34237140,4.53374910
4813,13,0.38388109,4.50352240
4814,13,0.44714639,5.69576359
4815,13,0.35000610,3.59410357
4816,13,0.42443997,4.63785458
4817,13,0.30271724,5.56458712
4818,13,0.30954266,7.22515106
4819,13,0.40784311,5.02240753
4820,13,0.41956931,4.01751089
4821,13,0.43242580,6.18650198
4822,13,0.47178510,4.95721388
4823,13,0.43934956,5.86218405
4824,13,0.39418912,5.47143745
4825,13,0.41647142,5.67096281
4826,13,0.37349808,3.55370927
4827,13,0.37172678,4.41965675
4828,13,0.36076650,6.32563114
4829,13,0.35163999,4.86483431
4830,13,0.41077289,5.02588701
4831,13,0.34048554,5.88086414
4832,13,0.38453290,5.97500658
4833,13,0.36349738,3.65765619
4834,13,0.29755908,3.10638571
4835,13,0.41937643,4.97659254
4836,13,0.41845086,4.47214174
4837,13,0.39496797,6.02077675
4838,13,0.41877270,4.32563686
4839,13,0.39807764,5.50519180
4840,13,0.38921332,5.50824451
4841,13,0.37160635,5.34734201
4842,13,0.37512952,4.12216806
4843,13,0.38708210,5.74074364
4844,13,0.60180068,5.18199253
4845,13,0.29967648,3.78757238
4846,13,0.43828687,3.73243856
4847,13,0.40943536,5.10601664
4848,13,0.47324431,6.86157274
4849,13,0.38022107,4.49420404
4850,13,0.45991018,5.11809349
4851,13,0.39122617,5.91731787
4852,13,0.51251197,8.83232689
4853,13,0.48259848,4.83741951
4854,13,0.38395086,5.15007973
4855,13,0.41401362,4.95366573
4856,13,0.24204676,3.71766567
4857,13,0.35344416,5.47433662
4858,13,0.44516015,5.77720356
4859,13,0.30843630,3.73451877
4860,13,0.41393667,5.12675476
4861,13,0.37669182,5.05481434
4862,13,0.26946324,4.91124773
4863,13,0.25373548,3.34896874
4864,13,0.38247558,4.59107304
4865,13,0.55608457,8.58536911
4866,13,0.55284381,5.43692732
4867,13,0.27416331,3.89205194
4868,13,0.37907290,4.86220360
4869,13,0.44866568,6.45332384
4870,13,0.40794921,6.81339836
4871,13,0.39290327,4.64705896
4872,13,0.35300231,5.25320196
4873,13,0.42426497,7.43033171
4874,13,0.39776218,3.75290370
4875,13,0.35429043,4.12377357
4876,13,0.43978900,5.05641365
4877,13,0.52169108,5.51374865
4878,13,0.30651706,5.61846209
4879,13,0.48249403,7.20914984
4880,13,0.48430705,8.12193012
4881,13,0.41554257,4.93436098
4882,13,0.33180210,5.12536001
4883,13,0.40532714,5.09770584
4884,13,0.39481068,4.31481695
4885,13,0.54953825,4.90960121
4886,13,0.41884065,4.19523144
4887,13,0.43878210,4.89963198
4888,13,0.38829896,3.81878138
4889,13,0.36523473,4.98907137
4890,13,0.44241026,5.85502768
4891,13,0.42728418,4.57283401
4892,13,0.52692944,7.65049744
4893,13,0.30296570,4.97806549
4894,13,0.50680864,4.58615637
4895,13,0.43636507,3.92583323
4896,13,0.63025016,6.19914150
4897,13,0.46511567,5.40584564
4898,13,0.42760253,5.10226583
4899,13,0.26519722,3.96497321
4900,13,0.35036406,5.00799036
4901,13,0.28753632,4.71987391
4902,13,0.28805476,3.99103880
4903,13,0.44337970,5.63582134
4904,13,0.30620775,3.90651727
4905,13,0.51003170,4.50792313
4906,13,0.25790739,4.12818956
4907,13,0.38500392,4.27319193
4908,13,0.41891497,5.56749296
4909,13,0.43213099,4.87471867
4910,13,0.36020681,5.25384617
4911,13,0.48836890,6.62657070
4912,13,0.28355777,3.92682934
4913,13,0.26881415,3.93740082
4914,13,0.30720052,6.88238955
4915,13,0.29331952,4.68590689
4916,13,0.49370831,5.16998386
4917,13,0.63119757,6.50459385
4918,13,0.35295466,5.89347315
4919,13,0.38619596,5.88558197
4920,13,0.38859242,4.25258207
4921,13,0.26811725,4.91996908
4922,13,0.46383989,9.56217098
4923,13,0.34557569,4.22055054
4924,13,0.41217473,5.54776955
4925,13,0.52148050,5.38488674
4926,13,0.43030494,6.22453928
4927,13,0.41456974,4.68522310
4928,13,0.46657574,4.77812147
4929,13,0.38336265,6.55377579
4930,13,0.51819819,5.63584518
4931,13,0.35991254,5.09576988
4932,13,0.56236255,6.64524937
4933,13,0.60678858,8.16304207
4934,13,0.37043065,3.50539422
4935,13,0.47786316,4.38733196
4936,13,0.37856996,3.09298921
4937,13,0.36989710,3.70142603
4938,13,0.44617993,5.74468660
4939,13,0.41915363,4.58151817
4940,13,0.44342041,5.72857618
4941,13,0.43238795,5.07438278
4942,13,0.47602764,5.36687183
4943,13,0.37171930,3.76913834
4944,13,0.27173793,3.96976995
4945,13,0.41845065,4.34767580
4946,13,0.32488021,5.01032686
4947,13,0.36269820,3.74686456
4948,13,0.29193723,4.41442347
4949,13,0.51862454,5.80723619
4950,13,0.50938451,6.90865803
4951,13,0.46176857,5.54204845
4952,13,0.30625993,3.91122794
4953,13,0.40352386,6.86755848
4954,13,0.43642768,4.07242107
4955,13,0.74514902,7.01199961
4956,13,0.43090898,7.43628979
4957,13,0.27951860,3.16970778
4958,13,0.44748515,5.34824514
4959,13,0.35657042,4.04836082
4960,13,0.39864707,4.34808254
4961,13,0.48869991,7.10260201
4962,13,0.35075405,3.84454823
4963,13,0.33519256,5.42543793
4964,13,0.30686945,4.10706139
4965,13,0.35285056,4.41422415
4966,13,0.43770725,4.36083460
4967,13,0.30731753,5.00570440
4968,13,0.33942041,5.25587082
4969,13,0.39686128,4.67386961
4970,13,0.29656127,4.44789839
4971,13,0.38129890,5.36664963
4972,13,0.25983131,3.73249459
4973,13,0.42429012,5.02231216
4974,13,0.34873089,3.49266362
4975,13,0.36943835,6.84740019
4976,13,0.29740310,5.44955587
4977,13,0.30707097,4.92041349
4978,13,0.32731473,6.15170240
4979,13,0.38754702,5.06639481
4980,13,0.30209744,5.36819410
4981,13,0.41995239,5.57267809
4982,13,0.42520070,5.24167442
4983,13,0.38921565,4.13514376
4984,13,0.32700136,5.71190310
4985,13,0.37149608,8.59881878
4986,13,0.56425732,7.29797268
4987,13,0.31943378,4.49854088
4988,13,0.39573488,3.97880363
4989,13,0.38111007,5.04785681
4990,13,0.32396436,5.59271622
4991,13,0.39614683,8.16841888
4992,13,0.48385358,6.97074413
4993,13,0.26073733,4.41092253
4994,13,0.45861885,5.42291212
4995,13,0.52414548,9.63946056
4996,13,0.72300404,9.60438251
4997,13,0.43977660,5.87923479
4998,13,0.50652397,5.20054197
4999,13,0.45372331,6.38674545
5000,13,0.44044140,5.63562393
5001,13,0.28418499,3.56031632
5002,13,0.49840474,5.23913622
5003,13,0.32754356,4.08861303
5004,13,0.39171824,4.26178265
5005,13,0.37340981,4.33646965
5006,13,0.43771714,5.23862171
5007,13,0.40793121,6.21047640
5008,13,0.32901913,4.35094357
5009,13,0.42825568,5.07582808
5010,13,0.33911932,4.26696062
5011,13,0.35603932,4.29965305
5012,13,0.32011056,4.20675611
5013,13,0.37305534,4.81244135
5014,13,0.33780071,4.44658327
5015,13,0.46528542,4.25365305
5016,13,0.41277307,4.48989916
5017,13,0.41166025,4.44495153
5018,13,0.30612558,4.33924484
5019,13,0.30705875,4.13361549
5020,13,0.24632165,2.43280268
5021,13,0.35113287,4.54267311
5022,13,0.25137147,3.40570188
5023,13,0.45543110,5.71863890
5024,13,0.29063055,4.68296671
5025,13,0.44433802,5.16742706
5026,13,0.40294969,5.75285482
5027,13,0.38690495,5.09929228
5028,13,0.45396033,4.75544310
5029,13,0.37560725,4.66344213
5030,13,0.38455343,5.37338591
5031,13,0.41475675,5.13726711
5032,13,0.46046114,6.77741337
5033,13,0.36204684,4.94813967
5034,13,0.35186851,3.34371805
5035,13,0.48089778,4.94811821
5036,13,0.38464099,4.50270891
5037,13,0.27725780,3.72089434
5038,13,0.41084638,4.05095196
5039,13,0.42283922,5.90541363
5040,13,0.43305594,5.37496948
5041,13,0.40977037,4.76125479
5042,13,0.36179030,5.24637794
5043,13,0.46698987,5.95623541
5044,13,0.33061010,5.00629044
5045,13,0.46316338,5.75977182
5046,13,0.48100957,6.08097506
5047,13,0.36381269,4.95992661
5048,13,0.31782842,4.83036041
5049,13,0.34250441,4.61084890
5050,13,0.42093101,5.35365105
5051,13,0.27628031,3.81815910
5052,13,0.32492948,4.38926744
5053,13,0.35031846,6.23095751
5054,13,0.38845837,4.53268528
5055,13,0.55029851,5.17365122
5056,13,0.29646087,4.87185431
5057,13,0.43648988,6.01520348
5058,13,0.42747134,5.68838644
5059,13,0.36296099,6.10047865
5060,13,0.34100232,3.01263452
5061,13,0.33057177,5.54223490
5062,13,0.39404732,4.69382858
5063,13,0.37665522,5.14091444
5064,13,0.41049135,4.23929501
5065,13,0.34851056,4.76733589
5066,13,0.26952612,4.92615271
5067,13,0.36712170,3.46552205
5068,13,0.39263231,4.63472986
5069,13,0.29435706,4.92829657
5070,13,0.35399103,3.53520894
5071,13,0.45016128,4.84047079
5072,13,0.35397828,6.04303122
5073,13,0.37443894,4.78006506
5074,13,0.28998667,3.98813796
5075,13,0.46745941,4.59247065
5076,13,0.44679558,6.70292139
5077,13,0.28633600,5.42994690
5078,13,0.41176504,3.49537611
5079,13,0.44912729,5.95932293
5080,13,0.36342931,5.49079037
5081,13,0.39181924,4.50821972
5082,13,0.31575617,6.85642099
5083,14,0.33591652,4.46146059
5084,14,0.32861900,3.07845116
5085,14,0.33829716,4.82402992
5086,14,0.28540686,6.36608696
5087,14,0.35942960,5.20174456
5088,14,0.31603873,4.97881413
5089,14,0.35818863,5.31571913
5090,14,0.30534631,4.67126513
5091,14,0.39921570,4.87438726
5092,14,0.45929581,4.36409235
5093,14,0.48312747,5.78686428
5094,14,0.33326787,4.64642525
5095,14,0.38517308,4.71205235
5096,14,0.32457414,4.42145634
5097,14,0.28863227,5.02097559
5098,14,0.40694079,6.01330662
5099,14,0.43601817,3.78801990
5100,14,0.63848191,6.56089830
5101,14,0.33332971,6.90196753
5102,14,0.45752603,5.22182131
5103,14,0.29696730,4.30333614
5104,14,0.21142027,3.88545012
5105,14,0.28106219,3.95354152
5106,14,0.23494421,4.14383793
5107,14,0.33542806,5.28702259
5108,14,0.39727908,4.93947506
5109,14,0.42611450,6.77700758
5110,14,0.37952909,5.76838875
5111,14,0.31109256,3.77329612
5112,14,0.34697929,5.39533377
5113,14,0.40467304,5.51746607
5114,14,0.30687219,5.47552443
5115,14,0.57560956,5.39139795
5116,14,0.37660387,4.98058796
5117,14,0.54596794,6.64955568
5118,14,0.39120406,4.70960760
5119,14,0.30846658,4.39814281
5120,14,0.26177520,3.71049261
5121,14,0.27966797,4.16188574
5122,14,0.34213522,5.06949425
5123,14,0.36107326,4.10399437
5124,14,0.20880324,3.09611344
5125,14,0.33444667,4.78463745
5126,14,0.30196291,3.64117789
5127,14,0.32660019,5.32861328
5128,14,0.36647713,4.74723291
5129,14,0.43794891,8.23151684
5130,14,0.43238363,7.27939939
5131,14,0.48748535,4.92915535
5132,14,0.27185905,3.67217922
5133,14,0.32978955,5.05412245
5134,14,0.33200037,5.79302216
5135,14,0.31259599,6.05340290
5136,14,0.39717361,8.56530476
5137,14,0.35250437,7.35954809
5138,14,0.37976745,6.08201504
5139,14,0.25998437,4.46983147
5140,14,0.27479208,3.95159745
5141,14,0.38510168,6.64079905
5142,14,0.35756463,5.85756588
5143,14,0.27224100,6.09238148
5144,14,0.32871088,5.53703547
5145,14,0.44069570,6.11676264
5146,14,0.42918342,5.24756956
5147,14,0.20778278,3.58063745
5148,14,0.41180202,6.67128086
5149,14,0.27102593,3.98978567
5150,14,0.44566053,5.09810972
5151,14,0.41082141,6.78466845
5152,14,0.27488422,3.75384235
5153,14,0.39636281,4.82670832
5154,14,0.24878892,3.57541513
5155,14,0.37327632,7.77128553
5156,14,0.32242918,2.67324448
5157,14,0.30848441,3.82771730
5158,14,0.33217999,7.47524548
5159,14,0.51556873,5.85480499
5160,14,0.35537788,4.01772738
5161,14,0.40047732,4.82307196
5162,14,0.28940481,4.75408792
5163,14,0.29720777,4.71423531
5164,14,0.36884516,4.46594000
5165,14,0.26337826,3.24080968
5166,14,0.50953174,7.54243135
5167,14,0.23334374,4.25244141
5168,14,0.43085462,5.11126232
5169,14,0.45360255,5.57725239
5170,14,0.27991563,6.29021692
5171,14,0.46134794,9.33348274
5172,14,0.28917909,4.99883604
5173,14,0.34907150,6.57168818
5174,14,0.38027677,5.28902388
5175,14,0.38541138,4.86595535
5176,14,0.39272559,6.11692381
5177,14,0.26366699,4.91617775
5178,14,0.36092430,5.38970232
5179,14,0.35905671,5.34839201
5180,14,0.50804693,5.68316507
5181,14,0.50247133,5.22576809
5182,14,0.39749593,6.28968096
5183,14,0.64828265,7.41334820
5184,14,0.49995798,7.15847778
5185,14,0.22885548,4.23886013
5186,14,0.28767323,4.40633249
5187,14,0.37653846,4.79642868
5188,14,0.26376444,3.77323484
5189,14,0.67730850,6.55747557
5190,14,0.40831578,6.82917166
5191,14,0.40070742,4.21071291
5192,14,0.39394093,4.62911940
5193,14,0.48290408,6.52854729
5194,14,0.28072947,5.15106726
5195,14,0.32831210,4.92360306
5196,14,0.32343724,5.07426786
5197,14,0.39768597,4.04538822
5198,14,0.34474838,3.85927534
5199,14,0.33051574,6.14112139
5200,14,0.26667368,3.97175002
5201,14,0.47088239,5.88015509
5202,14,0.33851779,4.77098417
5203,14,0.37654918,4.02449274
5204,14,0.42991555,5.07684135
5205,14,0.33053797,4.45950413
5206,14,0.42732656,4.64727592
5207,14,0.39875147,8.15607548
5208,14,0.44571018,4.58328438
5209,14,0.34073347,6.76504469
5210,14,0.35786900,6.34474945
5211,14,0.36998415,5.68942690
5212,14,0.32597473,4.88128424
5213,14,0.40103695,5.61780500
5214,14,0.28732038,4.34746408
5215,14,0.31800050,5.28171825
5216,14,0.40675360,4.85109711
5217,14,0.28439781,5.01159334
5218,14,0.34144318,5.23388529
5219,14,0.44903734,5.43021107
5220,14,0.31849077,4.79980803
5221,14,0.32739520,4.54963541
5222,14,0.49262974,5.31061840
5223,14,0.45908594,5.69808626
5224,14,0.34860298,4.07988691
5225,14,0.28458104,4.28580570
5226,14,0.33456767,4.35641289
5227,14,0.44990942,5.46368694
5228,14,0.32670626,4.64539576
5229,14,0.34301698,3.53084826
5230,14,0.42191088,5.96439266
5231,14,0.35922301,4.81860209
5232,14,0.36386949,4.71075630
5233,14,0.31096876,4.64114237
5234,14,0.39831859,4.58168125
5235,14,0.37284929,5.40769529
5236,14,0.53621233,8.24194908
5237,14,0.30411452,4.03761053
5238,14,0.42172110,5.70066595
5239,14,0.40942225,5.57717133
5240,14,0.29691935,5.33906317
5241,14,0.30756119,6.97912931
5242,14,0.39350027,6.33030605
5243,14,0.34231228,4.72037220
5244,14,0.25987887,4.11571121
5245,14,0.33471912,4.98935127
5246,14,0.43463874,5.85837269
5247,14,0.30434859,7.47357655
5248,14,0.55355072,7.27948046
5249,14,0.51672745,6.12354374
5250,14,0.27671084,3.68331885
5251,14,0.31169283,7.23567247
5252,14,0.42962053,4.54243279
5253,14,0.39854914,4.82254839
5254,14,0.37970698,5.58790302
5255,14,0.35164684,5.71043396
5256,14,0.43995613,5.97365141
5257,14,0.37254906,6.55526590
5258,14,0.45692158,5.78054953
5259,14,0.39547950,8.06282234
5260,14,0.29102892,4.18269825
5261,14,0.35550040,4.81933880
5262,14,0.33800507,5.65835953
5263,14,0.41722876,5.33709335
5264,14,0.32748774,5.35919905
5265,14,0.34346378,6.56075287
5266,14,0.39402342,7.83534765
5267,14,0.42670363,5.46942329
5268,14,0.36752135,6.33654451
5269,14,0.34901404,7.02388382
5270,14,0.27147025,3.81845379
5271,14,0.34687349,5.90646267
5272,14,0.41217941,5.76796484
5273,14,0.29214108,4.19359922
5274,14,0.29886401,5.71315098
5275,14,0.39613602,5.40018940
5276,14,0.43121329,7.58027697
5277,14,0.42890346,5.19884539
5278,14,0.37001789,5.57105589
5279,14,0.34504041,5.91772652
5280,14,0.40446675,4.67054367
5281,14,0.41771430,5.82867956
5282,14,0.38646609,4.83300591
5283,14,0.40198672,5.46149349
5284,14,0.31652981,4.86540174
5285,14,0.47338310,7.07125616
5286,14,0.39499378,6.11254597
5287,14,0.28239748,4.69564009
5288,14,0.42045650,6.47026587
5289,14,0.40171134,5.16689920
5290,14,0.41128376,5.39040422
5291,14,0.39271766,5.71350908
5292,14,0.35716438,4.75296497
5293,14,0.41448548,5.02086973
5294,14,0.34663862,6.30350494
5295,14,0.28996909,3.76294088
5296,14,0.44859618,5.41151142
5297,14,0.52514851,6.53883553
5298,14,0.52433991,4.60770988
5299,14,0.33483660,2.87998724
5300,14,0.44080895,5.39972878
5301,14,0.39325884,4.84064484
5302,14,0.44259214,5.55464745
5303,14,0.44892618,4.49945784
5304,14,0.37572360,4.31863070
5305,14,0.64341491,5.77703953
5306,14,0.34056133,4.85226774
5307,14,0.32067385,3.87757206
5308,14,0.36572829,6.25833416
5309,14,0.63635099,inf
5310,14,0.43731222,5.97904634
5311,14,0.40267739,6.44922352
5312,14,0.31494758,4.57286596
5313,14,0.34788841,3.97223592
5314,14,0.48527080,6.12980700
5315,14,0.32129100,3.41032672
5316,14,0.33272561,3.40728426
5317,14,0.36646989,4.62546206
5318,14,0.57404768,4.27014017
5319,14,0.47130492,6.11580944
5320,14,0.31473774,4.23944092
5321,14,0.30574197,4.55681610
5322,14,0.33025393,3.79814148
5323,14,0.35102862,4.59966898
5324,14,0.33633637,4.93546820
5325,14,0.46924815,4.82424784
5326,14,0.31532949,4.52634192
5327,14,0.28177682,5.86371040
5328,14,0.36651933,5.26095247
5329,14,0.41268742,4.61399364
5330,14,0.38143289,4.91986132
5331,14,0.38724482,5.30052423
5332,14,0.46412572,8.99669552
5333,14,0.35331950,4.69492483
5334,14,0.42394000,5.19931602
5335,14,0.35748219,6.59078407
5336,14,0.33809242,4.93038988
5337,14,0.43767750,4.98040152
5338,14,0.26231343,4.27136040
5339,14,0.29392311,3.69437003
5340,14,0.39946127,4.73598576
5341,14,0.41960791,4.12005091
5342,14,0.34814915,3.68969297
5343,14,0.25906229,4.59956932
5344,14,0.34052709,5.37853622
5345,14,0.32251504,4.50729084
5346,14,0.44247627,4.56065989
5347,14,0.21626563,4.08298397
5348,14,0.33915722,5.40381002
5349,14,0.40168655,5.11478901
5350,14,0.39322814,4.19266558
5351,14,0.38021085,5.10843611
5352,14,0.32021078,4.91817045
5353,14,0.37263784,4.29625416
5354,14,0.39748955,4.86920738
5355,14,0.34481937,5.31744671
5356,14,0.29268813,5.57856894
5357,14,0.45347753,4.51998377
5358,14,0.38143319,5.80052328
5359,14,0.37642062,6.88497210
5360,14,0.37541264,6.19712496
5361,14,0.38017476,5.13827753
5362,14,0.27186918,3.49607801
5363,14,0.28267372,3.47499681
5364,14,0.33628184,4.55673981
5365,14,0.28586245,5.93559504
5366,14,0.41867232,5.58757734
5367,14,0.36064404,5.43789530
5368,14,0.39647055,5.04676771
5369,14,0.54091299,7.43750763
5370,14,0.36649102,6.39148521
5371,14,0.31134033,5.85930872
5372,14,0.30636886,4.90924358
5373,14,0.46173698,10.03555107
5374,14,0.29797423,4.10998726
5375,14,0.48047468,5.17132235
5376,14,0.38141555,4.74108934
5377,14,0.43812943,6.45453596
5378,14,0.31147650,3.84033394
5379,14,0.49938276,6.39567280
5380,14,0.60214972,5.43098974
5381,14,0.50708210,6.91839838
5382,14,0.37565416,6.93795681
5383,14,0.35306799,5.58248949
5384,14,0.33782649,3.72149229
5385,14,0.40277195,5.74293375
5386,14,0.29444426,5.46279716
5387,14,0.30835968,3.58840394
5388,14,0.34802562,4.26429939
5389,14,0.48095220,5.14551449
5390,14,0.31779271,3.53417373
5391,14,0.35554481,5.37938261
5392,14,0.46091717,5.95419931
5393,14,0.44704577,6.55080271
5394,14,0.35226858,4.12514591
5395,14,0.51970565,5.46218920
5396,14,0.40275952,4.45464945
5397,14,0.33007240,4.41561651
5398,14,0.45011324,7.01741743
5399,14,0.35071123,5.40116215
5400,14,0.42326933,4.97755337
5401,14,0.28731841,3.69312358
5402,14,0.32544822,4.40227938
5403,14,0.30760032,3.62293363
5404,14,0.31402528,5.06872702
5405,14,0.30658218,4.04624462
5406,14,0.46228844,5.58189344
5407,14,0.33180988,4.89418602
5408,14,0.46251488,5.69786835
5409,14,0.34396982,4.55186510
5410,14,0.37300634,5.34719467
5411,14,0.31574690,4.53811073
5412,14,0.33316135,3.67570734
5413,14,0.32854438,3.73277998
5414,14,0.36173576,4.58987999
5415,14,0.22450680,3.93204546
5416,14,0.49606499,6.14811134
5417,14,0.37044451,6.18304873
5418,14,0.29290724,4.85681105
5419,14,0.47170076,5.62156820
5420,14,0.28359157,3.87828636
5421,14,0.37359864,4.76701403
5422,14,0.35670999,5.39652014
5423,14,0.32913995,4.85101843
5424,14,0.33104807,4.26411724
5425,14,0.26361987,5.12723589
5426,14,0.33386496,4.69575834
5427,14,0.42501539,8.95800209
5428,14,0.29398537,6.38038158
5429,14,0.39174455,5.25432396
5430,14,0.34121937,4.48467588
5431,14,0.38896692,4.33322239
5432,14,0.41449666,5.12168217
5433,14,0.45048916,7.22054815
5434,14,0.38353229,5.95080948
5435,14,0.43351474,4.75746107
5436,14,0.43663168,6.68740606
5437,14,0.34395397,3.98156762
5438,14,0.54779601,6.22690678
5439,14,0.35074872,5.53752995
5440,14,0.39302924,8.15429592
5441,14,0.44506127,5.16063166
5442,14,0.37097603,5.73426342
5443,14,0.36070263,4.88070202
5444,14,0.55928695,7.21079588
5445,14,0.31321245,5.24837112
5446,14,0.34640032,6.16164494
5447,14,0.59018314,6.20543528
5448,14,0.34522831,4.61325836
5449,14,0.52219146,4.77964449
5450,14,0.46385267,4.28714657
5451,14,0.41527915,5.59590197
5452,14,0.47887617,6.26367331
5453,14,0.39770588,5.20194483
5454,14,0.42116410,6.60124493
5455,14,0.43387455,5.65750456
5456,14,0.29416823,4.10986996
5457,14,0.35890818,4.12323952
5458,14,0.43645635,7.71633530
5459,14,0.41486663,3.34313822
5460,14,0.32158524,4.65732384
5461,14,0.43843141,5.72743464
5462,14,0.32675409,5.07143974
5463,14,0.44990006,5.95256805
5464,14,0.25522560,3.77380633
5465,14,0.29527646,4.12218285
5466,14,0.28399682,4.37579918
5467,14,0.44472572,5.43364429
5468,14,0.46426427,5.69924498
5469,14,0.47369587,4.65904331
5470,14,0.40607503,5.39622927
5471,14,0.39192021,5.26593876
5472,14,0.38616684,4.99427271
5473,14,0.44589490,5.68381786
5474,15,0.43423200,4.50375080
5475,15,0.31993926,3.45163774
5476,15,0.27722803,3.74948144
5477,15,0.42879179,5.89783478
5478,15,0.51100910,5.17859411
5479,15,0.26781291,4.35928202
5480,15,0.35045272,5.39556122
5481,15,0.50033820,6.88085890
5482,15,0.52952534,5.39307261
5483,15,0.38713971,5.97991991
5484,15,0.24842352,4.90278339
5485,15,0.39977634,5.80648899
5486,15,0.28088272,4.75866508
5487,15,0.28752154,3.88260818
5488,15,0.30881333,5.18525362
5489,15,0.29821783,4.13216496
5490,15,0.45731539,6.03395033
5491,15,0.33771595,5.94226217
5492,15,0.28476274,6.06218958
5493,15,0.30460939,6.24458647
5494,15,0.40311232,5.27175140
5495,15,0.58475649,7.76603651
5496,15,0.23367205,4.56476641
5497,15,0.28085333,4.44030333
5498,15,0.36052698,5.84893560
5499,15,0.33370554,4.41156387
5500,15,0.35898086,6.08530188
5501,15,0.37327558,4.34834766
5502,15,0.48926532,7.29298067
5503,15,0.25448295,4.97784042
5504,15,0.40184972,6.67168140
5505,15,0.41489869,5.49786949
5506,15,0.40647605,3.59054160
5507,15,0.27184486,4.21900606
5508,15,0.29459512,5.28441286
5509,15,0.38951570,6.36674070
5510,15,0.27203232,4.03587532
5511,15,0.21475203,4.16475677
5512,15,0.43271875,5.95608234
5513,15,0.30612040,4.82966375
5514,15,0.38326830,5.02139521
5515,15,0.32393497,4.21425533
5516,15,0.35555178,4.72926760
5517,15,0.39076513,5.71038151
5518,15,0.31885326,5.61012316
5519,15,0.31343538,6.79005432
5520,15,0.28891629,3.52898073
5521,15,0.28219822,5.17413664
5522,15,0.29291821,5.00826979
5523,15,0.42952505,5.82201433
5524,15,0.33384877,4.14066029
5525,15,0.48512000,4.89872980
5526,15,0.51223254,6.89692593
5527,15,0.35033408,6.71617794
5528,15,0.24955383,5.68633604
5529,15,0.31110179,5.06342077
5530,15,0.52702403,6.79736137
5531,15,0.32650259,4.05579567
5532,15,0.39340872,7.43269634
5533,15,0.36186701,5.21211910
5534,15,0.44959307,6.38270473
5535,15,0.33148083,5.72730398
5536,15,0.31790847,6.90907907
5537,15,0.33685309,6.99486780
5538,15,0.37575105,7.29755688
5539,15,0.30750677,5.10756731
5540,15,0.37808186,5.43946886
5541,15,0.35650060,4.92770290
5542,15,0.48705798,5.75118494
5543,15,0.38964015,4.48671770
5544,15,0.25723654,4.71437645
5545,15,0.27031901,4.70032358
5546,15,0.34516525,5.05384254
5547,15,0.36073041,5.19552898
5548,15,0.36922580,5.38560247
5549,15,0.41675574,5.71548605
5550,15,0.39639324,6.34230995
5551,15,0.45552370,5.74587965
5552,15,0.26940948,4.68494844
5553,15,0.20813751,4.20143795
5554,15,0.37016642,5.14437008
5555,15,0.20710270,3.27902675
5556,15,0.48351377,5.54453373
5557,15,0.47276935,5.69671774
5558,15,0.26219338,3.22913742
5559,15,0.32073212,6.11435795
5560,15,0.30290753,5.47356462
5561,15,0.33049056,5.19966698
5562,15,0.28890994,4.17028475
5563,15,0.34619185,4.24768448
5564,15,0.27181315,5.46766138
5565,15,0.44179848,5.84031105
5566,15,0.34215355,4.66393757
5567,15,0.34152094,4.74008083
5568,15,0.28639388,5.73734999
5569,15,0.34854424,5.40766239
5570,15,0.39227664,6.51519823
5571,15,0.30641004,6.50307608
5572,15,0.21694919,4.02772665
5573,15,0.28561866,5.18929005
5574,15,0.37098613,6.60960579
5575,15,0.50005966,6.99426508
5576,15,0.33058518,5.99383783
5577,15,0.30934083,4.13445139
5578,15,0.42147553,6.66929913
5579,15,0.32629550,3.27792549
5580,15,0.37906986,4.74896049
5581,15,0.40304014,4.49802971
5582,15,0.41648707,7.25615120
5583,15,0.29873276,5.04539537
5584,15,0.39741439,4.42740393
5585,15,0.36203244,6.33109236
5586,15,0.26270777,4.40248871
5587,15,0.39529806,5.11041927
5588,15,0.29997429,4.11174726
5589,15,0.38940847,5.24356318
5590,15,0.46920225,3.95964193
5591,15,0.28765664,4.47162962
5592,15,0.27752471,3.30877423
5593,15,0.37912756,5.97181320
5594,15,0.35503221,6.64559174
5595,15,0.44734746,4.73571539
5596,15,0.22389162,3.91808343
5597,15,0.22035283,3.53834224
5598,15,0.33366281,5.81637716
5599,15,0.29997313,4.03002119
5600,15,0.38308769,6.71781921
5601,15,0.40926364,4.67836714
5602,15,0.24524307,4.17463350
5603,15,0.41378915,4.86478806
5604,15,0.33843011,5.45394468
5605,15,0.35039115,5.84044552
5606,15,0.29569358,6.14755201
5607,15,0.29195702,4.34206724
5608,15,0.32497942,7.24046421
5609,15,0.37005314,5.30504370
5610,15,0.28068587,3.47767329
5611,15,0.41213539,4.70146418
5612,15,0.32832193,5.28259420
5613,15,0.43355829,5.42557192
5614,15,0.30668032,6.72134542
5615,15,0.47186327,9.22923756
5616,15,0.41602823,5.03118229
5617,15,0.24265368,3.17161679
5618,15,0.42920256,5.81715298
5619,15,0.36697274,5.59968853
5620,15,0.32744485,3.40460157
5621,15,0.22652671,4.03113222
5622,15,0.31433171,5.29340649
5623,15,0.27556500,4.97194767
5624,15,0.24988054,3.75647712
5625,15,0.49307615,5.93506575
5626,15,0.26845461,3.80207849
5627,15,0.29657769,3.61388159
5628,15,0.26943910,3.81817627
5629,15,0.31201756,4.94933510
5630,15,0.47631386,4.21866941
5631,15,0.40027273,4.26808739
5632,15,0.35486951,6.05959511
5633,15,0.33984810,5.39675045
5634,15,0.27298510,3.09046435
5635,15,0.23742956,3.40430832
5636,15,0.36944708,5.57947111
5637,15,0.31147212,4.22236586
5638,15,0.37265280,4.68100929
5639,15,0.36750317,4.87339783
5640,15,0.24144626,4.29422617
5641,15,0.34003344,4.74902964
5642,15,0.34353840,5.23773003
5643,15,0.28259045,4.49064875
5644,15,0.33775523,4.82988167
5645,15,0.36702412,5.08132696
5646,15,0.42100558,4.63269663
5647,15,0.37213734,4.41877127
5648,15,0.27815318,6.26787615
5649,15,0.34891409,4.66339731
5650,15,0.32123184,5.32961130
5651,15,0.35762608,4.45341825
5652,15,0.35202616,5.18053675
5653,15,0.35410789,6.09200239
5654,15,0.32717210,5.09985590
5655,15,0.26230264,3.61515403
5656,15,0.35593820,5.48785400
5657,15,0.26088268,6.24996328
5658,15,0.31458938,5.96961403
5659,15,0.45191765,7.23839426
5660,15,0.29236847,4.69169664
5661,15,0.35143599,5.60084248
5662,15,0.33527553,5.21675825
5663,15,0.33584815,4.93945217
5664,15,0.45771009,5.11007261
5665,15,0.31352165,5.81755638
5666,15,0.20891668,4.48651218
5667,15,0.46518278,5.42645073
5668,15,0.45121852,7.06083250
5669,15,0.34685248,6.23020220
5670,15,0.29788846,4.02938318
5671,15,0.24871376,4.86697578
5672,15,0.35129368,4.31487989
5673,15,0.43980205,5.86216927
5674,15,0.27707544,4.08096981
5675,15,0.37557828,5.39674854
5676,15,0.27492297,4.68307734
5677,15,0.30379719,4.21729803
5678,15,0.35970530,5.22458601
5679,15,0.41438016,5.12916327
5680,15,0.38323653,5.88150454
5681,15,0.61436915,7.82602358
5682,15,0.39105767,6.98814964
5683,15,0.25469208,4.44871855
5684,15,0.50230145,6.48690987
5685,15,0.29832625,3.73276806
5686,15,0.43012720,4.14752531
5687,15,0.40549529,4.36730099
5688,15,0.42497748,4.67466879
5689,15,0.42270547,4.05704546
5690,15,0.36619985,4.68051195
5691,15,0.36039037,3.78420138
5692,15,0.27140760,3.76028395
5693,15,0.32642668,4.84622335
5694,15,0.40438080,4.62042856
5695,15,0.28334385,5.49297619
5696,15,0.49046952,6.61947060
5697,15,0.32714924,3.68652821
5698,15,0.35698146,4.67743301
5699,15,0.37759486,3.81038046
5700,15,0.48257113,6.76207542
5701,15,0.34646732,5.88402319
5702,15,0.32110351,5.04085350
5703,15,0.34975675,4.89779091
5704,15,0.41323161,7.66305828
5705,15,0.33957410,4.91471100
5706,15,0.32048330,5.23176479
5707,15,0.31284872,3.45554805
5708,15,0.37401158,5.56777811
5709,15,0.36134443,6.79844904
5710,15,0.37524214,3.86122680
5711,15,0.34618255,4.64877081
5712,15,0.27326456,5.82423162
5713,15,0.39093250,6.96331310
5714,15,0.43486983,5.03007936
5715,15,0.41250756,5.74332523
5716,15,0.29462010,3.68443584
5717,15,0.30738968,4.50872564
5718,15,0.48874158,4.59956980
5719,15,0.42343092,6.28464556
5720,15,0.43596447,4.95761395
5721,15,0.21901350,4.71280146
5722,15,0.26588219,4.17719412
5723,15,0.42588836,8.49102688
5724,15,0.24894613,7.10294580
5725,15,0.30439234,9.24620438
5726,15,0.43565255,6.93323994
5727,15,0.25969601,4.42001963
5728,15,0.39425105,5.50918341
5729,15,0.38702613,4.61593437
5730,15,0.49892354,5.42082024
5731,15,0.26581925,3.15359950
5732,15,0.33769023,6.53457785
5733,15,0.42356810,4.56458521
5734,15,0.32118323,6.25153685
5735,15,0.41065937,4.14579821
5736,15,0.28374872,3.87936521
5737,15,0.30512553,5.32280636
5738,15,0.35012144,4.23507261
5739,15,0.34275082,6.64590406
5740,15,0.32902110,4.29303932
5741,15,0.41794276,4.28166342
5742,15,0.37009290,4.16683340
5743,15,0.30243421,4.39319515
5744,15,0.25565168,4.43642139
5745,15,0.42360872,6.77188587
5746,15,0.32227349,3.81494951
5747,15,0.35571486,4.08108473
5748,15,0.43043426,7.48495626
5749,15,0.32576400,7.08871746
5750,15,0.38468277,4.43823290
5751,15,0.53657651,6.82581711
5752,15,0.45175484,5.69178677
5753,15,0.40012980,6.77286911
5754,15,0.27568418,4.28014326
5755,15,0.37188056,3.70885658
5756,15,0.34128535,5.49034500
5757,15,0.32499403,5.36546278
5758,15,0.38084379,5.81432867
5759,15,0.37986577,4.10291672
5760,15,0.25343147,4.15508842
5761,15,0.22558665,4.37972689
5762,15,0.38328192,5.52665043
5763,15,0.33078861,4.17975140
5764,15,0.27957663,4.83247519
5765,15,0.21128714,3.79873705
5766,15,0.46057439,5.56015348
5767,15,0.32953402,5.13879824
5768,15,0.36560050,5.77140760
5769,15,0.28276581,4.20545292
5770,15,0.42880943,6.58500481
5771,15,0.53870136,8.12217712
5772,15,0.36396551,5.84788370
5773,15,0.38476619,5.45056295
5774,15,0.39984378,4.84609413
5775,15,0.46016279,5.02987194
5776,15,0.29182422,4.36951971
5777,15,0.38238436,4.78859282
5778,15,0.52548009,5.92852592
5779,15,0.36722016,4.66334724
5780,15,0.34202868,4.20904875
5781,15,0.32280746,6.13070869
5782,15,0.36872479,6.64515162
5783,15,0.27743089,4.81744766
5784,15,0.26154137,5.51060867
5785,15,0.30232102,6.19496918
5786,15,0.43739283,5.08721828
5787,15,0.43135083,6.09070539
5788,15,0.24766394,4.56053257
5789,15,0.36171386,4.41725779
5790,15,0.55126512,4.92796755
5791,15,0.39048728,5.54091501
5792,15,0.23194106,4.00699568
5793,15,0.22648396,2.74796557
5794,15,0.35171783,4.79274988
5795,15,0.39976686,5.53600168
5796,15,0.23872507,4.02290726
5797,15,0.52479750,7.74175167
5798,15,0.42392421,6.43994522
5799,15,0.39920494,5.57114077
5800,15,0.35713744,5.95686722
5801,15,0.37645015,7.49830961
5802,15,0.54366577,6.11562061
5803,15,0.32689676,5.25149679
5804,15,0.39465952,5.76187706
5805,15,0.38928232,5.79718351
5806,15,0.35322148,4.21388721
5807,15,0.35755828,5.30446529
5808,15,0.51988739,5.69345713
5809,15,0.48423186,7.16240406
5810,15,0.51240754,6.90393257
5811,15,0.38808984,5.13988447
5812,15,0.37261617,4.36992407
5813,15,0.44896850,4.97306633
5814,15,0.36836028,4.27058315
5815,15,0.38614666,4.12330151
5816,15,0.38415867,3.77710462
5817,15,0.34347278,4.77447844
5818,15,0.40517291,5.11536789
5819,15,0.33330005,4.51278067
5820,15,0.32607824,5.27483082
5821,15,0.51396340,6.86182499
5822,15,0.33477652,3.70109797
5823,15,0.34679550,4.98978996
5824,15,0.41889608,4.43137789
5825,15,0.24042252,3.75518680
5826,15,0.27125144,4.52159023
5827,15,0.29541290,5.53359795
5828,15,0.34371829,5.33381557
5829,15,0.39935112,4.35308266
5830,15,0.49537113,6.30265665
5831,15,0.41221696,5.78632402
5832,15,0.32896537,8.15546894
5833,15,0.34835273,4.13561583
5834,15,0.49582958,6.24682999
5835,15,0.27234018,3.22912693
5836,15,0.34996831,5.04031801
5837,15,0.31762156,7.45381975
5838,15,0.41836008,4.73056030
5839,15,0.42261213,4.43299723
5840,15,0.26183224,3.95028877
5841,15,0.28712469,6.29596567
5842,15,0.44246912,7.17754555
5843,15,0.40358612,6.26281786
5844,15,0.29722920,5.16879082
5845,15,0.25653720,4.34414387
5846,15,0.33367985,4.51879025
5847,15,0.27760589,3.92578268
5848,15,0.39299685,6.56043148
5849,15,0.33686140,4.23799229
5850,15,0.42649412,4.72102213
5851,15,0.31794667,5.00047779
5852,15,0.23387682,3.26989341
5853,15,0.34018245,3.90182328
5854,15,0.46914190,5.28154993
5855,15,0.39516962,4.08198500
5856,15,0.48764133,4.55403709
5857,15,0.30881816,4.93321037
5858,15,0.26870054,4.30416203
5859,15,0.33755946,6.36511803
5860,15,0.23990674,3.01351714
5861,15,0.26920789,5.03099918
5862,15,0.54635966,5.04086828
5863,15,0.33256429,7.20520878
5864,15,0.46194649,4.50143623
5865,16,0.41148669,8.70639992
5866,16,0.22031422,3.21522927
5867,16,0.34688681,4.15623331
5868,16,0.25953081,4.11536789
5869,16,0.38650942,4.76453447
5870,16,0.28721032,4.88334036
5871,16,0.28637201,5.70651770
5872,16,0.34063125,5.42411900
5873,16,0.33558100,5.90432644
5874,16,0.34607780,5.57222319
5875,16,0.29112193,4.27618790
5876,16,0.30765992,4.09838724
5877,16,0.32401621,5.36276674
5878,16,0.43206722,8.41713810
5879,16,0.41281140,6.59104729
5880,16,0.26913223,6.97162390
5881,16,0.28832930,5.40543938
5882,16,0.30760065,4.57956505
5883,16,0.28404817,6.40250111
5884,16,0.36730474,7.18368816
5885,16,0.19246450,3.58918357
5886,16,0.32956219,6.02320719
5887,16,0.37195599,6.70921993
5888,16,0.31388807,6.04569006
5889,16,0.25904059,4.22703600
5890,16,0.46777141,5.39569712
5891,16,0.23880880,3.26573396
5892,16,0.32049322,5.18405676
5893,16,0.31488705,5.12516499
5894,16,0.43313965,5.43311071
5895,16,0.29830456,4.24946737
5896,16,0.42611146,7.15322685
5897,16,0.41000840,4.21959782
5898,16,0.29858038,4.62531042
5899,16,0.31406099,4.78172636
5900,16,0.33469582,5.53443718
5901,16,0.29975963,5.81496620
5902,16,0.40617114,5.64135695
5903,16,0.36911193,4.81309748
5904,16,0.43867034,5.11915731
5905,16,0.22623789,3.25548553
5906,16,0.35804439,6.38322258
5907,16,0.25075895,4.59740067
5908,16,0.24648841,4.82976484
5909,16,0.33441758,6.49993086
5910,16,0.32899508,5.39649582
5911,16,0.38447794,6.22034025
5912,16,0.47620940,5.60843658
5913,16,0.38428116,4.03258705
5914,16,0.42986539,4.87229967
5915,16,0.39044473,5.66549587
5916,16,0.28921434,5.60851622
5917,16,0.48141921,8.33160400
5918,16,0.34836167,6.01962996
5919,16,0.33107734,4.37429285
5920,16,0.29175621,5.15839434
5921,16,0.46847770,6.20785522
5922,16,0.45586589,6.85656357
5923,16,0.33452404,3.29972672
5924,16,0.37417305,3.57428360
5925,16,0.28764141,3.94168878
5926,16,0.33072355,3.65741038
5927,16,0.32628459,7.29928398
5928,16,0.27285761,3.88651037
5929,16,0.28855345,3.49521041
5930,16,0.36659098,3.95640874
5931,16,0.27948666,4.09954643
5932,16,0.31652841,3.96647429
5933,16,0.35289788,5.02572060
5934,16,0.33871883,5.26490879
5935,16,0.24161828,3.27324963
5936,16,0.31833676,3.87306690
5937,16,0.32589084,3.30185509
5938,16,0.18128841,2.90491581
5939,16,0.36121461,4.53042030
5940,16,0.25727156,4.84952402
5941,16,0.35076058,5.37070751
5942,16,0.40791267,5.20260954
5943,16,0.31774372,5.05400515
5944,16,0.37747693,7.44364786
5945,16,0.38706493,7.41340637
5946,16,0.34851387,5.38056564
5947,16,0.29781619,4.38511658
5948,16,0.31529120,5.53287745
5949,16,0.40648580,6.97123289
5950,16,0.26690686,5.46254015
5951,16,0.44469142,5.56512165
5952,16,0.45044586,6.31230593
5953,16,0.29451978,4.35976839
5954,16,0.21233706,4.86543179
5955,16,0.33912444,7.19486856
5956,16,0.28913164,5.52559805
5957,16,0.30245072,4.84737396
5958,16,0.39116442,6.25227690
5959,16,0.24100180,3.44378066
5960,16,0.22575647,4.40875816
5961,16,0.47965506,4.98557425
5962,16,0.32184470,4.10893726
5963,16,0.28858989,2.78595757
5964,16,0.26947641,5.21759748
5965,16,0.53732711,8.53601170
5966,16,0.38040674,4.63507509
5967,16,0.24649774,5.35673237
5968,16,0.24562724,5.52047634
5969,16,0.40873504,5.26965332
5970,16,0.37454727,5.06250286
5971,16,0.42330313,5.38330936
5972,16,0.36090022,6.52654934
5973,16,0.35635939,7.33330631
5974,16,0.27587667,4.16827965
5975,16,0.32567728,4.07720566
5976,16,0.31042981,4.49155474
5977,16,0.30934882,4.48513222
5978,16,0.34754717,6.14232588
5979,16,0.40275902,6.36347294
5980,16,0.24493009,4.15640211
5981,16,0.25111306,4.68301010
5982,16,0.31895354,5.68813896
5983,16,0.40821642,6.75946999
5984,16,0.34913945,5.24005175
5985,16,0.46466088,5.40035295
5986,16,0.22253165,4.32943106
5987,16,0.19711711,4.23923111
5988,16,0.54633713,6.84780502
5989,16,0.34584644,5.65438032
5990,16,0.22870752,4.85342169
5991,16,0.25104481,3.82110310
5992,16,0.34026554,5.51208925
5993,16,0.33271542,4.86678791
5994,16,0.42586681,5.49009991
5995,16,0.43131492,5.72299671
5996,16,0.18777633,3.78828216
5997,16,0.31747672,4.57600784
5998,16,0.39311790,5.04058075
5999,16,0.28128242,4.31309128
6000,16,0.27542922,3.85644507
6001,16,0.36462027,6.13432550
6002,16,0.22177517,3.12203956
6003,16,0.22380823,3.96382570
6004,16,0.35301429,4.35451126
6005,16,0.28508884,3.59773779
6006,16,0.53160942,4.40300512
6007,16,0.40030044,5.16837454
6008,16,0.26536566,5.32160807
6009,16,0.28347844,4.56827497
6010,16,0.27862623,4.79365778
6011,16,0.29701281,3.84373641
6012,16,0.24638246,4.85016251
6013,16,0.38831848,4.46212387
6014,16,0.28813216,5.29288864
6015,16,0.32802117,7.17357397
6016,16,0.31493348,4.83864689
6017,16,0.33149523,4.02677441
6018,16,0.31709540,6.04329586
6019,16,0.26539344,4.76033926
6020,16,0.23007467,3.23248816
6021,16,0.35490793,5.07573843
6022,16,0.20617320,2.93958735
6023,16,0.36332425,4.20430231
6024,16,0.29991084,5.80106688
6025,16,0.27550027,4.13734055
6026,16,0.28886759,7.09772921
6027,16,0.20542102,6.73023415
6028,16,0.37161040,4.44010067
6029,16,0.40286028,5.95337439
6030,16,0.38997000,4.54639530
6031,16,0.28831881,4.85761642
6032,16,0.44509125,5.32829905
6033,16,0.36563742,5.77233267
6034,16,0.27431148,3.96952820
6035,16,0.37345210,5.34465742
6036,16,0.37297964,5.81276655
6037,16,0.32215297,5.06965160
6038,16,0.32547155,4.81826544
6039,16,0.23938087,5.65371132
6040,16,0.42122769,5.55989599
6041,16,0.25683495,3.56501174
6042,16,0.45821601,5.63147831
6043,16,0.30422351,5.51735735
6044,16,0.35701907,4.34354639
6045,16,0.31025821,5.79895353
6046,16,0.20282857,3.34060144
6047,16,0.34297431,3.63477159
6048,16,0.36275616,6.72643566
6049,16,0.39124501,5.97154331
6050,16,0.35438985,6.07715940
6051,16,0.36258629,5.05125856
6052,16,0.28634620,4.86023664
6053,16,0.28529721,4.73814058
6054,16,0.37230879,4.50946474
6055,16,0.32002604,4.50794458
6056,16,0.32516330,4.36205816
6057,16,0.31994006,5.66449070
6058,16,0.33739990,5.30929899
6059,16,0.22283611,3.87089348
6060,16,0.28026941,4.15659666
6061,16,0.47142473,4.53963757
6062,16,0.37718910,5.18978024
6063,16,0.31493556,5.51393318
6064,16,0.30498713,4.09022760
6065,16,0.31536737,3.71008635
6066,16,0.34085950,4.52197456
6067,16,0.38002121,4.54583311
6068,16,0.30339962,5.61802053
6069,16,0.29343027,4.61988592
6070,16,0.26285166,6.39763832
6071,16,0.31865317,4.86073065
6072,16,0.37630829,5.72154617
6073,16,0.33024856,4.63022947
6074,16,0.27560970,4.02081919
6075,16,0.28847629,3.54047346
6076,16,0.45486557,8.42606258
6077,16,0.31545424,4.61139059
6078,16,0.23403157,4.28758955
6079,16,0.42720437,5.03842688
6080,16,0.31134236,7.05929422
6081,16,0.30042809,4.68324995
6082,16,0.39449418,4.54389191
6083,16,0.37863690,5.67181206
6084,16,0.41162914,5.90763187
6085,16,0.39452159,4.78049612
6086,16,0.30236077,4.60289335
6087,16,0.18975697,2.85048795
6088,16,0.48272115,6.20909452
6089,16,0.34839308,4.61514139
6090,16,0.45730686,6.15320444
6091,16,0.25996819,4.02868462
6092,16,0.26593867,4.70377159
6093,16,0.41049173,5.93745279
6094,16,0.46400216,5.03365803
6095,16,0.27388427,3.35862041
6096,16,0.45212463,6.42991781
6097,16,0.34888738,5.41404390
6098,16,0.47839600,8.25892353
6099,16,0.28215483,4.99909163
6100,16,0.26611179,5.27129698
6101,16,0.26609129,4.57183266
6102,16,0.22190088,3.25741839
6103,16,0.39806741,5.25202274
6104,16,0.34211868,3.72774911
6105,16,0.29308003,3.99706006
6106,16,0.46107510,7.00881720
6107,16,0.27412426,4.04651070
6108,16,0.33138525,4.76677275
6109,16,0.38864547,5.64097977
6110,16,0.26012605,4.82387829
6111,16,0.31588349,5.15821600
6112,16,0.27899051,4.94730616
6113,16,0.36282513,5.79919147
6114,16,0.36685365,6.65909576
6115,16,0.33172643,6.60800886
6116,16,0.47135645,5.28372097
6117,16,0.24038024,3.82243633
6118,16,0.36490896,6.36676550
6119,16,0.29115218,4.82810545
6120,16,0.27000681,4.15082598
6121,16,0.33463159,8.20953369
6122,16,0.40026033,5.57933187
6123,16,0.27979726,3.70275235
6124,16,0.34727848,4.48373079
6125,16,0.30454764,5.01563883
6126,16,0.46062818,6.03024721
6127,16,0.36739832,5.46593904
6128,16,0.41535342,6.34488964
6129,16,0.32252550,4.16163874
6130,16,0.33591026,3.50530386
6131,16,0.30207863,4.30242062
6132,16,0.34401804,4.42038393
6133,16,0.46336126,5.85896826
6134,16,0.35623509,5.72397423
6135,16,0.32437861,3.91128755
6136,16,0.24749546,3.12393713
6137,16,0.22851451,3.68003845
6138,16,0.38720018,4.99924946
6139,16,0.45906433,6.09963369
6140,16,0.19886826,4.74632645
6141,16,0.33327529,5.49087858
6142,16,0.37142080,5.71316004
6143,16,0.28732395,3.78265548
6144,16,0.23453560,3.97936249
6145,16,0.29065433,3.83259511
6146,16,0.33032596,6.69728565
6147,16,0.24775006,4.27156687
6148,16,0.39948794,5.69071865
6149,16,0.30200246,5.12000704
6150,16,0.39771461,5.37556171
6151,16,0.27675575,5.52210426
6152,16,0.29642954,4.63093328
6153,16,0.34668192,5.62531662
6154,16,0.33637226,4.58202553
6155,16,0.38686293,6.47536516
6156,16,0.31824952,5.08625555
6157,16,0.26719615,3.80935240
6158,16,0.30506361,5.38513994
6159,16,0.32993609,5.66462851
6160,16,0.48835692,4.91157389
6161,16,0.30611485,4.22810411
6162,16,0.27606821,3.82435179
6163,16,0.46633035,7.36462927
6164,16,0.35804659,5.12095356
6165,16,0.28417689,3.98267436
6166,16,0.29239148,4.71139336
6167,16,0.36813724,4.88038635
6168,16,0.30086637,4.14086199
6169,16,0.33527797,5.55910969
6170,16,0.26572937,3.67047644
6171,16,0.33191422,3.30596471
6172,16,0.32503313,4.83290863
6173,16,0.43434161,6.81625223
6174,16,0.30106130,5.62021112
6175,16,0.43986931,5.70869017
6176,16,0.42007875,5.93767262
6177,16,0.30077803,4.10746241
6178,16,0.31809789,4.69020271
6179,16,0.26657468,4.55505991
6180,16,0.38378555,9.28156948
6181,16,0.30420238,4.69516945
6182,16,0.41379893,5.86701918
6183,16,0.40099198,6.03743744
6184,16,0.25887433,3.92659378
6185,16,0.43292287,6.82020187
6186,16,0.40404153,7.08539677
6187,16,0.38876975,5.69051266
6188,16,0.40129691,5.95967817
6189,16,0.24330504,4.63726616
6190,16,0.33121079,4.93816996
6191,16,0.38252839,3.94677258
6192,16,0.33163178,4.62484169
6193,16,0.34477043,4.00043440
6194,16,0.40207222,3.94181538
6195,16,0.28635424,5.52861023
6196,16,0.37349096,5.90477610
6197,16,0.33282137,4.60675669
6198,16,0.21571675,3.51402974
6199,16,0.27037725,3.17946649
6200,16,0.36192793,6.15431166
6201,16,0.34769607,5.19514513
6202,16,0.44262046,6.39028263
6203,16,0.33691579,5.18271255
6204,16,0.39687058,5.35155821
6205,16,0.30079544,4.15166569
6206,16,0.44344932,5.03998375
6207,16,0.37060475,6.86668205
6208,16,0.38513514,6.47647285
6209,16,0.20545223,4.11378622
6210,16,0.29409739,5.65348387
6211,16,0.35184768,5.32819796
6212,16,0.32995445,4.66414499
6213,16,0.43796727,5.24257612
6214,16,0.33092523,4.31944227
6215,16,0.44605324,10.24084854
6216,16,0.29797480,4.06336164
6217,16,0.34143376,4.12881708
6218,16,0.32947826,4.17477512
6219,16,0.37174311,5.70325661
6220,16,0.28287956,6.42965651
6221,16,0.31627011,4.56173515
6222,16,0.38281929,5.05315447
6223,16,0.38569739,4.61505938
6224,16,0.32708520,5.46980238
6225,16,0.32072881,3.89820075
6226,16,0.26539695,4.77750063
6227,16,0.26656649,3.78007984
6228,16,0.37662852,4.86480331
6229,16,0.37947389,5.40430403
6230,16,0.44697681,6.74599552
6231,16,0.39756727,5.76861858
6232,16,0.45884889,5.95605040
6233,16,0.30265665,3.50887799
6234,16,0.29405218,4.23279095
6235,16,0.27438843,2.90168047
6236,16,0.24656531,4.64450598
6237,16,0.20276290,3.95123792
6238,16,0.38542223,4.81814528
6239,16,0.45645890,6.01531410
6240,16,0.32459158,3.93084526
6241,16,0.26927644,7.95586681
6242,16,0.31554925,4.21221685
6243,16,0.44940215,6.60668278
6244,16,0.35751283,3.33100677
6245,16,0.31719601,5.06130171
6246,16,0.30699617,4.00751162
6247,16,0.38926333,4.65829897
6248,16,0.31738162,5.54963398
6249,16,0.34023622,4.85476875
6250,16,0.39454198,5.77395582
6251,16,0.29845107,4.17467690
6252,16,0.39190924,5.16814756
6253,16,0.30380803,6.91747856
6254,16,0.37289011,5.72212172
6255,16,0.31290072,6.49870539
6256,17,0.42904383,7.50920057
6257,17,0.28889069,4.01326418
6258,17,0.21485142,3.48844194
6259,17,0.22340131,3.15945387
6260,17,0.38646579,5.39517164
6261,17,0.21804218,3.31093478
6262,17,0.27287111,3.24337101
6263,17,0.30600393,4.22003317
6264,17,0.32400930,5.50632286
6265,17,0.35663983,4.41457176
6266,17,0.39501822,8.32407379
6267,17,0.41909438,6.62727404
6268,17,0.28350767,5.97894669
6269,17,0.29355818,4.63203049
6270,17,0.38094306,5.50406647
6271,17,0.16298854,4.00767136
6272,17,0.44464234,9.30542469
6273,17,0.33832619,6.37343407
6274,17,0.24711841,5.37502861
6275,17,0.29285729,5.49607325
6276,17,0.40657824,10.29973125
6277,17,0.34080070,6.24053001
6278,17,0.24294345,4.85037136
6279,17,0.34428298,7.72936344
6280,17,0.42810738,8.88022137
6281,17,0.30481899,5.81700182
6282,17,0.30597204,3.53299856
6283,17,0.34410203,5.89628506
6284,17,0.34576631,5.44639969
6285,17,0.27339792,4.73062229
6286,17,0.42464584,6.23329782
6287,17,0.36577782,6.08497667
6288,17,0.33943218,5.26561499
6289,17,0.28509018,4.50240040
6290,17,0.25891095,3.74427915
6291,17,0.34837720,3.94969845
6292,17,0.23284143,4.19004393
6293,17,0.36868173,6.80429888
6294,17,0.31289092,4.09583759
6295,17,0.39219481,3.81196356
6296,17,0.35399541,4.64579058
6297,17,0.36301619,3.72873569
6298,17,0.22794829,3.11127281
6299,17,0.26226860,3.79677486
6300,17,0.22495446,4.46240902
6301,17,0.33341414,6.35468292
6302,17,0.32263702,4.41888475
6303,17,0.25869513,4.19046497
6304,17,0.26188749,6.14632654
6305,17,0.33744770,4.26012182
6306,17,0.26966140,3.70093155
6307,17,0.40819150,4.42310619
6308,17,0.31598887,5.95201063
6309,17,0.27517444,5.28766108
6310,17,0.18051594,3.60762072
6311,17,0.22248298,3.69297051
6312,17,0.32498735,3.34061265
6313,17,0.34133705,7.28137350
6314,17,0.22488019,5.61555672
6315,17,0.36056745,5.21467781
6316,17,0.22000909,4.15734911
6317,17,0.31825000,5.79272270
6318,17,0.28139305,5.36492014
6319,17,0.16067742,4.07204437
6320,17,0.36295044,4.96343279
6321,17,0.35562277,6.44907379
6322,17,0.23450026,4.29646063
6323,17,0.30553451,5.09245253
6324,17,0.38566756,8.43061733
6325,17,0.27812040,4.62951469
6326,17,0.25735566,4.35641193
6327,17,0.31447020,5.14656687
6328,17,0.31544977,5.46813154
6329,17,0.32687929,6.73446369
6330,17,0.29745203,4.42026854
6331,17,0.43743876,5.99314976
6332,17,0.36772272,4.17134380
6333,17,0.26828986,4.12094593
6334,17,0.36243051,5.69974661
6335,17,0.30530059,3.88802934
6336,17,0.36096537,5.20137501
6337,17,0.41500688,7.92891788
6338,17,0.31854069,4.81291914
6339,17,0.40491885,4.92874718
6340,17,0.24366567,3.58912849
6341,17,0.37499857,5.02995825
6342,17,0.39560851,6.73260880
6343,17,0.31088626,4.86164284
6344,17,0.46416831,6.82304096
6345,17,0.43589199,5.40113020
6346,17,0.45820069,7.06723690
6347,17,0.33290768,3.77400398
6348,17,0.26774397,3.34125471
6349,17,0.33150685,3.99865770
6350,17,0.33592212,6.12529755
6351,17,0.27668637,5.27381849
6352,17,0.30589789,4.99786806
6353,17,0.36538875,4.99165821
6354,17,0.31334502,5.23007059
6355,17,0.38386279,5.64778090
6356,17,0.36341155,4.50410938
6357,17,0.39622045,4.38416338
6358,17,0.27574563,3.11986971
6359,17,0.26239493,6.33591413
6360,17,0.23286393,3.65653086
6361,17,0.33690828,5.49580622
6362,17,0.27634266,4.62739944
6363,17,0.27306235,3.06392646
6364,17,0.35090891,6.74935436
6365,17,0.32253844,3.41117263
6366,17,0.26327360,4.75019026
6367,17,0.45479912,6.14332104
6368,17,0.25385424,4.55594921
6369,17,0.38795009,5.31036472
6370,17,0.24854375,4.78350639
6371,17,0.35332853,4.44793940
6372,17,0.38383970,4.51783085
6373,17,0.22567913,4.11597443
6374,17,0.42833018,6.17456627
6375,17,0.19204983,3.25177145
6376,17,0.29414237,5.15041876
6377,17,0.30225912,4.20410395
6378,17,0.28523976,4.23834610
6379,17,0.30776596,5.24071932
6380,17,0.24078654,5.41063643
6381,17,0.37592185,5.97907925
6382,17,0.20984131,3.93158340
6383,17,0.27826118,4.83493280
6384,17,0.33775100,5.91623497
6385,17,0.29169565,5.60174799
6386,17,0.33277792,4.53722143
6387,17,0.31434488,5.07129288
6388,17,0.24070464,3.35322094
6389,17,0.35741943,5.30445051
6390,17,0.36618972,5.44077921
6391,17,0.29224461,3.02555823
6392,17,0.27000827,5.34119749
6393,17,0.20036454,4.23955774
6394,17,0.32523555,7.44720888
6395,17,0.33238333,3.92597771
6396,17,0.44438601,5.86190033
6397,17,0.31288618,4.47401714
6398,17,0.28202480,4.47076321
6399,17,0.37490383,5.67483664
6400,17,0.37559834,5.38155365
6401,17,0.38454956,4.95619202
6402,17,0.37903273,5.43115711
6403,17,0.26760083,4.87481499
6404,17,0.29163045,5.62689924
6405,17,0.28827095,6.87706327
6406,17,0.40215459,5.34829807
6407,17,0.22804742,3.51179028
6408,17,0.25446978,4.10238123
6409,17,0.29110938,7.97548103
6410,17,0.40458164,7.80401516
6411,17,0.46936792,10.25080109
6412,17,0.39504647,4.62475395
6413,17,0.30881363,3.95835781
6414,17,0.37688464,6.75299454
6415,17,0.35797855,6.70322990
6416,17,0.23468021,3.50239229
6417,17,0.32615218,4.56685781
6418,17,0.35793471,5.27417660
6419,17,0.40647173,6.26503086
6420,17,0.37567008,5.98378754
6421,17,0.30267751,4.91570759
6422,17,0.31722391,5.83668518
6423,17,0.38907874,5.08119488
6424,17,0.34705222,5.44779205
6425,17,0.32932830,7.64566946
6426,17,0.38844329,6.73895931
6427,17,0.41960245,9.62618351
6428,17,0.34379494,5.11752510
6429,17,0.26545632,5.44886637
6430,17,0.27832282,4.32760763
6431,17,0.31607664,4.77128983
6432,17,0.28993887,5.02358675
6433,17,0.33431101,5.26280403
6434,17,0.19955054,5.00163317
6435,17,0.37491930,4.88996983
6436,17,0.42419165,5.80659866
6437,17,0.35596722,5.91775370
6438,17,0.37299627,5.88457060
6439,17,0.33883110,4.24580383
6440,17,0.29917368,3.24525714
6441,17,0.33574420,5.31434488
6442,17,0.31428179,5.77885151
6443,17,0.25668794,4.91515160
6444,17,0.28557503,5.37825823
6445,17,0.22999890,4.71443319
6446,17,0.24055281,3.76812720
6447,17,0.38686827,5.42875338
6448,17,0.19576818,4.45952415
6449,17,0.26704347,4.66522312
6450,17,0.28414229,4.36121702
6451,17,0.27044475,5.38426781
6452,17,0.27338848,3.90784454
6453,17,0.36942580,5.47865963
6454,17,0.46186548,7.60147381
6455,17,0.27473766,5.88583326
6456,17,0.41517687,6.41008234
6457,17,0.29984081,5.70121050
6458,17,0.35382771,6.75566053
6459,17,0.49037206,5.98580408
6460,17,0.32359484,4.52450228
6461,17,0.37422153,4.78182459
6462,17,0.34756786,6.49538469
6463,17,0.42538625,6.05868483
6464,17,0.44470978,9.54298973
6465,17,0.27426630,4.53324413
6466,17,0.30106264,4.11243153
6467,17,0.30004707,4.61456490
6468,17,0.31396955,6.19197226
6469,17,0.41198152,4.56202984
6470,17,0.24977809,4.81302786
6471,17,0.25837079,5.18109751
6472,17,0.28317827,5.44752359
6473,17,0.31657469,5.83200884
6474,17,0.41922063,6.65637016
6475,17,0.30546936,4.72144985
6476,17,0.39875820,6.45520306
6477,17,0.29807690,4.43739843
6478,17,0.25852501,6.16326523
6479,17,0.28207466,7.06426907
6480,17,0.24543443,11.15424061
6481,17,0.32877994,6.79361820
6482,17,0.30711865,5.80162001
6483,17,0.43011862,6.59530687
6484,17,0.33513948,6.79087114
6485,17,0.38710105,8.22712994
6486,17,0.27581501,4.40728807
6487,17,0.50309312,7.23327494
6488,17,0.40268818,6.11175394
6489,17,0.38719887,6.61043262
6490,17,0.32844386,3.68685985
6491,17,0.23523544,4.62033701
6492,17,0.29643238,4.77336740
6493,17,0.24582562,5.53716326
6494,17,0.31420663,4.10731459
6495,17,0.27600491,4.40529108
6496,17,0.39748472,4.69103622
6497,17,0.39772037,5.18865108
6498,17,0.26315263,3.45621157
6499,17,0.30303991,4.65328455
6500,17,0.20642528,2.53364515
6501,17,0.17631629,2.67650723
6502,17,0.29168078,5.28861570
6503,17,0.26048887,4.02699327
6504,17,0.21377650,3.58170915
6505,17,0.40583271,7.59169960
6506,17,0.39145181,8.46461010
6507,17,0.29104930,4.57194471
6508,17,0.32463175,3.67483902
6509,17,0.37250292,4.33678246
6510,17,0.31715351,3.66665530
6511,17,0.36559290,4.79927254
6512,17,0.25256050,3.96986794
6513,17,0.28228596,4.96304226
6514,17,0.35591593,4.71751070
6515,17,0.34586149,7.16575670
6516,17,0.29483894,4.83309031
6517,17,0.31549501,4.90940952
6518,17,0.40535450,4.58309317
6519,17,0.33380187,5.00858974
6520,17,0.34481084,5.32583332
6521,17,0.34342504,6.19144678
6522,17,0.33211106,5.22404385
6523,17,0.30317476,5.32300663
6524,17,0.28222659,3.47229743
6525,17,0.39656991,4.27896833
6526,17,0.34122643,6.74363708
6527,17,0.34267688,5.56080294
6528,17,0.32094586,4.22912836
6529,17,0.28446236,4.10272789
6530,17,0.20392635,3.97853851
6531,17,0.28784475,5.25900602
6532,17,0.25060934,2.69196677
6533,17,0.21529742,3.52055073
6534,17,0.40830481,4.54624128
6535,17,0.49053648,4.62364197
6536,17,0.26972249,4.18265247
6537,17,0.25511152,7.18520212
6538,17,0.22469397,3.87307858
6539,17,0.19095778,3.38699913
6540,17,0.21889201,4.17519379
6541,17,0.27155322,4.44358301
6542,17,0.24750876,4.28849363
6543,17,0.30530369,6.83400536
6544,17,0.18975289,3.30091763
6545,17,0.25984722,3.48725319
6546,17,0.44567335,6.37683296
6547,17,0.30947691,5.08622169
6548,17,0.50933731,6.62267923
6549,17,0.26885986,4.77349520
6550,17,0.40703693,7.54345512
6551,17,0.31350887,4.12190199
6552,17,0.33805209,4.64346981
6553,17,0.34503868,6.17459249
6554,17,0.29889321,5.06896734
6555,17,0.27827489,4.47340775
6556,17,0.30790663,5.57252598
6557,17,0.33633852,4.18123627
6558,17,0.28826177,4.37614393
6559,17,0.36383182,4.26417112
6560,17,0.31334066,5.72509527
6561,17,0.34325358,7.08642960
6562,17,0.41929814,6.68329620
6563,17,0.35509521,4.74697828
6564,17,0.37962019,5.28901720
6565,17,0.31318867,3.54097867
6566,17,0.45069143,5.63725090
6567,17,0.43566763,5.28526402
6568,17,0.21536499,3.56303358
6569,17,0.23876363,3.69056177
6570,17,0.30801919,4.48125839
6571,17,0.27627584,4.78376389
6572,17,0.22041368,3.58307910
6573,17,0.29161227,4.34093952
6574,17,0.28490606,4.63245487
6575,17,0.22981407,3.13569570
6576,17,0.25701976,5.49570608
6577,17,0.20016718,3.55366063
6578,17,0.26957864,4.50399160
6579,17,0.29433858,4.10374308
6580,17,0.30505955,5.08201790
6581,17,0.36371648,6.23417759
6582,17,0.23864800,5.37170792
6583,17,0.27273881,4.77173710
6584,17,0.28327075,4.69197226
6585,17,0.32897764,6.15406990
6586,17,0.37507939,5.81761980
6587,17,0.28809509,4.05260754
6588,17,0.25773779,5.72824812
6589,17,0.25434038,4.61528730
6590,17,0.28727037,4.76775599
6591,17,0.26422995,4.59136343
6592,17,0.27630514,4.20797777
6593,17,0.33441305,4.93272591
6594,17,0.34486550,6.33422136
6595,17,0.25093600,5.43715382
6596,17,0.37361336,9.12063408
6597,17,0.38244575,10.01863289
6598,17,0.25687185,4.90992260
6599,17,0.29451427,4.63822412
6600,17,0.23606548,5.30018568
6601,17,0.46068531,6.40620184
6602,17,0.33926481,6.23627090
6603,17,0.15058649,2.51513624
6604,17,0.35247758,5.17255926
6605,17,0.34499767,5.84593582
6606,17,0.45720416,4.88113213
6607,17,0.31560364,4.71819067
6608,17,0.26603276,5.84015179
6609,17,0.26463115,3.39502549
6610,17,0.36089909,5.40102577
6611,17,0.19572362,3.82372713
6612,17,0.31949127,4.63903475
6613,17,0.36621368,4.52332449
6614,17,0.35824543,4.38027048
6615,17,0.33400679,4.05410576
6616,17,0.47094434,5.84637117
6617,17,0.29994214,5.58543873
6618,17,0.29535288,5.75185299
6619,17,0.32281709,6.18444681
6620,17,0.33077127,5.52804899
6621,17,0.36139238,5.31225014
6622,17,0.38645414,4.28906012
6623,17,0.24007061,3.70177937
6624,17,0.23249431,3.44377708
6625,17,0.32246810,4.00555849
6626,17,0.37738872,4.40041161
6627,17,0.36300719,5.64280367
6628,17,0.31748870,5.00487185
6629,17,0.24305479,5.84732056
6630,17,0.32062799,3.79161954
6631,17,0.35255563,6.47653532
6632,17,0.41034734,5.31973696
6633,17,0.37280649,4.87947702
6634,17,0.48249015,5.11541414
6635,17,0.26683664,4.96123505
6636,17,0.41009918,5.76427460
6637,17,0.38557154,5.75208998
6638,17,0.41627532,6.76704168
6639,17,0.23083231,4.64844990
6640,17,0.22465928,3.64745045
6641,17,0.33188730,4.23164272
6642,17,0.40721673,4.60294390
6643,17,0.23030046,5.15591002
6644,17,0.39061439,6.59548283
6645,17,0.39332193,5.35882139
6646,17,0.37379611,5.67876768
6647,18,0.31116772,5.80068016
6648,18,0.29431823,3.88690352
6649,18,0.33488446,4.36201859
6650,18,0.23218504,3.29027367
6651,18,0.35125032,5.83107519
6652,18,0.28650853,4.86355019
6653,18,0.29027399,6.70352554
6654,18,0.34846452,6.36708164
6655,18,0.24462733,3.74402118
6656,18,0.31029442,7.18418121
6657,18,0.33776307,5.29706097
6658,18,0.22598255,4.91918135
6659,18,0.30584276,4.95333433
6660,18,0.32187024,6.19014359
6661,18,0.39448619,7.66180849
6662,18,0.29702216,6.66866970
6663,18,0.33044890,5.17554188
6664,18,0.36228296,4.44756508
6665,18,0.25221580,7.29959393
6666,18,0.26566726,5.72081089
6667,18,0.42412996,6.03546858
6668,18,0.39258382,4.75969172
6669,18,0.26210907,4.18876410
6670,18,0.30409735,5.91239500
6671,18,0.33063084,5.87366676
6672,18,0.20380461,5.11254454
6673,18,0.20085309,4.12039042
6674,18,0.39327294,5.79900360
6675,18,0.30961421,4.20803308
6676,18,0.18428887,3.91513157
6677,18,0.37407905,9.36371708
6678,18,0.25334251,3.77440286
6679,18,0.26095873,5.57977962
6680,18,0.41024154,5.09692860
6681,18,0.32714218,5.43191814
6682,18,0.26582861,5.84856892
6683,18,0.22872518,3.78797984
6684,18,0.34929913,5.27079391
6685,18,0.40573487,5.22253895
6686,18,0.24517727,5.51120853
6687,18,0.28744134,6.61812878
6688,18,0.32616484,5.67325449
6689,18,0.37483847,5.40772152
6690,18,0.29342526,5.84314346
6691,18,0.31879514,5.28940344
6692,18,0.26387531,4.44274139
6693,18,0.40232605,5.43664789
6694,18,0.20319429,4.08898306
6695,18,0.30768788,4.78492975
6696,18,0.18939310,8.50423622
6697,18,0.22864854,4.58775234
6698,18,0.18398944,3.69013453
6699,18,0.23143107,4.90565205
6700,18,0.24201378,4.88870716
6701,18,0.31481948,6.41654825
6702,18,0.29288650,4.37465096
6703,18,0.38640323,4.76361656
6704,18,0.27764046,4.57568073
6705,18,0.28980282,8.23471832
6706,18,0.28298944,4.50647402
6707,18,0.25984639,5.06866503
6708,18,0.27387464,5.74598455
6709,18,0.24467978,3.34602666
6710,18,0.20916265,5.84513807
6711,18,0.27438456,4.27055836
6712,18,0.19038241,5.28398418
6713,18,0.31094772,6.23761225
6714,18,0.21298906,4.15371370
6715,18,0.33650589,4.44615889
6716,18,0.49762818,7.89741325
6717,18,0.23749942,4.88779593
6718,18,0.35765776,5.09832191
6719,18,0.21523567,4.32413244
6720,18,0.30916893,3.70438957
6721,18,0.21120644,4.17338514
6722,18,0.28413552,3.96938276
6723,18,0.27016890,6.04939699
6724,18,0.40992457,5.23303032
6725,18,0.28181636,6.20495367
6726,18,0.34202474,5.20048475
6727,18,0.21343514,3.47601390
6728,18,0.34508008,5.76822901
6729,18,0.27845839,3.78209877
6730,18,0.33998781,4.39974165
6731,18,0.32497099,4.44086981
6732,18,0.31574276,4.15318966
6733,18,0.36080152,3.91946125
6734,18,0.28199869,3.96213794
6735,18,0.41137037,6.55060482
6736,18,0.31581283,4.64587688
6737,18,0.23197135,4.09617853
6738,18,0.28867579,4.39531326
6739,18,0.17360078,3.28990674
6740,18,0.28573972,4.73371458
6741,18,0.37987331,8.10887337
6742,18,0.29970950,6.01770163
6743,18,0.26371324,4.90794992
6744,18,0.39027977,5.93035460
6745,18,0.37105370,4.35354376
6746,18,0.35175791,4.70186663
6747,18,0.34987664,5.03853083
6748,18,0.17157154,3.30479908
6749,18,0.31345165,4.61999655
6750,18,0.24794519,3.73322320
6751,18,0.26677155,5.03603220
6752,18,0.26967096,7.01553583
6753,18,0.16294569,2.89374900
6754,18,0.25350010,4.06074047
6755,18,0.26008350,4.93677902
6756,18,0.37317479,6.04316711
6757,18,0.19310433,3.08920431
6758,18,0.36709219,7.34934807
6759,18,0.29716191,4.48566008
6760,18,0.29298955,3.81582451
6761,18,0.41083363,6.32148790
6762,18,0.20710465,4.05818033
6763,18,0.26717386,4.47087717
6764,18,0.31964540,4.40878201
6765,18,0.33923346,5.30876780
6766,18,0.30153388,4.32918072
6767,18,0.27858770,5.00303745
6768,18,0.41278076,7.28758526
6769,18,0.26239589,4.21199608
6770,18,0.29746479,6.40818977
6771,18,0.34908542,6.43003368
6772,18,0.32301021,5.74246502
6773,18,0.37096772,11.03495216
6774,18,0.23432460,3.38656735
6775,18,0.36273602,5.80237103
6776,18,0.29760483,4.58209181
6777,18,0.35650161,4.99364853
6778,18,0.15911713,3.74428272
6779,18,0.22466546,5.17876482
6780,18,0.26982847,4.78753471
6781,18,0.48404300,5.89845514
6782,18,0.30027801,6.29341221
6783,18,0.27141097,6.12072372
6784,18,0.24221775,3.55387688
6785,18,0.37755102,5.22086287
6786,18,0.33434039,3.93718147
6787,18,0.22579214,4.21142101
6788,18,0.45741129,5.65642786
6789,18,0.36824718,4.01521158
6790,18,0.28006995,4.92629719
6791,18,0.34777758,5.35466003
6792,18,0.17132041,3.49196148
6793,18,0.29840595,3.69595981
6794,18,0.30372679,3.51019359
6795,18,0.18774463,2.75995588
6796,18,0.31935105,4.82703066
6797,18,0.26362860,4.57351398
6798,18,0.22027618,3.59388041
6799,18,0.45421153,6.84030676
6800,18,0.32877010,4.92995834
6801,18,0.30760205,3.39855719
6802,18,0.20630915,2.99143982
6803,18,0.27501610,5.01039743
6804,18,0.37886956,4.40061617
6805,18,0.33299088,6.38580608
6806,18,0.22799450,3.69999886
6807,18,0.19833109,6.33021545
6808,18,0.34860480,6.20541286
6809,18,0.21087930,4.00147867
6810,18,0.19099103,4.05344057
6811,18,0.25473356,5.96693039
6812,18,0.21236259,3.36326981
6813,18,0.31932417,5.92350340
6814,18,0.19974124,3.20992565
6815,18,0.31820166,4.23042727
6816,18,0.28829011,5.84806633
6817,18,0.37850913,4.53169155
6818,18,0.25396079,6.33248377
6819,18,0.28812376,7.48231554
6820,18,0.28169128,4.94457674
6821,18,0.29077798,5.40305042
6822,18,0.26471138,6.45640612
6823,18,0.14884123,5.09797764
6824,18,0.25351387,4.43031788
6825,18,0.30129617,5.57800865
6826,18,0.35154635,4.74769402
6827,18,0.28243160,4.50085449
6828,18,0.25007427,5.84460783
6829,18,0.24042867,4.42825699
6830,18,0.31424040,4.43453741
6831,18,0.31019634,7.13634300
6832,18,0.24153854,4.02319717
6833,18,0.28851688,4.18908787
6834,18,0.33975756,5.67348814
6835,18,0.31683046,5.10768127
6836,18,0.31277430,5.64576674
6837,18,0.34042516,4.56157541
6838,18,0.37995398,5.21380520
6839,18,0.23726563,4.21543217
6840,18,0.26204598,4.93035030
6841,18,0.17721973,3.54169440
6842,18,0.26683474,4.33348703
6843,18,0.28424019,4.06089258
6844,18,0.31599462,5.93503571
6845,18,0.30071950,4.71104860
6846,18,0.24348196,4.24237680
6847,18,0.32041055,6.67227840
6848,18,0.22366688,4.58074045
6849,18,0.19781280,4.12485886
6850,18,0.23560745,3.43152452
6851,18,0.33238339,4.84503603
6852,18,0.29356867,5.46471500
6853,18,0.22164541,3.25770545
6854,18,0.38888335,5.92523003
6855,18,0.34572980,4.21605682
6856,18,0.25514978,4.49681377
6857,18,0.32103512,4.80416059
6858,18,0.28316754,4.16048670
6859,18,0.34126171,10.75019360
6860,18,0.34545302,8.88617516
6861,18,0.37809932,6.48459053
6862,18,0.30219293,5.13629913
6863,18,0.39206877,4.45219183
6864,18,0.32690313,6.32935810
6865,18,0.23803928,5.51951838
6866,18,0.23891175,6.83880424
6867,18,0.32920694,4.80253506
6868,18,0.31495172,4.51382160
6869,18,0.25072747,3.49376869
6870,18,0.34857082,5.35950184
6871,18,0.31334415,4.33224106
6872,18,0.40526721,5.62086105
6873,18,0.21223520,2.37957692
6874,18,0.22496714,5.09642029
6875,18,0.30046090,4.26006126
6876,18,0.33471018,5.97445297
6877,18,0.32235068,5.82399321
6878,18,0.27916810,4.69217443
6879,18,0.34190610,5.29174137
6880,18,0.20115483,3.69264102
6881,18,0.32218874,4.72160530
6882,18,0.33431002,5.76562214
6883,18,0.34841317,4.53017235
6884,18,0.43706310,6.60233212
6885,18,0.32154995,4.99478388
6886,18,0.23013593,4.18393993
6887,18,0.21366151,4.16994476
6888,18,0.29155004,5.90499496
6889,18,0.24025895,4.21909618
6890,18,0.33942574,4.68884802
6891,18,0.27766544,4.28238297
6892,18,0.28637028,5.46519613
6893,18,0.36249989,4.94436121
6894,18,0.25273955,4.34621000
6895,18,0.33962762,6.72817898
6896,18,0.20993832,4.79500389
6897,18,0.40560666,5.43311405
6898,18,0.34368265,5.52724600
6899,18,0.28805181,4.72622919
6900,18,0.18789768,4.48258305
6901,18,0.27873656,3.53920031
6902,18,0.37342107,4.89156485
6903,18,0.30015171,4.33127594
6904,18,0.29458565,5.22768736
6905,18,0.50045419,5.34921169
6906,18,0.19031197,4.30815601
6907,18,0.30964082,5.10768557
6908,18,0.23903474,3.86236167
6909,18,0.37588739,5.73101139
6910,18,0.31491566,3.94748163
6911,18,0.27182150,6.27500105
6912,18,0.17084247,3.03392029
6913,18,0.25964728,5.02585268
6914,18,0.26212525,4.90346432
6915,18,0.29916382,4.38482285
6916,18,0.21587677,3.72802114
6917,18,0.35626850,4.76318169
6918,18,0.22320479,4.03998375
6919,18,0.44263488,7.23112583
6920,18,0.23735650,3.60731554
6921,18,0.30479014,4.66559887
6922,18,0.28073129,5.15920734
6923,18,0.46794140,7.00855780
6924,18,0.24776490,4.12253475
6925,18,0.35773152,7.08426332
6926,18,0.31287187,4.54584694
6927,18,0.28809196,4.54214239
6928,18,0.21873426,3.95021200
6929,18,0.36017632,3.96391821
6930,18,0.39189506,6.83563471
6931,18,0.25597262,5.02791882
6932,18,0.29587772,5.63482094
6933,18,0.39037043,5.75610352
6934,18,0.18634899,3.47948694
6935,18,0.27590090,6.21048355
6936,18,0.18741377,3.68304133
6937,18,0.44391727,6.52922630
6938,18,0.39991581,7.09870529
6939,18,0.26387468,5.09672594
6940,18,0.38751185,5.63502216
6941,18,0.36108077,5.59599686
6942,18,0.37047711,5.62586689
6943,18,0.46875617,7.30108643
6944,18,0.36216158,4.53558397
6945,18,0.33936840,4.08824110
6946,18,0.33536738,6.15915966
6947,18,0.24361528,6.35993624
6948,18,0.25029656,4.25101423
6949,18,0.32794189,6.01893473
6950,18,0.42954576,6.55659771
6951,18,0.32761693,4.89032841
6952,18,0.24999437,3.25851011
6953,18,0.25930625,3.38509631
6954,18,0.29978597,4.94442225
6955,18,0.32192519,5.23075914
6956,18,0.41040215,4.42722702
6957,18,0.25118026,3.86858487
6958,18,0.22030888,4.89925337
6959,18,0.41258979,5.96340370
6960,18,0.30799931,5.05768108
6961,18,0.38947091,4.40528011
6962,18,0.31857002,4.15742445
6963,18,0.25768355,3.46755242
6964,18,0.41017216,6.76525211
6965,18,0.32653517,3.88335085
6966,18,0.21919516,3.57610297
6967,18,0.40226287,5.67389345
6968,18,0.34887606,6.05454969
6969,18,0.21471387,4.70247841
6970,18,0.33391374,5.03569365
6971,18,0.30931020,5.89875364
6972,18,0.17613378,3.62580013
6973,18,0.23911601,5.05909872
6974,18,0.20893475,4.50189638
6975,18,0.26931581,6.66818523
6976,18,0.19368994,3.81479216
6977,18,0.21519282,4.15293360
6978,18,0.24528714,4.26531458
6979,18,0.43319291,6.24076843
6980,18,0.35085723,8.21924591
6981,18,0.40793183,6.41032267
6982,18,0.31363308,4.99317884
6983,18,0.32019436,4.75216961
6984,18,0.26152936,5.57846498
6985,18,0.36503911,6.29123020
6986,18,0.39380240,4.50586176
6987,18,0.33012664,5.03198528
6988,18,0.32769746,5.38037157
6989,18,0.30700910,5.95605326
6990,18,0.37480253,3.81043577
6991,18,0.41872114,4.74520731
6992,18,0.25383538,3.98149776
6993,18,0.30956277,4.80348349
6994,18,0.41128749,4.29045677
6995,18,0.28729087,3.78823566
6996,18,0.22956051,3.45962572
6997,18,0.38648567,5.75549603
6998,18,0.39460310,4.89039040
6999,18,0.37880731,4.64835882
7000,18,0.32333976,6.14036274
7001,18,0.37839085,4.28559160
7002,18,0.36977392,4.81905651
7003,18,0.34034961,6.60617065
7004,18,0.54905325,7.45860481
7005,18,0.22984155,3.99979115
7006,18,0.35554895,7.32418966
7007,18,0.30966836,6.37097740
7008,18,0.24218383,4.72568417
7009,18,0.32980829,5.47634792
7010,18,0.37472028,6.41891384
7011,18,0.33461636,5.18726110
7012,18,0.44262916,5.54357767
7013,18,0.31372398,7.75579929
7014,18,0.37707877,5.46798468
7015,18,0.27108914,4.60818386
7016,18,0.32056201,4.94778061
7017,18,0.29804060,5.02045870
7018,18,0.38541490,6.10400629
7019,18,0.38935941,3.35893893
7020,18,0.24683425,4.65459299
7021,18,0.32980233,5.73800993
7022,18,0.37826222,5.78856373
7023,18,0.28683847,3.99272752
7024,18,0.32895473,3.23018718
7025,18,0.27492696,3.11873269
7026,18,0.31028178,6.58168554
7027,18,0.28147256,5.21104050
7028,18,0.27080047,2.60481858
7029,18,0.27776492,4.59305525
7030,18,0.18886040,3.28498459
7031,18,0.35727042,5.26170969
7032,18,0.23799807,5.86527872
7033,18,0.30162415,5.73582888
7034,18,0.26623148,5.20259285
7035,18,0.32928616,4.96382904
7036,18,0.30981439,5.19059658
7037,18,0.39732134,6.78294182
7038,19,0.33737010,6.68590021
7039,19,0.21156770,2.81918406
7040,19,0.21085992,3.07571554
7041,19,0.44125307,6.64443779
7042,19,0.37038001,6.65029240
7043,19,0.29970154,5.64239645
7044,19,0.25291443,3.69544196
7045,19,0.31897059,5.07717562
7046,19,0.22460322,4.36961174
7047,19,0.35695055,4.73526764
7048,19,0.18758899,4.27356434
7049,19,0.29035532,5.10359144
7050,19,0.28141236,4.60422945
7051,19,0.16855305,3.16781163
7052,19,0.23522422,4.79028320
7053,19,0.32236895,6.66244173
7054,19,0.23268123,3.82302880
7055,19,0.24867518,5.68752766
7056,19,0.30295530,4.35566854
7057,19,0.41982841,7.07615662
7058,19,0.24110439,4.01228905
7059,19,0.17210104,3.99711108
7060,19,0.30811572,4.45801353
7061,19,0.31955504,4.25718307
7062,19,0.30294380,4.34711075
7063,19,0.28968436,5.34363222
7064,19,0.20048864,3.55555797
7065,19,0.23117279,3.98173141
7066,19,0.45284238,6.36447191
7067,19,0.21423274,4.93875122
7068,19,0.30372989,4.78436613
7069,19,0.34135973,5.16431618
7070,19,0.28802034,3.21222234
7071,19,0.22159177,4.24475479
7072,19,0.26155251,3.77540231
7073,19,0.23576808,3.55501151
7074,19,0.35166821,6.32588768
7075,19,0.23942755,2.73187709
7076,19,0.35441864,5.29152966
7077,19,0.29834807,5.08638430
7078,19,0.25424427,4.09834576
7079,19,0.27681172,3.88561249
7080,19,0.26403856,4.68773270
7081,19,0.31716555,4.39312983
7082,19,0.27175519,5.85928440
7083,19,0.24152093,4.05549812
7084,19,0.20825577,3.35648036
7085,19,0.27323857,5.99973345
7086,19,0.25406030,4.28767681
7087,19,0.24368344,4.79428482
7088,19,0.19706188,5.23871994
7089,19,0.22061503,3.26394296
7090,19,0.36151719,7.04386759
7091,19,0.27069685,5.77210331
7092,19,0.28179029,6.14904881
7093,19,0.15273210,4.21223545
7094,19,0.37098134,7.20781898
7095,19,0.30289933,7.25742388
7096,19,0.20740329,4.44897223
7097,19,0.36967945,5.94427729
7098,19,0.29804119,6.30442572
7099,19,0.45764256,7.50008440
7100,19,0.34078693,6.52841711
7101,19,0.23627107,3.76213050
7102,19,0.23256558,4.21168184
7103,19,0.30052006,6.10919952
7104,19,0.23517190,3.58347940
7105,19,0.23000053,6.00915480
7106,19,0.34226552,5.35850143
7107,19,0.41621855,6.44145584
7108,19,0.25219932,4.04681921
7109,19,0.25659120,4.64182234
7110,19,0.33275414,5.61530304
7111,19,0.30546996,3.95767474
7112,19,0.28095159,4.69237280
7113,19,0.40670624,4.65372705
7114,19,0.30526075,3.94258261
7115,19,0.33402169,5.67444611
7116,19,0.30761957,5.88562822
7117,19,0.21918902,3.52036214
7118,19,0.29080099,4.82614374
7119,19,0.38618121,7.07912588
7120,19,0.34816605,6.19978523
7121,19,0.24541384,3.99315739
7122,19,0.35050702,5.20738459
7123,19,0.27875102,4.55689955
7124,19,0.28833985,5.16521263
7125,19,0.23172963,4.29040861
7126,19,0.28528014,4.10853672
7127,19,0.25632277,4.55184364
7128,19,0.19839691,3.02514195
7129,19,0.17959425,3.82894468
7130,19,0.20978157,5.36985254
7131,19,0.16473787,2.74342418
7132,19,0.22932170,3.54981422
7133,19,0.23975518,5.03204966
7134,19,0.26597655,4.14920521
7135,19,0.19338591,3.57234859
7136,19,0.24688204,3.37175083
7137,19,0.20348153,3.76074576
7138,19,0.29472154,8.43905067
7139,19,0.28651154,6.17972040
7140,19,0.33588561,6.06219482
7141,19,0.20447236,4.50738144
7142,19,0.24660085,5.05075216
7143,19,0.17692889,4.27647781
7144,19,0.30686170,5.18384361
7145,19,0.27013201,6.07014322
7146,19,0.27385432,5.20364571
7147,19,0.28607911,4.83593464
7148,19,0.29934722,5.06951380
7149,19,0.18604973,2.56540537
7150,19,0.31729633,8.56220436
7151,19,0.30077916,5.98335743
7152,19,0.25612938,4.38557053
7153,19,0.35125938,8.23866367
7154,19,0.24816850,5.46795845
7155,19,0.23807707,5.02686119
7156,19,0.29221284,5.24710417
7157,19,0.16645840,3.32823586
7158,19,0.20653681,4.53218031
7159,19,0.18839327,3.54603124
7160,19,0.29287237,5.90689468
7161,19,0.17587218,4.15390778
7162,19,0.36367211,6.70622063
7163,19,0.29690292,6.42859983
7164,19,0.14852713,3.42011666
7165,19,0.31388006,7.39198971
7166,19,0.31869584,4.87194347
7167,19,0.38640451,5.93424225
7168,19,0.37221745,7.14774752
7169,19,0.32522497,5.48093367
7170,19,0.38548017,6.22094917
7171,19,0.29030442,4.43932819
7172,19,0.32398975,5.32344389
7173,19,0.34819174,5.99109602
7174,19,0.33417121,7.30270290
7175,19,0.54139906,7.51974297
7176,19,0.29448211,7.54987431
7177,19,0.31003797,3.76103354
7178,19,0.25922424,5.26168489
7179,19,0.28531584,4.86787510
7180,19,0.27557006,5.63089085
7181,19,0.29251570,4.34131241
7182,19,0.33089873,5.14776373
7183,19,0.48308012,7.56920290
7184,19,0.27395159,6.50847673
7185,19,0.27099943,4.91182137
7186,19,0.36309505,4.30084896
7187,19,0.28255463,4.35052586
7188,19,0.31926325,4.47766256
7189,19,0.36093986,5.12654686
7190,19,0.36811119,4.99606943
7191,19,0.51050317,7.22356319
7192,19,0.25124124,3.83376288
7193,19,0.29249179,4.22628832
7194,19,0.32043591,4.63387251
7195,19,0.37102431,5.09080601
7196,19,0.34726188,7.07953835
7197,19,0.19347633,4.30101538
7198,19,0.40604353,6.20658207
7199,19,0.23940548,4.73948479
7200,19,0.21853991,4.82081938
7201,19,0.24984647,5.56217337
7202,19,0.32520849,5.33591604
7203,19,0.30886161,7.44094038
7204,19,0.17288890,4.14066935
7205,19,0.30507424,4.76806974
7206,19,0.23431252,4.53009987
7207,19,0.31114733,4.74100113
7208,19,0.27820766,4.03776407
7209,19,0.30828351,4.22949600
7210,19,0.33268523,5.05846071
7211,19,0.21685320,4.61522245
7212,19,0.30207562,5.60441971
7213,19,0.34666783,4.31806326
7214,19,0.28506815,4.44183111
7215,19,0.23578450,4.42705822
7216,19,0.38993046,8.13372517
7217,19,0.31941527,5.00143719
7218,19,0.31494644,4.50683928
7219,19,0.31400901,4.31194639
7220,19,0.25322947,3.76717544
7221,19,0.33529621,5.84630346
7222,19,0.24462171,3.16400814
7223,19,0.37930986,5.78742886
7224,19,0.23657206,4.48634338
7225,19,0.32045898,4.79887486
7226,19,0.26384860,5.27898455
7227,19,0.31712753,4.86677408
7228,19,0.27222690,3.58498216
7229,19,0.36942291,4.37620640
7230,19,0.20487159,3.48819637
7231,19,0.24805826,3.43415594
7232,19,0.24945515,4.46651697
7233,19,0.41326767,5.65873909
7234,19,0.26900744,3.94020295
7235,19,0.29055488,3.49622035
7236,19,0.30785385,6.51623964
7237,19,0.22848585,3.26499701
7238,19,0.18263885,5.10073853
7239,19,0.35063967,4.01118612
7240,19,0.33917302,6.01416874
7241,19,0.26056510,4.58592939
7242,19,0.27573532,2.87279701
7243,19,0.26846611,6.03071547
7244,19,0.22205548,4.84943104
7245,19,0.21492153,3.97497082
7246,19,0.33766469,4.48736763
7247,19,0.34803742,4.81915426
7248,19,0.34012732,7.70050526
7249,19,0.22211257,6.23568487
7250,19,0.35982701,4.24826527
7251,19,0.25273657,4.53143072
7252,19,0.34294137,4.55659008
7253,19,0.24596368,4.60404539
7254,19,0.34199205,4.63839531
7255,19,0.25486791,3.63752532
7256,19,0.33473772,5.55838013
7257,19,0.53315216,8.62531567
7258,19,0.34585610,9.21719646
7259,19,0.22859395,4.76283646
7260,19,0.26276982,6.24820185
7261,19,0.33200693,5.48343658
7262,19,0.34195247,5.76226091
7263,19,0.33678907,4.76628399
7264,19,0.21510045,3.40333962
7265,19,0.19440499,3.26258707
7266,19,0.34244919,5.09810495
7267,19,0.22911920,4.02937555
7268,19,0.21822900,4.37429047
7269,19,0.25097379,4.46864033
7270,19,0.33159554,3.62885046
7271,19,0.32403070,7.48975992
7272,19,0.22944139,4.31587791
7273,19,0.29795846,5.44544840
7274,19,0.20372689,2.74224329
7275,19,0.21750741,4.72190237
7276,19,0.25729275,5.41574240
7277,19,0.23263000,2.92824292
7278,19,0.35173628,5.41064882
7279,19,0.24927774,4.01056862
7280,19,0.34997606,6.88008785
7281,19,0.23446988,4.27660036
7282,19,0.23254812,5.60452557
7283,19,0.23613669,3.21271539
7284,19,0.22517082,4.25069809
7285,19,0.30341762,3.72553778
7286,19,0.32865614,6.26040173
7287,19,0.23297323,5.91417313
7288,19,0.29245546,4.68344831
7289,19,0.21823613,3.57070446
7290,19,0.22637221,4.84927416
7291,19,0.23221694,3.40322948
7292,19,0.26416004,7.31102180
7293,19,0.20227700,5.57131100
7294,19,0.37645301,6.64968348
7295,19,0.25424054,4.92541265
7296,19,0.40639883,6.25192738
7297,19,0.35998869,7.12496901
7298,19,0.31224805,6.74552727
7299,19,0.29511815,5.06894922
7300,19,0.31463569,4.98904991
7301,19,0.39690030,6.45972538
7302,19,0.47682917,7.72942972
7303,19,0.33408925,5.43075085
7304,19,0.37099355,8.11006355
7305,19,0.41741726,7.01515770
7306,19,0.29551339,5.60397434
7307,19,0.26640350,5.39680910
7308,19,0.21646789,5.44682598
7309,19,0.21875089,3.17710543
7310,19,0.37718236,6.20522833
7311,19,0.17682800,3.37873983
7312,19,0.37260956,4.08071518
7313,19,0.45828587,5.20999765
7314,19,0.35350478,4.37600565
7315,19,0.38195333,6.25673437
7316,19,0.32894534,4.48904991
7317,19,0.29951558,3.43305230
7318,19,0.24609967,4.54182625
7319,19,0.30610591,4.25255442
7320,19,0.27492520,2.73433042
7321,19,0.27236289,5.13150835
7322,19,0.29321346,4.66313934
7323,19,0.24151793,4.39450264
7324,19,0.23560855,4.90912580
7325,19,0.22243887,4.66474104
7326,19,0.31273428,3.85305119
7327,19,0.39398462,5.52093983
7328,19,0.31503940,4.81583166
7329,19,0.35319731,5.51045609
7330,19,0.47517532,5.81718349
7331,19,0.19971439,3.37766051
7332,19,0.35758120,4.67946672
7333,19,0.14185943,3.03454638
7334,19,0.34426177,5.81036139
7335,19,0.23046048,4.20702982
7336,19,0.33913171,5.58182764
7337,19,0.30321240,6.68756771
7338,19,0.30968359,5.04674721
7339,19,0.37946194,6.99927902
7340,19,0.30198002,5.41553116
7341,19,0.31582263,6.48721695
7342,19,0.30611110,5.81866026
7343,19,0.18229446,3.68656254
7344,19,0.29930708,3.93789053
7345,19,0.35075521,6.73101091
7346,19,0.28978801,5.16314936
7347,19,0.36547250,5.05707026
7348,19,0.35533488,5.29218245
7349,19,0.22365521,3.37028503
7350,19,0.27214527,4.80147505
7351,19,0.30193180,4.51690722
7352,19,0.24215783,3.55453300
7353,19,0.27084190,4.80359936
7354,19,0.21942572,2.88317013
7355,19,0.28886166,4.06281042
7356,19,0.30043295,4.28069687
7357,19,0.20746993,3.13280058
7358,19,0.31147268,4.04003191
7359,19,0.31570998,4.74549770
7360,19,0.23050553,6.08903742
7361,19,0.32322323,6.51140547
7362,19,0.28398252,4.41014242
7363,19,0.19603898,5.95740128
7364,19,0.21331903,4.59295321
7365,19,0.33714622,4.78247786
7366,19,0.24716696,4.98084879
7367,19,0.25074971,5.16160250
7368,19,0.43620604,5.29616594
7369,19,0.24151237,5.18941784
7370,19,0.33950263,5.38962936
7371,19,0.22051248,3.72090864
7372,19,0.34875783,5.76773071
7373,19,0.31874314,6.85462809
7374,19,0.25305337,9.20915890
7375,19,0.51670134,6.27900934
7376,19,0.33089858,7.21702909
7377,19,0.18151888,3.34633517
7378,19,0.28739566,5.10490274
7379,19,0.46385187,7.20345783
7380,19,0.49763638,5.90007210
7381,19,0.26094967,4.35797119
7382,19,0.37855619,5.97689486
7383,19,0.40346923,4.16475916
7384,19,0.31859648,3.50318074
7385,19,0.25327682,3.23169875
7386,19,0.30979687,3.65808058
7387,19,0.26489943,5.27762604
7388,19,0.32192406,6.72465086
7389,19,0.20738095,4.05712271
7390,19,0.35784465,3.83201623
7391,19,0.33810797,5.41771793
7392,19,0.30625403,5.36608362
7393,19,0.36844233,6.16114998
7394,19,0.29944599,7.06178093
7395,19,0.11472601,2.41445947
7396,19,0.25129250,4.65596867
7397,19,0.28905982,5.69342566
7398,19,0.38290536,5.69528294
7399,19,0.19954532,4.44453144
7400,19,0.24729270,3.24040794
7401,19,0.25433153,3.81295896
7402,19,0.27028427,3.76764369
7403,19,0.24138261,4.32648897
7404,19,0.21978019,4.37004232
7405,19,0.35141140,4.42519760
7406,19,0.19650085,3.46067786
7407,19,0.31170604,7.92109537
7408,19,0.15639180,3.74455237
7409,19,0.22715187,6.78601027
7410,19,0.21564488,4.44374609
7411,19,0.28164932,5.16790533
7412,19,0.25649095,4.97757864
7413,19,0.28360903,5.60656834
7414,19,0.22795327,7.82282543
7415,19,0.22491437,4.75453329
7416,19,0.26741156,4.95136166
7417,19,0.35541826,5.52820730
7418,19,0.35537189,4.24068546
7419,19,0.18046570,3.61325121
7420,19,0.36331671,6.88464594
7421,19,0.31743625,5.47092295
7422,19,0.30092022,4.81061649
7423,19,0.29406065,6.23042774
7424,19,0.31078520,6.17379284
7425,19,0.30426452,5.57496643
7426,19,0.25727952,4.90197372
7427,19,0.25536913,5.16918707
7428,19,0.27141052,8.12339306
7429,20,0.30768719,4.54088449
7430,20,0.17570311,3.88601422
7431,20,0.23489176,3.97731972
7432,20,0.24109550,5.68572712
7433,20,0.21541083,3.35396123
7434,20,0.25409275,4.34326601
7435,20,0.35773015,4.81106329
7436,20,0.40718397,7.04350996
7437,20,0.29056406,4.49509859
7438,20,0.24671297,4.43073654
7439,20,0.19889288,2.78138638
7440,20,0.24711305,4.62817335
7441,20,0.20055878,3.54268408
7442,20,0.27051872,5.50194979
7443,20,0.20398892,3.86307859
7444,20,0.26324916,4.32319641
7445,20,0.21318242,3.91287661
7446,20,0.30775982,4.24562550
7447,20,0.20987582,3.75063777
7448,20,0.40030351,6.08209848
7449,20,0.26879695,4.18225813
7450,20,0.24569875,4.63378382
7451,20,0.13410145,2.97527504
7452,20,0.26934129,5.51465082
7453,20,0.27408808,5.59689140
7454,20,0.22700322,3.99911070
7455,20,0.21102595,4.60195732
7456,20,0.30818364,4.73256111
7457,20,0.24935943,5.99876308
7458,20,0.24746196,6.27339935
7459,20,0.33703250,5.90340614
7460,20,0.25954098,3.72346425
7461,20,0.29131514,4.91203213
7462,20,0.19665110,3.10614467
7463,20,0.32661653,5.22631121
7464,20,0.23293188,4.46894884
7465,20,0.29393131,4.64460516
7466,20,0.27104506,4.46823740
7467,20,0.23821712,6.76064301
7468,20,0.25266171,4.37915134
7469,20,0.19394708,3.62350988
7470,20,0.41969758,7.41902304
7471,20,0.26643455,3.95267630
7472,20,0.52447468,5.98406982
7473,20,0.22619955,3.45160103
7474,20,0.26055962,5.65680170
7475,20,0.33476105,4.68153524
7476,20,0.37367338,4.93233967
7477,20,0.25530374,3.93157983
7478,20,0.19504440,5.74102926
7479,20,0.15355267,3.54830289
7480,20,0.23662789,4.03660727
7481,20,0.18247715,4.20724201
7482,20,0.22303234,3.56631470
7483,20,0.27229536,4.96862173
7484,20,0.21028000,3.60464597
7485,20,0.29012340,5.05759192
7486,20,0.25509390,4.36442089
7487,20,0.29883623,4.76786518
7488,20,0.21686712,4.98645592
7489,20,0.28034705,4.65269327
7490,20,0.33626610,6.04059362
7491,20,0.26909786,6.16082525
7492,20,0.26660955,4.63006020
7493,20,0.29547143,3.94873667
7494,20,0.13533175,3.40139580
7495,20,0.27305377,3.97001886
7496,20,0.45764405,5.33144093
7497,20,0.22688203,5.14584875
7498,20,0.25887439,4.27798891
7499,20,0.20245054,3.06421685
7500,20,0.20613354,3.89423442
7501,20,0.33269131,5.76171827
7502,20,0.19665009,4.46905184
7503,20,0.34702730,5.45502949
7504,20,0.28974533,5.04724026
7505,20,0.21791202,5.68356705
7506,20,0.31903940,4.22820663
7507,20,0.21827438,4.72490788
7508,20,0.23016727,4.46632242
7509,20,0.22789910,4.14743471
7510,20,0.28651869,5.06688213
7511,20,0.13528296,3.38892388
7512,20,0.51593637,inf
7513,20,0.21332967,5.37860203
7514,20,0.31537127,6.09731579
7515,20,0.37010854,8.37729168
7516,20,0.33991170,5.65704632
7517,20,0.26138666,3.95461273
7518,20,0.23951080,4.78152084
7519,20,0.35201237,5.66915798
7520,20,0.23974335,6.14257956
7521,20,0.30382356,5.78765011
7522,20,0.24256365,4.98471403
7523,20,0.33813062,5.90754700
7524,20,0.25549555,3.13999915
7525,20,0.15983625,3.21191597
7526,20,0.30172944,6.21230650
7527,20,0.32125777,5.15919304
7528,20,0.47816247,6.17426634
7529,20,0.26716626,4.16180086
7530,20,0.24204901,4.43771458
7531,20,0.22549607,5.77862740
7532,20,0.29732794,5.98603916
7533,20,0.17906472,2.88312340
7534,20,0.30761111,5.01486969
7535,20,0.23758858,5.04326057
7536,20,0.24849269,3.92825651
7537,20,0.19827959,3.36984754
7538,20,0.29902607,3.99756598
7539,20,0.31555152,3.86622429
7540,20,0.23227754,3.07276821
7541,20,0.24488202,3.57355499
7542,20,0.23509067,4.68588161
7543,20,0.25539654,3.38955331
7544,20,0.33675474,4.67744541
7545,20,0.27881682,3.93610644
7546,20,0.27666700,4.05581999
7547,20,0.19031261,5.18753767
7548,20,0.14332460,3.12698054
7549,20,0.30766377,6.31888294
7550,20,0.32694656,6.68249512
7551,20,0.26554015,3.82327366
7552,20,0.16532904,4.08961058
7553,20,0.25960544,3.42022872
7554,20,0.29471797,5.15101910
7555,20,0.28748649,4.33822203
7556,20,0.31724125,4.74046087
7557,20,0.18453678,3.36959505
7558,20,0.34641755,5.97087479
7559,20,0.19565482,3.03062081
7560,20,0.22341405,4.82102585
7561,20,0.29262239,4.12654543
7562,20,0.17489165,4.89821386
7563,20,0.39261800,7.33301067
7564,20,0.27221730,4.26134348
7565,20,0.32253996,5.18645239
7566,20,0.26198271,4.62528229
7567,20,0.30958700,6.06307125
7568,20,0.54318273,5.75614738
7569,20,0.28664774,5.61116600
7570,20,0.32856941,6.03058147
7571,20,0.28420421,4.99059057
7572,20,0.32067782,5.66044378
7573,20,0.32589179,4.74378681
7574,20,0.33191136,5.96123362
7575,20,0.37922359,5.58820486
7576,20,0.31189036,5.94961357
7577,20,0.32707989,5.31470394
7578,20,0.33646548,4.86102152
7579,20,0.31874743,6.24732494
7580,20,0.37944475,6.15029907
7581,20,0.42000043,5.26938343
7582,20,0.37741360,5.98305941
7583,20,0.26585174,4.52090788
7584,20,0.25412184,4.25725746
7585,20,0.31438529,5.43727112
7586,20,0.37509468,6.65390921
7587,20,0.41728112,5.82956648
7588,20,0.27131999,3.23871422
7589,20,0.30296707,4.01071930
7590,20,0.26917118,4.96621656
7591,20,0.32176560,4.40289164
7592,20,0.31520283,4.42210531
7593,20,0.24124724,4.00413656
7594,20,0.32885489,5.51100636
7595,20,0.25734335,4.33956146
7596,20,0.35528561,5.05896139
7597,20,0.14721918,3.93990755
7598,20,0.19798610,2.74036837
7599,20,0.25036079,4.27198839
7600,20,0.22818072,4.72688866
7601,20,0.20051719,4.23597336
7602,20,0.26742309,4.10015106
7603,20,0.26402515,9.03396034
7604,20,0.24861044,4.29596949
7605,20,0.37874189,7.04720497
7606,20,0.25315869,4.32344627
7607,20,0.44195509,5.49029112
7608,20,0.23937148,5.90175676
7609,20,0.32525370,6.23931360
7610,20,0.25312972,4.64925337
7611,20,0.29902098,5.48491859
7612,20,0.21593124,3.26899314
7613,20,0.20424984,2.86967635
7614,20,0.25369185,3.66912127
7615,20,0.32429469,5.05176258
7616,20,0.43352091,6.84989119
7617,20,0.22702822,3.85568690
7618,20,0.20488238,4.85126734
7619,20,0.31386435,3.84564972
7620,20,0.11806761,6.10724115
7621,20,0.24481110,4.95982122
7622,20,0.24734733,6.14342546
7623,20,0.28724194,5.91807699
7624,20,0.36548534,5.99081993
7625,20,0.39099586,6.40091324
7626,20,0.32383353,6.29343176
7627,20,0.22470896,3.86501908
7628,20,0.23793437,4.53321409
7629,20,0.29425347,3.99818277
7630,20,0.23571560,3.28047729
7631,20,0.27903664,4.46361113
7632,20,0.22374725,3.86671257
7633,20,0.18033850,5.16916275
7634,20,0.30523124,4.31979275
7635,20,0.18790370,4.29071569
7636,20,0.29221597,5.61655331
7637,20,0.18872699,3.76699662
7638,20,0.26630342,4.14956617
7639,20,0.20638542,3.17923045
7640,20,0.30970621,4.73124123
7641,20,0.23809177,4.99140596
7642,20,0.37298563,5.55630541
7643,20,0.32169962,6.93583012
7644,20,0.28563112,4.57445049
7645,20,0.28488854,5.13074636
7646,20,0.27062660,4.32569981
7647,20,0.23194800,4.15615988
7648,20,0.28082955,4.53183365
7649,20,0.30342114,5.83943558
7650,20,0.23939849,3.52940035
7651,20,0.23794481,5.29629326
7652,20,0.26809499,5.05474806
7653,20,0.26903144,3.87031102
7654,20,0.14264777,6.29494381
7655,20,0.46714178,8.74821758
7656,20,0.27580547,4.35959196
7657,20,0.28562087,3.84616423
7658,20,0.22853230,4.09084463
7659,20,0.25023061,8.46963596
7660,20,0.33906931,13.78064537
7661,20,0.30234811,5.80244875
7662,20,0.18869609,3.60237622
7663,20,0.33668590,5.46734524
7664,20,0.18049450,3.28579640
7665,20,0.27161366,5.75986004
7666,20,0.27091435,8.18276215
7667,20,0.49644187,6.42008162
7668,20,0.30628085,6.25052071
7669,20,0.27668571,3.81851840
7670,20,0.30157647,5.61281109
7671,20,0.36557454,6.68409109
7672,20,0.29611266,6.28836870
7673,20,0.36653221,6.29664230
7674,20,0.23210891,3.80753303
7675,20,0.29319590,5.14535189
7676,20,0.21499521,3.67095160
7677,20,0.22640069,3.92781401
7678,20,0.25496501,4.47029066
7679,20,0.37263033,7.89424658
7680,20,0.25772041,3.55484605
7681,20,0.31743833,5.05502462
7682,20,0.24337615,6.47704458
7683,20,0.29868340,4.57185125
7684,20,0.19998744,4.85269451
7685,20,0.30599713,6.79366970
7686,20,0.25195387,6.47476912
7687,20,0.21335441,3.98104310
7688,20,0.15605691,5.11487913
7689,20,0.23555006,5.20986652
7690,20,0.29068834,8.24856949
7691,20,0.27270979,8.30589867
7692,20,0.43270287,7.42386150
7693,20,0.31504378,4.52546978
7694,20,0.34690264,6.98342800
7695,20,0.26616180,4.72247267
7696,20,0.39410058,5.53052425
7697,20,0.26702076,4.88002872
7698,20,0.29895923,6.58983564
7699,20,0.23925865,3.83285189
7700,20,0.31426561,3.73505163
7701,20,0.36598864,4.60853434
7702,20,0.37736088,7.12035418
7703,20,0.33200681,4.93754148
7704,20,0.22922170,3.01100016
7705,20,0.33055803,5.24987888
7706,20,0.25952065,3.67717052
7707,20,0.38970286,4.82897997
7708,20,0.25281566,6.51469183
7709,20,0.32201415,6.39300013
7710,20,0.39977649,5.89947176
7711,20,0.33486545,6.98632002
7712,20,0.25393420,3.50093985
7713,20,0.11450659,2.48461843
7714,20,0.25265008,3.41538405
7715,20,0.39351502,7.08713531
7716,20,0.22132301,4.12864447
7717,20,0.30244145,3.69075084
7718,20,0.26465982,4.92531872
7719,20,0.38542420,5.87680101
7720,20,0.25416923,4.11156607
7721,20,0.28428119,4.10259581
7722,20,0.43259972,6.70579481
7723,20,0.21208140,3.52856278
7724,20,0.31042406,4.61526680
7725,20,0.26606530,5.26616240
7726,20,0.12391423,2.41266847
7727,20,0.26606119,5.14734602
7728,20,0.30459487,4.95865536
7729,20,0.28922331,4.81410456
7730,20,0.32815194,6.81512833
7731,20,0.16330604,3.97075152
7732,20,0.21734610,4.22553778
7733,20,0.50049514,6.44931507
7734,20,0.30392200,4.79140425
7735,20,0.32754460,5.53984690
7736,20,0.36860013,5.76108789
7737,20,0.21778283,5.23915577
7738,20,0.27459764,6.19077730
7739,20,0.38685390,5.71561098
7740,20,0.34991962,4.11628151
7741,20,0.23826286,4.43582010
7742,20,0.42456120,6.92369270
7743,20,0.29204524,5.85849476
7744,20,0.17624854,3.92014289
7745,20,0.39566910,7.94274521
7746,20,0.40782920,5.90357208
7747,20,0.27860200,4.69762039
7748,20,0.27047628,4.47965240
7749,20,0.39064637,6.24427271
7750,20,0.13105327,2.97995663
7751,20,0.31865031,5.51425838
7752,20,0.40416047,6.63625526
7753,20,0.28407049,5.40448093
7754,20,0.30061901,5.84301281
7755,20,0.28083003,4.69892645
7756,20,0.33811283,6.04286385
7757,20,0.29846829,5.09786320
7758,20,0.32350528,7.53034925
7759,20,0.22696432,3.66670465
7760,20,0.29795235,4.00914669
7761,20,0.33036056,4.26195908
7762,20,0.32985258,5.40030146
7763,20,0.25791761,4.22220898
7764,20,0.22450580,3.46409726
7765,20,0.33555165,5.92133665
7766,20,0.32153469,4.76200914
7767,20,0.28123873,4.42808247
7768,20,0.25098288,4.17180586
7769,20,0.20813708,5.44747448
7770,20,0.29089814,4.65859556
7771,20,0.25275514,3.43215322
7772,20,0.24785942,3.99482942
7773,20,0.20160183,3.47610641
7774,20,0.24221742,4.79387236
7775,20,0.26721394,4.63137388
7776,20,0.38816202,6.52756739
7777,20,0.36100459,5.55701351
7778,20,0.24615407,3.78750086
7779,20,0.33379361,5.77346373
7780,20,0.40025207,4.62766981
7781,20,0.24812934,3.38823891
7782,20,0.23838052,5.28510571
7783,20,0.21225446,3.65754747
7784,20,0.17376827,4.62926054
7785,20,0.29918665,6.36192989
7786,20,0.22530355,3.69613290
7787,20,0.18641880,5.09883642
7788,20,0.27155507,5.68872118
7789,20,0.33945143,4.55044556
7790,20,0.29113483,3.76883054
7791,20,0.32637519,5.54019117
7792,20,0.25122657,3.97971964
7793,20,0.19939050,2.88223934
7794,20,0.29200205,4.57083225
7795,20,0.33371964,5.94107485
7796,20,0.27229750,5.39504623
7797,20,0.22608484,6.82206059
7798,20,0.22054131,3.76386690
7799,20,0.24177870,3.66628480
7800,20,0.22552502,4.73259497
7801,20,0.20345734,2.84676838
7802,20,0.23949605,5.08519793
7803,20,0.31147009,7.10606956
7804,20,0.39031959,6.04363394
7805,20,0.35834008,7.48017359
7806,20,0.33682889,5.75914526
7807,20,0.39673901,6.33806610
7808,20,0.25627068,3.51741552
7809,20,0.38286358,4.99283028
7810,20,0.26601499,4.32813215
7811,20,0.27597612,5.53864145
7812,20,0.25361285,4.64131451
7813,20,0.38763517,4.67757273
7814,20,0.51402545,10.19338703
7815,20,0.25883210,5.20122147
7816,20,0.35561320,6.46404791
7817,20,0.26661292,6.99162197
7818,20,0.27510220,4.38018894
7819,20,0.24942407,6.55125809
