global_step,epoch,loss,grad_norm
0,1,2.37754440,13.14678383
1,1,2.94130898,10.89705563
2,1,3.12546015,9.51124668
3,1,2.32775116,6.67422342
4,1,2.39689255,5.82261753
5,1,2.53017616,7.53339338
6,1,2.26937103,4.26062059
7,1,2.19106293,3.52950692
8,1,2.21763611,4.23579502
9,1,2.08007812,2.55650258
10,1,2.14771652,3.56708264
11,1,2.05894470,2.94522548
12,1,2.18301201,4.09451199
13,1,1.94837570,2.49617362
14,1,2.07935333,4.98678684
15,1,2.02416134,3.22647262
16,1,2.01395965,3.80788684
17,1,1.94446850,2.28845954
18,1,1.99182320,2.28115010
19,1,2.02089500,3.75967455
20,1,1.87907219,2.55841660
21,1,1.96768570,2.59591246
22,1,1.98662949,3.38619709
23,1,1.89589119,2.26788855
24,1,1.91141129,1.95090294
25,1,1.85601044,2.37941885
26,1,2.00123596,2.02658868
27,1,1.95059013,2.35888553
28,1,1.83760262,2.91753006
29,1,1.87661743,2.87419271
30,1,1.84653664,2.13890004
31,1,1.97164536,2.29850841
32,1,2.02466965,2.83124089
33,1,1.81030273,2.62320161
34,1,1.85028839,2.23503923
35,1,1.82033157,1.47114444
36,1,1.79568481,1.85763431
37,1,1.83832741,2.21735454
38,1,1.85595131,2.61081791
39,1,1.85024261,2.82981133
40,1,1.79191017,2.17181826
41,1,1.81628799,2.44439673
42,1,1.92764854,2.61130929
43,1,1.81655312,2.96215034
44,1,1.93831062,2.77334547
45,1,1.75748062,2.54082179
46,1,1.88598728,3.62149954
47,1,1.67153740,2.29868913
48,1,1.87604904,2.30272126
49,1,1.76335907,2.78998280
50,1,1.74343491,1.94003022
51,1,1.68466568,2.49127555
52,1,1.69369698,2.66618705
53,1,1.75166988,2.53978992
54,1,1.78211975,2.62921596
55,1,1.65242004,2.50767636
56,1,1.69929886,1.98723900
57,1,1.58618450,2.39809942
58,1,1.83590937,3.47704864
59,1,1.75163317,2.26272345
60,1,1.79114676,2.92921448
61,1,1.71813583,3.07348323
62,1,1.84585571,3.33279943
63,1,1.90862846,3.86715961
64,1,1.67784500,2.59490275
65,1,1.85581017,3.69018149
66,1,1.76500130,3.20090318
67,1,1.66043663,1.67840195
68,1,1.81735229,1.87732136
69,1,1.66312695,2.78534245
70,1,1.65441132,2.53749275
71,1,1.69049454,2.64115334
72,1,1.73452568,2.01640248
73,1,1.75895500,1.89783990
74,1,1.88680840,3.55699539
75,1,1.73652267,2.59980941
76,1,1.68332863,2.52083659
77,1,1.61697769,2.88345718
78,1,1.64717960,2.12867427
79,1,1.81518555,2.78853917
80,1,1.69246387,2.34581375
81,1,1.69800949,2.20189404
82,1,1.72015953,2.64485741
83,1,1.69136143,2.83194208
84,1,1.65772820,2.30597329
85,1,1.67043209,2.45056891
86,1,1.67860270,2.96425772
87,1,1.66028166,2.60508180
88,1,1.62976456,2.62748790
89,1,1.64309597,2.62639546
90,1,1.71872997,2.69980216
91,1,1.65254211,2.59160900
92,1,1.60826683,2.33169055
93,1,1.82504082,3.51615667
94,1,1.67771626,2.46560216
95,1,1.77443886,3.28316784
96,1,1.67943382,2.46076870
97,1,1.60415268,2.10443735
98,1,1.60202789,1.81769896
99,1,1.72255325,2.25518751
100,1,1.66267014,2.02164364
101,1,1.58984947,2.32781601
102,1,1.59891129,2.48538446
103,1,1.66834831,1.65741742
104,1,1.68082809,2.95705104
105,1,1.63638973,3.40590763
106,1,1.56075573,2.57651901
107,1,1.68832493,3.26689100
108,1,1.58033466,2.35332417
109,1,1.48210144,3.86026740
110,1,1.47373581,2.08904028
111,1,1.57865977,2.06834769
112,1,1.63047123,2.45360017
113,1,1.59132099,2.98898864
114,1,1.62630033,2.55276227
115,1,1.76216412,2.52000976
116,1,1.73307800,3.95929527
117,1,1.41402531,2.90064073
118,1,1.50937080,1.96760082
119,1,1.59298706,2.44871330
120,1,1.60532570,2.94281602
121,1,1.54096985,2.02817559
122,1,1.64722252,2.57074690
123,1,1.55146313,2.53267121
124,1,1.58523846,2.29746938
125,1,1.64828110,2.41026759
126,1,1.46645832,2.41650939
127,1,1.60399103,2.80443764
128,1,1.53152895,2.15209484
129,1,1.47872829,3.18754721
130,1,1.59750223,3.34760380
131,1,1.51501274,2.27349806
132,1,1.53660679,3.58938694
133,1,1.66599655,4.71633196
134,1,1.68071365,3.20502782
135,1,1.47142529,2.65843749
136,1,1.64236712,3.83843637
137,1,1.60665083,2.94966817
138,1,1.51553941,2.56839824
139,1,1.52760816,2.79008508
140,1,1.60132623,2.54965019
141,1,1.63418293,3.04253316
142,1,1.58212471,2.81892204
143,1,1.46458721,2.61596894
144,1,1.57673359,2.98348689
145,1,1.51232576,2.60801625
146,1,1.58824825,2.84961915
147,1,1.40477419,2.07517481
148,1,1.50718617,3.38101816
149,1,1.61801672,2.95331883
150,1,1.74161148,4.53232241
151,1,1.50072289,2.11414838
152,1,1.50665331,3.64884996
153,1,1.63770819,3.62204456
154,1,1.55595446,3.24384642
155,1,1.49114323,2.39912462
156,1,1.46538353,2.68417215
157,1,1.54718113,3.08484888
158,1,1.63723993,3.49908686
159,1,1.57161236,4.00192690
160,1,1.50729179,2.92172933
161,1,1.31400633,2.63630009
162,1,1.40169561,3.59134555
163,1,1.45145845,3.23721671
164,1,1.42019463,2.64215684
165,1,1.62489653,2.83599377
166,1,1.41258764,3.51012778
167,1,1.51840973,2.82521629
168,1,1.40302849,2.89499688
169,1,1.53588927,3.84847951
170,1,1.27696037,2.64740133
171,1,1.66225147,2.71554542
172,1,1.60612249,4.61028814
173,1,1.32646656,2.93751907
174,1,1.37597322,3.18484831
175,1,1.46233892,3.30189967
176,1,1.33494353,3.96553421
177,1,1.39217985,3.18371463
178,1,1.52443957,3.01683450
179,1,1.56405759,3.17766261
180,1,1.50570595,3.61805391
181,1,1.43580925,2.44583297
182,1,1.41926718,2.37066865
183,1,1.47213006,2.29487252
184,1,1.39184463,2.90628076
185,1,1.34881914,2.74557495
186,1,1.54737830,3.69433904
187,1,1.54640675,2.62102509
188,1,1.36623478,3.07068038
189,1,1.38450027,2.91894007
190,1,1.34545398,3.95133233
191,1,1.37593889,3.01239920
192,1,1.53552246,2.78091645
193,1,1.40255404,3.02584648
194,1,1.68782711,5.26458788
195,1,1.27153730,3.03589058
196,1,1.36279416,2.11254668
197,1,1.29251349,3.62751937
198,1,1.24590349,3.75005674
199,1,1.37879801,2.78066421
200,1,1.45546198,4.10464811
201,1,1.34512663,3.51516008
202,1,1.31387615,3.15413308
203,1,1.42843580,3.47054076
204,1,1.53628635,3.21415615
205,1,1.19515514,2.42184567
206,1,1.38460350,3.63206363
207,1,1.44422030,4.80378246
208,1,1.43565464,3.41334319
209,1,1.44808555,2.91483545
210,1,1.49669564,3.21410203
211,1,1.50781202,3.20227909
212,1,1.54836774,3.24142718
213,1,1.46560621,3.20290756
214,1,1.41913939,3.70183229
215,1,1.34970188,3.12026668
216,1,1.38281107,2.38494325
217,1,1.42756724,2.88420653
218,1,1.48095894,4.23652792
219,1,1.35931492,2.91914654
220,1,1.48902011,3.56858087
221,1,1.43346620,3.04127049
222,1,1.35187078,3.80384469
223,1,1.41607356,2.62153244
224,1,1.44370341,2.93644571
225,1,1.24082518,2.20899010
226,1,1.45785022,4.49583960
227,1,1.45828557,3.71198153
228,1,1.59964585,3.77925634
229,1,1.52932310,3.45998406
230,1,1.27016997,3.04806566
231,1,1.38943934,3.39606690
232,1,1.32592630,2.79798317
233,1,1.50623107,3.39886284
234,1,1.19333684,2.78418827
235,1,1.33775914,4.16286659
236,1,1.44424427,3.83486199
237,1,1.43828487,4.68247271
238,1,1.32978773,3.34969687
239,1,1.26362371,3.92338777
240,1,1.40948713,2.96331239
241,1,1.35504019,2.96589208
242,1,1.41171408,3.36049438
243,1,1.26226068,4.36819935
244,1,1.35504246,2.65636706
245,1,1.41110599,3.96420717
246,1,1.27188373,4.21800709
247,1,1.41189754,4.40107393
248,1,1.22489464,3.06218481
249,1,1.35057783,4.32550335
250,1,1.29988265,3.95790982
251,1,1.52127910,4.04064703
252,1,1.45622134,3.91844368
253,1,1.32109427,3.70002341
254,1,1.26681972,2.68958688
255,1,1.53488111,5.28125048
256,1,1.48105431,3.39652562
257,1,1.29598904,2.59150434
258,1,1.33715248,3.19288874
259,1,1.28321433,3.14868951
260,1,1.37693501,4.10459709
261,1,1.31827903,2.84908819
262,1,1.44538927,3.01946640
263,1,1.35001993,2.81628942
264,1,1.34417701,3.16876674
265,1,1.47218609,3.92321610
266,1,1.60520542,4.03783226
267,1,1.46156406,3.42862058
268,1,1.43308973,3.39599776
269,1,1.48421991,4.50759363
270,1,1.27661204,2.12652278
271,1,1.22848165,3.38423944
272,1,1.24911785,3.56042242
273,1,1.21173835,2.35213470
274,1,1.28575945,2.53787780
275,1,1.42070019,3.41855621
276,1,1.46471679,5.21886110
277,1,1.34274554,2.84576869
278,1,1.45038593,3.27106071
279,1,1.29107213,2.95074964
280,1,1.27178860,3.63973331
281,1,1.22841358,3.95466852
282,1,1.22526252,3.84872389
283,1,1.27019238,4.98556185
284,1,1.25458848,3.72148061
285,1,1.30575955,4.61598587
286,1,1.38657248,3.02122545
287,1,1.50049865,4.92390013
288,1,1.33209133,2.46799135
289,1,1.39968586,3.64641404
290,1,1.33053613,4.48357153
291,1,1.28762341,3.79721403
292,1,1.34156621,4.57361317
293,1,1.35534024,2.90886617
294,1,1.14439440,3.13662243
295,1,1.38102996,2.62380695
296,1,1.29211521,5.65581512
297,1,1.37704420,3.99268985
298,1,1.23272467,4.11524200
299,1,1.39690125,4.97934246
300,1,1.29664373,3.12644458
301,1,1.09063137,2.47850990
302,1,1.32908916,3.30119228
303,1,1.33850527,4.56273842
304,1,1.15842199,4.64991140
305,1,1.25571704,3.44173288
306,1,1.33922994,3.09393191
307,1,1.17313766,2.82405353
308,1,1.30925596,5.35743189
309,1,0.99228954,2.26341486
310,1,1.19653475,2.78442931
311,1,1.11186695,4.39618492
312,1,1.11212373,3.62891769
313,1,1.29961777,4.66152573
314,1,1.21710587,2.98581147
315,1,1.36125076,3.34935474
316,1,1.18284237,5.05507660
317,1,1.19017458,3.71002078
318,1,1.24013472,3.73393035
319,1,1.30395031,4.88388777
320,1,1.43727899,3.82383108
321,1,1.21537757,3.27961731
322,1,1.26865840,3.44030499
323,1,1.28329372,4.38580370
324,1,1.35571933,3.84165788
325,1,1.17609847,3.22563744
326,1,1.30682850,3.49890590
327,1,1.15643322,3.23584414
328,1,1.16761124,4.48787260
329,1,1.27555680,5.68886995
330,1,1.00300336,3.99516463
331,1,1.31291723,3.42061901
332,1,1.29622519,4.84942484
333,1,1.32596540,4.29454803
334,1,1.17229414,3.90824819
335,1,1.23638391,3.65304518
336,1,1.32351029,4.28317595
337,1,1.26442695,4.35634470
338,1,1.27468145,3.09632587
339,1,1.16672552,2.83407903
340,1,1.23090434,2.53824711
341,1,1.25412083,3.66148734
342,1,1.13959289,3.27660632
343,1,1.27884424,2.93874454
344,1,1.17112350,3.54478216
345,1,1.15448356,3.70391583
346,1,1.11957312,2.09709239
347,1,1.33911180,5.42736626
348,1,1.09358263,5.91232157
349,1,1.26316786,3.20128655
350,1,1.28255737,3.05401158
351,1,1.22458887,4.56792641
352,1,1.09225464,5.25477743
353,1,1.09585524,5.24234533
354,1,1.06326401,4.19757128
355,1,1.20262361,3.44903946
356,1,1.17681587,2.91434669
357,1,1.25439048,3.90192223
358,1,1.30730629,3.86913180
359,1,1.36279130,5.70324659
360,1,1.33434069,5.82256699
361,1,1.27196205,3.24991608
362,1,1.14268935,3.17340398
363,1,1.19497669,2.67984533
364,1,1.18008590,2.78331733
365,1,1.43190324,3.32450390
366,1,1.41709900,6.87289190
367,1,1.17877924,4.12114286
368,1,1.21596003,2.61997366
369,1,1.35085511,3.85294318
370,1,1.24103379,2.70164561
371,1,1.21166563,3.52561355
372,1,1.23168921,2.19564176
373,1,1.25563192,5.47680426
374,1,1.11214149,3.19770026
375,1,1.22734511,3.26052117
376,1,1.24987841,3.74188995
377,1,1.17465866,3.48269296
378,1,1.32200229,4.71422863
379,1,1.22935820,3.94294977
380,1,1.16805005,3.88360095
381,1,1.36796761,3.19488049
382,1,1.18520546,4.00965691
383,1,1.17765808,4.33383560
384,1,1.32985234,6.37510109
385,1,1.20880163,3.89802766
386,1,1.29769969,3.42913818
387,1,1.15445292,3.08623362
388,1,1.13202739,3.04987574
389,1,1.15727532,3.02924705
390,1,1.20951009,3.30893493
391,2,1.32764840,3.54353023
392,2,1.20354116,4.19992876
393,2,1.08265746,2.67801189
394,2,1.20483804,3.74273586
395,2,1.28899252,3.99282312
396,2,1.12279165,3.01979852
397,2,1.27044117,3.66037679
398,2,1.09289718,4.96307707
399,2,1.06774127,3.11029720
400,2,1.28186655,2.85459781
401,2,1.14202249,2.65990305
402,2,0.99175829,2.78822351
403,2,1.12434208,3.39070272
404,2,1.04012382,4.74147415
405,2,1.08565342,3.02544332
406,2,1.12639332,3.89680862
407,2,1.12017226,5.47370386
408,2,1.04194248,3.30779052
409,2,1.04148710,7.67068434
410,2,0.94290876,4.00213289
411,2,1.10774803,5.99333811
412,2,1.13573611,3.18716645
413,2,0.99752969,3.69508505
414,2,1.24373317,2.97008061
415,2,1.03055310,3.20852065
416,2,1.19660068,3.18595791
417,2,1.06027532,4.59007406
418,2,1.48034644,3.42538071
419,2,1.04286015,3.29027796
420,2,1.12851238,3.02160263
421,2,1.21669030,5.21880817
422,2,1.14051068,4.42886162
423,2,1.21004987,5.09297609
424,2,1.07712555,2.97159886
425,2,1.24569738,5.63362885
426,2,1.24730229,4.07145977
427,2,1.05816507,2.95787859
428,2,1.07455778,4.28909683
429,2,1.31844807,3.05521369
430,2,1.00133252,5.49062109
431,2,1.22224498,3.70985413
432,2,1.26825285,5.34813547
433,2,1.25001621,3.78717589
434,2,1.44630432,4.30875015
435,2,1.09229851,3.79216576
436,2,0.90383780,2.33214784
437,2,1.02863526,4.73961973
438,2,1.34135294,4.62882280
439,2,1.23237956,3.73202229
440,2,1.03249955,3.71426439
441,2,1.07190204,3.22988939
442,2,1.19002557,3.88137555
443,2,1.12103820,inf
444,2,1.18837309,6.17550135
445,2,1.09547865,6.58645821
446,2,1.23388767,2.98877549
447,2,1.17978787,5.65643311
448,2,1.12691021,5.20984125
449,2,1.07909763,2.99923086
450,2,1.08167326,3.35968566
451,2,0.99932182,4.30632448
452,2,0.92875075,2.47857547
453,2,1.04166949,5.72966528
454,2,1.05162168,3.52816033
455,2,1.08693576,3.21554875
456,2,1.16814518,4.81652880
457,2,1.29655719,4.67678547
458,2,0.93281269,3.30751038
459,2,1.17056119,4.49675703
460,2,1.05825996,4.50665569
461,2,1.10501623,4.79004669
462,2,1.01723862,5.04911613
463,2,1.23314953,5.06644583
464,2,1.15009141,6.08226061
465,2,1.22346592,5.75606537
466,2,1.21211648,5.94530821
467,2,0.99714625,4.86176443
468,2,1.18938875,6.84527063
469,2,1.19017291,4.46365643
470,2,1.07433879,4.09491301
471,2,1.16726327,5.41851330
472,2,1.05999935,3.60722303
473,2,1.14849663,4.49857140
474,2,1.10046923,4.47109079
475,2,1.02708483,3.87011194
476,2,1.06875002,2.37953377
477,2,1.05556381,3.10773158
478,2,1.10282469,4.73585653
479,2,1.14867961,4.16154814
480,2,0.86735451,3.16664171
481,2,0.97544384,3.10203242
482,2,0.91704184,2.74059463
483,2,1.01488757,3.63321090
484,2,0.97709608,2.86821079
485,2,1.26760614,3.65067101
486,2,0.90374130,2.08951259
487,2,1.15006423,5.45229101
488,2,1.08428979,5.39746237
489,2,1.24024963,6.84380579
490,2,1.06427336,4.31441545
491,2,1.17933893,3.13127494
492,2,1.21710443,4.88130426
493,2,1.20344579,3.86456013
494,2,1.09767735,4.69022942
495,2,0.97111177,3.50317454
496,2,0.93744999,3.44812059
497,2,1.17692471,5.58297110
498,2,1.01496267,3.52303791
499,2,0.91734183,2.84707570
500,2,1.28939104,4.78478098
501,2,1.02179587,4.31873655
502,2,1.03447032,3.90950727
503,2,0.93634844,4.15832949
504,2,0.92127228,2.09135103
505,2,0.95208800,5.59715414
506,2,1.09906673,5.58452463
507,2,1.23393202,4.22864723
508,2,1.07837653,5.03845835
509,2,0.95500529,3.65743685
510,2,0.92365569,3.38691068
511,2,1.04072881,3.91409111
512,2,0.91578740,8.00389481
513,2,1.24196124,5.94693995
514,2,0.95984638,4.03349495
515,2,1.14374983,5.54443550
516,2,1.30823481,5.25679684
517,2,0.94345498,3.56086111
518,2,1.25436473,4.39938688
519,2,1.19211459,3.00238895
520,2,1.17085838,5.77590370
521,2,1.10327101,3.76150513
522,2,1.00264621,2.44207764
523,2,1.16413236,4.36048937
524,2,1.13512814,3.03437638
525,2,1.10189784,5.14944792
526,2,0.95157260,3.97432804
527,2,1.02367771,2.56774640
528,2,1.06767559,3.37923861
529,2,1.02917576,2.80391169
530,2,1.20265257,3.68286276
531,2,1.14730597,3.89428854
532,2,0.92069769,3.15249801
533,2,0.97338164,3.75618815
534,2,1.06434202,4.00167227
535,2,1.04173028,4.56205416
536,2,0.98806584,7.98473883
537,2,1.07029736,3.26227164
538,2,1.17307174,3.64526391
539,2,1.08012915,7.87927675
540,2,1.09372175,4.85491705
541,2,0.85945600,4.20579100
542,2,0.93120253,2.90776277
543,2,0.92237878,4.20196390
544,2,1.14182639,6.00588512
545,2,1.09010088,5.83639669
546,2,1.01825380,3.93915486
547,2,1.04921067,5.80334330
548,2,1.08403850,3.02763414
549,2,0.96336204,4.03371334
550,2,1.16170323,4.44999504
551,2,1.21539497,5.81511354
552,2,1.03829360,5.14513016
553,2,0.99422634,3.11329627
554,2,1.16051507,4.61215973
555,2,1.09104431,3.34726000
556,2,0.80495912,3.29229331
557,2,1.05481195,5.21365213
558,2,1.13762188,3.69620466
559,2,1.09291339,4.51095724
560,2,1.13963389,3.79131889
561,2,0.89716762,3.72029710
562,2,1.28682017,5.82521439
563,2,1.31231093,3.99061203
564,2,1.10078442,5.10243034
565,2,1.32760882,6.47522068
566,2,0.98901206,2.88567066
567,2,1.06017566,4.55908918
568,2,0.98868978,4.55348969
569,2,1.03840244,5.02344942
570,2,1.37464356,3.76728463
571,2,0.98761165,2.54883599
572,2,1.05352736,4.23660231
573,2,1.13772154,3.54709649
574,2,1.00727034,2.83023167
575,2,1.05988240,3.80740857
576,2,1.12162232,3.81501007
577,2,0.96298623,3.31144166
578,2,0.95183015,3.14378262
579,2,1.12538481,5.67805290
580,2,0.95350516,3.97436333
581,2,1.13467622,3.97393703
582,2,0.94864315,3.94656420
583,2,1.05389965,4.47406673
584,2,1.10658216,3.58978295
585,2,1.05900347,3.78950953
586,2,0.91749775,3.61485457
587,2,1.12189126,3.24859214
588,2,1.01959753,4.07921505
589,2,1.02647591,6.91102171
590,2,1.10369158,4.37017775
591,2,1.09013915,4.74548912
592,2,1.12079620,4.45349407
593,2,1.02679360,5.04652786
594,2,1.02232361,3.23366809
595,2,0.94702864,2.91556597
596,2,1.16042614,2.93548656
597,2,0.93201387,3.62319970
598,2,0.91247505,4.00639009
599,2,1.15551567,3.73734117
600,2,1.25221753,4.71110201
601,2,1.03883100,3.37345266
602,2,0.94580364,6.81302881
603,2,1.09448457,3.78515482
604,2,0.88201511,4.16241884
605,2,0.97142839,2.53313708
606,2,1.12301469,5.41753483
607,2,0.97837466,3.42483974
608,2,1.10733128,5.41074610
609,2,0.98376489,6.18852806
610,2,0.92966223,4.36980629
611,2,0.80147010,3.37640119
612,2,1.08746386,4.95189762
613,2,0.73255342,3.85172987
614,2,1.04921687,3.70355892
615,2,0.97432649,3.99819803
616,2,1.15360713,6.51105404
617,2,0.90131485,2.59246945
618,2,1.03986943,6.50228786
619,2,1.00764346,7.84643936
620,2,1.05652499,4.22620058
621,2,1.28069937,3.51227617
622,2,1.14732003,5.22380590
623,2,1.13474977,6.35099888
624,2,0.94459987,3.65776420
625,2,1.14354444,4.45210838
626,2,1.15869880,5.05544710
627,2,1.08254671,2.70568371
628,2,0.93454814,4.53709221
629,2,1.09515667,3.00451374
630,2,1.05898368,3.47813869
631,2,0.92372793,3.32646322
632,2,0.97659367,7.96514606
633,2,1.06638837,5.81608438
634,2,1.17199874,3.11967874
635,2,0.91543508,4.51759481
636,2,0.90347105,3.49923801
637,2,1.05872607,3.29815650
638,2,1.01514554,4.92283249
639,2,0.93448311,3.91707802
640,2,1.27167022,5.12042093
641,2,1.10687184,7.27470160
642,2,1.01424599,4.50508165
643,2,1.13412333,4.24194288
644,2,0.99846762,4.47728777
645,2,1.01116872,4.78608751
646,2,0.98830223,3.82238388
647,2,0.95268238,4.27806854
648,2,1.03312099,3.20419383
649,2,1.15108228,4.30839157
650,2,1.05435491,5.75591135
651,2,1.01088190,6.13665152
652,2,1.07502413,3.50703049
653,2,0.94109493,5.79479027
654,2,1.00767183,3.98059344
655,2,1.09699845,4.10242367
656,2,0.89067638,4.13730669
657,2,1.02402449,6.43014145
658,2,0.98296428,3.99504781
659,2,1.08840728,4.35379744
660,2,1.07432246,4.12296534
661,2,1.04597080,3.81058979
662,2,1.25498819,4.94816208
663,2,1.02856207,3.75470138
664,2,0.84148359,3.16013122
665,2,0.93765718,3.50608945
666,2,0.89992023,3.32553220
667,2,0.93122733,3.89616060
668,2,1.03899682,5.62015581
669,2,0.87338257,2.79699230
670,2,1.23607767,4.81655312
671,2,0.73920536,5.02453279
672,2,1.08901429,3.68104625
673,2,1.04675794,3.54286981
674,2,0.85114002,4.68106937
675,2,0.82793057,2.69073582
676,2,1.06920433,5.38444281
677,2,1.01257229,4.11251640
678,2,1.04159749,7.22948694
679,2,0.88239956,4.38958836
680,2,1.09295142,4.04743242
681,2,0.83751202,5.53318548
682,2,0.91478562,5.84030676
683,2,0.98603755,4.48459339
684,2,0.96163243,3.84593058
685,2,0.90862024,5.01987839
686,2,1.01169503,3.85876346
687,2,1.11445212,4.29263735
688,2,1.00076032,4.63448906
689,2,0.98142540,4.29513264
690,2,0.92037606,3.84812045
691,2,0.83663476,2.45148945
692,2,0.96094292,3.23583579
693,2,0.86220145,2.71444941
694,2,0.98846287,3.01204705
695,2,1.18598235,5.68430376
696,2,1.14334857,4.64397955
697,2,0.96274245,3.25069618
698,2,0.97403026,4.72560740
699,2,1.10440445,6.21827030
700,2,0.81870055,3.92256260
701,2,0.87193853,4.72884941
702,2,0.95866942,4.63418150
703,2,1.11135602,4.39173174
704,2,0.93134141,3.30412149
705,2,0.98077548,3.12806082
706,2,0.93989998,5.12460756
707,2,0.97267234,6.34585238
708,2,1.22751141,5.27819109
709,2,0.75833553,2.35078645
710,2,0.95399487,2.73872328
711,2,1.04209185,3.94893551
712,2,0.88452160,2.33024216
713,2,0.96131325,3.06174302
714,2,1.13003469,5.07984591
715,2,1.02366531,3.30928779
716,2,1.03118157,2.73611808
717,2,0.88312781,3.38983631
718,2,1.02573323,6.42316723
719,2,0.88767529,3.47263026
720,2,0.99695897,4.31855392
721,2,0.80492729,3.07930613
722,2,0.78817630,3.93300200
723,2,0.95247644,8.25090313
724,2,0.81069446,3.36234045
725,2,0.94085270,3.18992019
726,2,0.88945943,6.48384714
727,2,0.84961998,6.11804771
728,2,0.87984633,7.53197527
729,2,0.91201496,2.52368760
730,2,0.80166638,2.94586301
731,2,0.98652685,5.87409496
732,2,0.88111186,5.37852859
733,2,1.01350141,4.07537985
734,2,1.07333243,4.91908407
735,2,0.81128931,4.48459339
736,2,0.86192989,3.55279160
737,2,0.91490757,4.12914371
738,2,1.01862371,3.97688079
739,2,0.98378634,5.41702461
740,2,0.84868848,3.05342698
741,2,0.89017069,3.62255144
742,2,0.95310497,5.19579506
743,2,0.89098489,4.82031345
744,2,0.98647219,3.44647217
745,2,1.05246878,3.34408450
746,2,0.85278523,3.92815185
747,2,0.93111104,2.52521086
748,2,0.83003998,4.57558537
749,2,0.92865658,3.63102889
750,2,1.03698063,4.87564850
751,2,0.89199525,2.26905441
752,2,0.98402578,4.09568405
753,2,0.85394931,4.01642752
754,2,1.09596372,3.03452134
755,2,0.86765873,3.80970287
756,2,1.01853573,4.18611383
757,2,0.98650956,3.22626233
758,2,0.93329632,4.10038137
759,2,0.94385946,4.96929598
760,2,0.88927853,5.26664305
761,2,0.87669086,3.29473138
762,2,1.21204913,4.45181179
763,2,1.04824638,3.62609100
764,2,1.09129667,4.72612000
765,2,0.94052863,4.10748816
766,2,0.82828999,3.14651966
767,2,0.83535826,4.00159693
768,2,0.90023470,4.58349895
769,2,0.97941303,3.12526083
770,2,0.92465067,3.15605259
771,2,0.99176908,4.77665377
772,2,0.92623031,4.56287050
773,2,0.93317091,3.51620054
774,2,0.88035607,4.85354042
775,2,0.90355182,4.04536486
776,2,0.93186188,3.63619256
777,2,0.92291540,4.63766909
778,2,1.14055634,8.29045010
779,2,0.85765934,4.03734350
780,2,0.86119413,5.43082905
781,2,0.89451981,10.04709530
782,3,0.99138319,5.28993130
783,3,0.94246733,3.18366718
784,3,0.84032285,4.26864433
785,3,0.75989103,3.10533619
786,3,0.98056996,3.97608709
787,3,0.89770216,6.37896204
788,3,0.88022792,3.27486444
789,3,1.05565763,3.57989240
790,3,1.07819295,3.40890217
791,3,0.87323928,2.96250296
792,3,0.99218178,2.78404570
793,3,0.88010347,3.16756296
794,3,0.84898430,4.77441406
795,3,0.94479936,5.39980793
796,3,0.97061187,4.54200888
797,3,1.11157823,4.05186749
798,3,0.97038502,3.93152118
799,3,0.83212739,3.12824440
800,3,1.05173600,5.22399712
801,3,1.10173965,7.74927187
802,3,0.82035691,3.36440301
803,3,0.85035849,3.42220736
804,3,0.99398375,5.31526041
805,3,1.06784892,4.04113626
806,3,1.11437297,6.19316339
807,3,0.94227684,4.32529879
808,3,0.88135719,2.63908243
809,3,1.00310850,6.50554514
810,3,0.89748275,4.16309595
811,3,0.82469416,4.65744066
812,3,0.97357452,4.49472713
813,3,0.97236747,4.47760201
814,3,1.05959988,3.31677365
815,3,0.97716761,4.95108366
816,3,1.09348834,4.62640285
817,3,1.06914437,3.68961048
818,3,0.81042051,3.99316478
819,3,0.86211157,4.37942076
820,3,0.71280110,4.01044703
821,3,0.84197521,2.27145791
822,3,0.82224649,2.93167305
823,3,0.84078485,3.42071891
824,3,0.79987872,3.10607696
825,3,1.10943127,6.64236355
826,3,0.73317695,2.94792485
827,3,0.93027687,2.34211516
828,3,1.07082343,4.93491793
829,3,0.92590189,6.18742466
830,3,1.13454556,5.39858246
831,3,0.96110368,4.67759800
832,3,0.82558322,2.81279969
833,3,1.02378261,4.23505068
834,3,0.88200319,3.48746037
835,3,0.97640955,5.35708904
836,3,1.04055047,3.44054103
837,3,0.97471201,5.17528200
838,3,0.75022376,4.36041355
839,3,0.96255529,3.59945273
840,3,0.85872567,4.55604076
841,3,0.89659679,5.49227571
842,3,1.02068937,4.32291603
843,3,0.80456430,2.70460463
844,3,0.71432400,4.15537262
845,3,1.04784465,11.69044399
846,3,1.15278292,4.46733570
847,3,0.97372782,3.64271355
848,3,0.95623338,5.27823544
849,3,0.99069607,4.19831610
850,3,1.08182728,6.00051069
851,3,0.85904223,6.53271866
852,3,0.85967278,5.86991072
853,3,0.83468175,5.37308407
854,3,0.86280036,4.77567482
855,3,0.80240154,3.69718170
856,3,0.87873763,4.66313601
857,3,1.04986453,3.89556265
858,3,0.68270338,3.08390594
859,3,0.73073274,2.60440564
860,3,0.88148612,2.70835328
861,3,0.77260983,2.94413519
862,3,0.93979430,6.17385864
863,3,1.08072925,3.51181316
864,3,1.06934524,4.08288527
865,3,0.94353181,3.43327737
866,3,0.78281844,3.07100725
867,3,0.73224783,2.35334086
868,3,0.96217000,2.91662431
869,3,0.79101157,3.16392803
870,3,0.89180470,4.56333923
871,3,0.99123073,6.08395624
872,3,0.88287002,3.51041389
873,3,0.86971128,4.96786308
874,3,0.91181648,4.57919359
875,3,0.90001583,5.17005491
876,3,0.80658805,3.03104997
877,3,0.84523791,3.43854094
878,3,0.79879081,4.27053165
879,3,1.04313326,5.98303175
880,3,0.76944864,2.69941354
881,3,0.97808146,3.64711452
882,3,0.88282001,2.56232882
883,3,0.95196211,3.19236159
884,3,0.99156606,4.19409609
885,3,0.87498045,3.45062447
886,3,0.81256104,4.55388498
887,3,0.96343845,3.57878876
888,3,0.73392093,3.03216338
889,3,0.90612197,5.28027630
890,3,0.88331735,3.21150351
891,3,0.87769395,2.69460464
892,3,1.07792521,4.91810608
893,3,0.89531678,3.03046966
894,3,0.92065132,3.33390474
895,3,0.78507680,3.45682836
896,3,0.84123397,4.68513727
897,3,0.90527797,4.22176552
898,3,0.77373397,5.30908537
899,3,0.90403146,2.76891351
900,3,0.87264252,5.99396038
901,3,0.82068527,4.34565353
902,3,0.83782208,5.74468136
903,3,0.94828904,7.81233978
904,3,0.83619642,6.58714008
905,3,0.99782848,8.26286697
906,3,0.85799032,4.07542181
907,3,0.82094002,5.20478821
908,3,0.90160209,3.88451409
909,3,0.90808296,5.43004560
910,3,0.85297143,6.80578327
911,3,0.99271202,5.19501638
912,3,0.90843391,4.14510155
913,3,0.74844354,5.27406073
914,3,0.77333587,3.01434636
915,3,0.81064844,4.67632008
916,3,0.87673950,3.62943363
917,3,0.93360585,3.28610969
918,3,0.78169906,3.47683096
919,3,0.88589251,4.63461542
920,3,0.89471090,3.50076938
921,3,0.69604933,3.01883149
922,3,0.94502729,7.84517860
923,3,0.77730858,4.56960106
924,3,0.76253402,4.13600540
925,3,0.93077821,2.94051766
926,3,0.80939829,4.00119591
927,3,0.85919678,3.26817918
928,3,0.79474890,3.68879008
929,3,0.76654023,5.65250778
930,3,1.06706023,5.71331978
931,3,0.82382715,5.03779793
932,3,0.82290816,5.72421837
933,3,0.83499563,4.30313158
934,3,0.95755231,5.12653255
935,3,0.82604635,4.04051542
936,3,0.85816455,5.51604652
937,3,1.03519976,4.93633461
938,3,0.94513631,3.14751005
939,3,0.93329221,3.04766011
940,3,1.00231874,4.40564537
941,3,0.82369202,2.78048325
942,3,0.91236055,3.23404360
943,3,0.97957689,5.65092516
944,3,0.94742930,2.81477690
945,3,1.08855188,3.34098697
946,3,1.03559470,4.41028023
947,3,0.91370893,3.45161653
948,3,0.64293516,2.60809064
949,3,0.84024024,3.36376047
950,3,0.83058023,4.43964863
951,3,0.87360924,4.25307274
952,3,0.96237969,4.42182922
953,3,0.95316219,5.53803158
954,3,0.75970554,2.73073530
955,3,0.91573459,3.13255548
956,3,1.01588523,5.06636524
957,3,0.71391368,4.04084682
958,3,0.70606327,3.38206387
959,3,0.84513432,4.07326603
960,3,0.94829464,3.86419749
961,3,0.73208344,2.54557800
962,3,0.84808147,5.02823591
963,3,0.94666666,3.37284803
964,3,0.82988870,6.27474117
965,3,1.12962818,6.16183615
966,3,0.84316254,4.24127531
967,3,0.72099757,3.56859851
968,3,0.73425430,5.03467417
969,3,0.79950762,5.04583168
970,3,0.64388663,4.08954716
971,3,0.81302845,4.51527309
972,3,0.86352551,5.68476915
973,3,0.95349932,5.29554844
974,3,0.80270439,6.97010899
975,3,0.93637556,6.60123014
976,3,0.84555352,3.82257318
977,3,0.78300452,4.33509016
978,3,0.87198353,5.69906092
979,3,0.87791467,3.75046420
980,3,0.88064075,4.07169771
981,3,1.04645884,7.82376862
982,3,0.88030827,6.00088501
983,3,0.88623488,3.18512392
984,3,0.92502248,3.75684857
985,3,0.88313007,3.13139915
986,3,0.69765937,2.90250516
987,3,0.97521925,4.79638338
988,3,0.98401129,3.95506549
989,3,0.80389905,4.31977034
990,3,0.99897623,2.85177588
991,3,0.83758163,2.87678146
992,3,0.84274614,4.62079525
993,3,0.86162472,4.05535460
994,3,0.85039520,2.98815751
995,3,0.83140713,3.97687125
996,3,0.91703898,2.77882552
997,3,1.02141976,3.53319883
998,3,0.98689055,2.84617925
999,3,0.85226798,3.45393586
1000,3,0.75967062,2.53225374
1001,3,0.83613813,4.21871042
1002,3,0.88341296,3.10607648
1003,3,0.77517021,3.19995165
1004,3,0.80415261,5.54081583
1005,3,0.79632384,2.35095167
1006,3,1.01920223,4.65173721
1007,3,0.75634575,7.97598505
1008,3,1.00575626,4.41111183
1009,3,0.75047660,6.11995125
1010,3,0.92955220,6.95636702
1011,3,0.78383291,3.01205492
1012,3,0.78999829,3.95044112
1013,3,0.79593372,5.20128489
1014,3,0.86352038,5.18684292
1015,3,0.78804207,3.29296303
1016,3,1.03455997,4.59037018
1017,3,0.86699378,5.37798214
1018,3,0.69974971,4.01369667
1019,3,0.76726645,3.46377683
1020,3,0.77111518,5.34778881
1021,3,1.03852320,4.14807701
1022,3,0.85351038,5.77430010
1023,3,0.92703402,4.40611982
1024,3,0.84186852,8.09957886
1025,3,0.85250825,4.85899496
1026,3,0.77023244,2.67212224
1027,3,0.80055332,4.96410513
1028,3,0.71562326,3.01911497
1029,3,0.75054395,4.11335611
1030,3,0.81423336,3.26758790
1031,3,1.06198561,3.74530864
1032,3,0.64658380,3.05879927
1033,3,0.81554765,3.23738694
1034,3,0.68408132,4.51583052
1035,3,0.79255104,4.55054760
1036,3,0.78980553,2.93092966
1037,3,0.91810948,7.32746553
1038,3,0.69312054,4.46717453
1039,3,0.72404587,5.03531313
1040,3,0.85980564,4.55600357
1041,3,0.93535531,3.36327958
1042,3,0.83962429,7.22869587
1043,3,0.73974055,5.87060118
1044,3,0.80614930,4.89841270
1045,3,0.89902759,4.76809788
1046,3,0.71498275,4.04898548
1047,3,0.93539464,6.11131859
1048,3,0.75943774,4.21469259
1049,3,0.76413143,3.85980964
1050,3,0.77344227,3.82115030
1051,3,0.84898466,5.41597652
1052,3,0.86475372,3.59088731
1053,3,0.77158850,4.91963243
1054,3,0.77600241,4.82330608
1055,3,0.75444096,3.56114960
1056,3,0.81033432,2.60496092
1057,3,0.77375799,4.39817953
1058,3,0.84492636,4.80766869
1059,3,0.67980915,4.48770761
1060,3,0.73830259,4.36079264
1061,3,0.88989305,5.18674278
1062,3,0.85412645,3.15497398
1063,3,0.72329837,3.94534826
1064,3,0.67071527,3.58477211
1065,3,0.65102738,4.76475716
1066,3,0.89274377,6.02889299
1067,3,1.06708145,9.05755806
1068,3,0.75429720,4.62452841
1069,3,0.78310454,4.51122379
1070,3,0.75914073,5.23268318
1071,3,0.95152593,6.73422241
1072,3,0.90275329,4.89389992
1073,3,0.66572434,5.68059111
1074,3,0.84353912,4.73853111
1075,3,0.90952766,4.31625128
1076,3,0.86209798,4.42650270
1077,3,0.95358169,3.71022773
1078,3,0.85839307,4.95776749
1079,3,0.66966957,4.09887123
1080,3,0.89688623,4.16078091
1081,3,0.73083985,2.40136504
1082,3,0.93613482,3.49139905
1083,3,0.78770983,2.36910176
1084,3,0.94061458,4.92385292
1085,3,0.92148995,3.80087948
1086,3,0.93223035,2.98893881
1087,3,0.70492262,3.43522406
1088,3,0.67454028,2.60510731
1089,3,0.85833436,4.58581018
1090,3,0.88642740,2.82018185
1091,3,0.79598486,3.90973258
1092,3,0.86888403,3.39799094
1093,3,0.80430275,3.83853650
1094,3,1.03638363,4.91137457
1095,3,0.80543476,5.16609669
1096,3,0.74429643,3.31120300
1097,3,0.77509063,4.47648239
1098,3,0.85122728,5.61363983
1099,3,0.74418414,5.03058624
1100,3,0.67722905,3.74317837
1101,3,0.75866997,3.52769613
1102,3,0.84447491,2.93016720
1103,3,0.78462631,3.17420292
1104,3,0.75891221,3.81077003
1105,3,0.80477095,5.50077915
1106,3,0.77223980,3.87543988
1107,3,0.64405930,2.75776005
1108,3,0.76312149,3.14411592
1109,3,0.86384434,3.95069718
1110,3,0.70292521,2.86052203
1111,3,0.98861074,4.75895548
1112,3,0.64794397,4.39096308
1113,3,0.83016521,4.69852400
1114,3,0.86161804,2.86847806
1115,3,0.76462007,3.38737965
1116,3,0.76067340,4.12505388
1117,3,0.69621050,3.93266320
1118,3,0.91645521,5.08409023
1119,3,0.95669776,5.42670584
1120,3,0.77858019,2.42304873
1121,3,0.73027635,4.93129969
1122,3,0.90673572,11.93618679
1123,3,0.84467125,8.28062820
1124,3,0.83254421,4.50878620
1125,3,0.88387138,6.51390409
1126,3,0.82762825,3.58714509
1127,3,0.83250773,4.79950094
1128,3,0.82161582,5.16645145
1129,3,0.83901393,3.90658355
1130,3,0.69187498,3.46953511
1131,3,0.67912948,4.36767483
1132,3,0.81376016,2.85635114
1133,3,0.81084168,3.48920512
1134,3,0.91286546,4.35434198
1135,3,0.81519037,3.83864594
1136,3,0.88971108,3.24187183
1137,3,0.84582120,3.90280151
1138,3,0.67824519,3.87950134
1139,3,0.82415187,3.43941665
1140,3,0.79588842,3.02708411
1141,3,0.82121634,3.66034770
1142,3,0.85401332,4.07481098
1143,3,0.86156094,2.90923977
1144,3,0.78532076,2.09960270
1145,3,0.82152975,4.73401880
1146,3,0.67552364,5.00504112
1147,3,0.73410946,3.39447498
1148,3,0.77881807,4.05193281
1149,3,0.89411974,3.78891683
1150,3,0.62753451,5.12142515
1151,3,0.82824963,4.42230654
1152,3,0.76804984,3.33586264
1153,3,0.75687367,4.98521852
1154,3,0.81137311,4.04385662
1155,3,0.72365057,5.96262503
1156,3,0.72703743,7.92617226
1157,3,0.77523082,4.50094700
1158,3,0.68567061,3.45087886
1159,3,0.81243134,4.82595682
1160,3,0.86988121,5.61906242
1161,3,0.72378337,2.74533725
1162,3,0.76003808,3.63759184
1163,3,0.76907164,4.90343714
1164,3,0.85668612,4.86558819
1165,3,0.74151564,6.11886883
1166,3,0.81393814,3.49484277
1167,3,0.70937955,4.33032036
1168,3,0.81149411,5.83687687
1169,3,0.78369743,3.50170922
1170,3,0.69198555,2.66037011
1171,3,0.87345576,4.34057093
1172,3,0.83670080,6.31947851
1173,4,0.84799445,3.64136529
1174,4,0.70792484,2.89598083
1175,4,0.86936623,5.58794546
1176,4,0.71785879,3.76889038
1177,4,0.61553359,4.34598446
1178,4,0.86400378,2.98551965
1179,4,0.80803150,4.74881840
1180,4,0.98220235,3.24557948
1181,4,0.74356079,5.40365744
1182,4,0.92488933,2.07068777
1183,4,0.62143767,3.55345178
1184,4,0.80283278,3.27776504
1185,4,0.78578162,3.64303160
1186,4,0.77674150,5.38734388
1187,4,0.81248081,7.75050592
1188,4,0.65098441,4.26062059
1189,4,0.59872621,4.48666191
1190,4,0.63473791,3.43804693
1191,4,0.65444535,3.52992368
1192,4,0.66802180,3.50568390
1193,4,0.89588892,4.27829504
1194,4,0.67193204,4.65025568
1195,4,0.89494061,4.61249161
1196,4,0.66722679,3.05589819
1197,4,0.81949359,4.16024828
1198,4,0.77984148,3.70058632
1199,4,0.68513584,3.43768883
1200,4,0.55156553,4.80578756
1201,4,0.79124486,5.39108372
1202,4,0.80161643,6.16303205
1203,4,0.86577559,3.87263441
1204,4,0.82091916,3.73827362
1205,4,1.00125659,3.73497653
1206,4,0.68597019,3.80731416
1207,4,0.72106642,3.03439617
1208,4,0.80259883,5.75703096
1209,4,0.91893685,4.82633829
1210,4,0.77051002,4.03306532
1211,4,0.65798068,4.68233633
1212,4,1.02376962,6.12767744
1213,4,0.75418431,5.38377285
1214,4,0.86125374,8.48278618
1215,4,0.68269622,3.59524465
1216,4,0.74540222,6.93155766
1217,4,0.69861722,2.98563218
1218,4,0.85799921,6.24575806
1219,4,0.77706033,4.66072369
1220,4,0.69983941,3.50888276
1221,4,0.70565212,3.73078275
1222,4,0.70991898,3.22548366
1223,4,0.76643997,4.12525558
1224,4,0.81782711,4.86381435
1225,4,0.80983120,4.45455217
1226,4,0.81507218,3.37622309
1227,4,0.82736421,4.34561586
1228,4,0.61042970,5.47259426
1229,4,0.67922509,4.35320807
1230,4,0.70965648,1.93986857
1231,4,0.83314115,5.70783615
1232,4,0.89029419,2.78125024
1233,4,0.74859869,3.83726621
1234,4,0.74078000,3.82809806
1235,4,0.85396886,3.91171503
1236,4,0.72652960,2.76548123
1237,4,0.81213826,4.96641493
1238,4,0.91403699,3.89281058
1239,4,0.71263385,5.96060133
1240,4,0.73384458,4.52312040
1241,4,0.73907638,3.77863145
1242,4,0.73929286,3.36658955
1243,4,0.71314526,4.04762602
1244,4,0.69238573,3.77172208
1245,4,0.79225612,4.04583359
1246,4,0.73436713,3.46361876
1247,4,0.67142618,2.73882365
1248,4,0.74278831,4.05593872
1249,4,0.81075037,4.97368002
1250,4,0.61582106,3.53858352
1251,4,0.67541933,4.13149071
1252,4,0.67607439,4.55796576
1253,4,0.75756168,5.36919975
1254,4,0.82596344,3.61108327
1255,4,0.86349118,4.91324186
1256,4,0.73878551,4.43709564
1257,4,0.87118101,9.23846436
1258,4,0.65127236,3.77129889
1259,4,0.84752166,4.85479975
1260,4,0.72097337,3.98869514
1261,4,0.80444795,5.48137093
1262,4,0.81985772,6.12551117
1263,4,0.88126379,4.91262579
1264,4,0.77030826,2.83521581
1265,4,0.81653404,2.36468315
1266,4,0.64815068,2.54741955
1267,4,0.71571159,5.42267799
1268,4,0.70440018,2.82447052
1269,4,0.83265913,3.19137740
1270,4,0.71547252,4.98092270
1271,4,0.74620497,2.98414850
1272,4,0.78926909,3.70135665
1273,4,0.73963821,3.02526903
1274,4,0.71253800,3.18058515
1275,4,0.77153635,2.79811740
1276,4,0.78829968,3.99502945
1277,4,0.66790622,3.17698359
1278,4,0.65571272,2.75764275
1279,4,0.61775911,4.62024450
1280,4,0.78403139,6.36441660
1281,4,0.62642050,3.41097879
1282,4,0.57982373,3.35186839
1283,4,0.80983031,3.26897025
1284,4,0.90502489,6.91943407
1285,4,0.74369180,5.30216408
1286,4,0.67708546,5.81100273
1287,4,0.71345580,2.86501598
1288,4,0.67892057,4.08826065
1289,4,0.93896186,5.09067345
1290,4,0.79999423,5.55092955
1291,4,0.69146228,2.82649589
1292,4,0.83401608,3.70276618
1293,4,0.68130505,3.34113455
1294,4,0.75368237,3.30057549
1295,4,0.76525521,6.37779522
1296,4,0.69132614,3.60564303
1297,4,0.91222107,3.87194967
1298,4,0.69692272,3.72620106
1299,4,0.77517200,1.94626832
1300,4,0.77898467,3.76646876
1301,4,0.80688131,7.34341383
1302,4,0.66319871,4.09662533
1303,4,0.69310576,3.27389145
1304,4,0.66114843,3.70048928
1305,4,0.72434199,2.62485600
1306,4,0.69533002,3.29842329
1307,4,0.81582689,3.12896013
1308,4,0.75663221,4.33913040
1309,4,0.69196457,2.44461274
1310,4,0.88541424,4.27508307
1311,4,0.67018223,2.78016996
1312,4,0.62837255,3.61978626
1313,4,0.58394080,3.26774836
1314,4,0.84489882,4.27454901
1315,4,0.63548076,3.01919413
1316,4,0.75752431,3.21432519
1317,4,0.81801486,3.86870170
1318,4,0.81810224,4.03490591
1319,4,0.64669162,4.98276711
1320,4,0.72607780,3.61790061
1321,4,0.76456380,3.72236228
1322,4,0.74745685,3.14413238
1323,4,0.58052021,3.34181261
1324,4,0.66219002,5.45290661
1325,4,0.72690201,7.00762129
1326,4,1.01818156,3.49733877
1327,4,0.70426232,3.56655192
1328,4,0.75680780,3.94312501
1329,4,0.85374701,5.62783909
1330,4,0.80000395,7.96807814
1331,4,0.80703926,4.76931190
1332,4,0.70662528,4.74389744
1333,4,0.61982334,4.06750584
1334,4,0.76182592,6.01348019
1335,4,0.76742125,3.52639198
1336,4,0.80020082,4.14975691
1337,4,0.94545090,4.49237490
1338,4,0.88505709,1.92057085
1339,4,0.63208497,5.07906866
1340,4,0.77612811,3.78506422
1341,4,0.79652983,3.94319081
1342,4,0.75896585,4.33222866
1343,4,0.83986264,4.35051107
1344,4,0.75955653,4.99703312
1345,4,0.71110779,5.08196020
1346,4,0.80607629,2.37412071
1347,4,0.76879978,3.11116314
1348,4,0.79451358,4.00475645
1349,4,0.73047876,2.88154626
1350,4,0.85076910,7.68826485
1351,4,0.75823271,6.90182209
1352,4,0.69556475,5.71601200
1353,4,0.89794397,5.78528261
1354,4,0.73294675,3.45803761
1355,4,0.91161573,5.31025028
1356,4,0.80699050,6.41986799
1357,4,0.70718169,4.23956633
1358,4,0.81487322,3.72688413
1359,4,0.83050543,5.02953434
1360,4,0.76685417,6.44162750
1361,4,0.74508524,2.64099979
1362,4,0.73949158,2.48258138
1363,4,0.76038069,5.10873365
1364,4,0.76060200,5.54863453
1365,4,0.86772460,6.43364573
1366,4,0.85209584,4.06247282
1367,4,0.66272384,4.63460302
1368,4,0.61289555,3.17070651
1369,4,0.79957086,6.82714272
1370,4,0.87319028,5.10479546
1371,4,0.78021967,5.17046070
1372,4,0.75628716,4.21874952
1373,4,0.77149796,3.48205853
1374,4,0.66567791,4.31405163
1375,4,0.56998503,3.23046565
1376,4,0.67678869,3.04697609
1377,4,0.61864793,3.02670646
1378,4,0.66690111,4.29359245
1379,4,0.85383952,3.72625494
1380,4,0.62133849,3.14679527
1381,4,0.74583441,4.18507242
1382,4,0.74636441,5.16533184
1383,4,0.75203508,5.15394592
1384,4,0.84170115,2.49474096
1385,4,0.82353723,3.60943508
1386,4,0.70296681,6.33194876
1387,4,0.69890320,2.89402938
1388,4,0.95876086,2.98158860
1389,4,0.63696086,3.14417696
1390,4,0.80865180,2.64350891
1391,4,0.79887474,4.04944372
1392,4,0.78435421,5.29664803
1393,4,0.83666909,4.44978952
1394,4,0.64194429,3.61742139
1395,4,0.92758363,3.29027534
1396,4,0.77152240,2.69629669
1397,4,0.61750138,3.80612850
1398,4,0.54699850,4.15958500
1399,4,0.62819064,3.04472566
1400,4,0.48863581,3.80016279
1401,4,0.92912287,3.75863600
1402,4,0.74712229,5.78536129
1403,4,0.71382087,3.69089317
1404,4,0.59625798,2.36300778
1405,4,0.70773375,3.06312275
1406,4,0.73740792,2.55751967
1407,4,0.80135202,3.53917003
1408,4,0.65334654,2.94639087
1409,4,0.67544913,3.14245248
1410,4,0.57416487,4.48997974
1411,4,0.56392097,3.03789878
1412,4,0.55754352,3.22901058
1413,4,0.69348431,2.52732134
1414,4,0.79094458,5.15772533
1415,4,0.70082355,5.12659073
1416,4,0.62159932,4.63986063
1417,4,0.54995263,4.17465353
1418,4,0.56063056,2.20182848
1419,4,0.80043173,5.45804453
1420,4,1.11837530,4.90152168
1421,4,0.73970437,3.88973403
1422,4,0.73031729,3.09901357
1423,4,0.64448333,3.65335655
1424,4,0.72820765,4.95081997
1425,4,0.74861544,4.00209284
1426,4,0.62937272,2.66186118
1427,4,0.76374769,7.30579042
1428,4,0.74351835,2.87707424
1429,4,0.69662160,3.68152356
1430,4,0.73187864,4.19486332
1431,4,0.81527126,4.45258093
1432,4,0.60823536,2.86126065
1433,4,0.95005554,6.44453621
1434,4,0.79782182,3.27616477
1435,4,0.71940631,4.67380047
1436,4,0.65881181,3.42171311
1437,4,0.71914458,3.72843504
1438,4,0.68824518,5.07136583
1439,4,0.66495454,4.41316986
1440,4,0.76147586,4.88980007
1441,4,0.71304047,4.87375450
1442,4,0.60124576,2.84442186
1443,4,0.86779630,3.00009203
1444,4,0.70896137,5.88109207
1445,4,0.77394122,4.91421604
1446,4,0.80494851,3.58307099
1447,4,0.53582948,2.67135811
1448,4,0.79950368,3.62360072
1449,4,0.53538495,3.12550664
1450,4,0.87285882,3.89333010
1451,4,0.73906183,4.36483049
1452,4,0.71246690,7.21691513
1453,4,0.80270869,8.38081455
1454,4,0.63717669,4.35850906
1455,4,0.70865059,2.24226952
1456,4,0.73171771,4.33781910
1457,4,0.86008918,6.00144672
1458,4,0.91646445,5.35942698
1459,4,0.67845821,2.82353163
1460,4,0.72296554,2.53705692
1461,4,0.81364393,3.21048689
1462,4,0.68787956,3.95975327
1463,4,0.82952654,5.80768871
1464,4,0.53235209,3.28374815
1465,4,0.65337652,2.97420835
1466,4,0.82386845,4.26098585
1467,4,0.65905666,4.93475008
1468,4,0.67436659,4.43606567
1469,4,0.63730890,3.53159523
1470,4,0.69897401,6.39996290
1471,4,0.72734952,2.85442376
1472,4,0.57909316,3.76824260
1473,4,0.73714697,2.80850482
1474,4,0.64987803,2.61161852
1475,4,0.70886731,2.84060144
1476,4,0.67956841,6.54119968
1477,4,0.80467010,5.23022938
1478,4,0.64364135,3.73083901
1479,4,0.72234857,2.95045853
1480,4,0.75741673,3.80261660
1481,4,0.76049471,3.80732703
1482,4,0.58499372,4.42644310
1483,4,0.76709461,4.03737783
1484,4,0.67585254,3.02346396
1485,4,0.67005008,3.92294240
1486,4,0.77817929,4.60973644
1487,4,0.72911924,4.42002869
1488,4,0.65820849,5.48234320
1489,4,0.74812663,4.86245918
1490,4,0.70493263,3.76990700
1491,4,0.68987244,2.91175175
1492,4,0.56041026,4.02080107
1493,4,0.80425477,4.12804794
1494,4,0.65524125,4.58440208
1495,4,0.72168326,4.21287107
1496,4,0.69619924,3.36998487
1497,4,0.64683932,3.34042501
1498,4,0.70505917,2.48264623
1499,4,0.87846512,5.66735506
1500,4,0.69620621,3.17290330
1501,4,0.91873682,5.51538324
1502,4,0.76916206,3.80883861
1503,4,0.62986273,4.94325638
1504,4,0.69328737,3.58355618
1505,4,0.70769769,3.21366191
1506,4,0.65161729,7.80244017
1507,4,0.59766746,3.83112597
1508,4,0.66879117,3.29817462
1509,4,0.64340210,2.39597034
1510,4,0.66653919,2.40202594
1511,4,0.67618859,6.59286070
1512,4,0.73159587,3.37959242
1513,4,0.73121750,4.86878061
1514,4,0.63896477,3.76218772
1515,4,0.67625529,4.45007896
1516,4,0.75832504,3.97183681
1517,4,0.79103917,2.34451151
1518,4,0.74556756,5.58927250
1519,4,0.57911438,3.72528315
1520,4,0.64651477,2.80906606
1521,4,0.72840732,3.41982961
1522,4,0.65813440,5.29684353
1523,4,0.71317697,4.60002422
1524,4,0.51082695,4.03028154
1525,4,0.69838345,4.82884216
1526,4,0.71722460,4.03691387
1527,4,0.64805651,4.09561825
1528,4,0.79126233,5.06277323
1529,4,0.67876685,4.86711454
1530,4,0.62841934,2.95141077
1531,4,0.72482753,3.80489063
1532,4,0.76328295,5.13967705
1533,4,0.76605707,3.80622959
1534,4,0.72558856,6.66271782
1535,4,0.62749761,3.64153528
1536,4,0.71974790,3.78461599
1537,4,0.73999310,4.07626867
1538,4,0.62981665,4.17354250
1539,4,0.77917576,3.91754413
1540,4,0.78696966,4.24507046
1541,4,0.63380194,4.12662506
1542,4,0.71218288,3.35343790
1543,4,0.81916994,3.22866750
1544,4,0.80761600,4.66149426
1545,4,0.63895428,4.91663933
1546,4,0.73793888,4.28513050
1547,4,0.57322598,3.13430429
1548,4,0.72646701,3.03655195
1549,4,0.65406120,2.80506754
1550,4,0.98605227,4.74776220
1551,4,0.60673100,3.68091702
1552,4,0.61469448,4.03977489
1553,4,0.87452382,5.54524851
1554,4,0.70605624,6.42102718
1555,4,0.64838314,5.09019566
1556,4,0.79914081,4.21284103
1557,4,0.74964786,6.43944788
1558,4,0.81174231,5.02223301
1559,4,0.75831163,5.21335602
1560,4,0.83201206,5.58393240
1561,4,0.77749366,7.01078033
1562,4,0.61858559,3.49117303
1563,4,0.81545097,6.47708941
1564,5,0.72622263,3.43864655
1565,5,0.64524579,4.55827475
1566,5,0.77050066,4.10329628
1567,5,0.61604613,3.78030682
1568,5,0.76071858,4.66357708
1569,5,0.74341351,8.53933048
1570,5,0.76283705,4.14851379
1571,5,0.66716152,3.50504971
1572,5,0.75071561,4.52360678
1573,5,0.73258835,4.49170971
1574,5,0.65025151,3.27067733
1575,5,0.69637954,4.03981924
1576,5,0.74130601,3.62061763
1577,5,0.70616180,3.10404921
1578,5,0.74084699,4.16042042
1579,5,0.56945682,4.60922289
1580,5,0.68750525,4.84800959
1581,5,0.69343120,3.91727495
1582,5,0.58379525,3.33717489
1583,5,0.65358424,3.55297041
1584,5,0.74860591,3.87763572
1585,5,0.70157808,3.97020745
1586,5,0.77309680,3.20411396
1587,5,0.49394393,3.31713438
1588,5,0.70448458,4.85062695
1589,5,0.71476805,4.45255756
1590,5,0.71742862,2.82856464
1591,5,0.56507611,4.09747601
1592,5,0.71344990,2.97576642
1593,5,0.70353115,5.05993700
1594,5,0.52615345,3.65247703
1595,5,0.74104846,5.71751261
1596,5,0.85508937,4.52597952
1597,5,0.65627730,4.06896448
1598,5,0.65922809,4.28018713
1599,5,0.79618311,2.89841437
1600,5,0.63386536,5.84721327
1601,5,0.62811190,3.05363917
1602,5,0.76236057,4.80357075
1603,5,0.73610717,3.39379120
1604,5,0.65003908,2.82263994
1605,5,0.60484082,3.80830693
1606,5,0.56449497,2.34092641
1607,5,0.70826966,5.51228619
1608,5,0.58589089,4.68592072
1609,5,0.73602927,4.87193108
1610,5,0.67098755,3.25525117
1611,5,0.60453510,2.70540190
1612,5,0.70759535,6.25362396
1613,5,0.52398854,3.21465659
1614,5,0.52187276,4.18295240
1615,5,0.75786877,3.58031249
1616,5,0.62419176,5.25789022
1617,5,0.79642552,5.53998280
1618,5,0.60921574,5.27068758
1619,5,0.53829938,4.84640121
1620,5,0.64798266,3.63470173
1621,5,0.78137606,4.31812859
1622,5,0.58987486,3.23513055
1623,5,0.61410826,4.37602329
1624,5,0.53072488,5.78842926
1625,5,0.86411160,5.77086687
1626,5,0.70154870,5.93569899
1627,5,0.61792517,3.59830642
1628,5,0.66069162,3.91413093
1629,5,0.86818922,6.48894072
1630,5,0.50373626,2.29821539
1631,5,0.74920833,3.58086395
1632,5,0.72844934,6.93916464
1633,5,0.68482101,3.62783456
1634,5,0.66534245,4.46861410
1635,5,0.50961328,2.81090069
1636,5,0.71817815,3.08724380
1637,5,0.50668335,2.23999095
1638,5,0.42288351,2.20618796
1639,5,0.66497850,4.70426083
1640,5,0.60068381,3.82738352
1641,5,0.52993679,2.15321970
1642,5,0.81274146,4.88948154
1643,5,0.55723327,4.14908457
1644,5,0.63682836,3.77452159
1645,5,0.78748691,4.51760006
1646,5,0.72359902,3.14177632
1647,5,0.70757508,3.04790521
1648,5,0.66309333,3.24452996
1649,5,0.73246288,2.99672985
1650,5,0.88823938,3.42142630
1651,5,0.62560803,3.20530152
1652,5,0.66773951,3.42074752
1653,5,0.71227032,3.83526039
1654,5,0.47865126,3.18520093
1655,5,0.62803602,3.13405514
1656,5,0.59247446,3.26104975
1657,5,0.73918903,3.72053623
1658,5,0.70250654,3.91825843
1659,5,0.63749969,2.30018449
1660,5,0.56177658,2.76590943
1661,5,0.58667541,2.63331795
1662,5,0.46253449,1.94555008
1663,5,0.62786704,3.23788142
1664,5,0.61216688,3.67095304
1665,5,0.65946686,4.31876421
1666,5,0.62633419,3.65628386
1667,5,0.77081764,3.42718768
1668,5,0.81003165,5.55264664
1669,5,0.62892509,5.15685272
1670,5,0.62205839,4.78778028
1671,5,0.67244029,4.62153769
1672,5,0.58741158,4.71828985
1673,5,0.71903360,4.21440601
1674,5,0.75809240,3.49465108
1675,5,0.49520332,3.41134214
1676,5,0.58770704,4.74161291
1677,5,0.77360129,4.64917040
1678,5,0.54538310,2.39778543
1679,5,0.49964944,4.34607363
1680,5,0.56960338,3.38831306
1681,5,0.79117155,2.90062976
1682,5,0.61207747,5.91342545
1683,5,0.68189061,3.93256783
1684,5,0.73659664,5.13210487
1685,5,0.61495113,3.41871285
1686,5,0.68221509,4.14736271
1687,5,0.72740185,5.60283852
1688,5,0.61562705,3.64602900
1689,5,0.65196502,3.90828776
1690,5,0.69058323,2.78579831
1691,5,0.64453006,4.44722843
1692,5,0.75404382,6.02056646
1693,5,0.70182282,4.41604710
1694,5,0.80415308,3.02641201
1695,5,0.48225206,3.11498022
1696,5,0.53809083,4.34457541
1697,5,0.63856012,3.56867886
1698,5,0.53571635,2.75291681
1699,5,0.72013873,4.74026060
1700,5,0.67027700,2.96026659
1701,5,0.64552903,4.96959305
1702,5,0.58940506,2.81880760
1703,5,0.73924565,4.15977526
1704,5,0.59140527,2.79127908
1705,5,0.71980286,2.97118163
1706,5,0.70779216,3.94198227
1707,5,0.58391845,3.15746737
1708,5,0.55480909,5.69103861
1709,5,0.64092815,3.56955361
1710,5,0.46282363,2.50665092
1711,5,0.62686169,3.82749844
1712,5,0.81903470,5.70696545
1713,5,0.67803180,3.83509469
1714,5,0.53783840,4.41488647
1715,5,0.62520874,3.85195088
1716,5,0.61634171,3.74489570
1717,5,0.83857119,4.23758078
1718,5,0.77450538,5.91238308
1719,5,0.70742202,3.18735361
1720,5,0.56559014,3.09823060
1721,5,0.68692255,2.94809294
1722,5,0.85312271,4.49727869
1723,5,0.76165569,4.84094238
1724,5,0.58855122,3.83986807
1725,5,0.78815621,4.66221857
1726,5,0.79683542,3.58190656
1727,5,0.66070670,3.95445752
1728,5,0.65387011,3.28716803
1729,5,0.54963368,3.12471414
1730,5,0.84301901,3.67718053
1731,5,0.65646219,3.88085675
1732,5,0.54291278,2.68870211
1733,5,0.75947267,4.49684048
1734,5,0.81514561,2.76326370
1735,5,0.49641043,3.49764657
1736,5,0.63344324,3.55736160
1737,5,0.72806388,3.57061410
1738,5,0.65402746,3.69849610
1739,5,0.80132818,3.61487532
1740,5,0.57962716,2.23019123
1741,5,0.52919471,2.48042154
1742,5,0.59412646,2.98656988
1743,5,0.70449036,4.74584103
1744,5,0.71199608,3.94978309
1745,5,0.55365062,2.65423441
1746,5,0.57650381,2.38869214
1747,5,0.76160264,3.94841409
1748,5,0.77823448,3.59256268
1749,5,0.61258793,3.32906413
1750,5,0.66641963,4.19625902
1751,5,0.50637156,2.45701456
1752,5,0.62419426,6.35171938
1753,5,0.73339516,5.18366814
1754,5,0.60941607,5.76955938
1755,5,0.87354481,5.17193365
1756,5,0.56626439,3.34158707
1757,5,0.58519626,3.87329292
1758,5,0.62824416,4.03221369
1759,5,0.63747060,3.44677067
1760,5,0.66807491,2.43026638
1761,5,0.68105680,4.74119759
1762,5,0.67278427,7.99330425
1763,5,0.66930240,4.18818760
1764,5,0.65167785,3.41498613
1765,5,0.52717781,3.78639889
1766,5,0.72796732,5.41105032
1767,5,0.53446597,3.46791482
1768,5,0.61675406,4.62436819
1769,5,0.56099129,3.60615015
1770,5,0.62582177,4.12018871
1771,5,0.73685199,3.32839918
1772,5,0.71393967,3.51387215
1773,5,0.61714631,4.29029846
1774,5,0.61176145,4.28967524
1775,5,0.70016634,7.21167421
1776,5,0.54967815,2.00358176
1777,5,0.72204107,5.26906443
1778,5,0.63052779,3.91320944
1779,5,0.82027948,3.73172736
1780,5,0.64823806,3.88619924
1781,5,0.62895310,5.84794378
1782,5,0.56962556,4.27221537
1783,5,0.68219680,4.47200203
1784,5,0.54291272,3.70830131
1785,5,0.59343433,3.63480926
1786,5,0.44551378,6.34760380
1787,5,0.79119396,3.53206968
1788,5,0.71259463,4.09489393
1789,5,0.48427993,3.33571410
1790,5,0.64917958,5.01341152
1791,5,0.90219927,5.82504177
1792,5,0.72200471,4.81648636
1793,5,0.79755187,3.76733470
1794,5,0.66293836,4.45274591
1795,5,0.77227414,4.69636250
1796,5,0.79729486,5.26328707
1797,5,0.68808568,4.98567963
1798,5,0.82483673,4.30726957
1799,5,0.72237360,3.42029333
1800,5,0.84851146,6.78275108
1801,5,0.66771007,3.51712036
1802,5,0.75733268,4.90899038
1803,5,0.62302256,2.32926822
1804,5,0.84149694,5.65898657
1805,5,0.65810198,2.51493692
1806,5,0.74118412,4.03403521
1807,5,0.73451948,3.00088620
1808,5,0.57169163,3.01123738
1809,5,0.67500967,3.46315908
1810,5,0.66490424,3.27767658
1811,5,0.53276008,2.46852493
1812,5,0.63196826,5.62239552
1813,5,0.61058176,3.26550913
1814,5,0.75921416,3.96562958
1815,5,0.60539496,4.35876513
1816,5,0.79876542,3.43108606
1817,5,0.71709967,3.81372046
1818,5,0.60297728,4.51791525
1819,5,0.66620827,2.59797502
1820,5,0.69450301,4.68038702
1821,5,0.68737578,7.08829689
1822,5,0.63726515,3.46555758
1823,5,0.66777378,4.91805124
1824,5,0.68463576,3.26910901
1825,5,0.65898162,2.61620593
1826,5,0.66907346,3.84944272
1827,5,0.58470118,3.00459099
1828,5,0.83072841,2.82857656
1829,5,0.78597653,6.12835979
1830,5,0.78653133,4.11919260
1831,5,0.55773413,3.05472898
1832,5,0.72835380,4.32529688
1833,5,0.69911438,5.17520094
1834,5,0.70567060,3.38027024
1835,5,0.52236134,3.62134886
1836,5,0.82137108,4.46015167
1837,5,0.57747006,4.44790316
1838,5,0.65792567,5.22992229
1839,5,0.60711217,3.58895350
1840,5,0.72050631,4.21205139
1841,5,0.79796106,4.06257677
1842,5,0.65191638,2.84823442
1843,5,0.61775613,4.26905060
1844,5,0.71758610,2.90954137
1845,5,0.59370697,3.15127754
1846,5,0.54829359,2.83160448
1847,5,0.77120525,5.49024153
1848,5,0.71075451,3.83660197
1849,5,0.71795225,4.55070353
1850,5,0.80894512,3.60475802
1851,5,0.74609107,5.37618971
1852,5,0.68730611,2.80582023
1853,5,0.76049489,5.11452579
1854,5,0.60636562,4.80438948
1855,5,0.55343783,3.62312722
1856,5,0.66371727,3.37230015
1857,5,0.72781533,5.13650894
1858,5,0.58095658,3.77660751
1859,5,0.54197323,3.27569938
1860,5,0.51476282,5.08621025
1861,5,0.55142295,3.20432329
1862,5,0.80673742,3.06024861
1863,5,0.76733434,3.34465003
1864,5,0.57082069,3.19791484
1865,5,0.68465120,3.23906589
1866,5,0.63942659,5.31102133
1867,5,0.59708261,3.98431563
1868,5,0.70947456,4.28329468
1869,5,0.65018594,4.10452795
1870,5,0.61318374,3.71260500
1871,5,0.63914734,4.57967091
1872,5,0.71393943,3.91478896
1873,5,0.74167830,3.84735513
1874,5,0.58367348,3.39145041
1875,5,0.71251750,4.57652903
1876,5,0.74016446,3.56660771
1877,5,0.62925398,5.76676369
1878,5,0.69495559,4.48290825
1879,5,0.70345390,3.49555683
1880,5,0.52324933,3.06267309
1881,5,0.81095517,6.03138161
1882,5,0.62132329,3.46190715
1883,5,0.82970691,4.82252407
1884,5,0.65442222,4.11259365
1885,5,0.65237391,2.73042750
1886,5,0.68486702,4.49673557
1887,5,0.53196597,3.62043715
1888,5,0.61481935,6.25827265
1889,5,0.66855717,4.55058050
1890,5,0.69597185,4.78222513
1891,5,0.58826625,3.00953865
1892,5,0.43907994,2.26540756
1893,5,0.59234887,2.42949104
1894,5,0.78217387,2.89315844
1895,5,0.61398351,2.68764067
1896,5,0.64166546,3.66705298
1897,5,0.54948330,4.16464043
1898,5,0.71421289,4.24700260
1899,5,0.64761257,4.50619364
1900,5,0.75279319,3.75578523
1901,5,0.57837492,2.95769644
1902,5,0.63226777,3.07686448
1903,5,0.65651184,2.40500975
1904,5,0.60175204,5.80225515
1905,5,0.70448512,4.76643038
1906,5,0.64452767,3.35691094
1907,5,0.73243773,3.61863828
1908,5,0.59895164,2.92449093
1909,5,0.72833538,4.30980444
1910,5,0.73513901,6.13008499
1911,5,0.54051054,3.56018567
1912,5,0.55635750,2.68870258
1913,5,0.83177072,3.81166697
1914,5,0.57493633,2.90235424
1915,5,0.68550426,4.84553957
1916,5,0.52436203,3.02739501
1917,5,0.65098792,3.00375056
1918,5,0.53740913,1.91432726
1919,5,0.79131854,5.77111340
1920,5,0.51546556,3.13043523
1921,5,0.65322006,3.57653761
1922,5,0.59022570,3.35987020
1923,5,0.65032035,3.64938402
1924,5,0.57275665,2.12901330
1925,5,0.58236587,2.87090898
1926,5,0.56947958,5.71551466
1927,5,0.57266915,4.69996500
1928,5,0.68431091,3.73878407
1929,5,0.45721468,2.86232948
1930,5,0.58840197,2.86841989
1931,5,0.91396058,2.96614575
1932,5,0.60295635,3.44419050
1933,5,0.68935919,3.74731898
1934,5,0.47062132,3.16880918
1935,5,0.52717358,2.25930119
1936,5,0.56040543,2.66211772
1937,5,0.67910874,3.40883374
1938,5,0.47167182,3.47480702
1939,5,0.56700206,3.29079723
1940,5,0.71745598,4.90599394
1941,5,0.61447728,5.03650618
1942,5,0.67759168,5.55551481
1943,5,0.54279965,3.24980450
1944,5,0.51826537,3.50418568
1945,5,0.58828259,3.76979423
1946,5,0.62230891,4.22744036
1947,5,0.76285934,4.31949902
1948,5,0.77874672,5.07202673
1949,5,0.66201770,3.17304468
1950,5,0.56424868,2.91590095
1951,5,0.58423805,3.58279252
1952,5,0.45134217,3.05791116
1953,5,0.65474939,3.88969851
1954,5,0.62242973,3.68001533
1955,6,0.63826299,5.25126839
1956,6,0.66111428,2.89615488
1957,6,0.63566756,2.95838976
1958,6,0.62793577,3.24384212
1959,6,0.52758539,4.18876028
1960,6,0.61340368,1.88532138
1961,6,0.59050524,3.54504275
1962,6,0.56769717,2.30721354
1963,6,0.60777402,3.83289599
1964,6,0.47511509,3.45904064
1965,6,0.58116496,2.86419964
1966,6,0.56457049,3.55050159
1967,6,0.58694696,2.92050958
1968,6,0.58245337,4.05448008
1969,6,0.64384115,4.77034426
1970,6,0.53591812,2.76332664
1971,6,0.73972237,3.43720269
1972,6,0.58664203,6.10483170
1973,6,0.44339144,3.96644974
1974,6,0.60721886,4.38500834
1975,6,0.49815065,2.89931726
1976,6,0.47367603,3.05431819
1977,6,0.38695461,2.60832977
1978,6,0.64764863,4.23749208
1979,6,0.59636986,6.05869341
1980,6,0.73508823,5.31082058
1981,6,0.57580686,4.22603846
1982,6,0.71055222,3.88348103
1983,6,0.44499427,2.75552201
1984,6,0.56698221,2.59332108
1985,6,0.65178812,5.33120489
1986,6,0.58782536,5.38455534
1987,6,0.65314120,5.35981750
1988,6,0.66018194,3.92433262
1989,6,0.64665318,3.26729870
1990,6,0.66071665,6.09745216
1991,6,0.63654333,2.77995729
1992,6,0.53994566,3.81318474
1993,6,0.63275003,4.53701544
1994,6,0.68511969,3.19337201
1995,6,0.63722348,3.63997602
1996,6,0.52880776,4.24359655
1997,6,0.58377624,3.51497531
1998,6,0.49340779,3.59165120
1999,6,0.67382193,3.72943115
2000,6,0.75733936,4.11372995
2001,6,0.42513162,4.03936148
2002,6,0.59668410,4.32785320
2003,6,0.59576672,2.49534822
2004,6,0.56314719,2.70775700
2005,6,0.62161154,4.25106955
2006,6,0.68771088,5.00005531
2007,6,0.64408565,4.94038439
2008,6,0.54543829,4.05951595
2009,6,0.63192928,5.97720861
2010,6,0.61369920,2.77190042
2011,6,0.58615494,5.67339420
2012,6,0.67506582,2.91932845
2013,6,0.69553173,6.00333691
2014,6,0.44977331,5.82897472
2015,6,0.66963768,2.86756372
2016,6,0.59120965,2.64140582
2017,6,0.82612157,4.36086845
2018,6,0.65153152,2.63313413
2019,6,0.54799736,2.97948861
2020,6,0.60277557,3.54890680
2021,6,0.71551758,5.68198252
2022,6,0.59207845,2.61746097
2023,6,0.55138361,3.17882800
2024,6,0.55585814,1.96809053
2025,6,0.66504228,2.56840372
2026,6,0.52115154,4.41932011
2027,6,0.54319799,4.08014154
2028,6,0.57577139,3.16499901
2029,6,0.62262237,4.48365927
2030,6,0.66077632,4.38908768
2031,6,0.56849456,3.72378397
2032,6,0.44957387,2.91138482
2033,6,0.68534470,3.04724240
2034,6,0.56289423,7.41827345
2035,6,0.51224732,3.66407275
2036,6,0.70572555,3.88061643
2037,6,0.51647502,4.13366079
2038,6,0.58141541,3.34805226
2039,6,0.56346250,2.71975112
2040,6,0.61205125,3.85402989
2041,6,0.50971967,3.90254974
2042,6,0.45858800,4.05082083
2043,6,0.67772806,3.18249822
2044,6,0.56981814,4.27784348
2045,6,0.67391652,4.04309607
2046,6,0.73786819,4.56817198
2047,6,0.47377646,2.98276305
2048,6,0.49424830,3.12326384
2049,6,0.56033552,2.47831035
2050,6,0.61033607,4.25418043
2051,6,0.64539742,5.30802155
2052,6,0.55124146,3.60388374
2053,6,0.49511915,2.15898347
2054,6,0.61530948,6.12969398
2055,6,0.67123240,4.41121531
2056,6,0.51129037,3.81970763
2057,6,0.56298637,4.11927366
2058,6,0.60576338,9.03966045
2059,6,0.63162029,4.58860731
2060,6,0.63179290,4.01057243
2061,6,0.59162450,4.55343056
2062,6,0.65779197,5.17110634
2063,6,0.50027156,2.70130730
2064,6,0.71203357,4.87674093
2065,6,0.54618967,3.99224925
2066,6,0.47964638,3.34871745
2067,6,0.75292885,2.93180799
2068,6,0.63506389,3.03712749
2069,6,0.54139251,4.33057356
2070,6,0.61192286,5.53688335
2071,6,0.60846418,2.55177903
2072,6,0.66239351,3.31173730
2073,6,0.68262953,3.82945609
2074,6,0.59203422,3.00937772
2075,6,0.66129082,2.50581050
2076,6,0.70866013,2.62901759
2077,6,0.61464024,2.98048019
2078,6,0.74717915,4.14335012
2079,6,0.42792496,2.63321018
2080,6,0.43868423,3.40306544
2081,6,0.50496429,3.80811381
2082,6,0.51345831,2.78479075
2083,6,0.53726661,2.65020418
2084,6,0.45357144,4.44425678
2085,6,0.75011867,3.06939602
2086,6,0.69822276,2.34806681
2087,6,0.58001822,3.44008565
2088,6,0.52204013,5.07343102
2089,6,0.63458312,3.83532143
2090,6,0.69877601,4.13361645
2091,6,0.62255532,2.93760896
2092,6,0.64467144,2.43379164
2093,6,0.69434154,2.55751061
2094,6,0.63515919,3.06735349
2095,6,0.69286907,4.39758444
2096,6,0.51587135,2.98702621
2097,6,0.65964818,3.64406562
2098,6,0.59343708,2.54775453
2099,6,0.61197937,4.15128183
2100,6,0.59825319,3.61764145
2101,6,0.69776082,3.80708408
2102,6,0.56328797,4.57745743
2103,6,0.64376366,3.41061616
2104,6,0.56310439,3.96972251
2105,6,0.59171337,3.92996669
2106,6,0.59092641,3.09978056
2107,6,0.50298148,3.88144302
2108,6,0.48997360,2.92829633
2109,6,0.80359530,3.69374251
2110,6,0.50877237,4.43919754
2111,6,0.69924080,3.25152874
2112,6,0.44101304,2.61318946
2113,6,0.67914081,5.14600515
2114,6,0.86077893,4.15346241
2115,6,0.64538026,4.25309515
2116,6,0.59004647,2.54621553
2117,6,0.60214150,3.13843966
2118,6,0.48350871,3.09701443
2119,6,0.51646525,3.52062225
2120,6,0.56926382,3.13531232
2121,6,0.57708204,2.39265227
2122,6,0.49811304,2.98933411
2123,6,0.60415763,2.85984468
2124,6,0.51716024,3.37583590
2125,6,0.59863114,3.37709975
2126,6,0.47415382,2.49291801
2127,6,0.82782525,4.43151331
2128,6,0.66210163,3.97433066
2129,6,0.59410536,3.36091471
2130,6,0.61698723,4.48594236
2131,6,0.66614938,3.37286234
2132,6,0.86602986,5.82370901
2133,6,0.70764065,5.29340410
2134,6,0.52201331,3.68381023
2135,6,0.51852685,2.79952860
2136,6,0.71023935,4.04544735
2137,6,0.38894093,3.28119016
2138,6,0.60031319,4.60484838
2139,6,0.86501807,4.58409834
2140,6,0.51894844,2.56177926
2141,6,0.50600642,3.18380666
2142,6,0.53499579,5.60045147
2143,6,0.67068458,4.27402067
2144,6,0.59949267,5.69652748
2145,6,0.60047281,2.71605158
2146,6,0.69366413,3.87137032
2147,6,0.68774140,4.24744797
2148,6,0.52461350,4.84474564
2149,6,0.53006792,3.33693695
2150,6,0.58913672,4.54933405
2151,6,0.67715609,4.93842316
2152,6,0.67073619,4.72488785
2153,6,0.58226776,2.73483467
2154,6,0.65284383,5.07850409
2155,6,0.71024042,3.97555757
2156,6,0.69032431,3.84104228
2157,6,0.60733068,3.29477024
2158,6,0.66075027,3.62149954
2159,6,0.59655070,2.18328834
2160,6,0.51202840,3.14237094
2161,6,0.64589787,2.71100307
2162,6,0.61513340,3.83060718
2163,6,0.82425261,3.90253639
2164,6,0.60815400,3.43789315
2165,6,0.51813376,2.65911961
2166,6,0.74976385,4.22997093
2167,6,0.60759377,4.03276300
2168,6,0.79073751,3.28485632
2169,6,0.57363266,3.98513079
2170,6,0.47143242,3.55960917
2171,6,0.49726364,3.25713992
2172,6,0.61713994,4.01747751
2173,6,0.69785714,6.75548506
2174,6,0.51930714,2.48503780
2175,6,0.59464014,2.21661186
2176,6,0.57231396,2.25652266
2177,6,0.51353425,1.92360461
2178,6,0.66606897,3.87655139
2179,6,0.65014374,4.50516653
2180,6,0.55547851,2.81986260
2181,6,0.49975127,3.71158862
2182,6,0.60448492,4.04756117
2183,6,0.41811550,2.46507192
2184,6,0.52159345,2.31230068
2185,6,0.57344484,3.18806887
2186,6,0.52775919,2.97336125
2187,6,0.48731679,3.09753489
2188,6,0.56468868,4.18441534
2189,6,0.57748669,3.08162999
2190,6,0.56326389,3.64865804
2191,6,0.60073924,5.22897959
2192,6,0.56857002,5.72484684
2193,6,0.57661682,3.53224421
2194,6,0.62783158,4.91366100
2195,6,0.56537867,3.55436492
2196,6,0.71920860,4.22484684
2197,6,0.71574438,4.61226797
2198,6,0.58820343,3.57376575
2199,6,0.55930150,2.90079713
2200,6,0.48539007,3.47983241
2201,6,0.72517973,5.80060720
2202,6,0.75003171,4.81419277
2203,6,0.62206578,3.72831821
2204,6,0.53345966,3.48747921
2205,6,0.68629152,4.16757917
2206,6,0.56660509,5.42033148
2207,6,0.61103016,2.97492671
2208,6,0.38840747,2.93571377
2209,6,0.57208276,4.76316547
2210,6,0.62284529,4.14679384
2211,6,0.69811463,5.10804319
2212,6,0.64189309,4.19376612
2213,6,0.61265922,4.74364948
2214,6,0.48900077,2.10651922
2215,6,0.62832701,5.09347010
2216,6,0.75550842,2.61228061
2217,6,0.40488160,4.03387690
2218,6,0.75541508,3.51426220
2219,6,0.44517159,3.83862019
2220,6,0.73618591,4.33517313
2221,6,0.86053419,5.44936275
2222,6,0.47031069,3.78870583
2223,6,0.72375888,4.19795418
2224,6,0.52581823,3.01305103
2225,6,0.64034605,3.83838940
2226,6,0.60579085,2.83935213
2227,6,0.91002154,7.05850267
2228,6,0.59100103,2.33911610
2229,6,0.51794785,3.25129604
2230,6,0.60266155,2.76143980
2231,6,0.88095999,4.13315248
2232,6,0.48748001,3.01154828
2233,6,0.70988303,2.72846627
2234,6,0.66123372,3.37800074
2235,6,0.56097317,3.87024975
2236,6,0.55371153,4.29743433
2237,6,0.52600920,3.89329672
2238,6,0.61783767,3.91058707
2239,6,0.55162555,4.34420156
2240,6,0.58889031,2.62316632
2241,6,0.57978094,3.00608015
2242,6,0.45944294,3.29815435
2243,6,0.51331389,2.63383150
2244,6,0.70994198,3.98266363
2245,6,0.55528831,2.24996281
2246,6,0.62461811,4.00541067
2247,6,0.53705561,3.36212564
2248,6,0.63708425,3.94871926
2249,6,0.60927844,3.11154962
2250,6,0.54745281,2.85023713
2251,6,0.67749274,4.42838049
2252,6,0.58798796,3.20388722
2253,6,0.62267542,3.15769076
2254,6,0.52131927,3.81351900
2255,6,0.62614590,2.66187358
2256,6,0.50610930,2.22131443
2257,6,0.57264197,2.74816775
2258,6,0.57088768,4.04558229
2259,6,0.61965799,3.98489857
2260,6,0.63907814,2.40861821
2261,6,0.55746961,2.48197293
2262,6,0.46028733,3.18168855
2263,6,0.46073022,2.60226297
2264,6,0.58038747,3.50395322
2265,6,0.49422151,3.14929819
2266,6,0.60514063,2.37029052
2267,6,0.75617528,3.25149465
2268,6,0.67176270,4.24066830
2269,6,0.61940813,3.53722763
2270,6,0.57431763,3.32657599
2271,6,0.48251119,3.56076574
2272,6,0.58656830,3.04678774
2273,6,0.70508623,3.95600128
2274,6,0.64532459,4.46252966
2275,6,0.58355653,4.37515020
2276,6,0.43923235,4.87068605
2277,6,0.49312708,4.08349228
2278,6,0.48724365,3.40863776
2279,6,0.54297101,2.77050138
2280,6,0.68564862,3.82046103
2281,6,0.43122691,2.99860930
2282,6,0.47444743,1.78340399
2283,6,0.55064744,2.59155345
2284,6,0.62724137,4.21345425
2285,6,0.68615603,4.77990198
2286,6,0.57757902,4.62718105
2287,6,0.42348793,2.98969793
2288,6,0.53918898,3.75932837
2289,6,0.48097700,2.82732463
2290,6,0.63810420,3.30265069
2291,6,0.67533141,3.89610624
2292,6,0.49488872,4.54868746
2293,6,0.61247277,4.36670399
2294,6,0.57277542,3.54900551
2295,6,0.54093409,4.13724899
2296,6,0.44449785,3.73894691
2297,6,0.60876924,3.14114022
2298,6,0.45715088,2.34998369
2299,6,0.75512099,5.06352282
2300,6,0.51106083,4.92758226
2301,6,0.60297227,4.47922945
2302,6,0.61149383,4.74405384
2303,6,0.54887646,2.44327712
2304,6,0.56308955,2.48424315
2305,6,0.49814877,2.19359088
2306,6,0.62516367,3.60933685
2307,6,0.61650956,3.57931900
2308,6,0.81430179,10.69721794
2309,6,0.51530969,4.20421934
2310,6,0.61126411,5.52856159
2311,6,0.64461350,4.53941107
2312,6,0.59869838,4.58955717
2313,6,0.61646491,3.13672400
2314,6,0.70751727,2.98701549
2315,6,0.51298749,3.55408025
2316,6,0.46112490,2.24600315
2317,6,0.58040094,3.86995530
2318,6,0.54869866,2.89221334
2319,6,0.77042711,3.51909423
2320,6,0.48275983,2.86398625
2321,6,0.39753902,2.94400883
2322,6,0.70922470,3.51454020
2323,6,0.59298325,5.56651449
2324,6,0.65542603,3.04976892
2325,6,0.62077379,5.18885183
2326,6,0.60373938,3.14340305
2327,6,0.58346426,4.33218050
2328,6,0.55449802,3.61627054
2329,6,0.59581822,2.18541455
2330,6,0.68386567,8.40967560
2331,6,0.70563006,4.92578220
2332,6,0.62732875,2.86776495
2333,6,0.60938346,3.52036095
2334,6,0.61192942,3.70664024
2335,6,0.51466733,2.65646911
2336,6,0.56257522,3.30329561
2337,6,0.60726559,4.94655657
2338,6,0.66827154,5.88199377
2339,6,0.57383472,4.03554296
2340,6,0.56202632,3.12259746
2341,6,0.64713931,6.39019060
2342,6,0.70367497,3.62899566
2343,6,0.73599958,5.42199278
2344,6,0.48207074,3.26230526
2345,6,0.67846316,4.93805647
2346,7,0.49359721,3.89242172
2347,7,0.57876384,4.49275684
2348,7,0.49140653,2.35560966
2349,7,0.47812799,3.41829896
2350,7,0.83313990,3.86746192
2351,7,0.41915643,2.24051642
2352,7,0.49068797,4.13942814
2353,7,0.49145252,3.17373085
2354,7,0.63198936,3.75338984
2355,7,0.60437167,3.59399295
2356,7,0.59939218,4.99056196
2357,7,0.45366028,3.94539428
2358,7,0.63365251,3.35627460
2359,7,0.52050889,3.80689263
2360,7,0.60492229,2.52101636
2361,7,0.54880500,3.30376482
2362,7,0.56807315,3.42690992
2363,7,0.61983764,2.67706227
2364,7,0.55258119,4.04113674
2365,7,0.43798399,3.92335844
2366,7,0.58586454,3.71087432
2367,7,0.57367450,3.60618830
2368,7,0.68671972,2.41292810
2369,7,0.58222806,3.12963510
2370,7,0.50134659,2.39310932
2371,7,0.46915397,1.71762228
2372,7,0.52062643,4.00769567
2373,7,0.51047468,5.22307825
2374,7,0.57473743,2.58750510
2375,7,0.60573363,3.02590537
2376,7,0.65561235,4.93517542
2377,7,0.54003620,2.66724944
2378,7,0.47441229,2.36196399
2379,7,0.55544949,4.04593134
2380,7,0.44997048,4.27329206
2381,7,0.48887980,6.05122375
2382,7,0.53424335,6.06576920
2383,7,0.53833270,3.88746428
2384,7,0.44687191,1.69925547
2385,7,0.54692197,4.49693203
2386,7,0.62060422,3.64929819
2387,7,0.49591076,3.33358431
2388,7,0.60374200,3.57773352
2389,7,0.51447737,3.39662957
2390,7,0.45958155,4.46683979
2391,7,0.53139508,3.56489825
2392,7,0.50274956,3.36428905
2393,7,0.45703274,2.97328115
2394,7,0.54742408,4.49810600
2395,7,0.56322074,3.52531886
2396,7,0.60676181,3.32902527
2397,7,0.69285798,3.86971188
2398,7,0.52022338,3.18856645
2399,7,0.57471031,3.18857551
2400,7,0.76524740,3.26261878
2401,7,0.61011910,2.88838243
2402,7,0.43249714,3.15601349
2403,7,0.52860749,2.55386639
2404,7,0.40861297,2.00247049
2405,7,0.54283273,3.29590416
2406,7,0.53239691,4.58605719
2407,7,0.46254060,4.31464100
2408,7,0.52960312,3.00800586
2409,7,0.75875497,5.22063828
2410,7,0.78032160,4.21295214
2411,7,0.53833085,2.70901895
2412,7,0.51016080,3.47626686
2413,7,0.52297592,3.86092401
2414,7,0.47847736,3.26893568
2415,7,0.57773221,4.58807564
2416,7,0.66234636,3.65749073
2417,7,0.58479136,2.22964644
2418,7,0.55476993,2.33080339
2419,7,0.60482401,5.77897739
2420,7,0.88671660,3.20996356
2421,7,0.55717897,2.73020506
2422,7,0.61253107,4.82237244
2423,7,0.43871960,2.46964335
2424,7,0.60966718,2.00536799
2425,7,0.56862891,3.89232945
2426,7,0.54673302,2.95054245
2427,7,0.52984452,2.48986030
2428,7,0.59290284,2.48814750
2429,7,0.53449500,2.79909778
2430,7,0.58935928,3.49397922
2431,7,0.55942863,3.38067007
2432,7,0.56062931,3.44117379
2433,7,0.58813614,3.21222043
2434,7,0.35430908,2.48368454
2435,7,0.77161330,4.39491129
2436,7,0.58130336,4.09612560
2437,7,0.54548299,4.35701227
2438,7,0.63824779,4.75692558
2439,7,0.54850221,2.63057494
2440,7,0.42917922,2.94240236
2441,7,0.39827216,3.03247523
2442,7,0.53140533,4.49910831
2443,7,0.60038179,3.35919380
2444,7,0.66272676,3.98861194
2445,7,0.46706626,3.09179044
2446,7,0.66135293,2.86435866
2447,7,0.38996911,2.70805478
2448,7,0.70655358,4.29952526
2449,7,0.53822577,3.77786922
2450,7,0.47355419,2.35138202
2451,7,0.60905021,4.46480560
2452,7,0.62389886,4.22523022
2453,7,0.38881075,1.97172892
2454,7,0.56601954,3.75966668
2455,7,0.51847219,3.44673252
2456,7,0.33532846,2.28760123
2457,7,0.49116921,4.16450500
2458,7,0.51626158,3.25492144
2459,7,0.52663922,3.09275413
2460,7,0.66280526,3.49800825
2461,7,0.52677321,4.52371788
2462,7,0.62717640,2.63409448
2463,7,0.70297462,3.03436399
2464,7,0.51585829,2.44448447
2465,7,0.57012278,2.76409435
2466,7,0.50440651,4.12814999
2467,7,0.45582473,3.00500059
2468,7,0.43923581,3.44495535
2469,7,0.57653993,3.11302662
2470,7,0.49817491,3.83762264
2471,7,0.66681665,4.47322941
2472,7,0.62424254,4.93725395
2473,7,0.55470520,6.61244965
2474,7,0.47308588,3.81876612
2475,7,0.50986624,3.28612447
2476,7,0.51942950,4.12463665
2477,7,0.58106905,2.98045683
2478,7,0.56528306,3.18336558
2479,7,0.58274955,4.26130104
2480,7,0.58856386,3.52546144
2481,7,0.64581740,5.48424721
2482,7,0.60740495,6.86563969
2483,7,0.62308192,2.56130338
2484,7,0.62198400,4.87206125
2485,7,0.50545442,3.12548494
2486,7,0.46728545,4.56450510
2487,7,0.59183013,3.98649478
2488,7,0.42809042,3.41533852
2489,7,0.63187116,4.35566282
2490,7,0.52202821,2.22207022
2491,7,0.41435272,2.65351200
2492,7,0.64387012,3.02101827
2493,7,0.67119491,3.62812686
2494,7,0.45923010,2.75272274
2495,7,0.56221855,3.83191729
2496,7,0.62824941,3.47832227
2497,7,0.62617624,3.01631832
2498,7,0.62650788,4.08077383
2499,7,0.45283854,2.31691098
2500,7,0.57458293,4.93453789
2501,7,0.67154765,5.06372881
2502,7,0.60175455,2.77210259
2503,7,0.47539809,3.47412658
2504,7,0.58394420,5.73110628
2505,7,0.63198608,5.06504059
2506,7,0.46939728,2.41763115
2507,7,0.55743504,2.97655487
2508,7,0.59245706,3.68154597
2509,7,0.57456028,2.68176818
2510,7,0.51586699,2.73562670
2511,7,0.49559703,2.65598226
2512,7,0.55000949,3.88170409
2513,7,0.48201454,2.82813954
2514,7,0.51396841,3.43821597
2515,7,0.61322749,4.13585901
2516,7,0.68746197,5.29051304
2517,7,0.65351677,4.11303902
2518,7,0.61631060,4.15810442
2519,7,0.55744982,2.50901628
2520,7,0.49681428,3.47001696
2521,7,0.58498657,4.64125443
2522,7,0.75865126,4.95108461
2523,7,0.61769080,6.27105761
2524,7,0.45965004,3.43957806
2525,7,0.52246541,2.65200973
2526,7,0.52430207,3.39374471
2527,7,0.67407316,3.02302337
2528,7,0.53384757,3.28032565
2529,7,0.53246599,3.08700657
2530,7,0.43603709,2.41424584
2531,7,0.50238991,2.77998567
2532,7,0.51740217,2.39725423
2533,7,0.35381839,2.64437580
2534,7,0.51581067,2.91177917
2535,7,0.58562243,4.01990175
2536,7,0.51767814,2.44483185
2537,7,0.53662598,4.12520266
2538,7,0.65286344,3.82015777
2539,7,0.58942121,3.26787472
2540,7,0.49347538,3.53052497
2541,7,0.56688625,3.26036286
2542,7,0.55844891,2.04647946
2543,7,0.43941149,3.42035818
2544,7,0.72511899,3.88000488
2545,7,0.39540398,3.20542049
2546,7,0.46882343,2.48125911
2547,7,0.47444192,2.30223989
2548,7,0.58093470,4.52141714
2549,7,0.61108005,5.62345362
2550,7,0.46556720,4.01498556
2551,7,0.70548153,4.35471344
2552,7,0.56209373,2.90027189
2553,7,0.56214368,3.47014022
2554,7,0.70520037,6.07364655
2555,7,0.56356800,4.92795753
2556,7,0.63139927,3.11597180
2557,7,0.43971241,2.42843628
2558,7,0.53247356,4.11139870
2559,7,0.52375066,5.36142015
2560,7,0.64489067,3.11942697
2561,7,0.48582292,2.94775844
2562,7,0.54645240,3.36190224
2563,7,0.62106407,4.83005810
2564,7,0.50107670,5.65175915
2565,7,0.45425156,4.51902199
2566,7,0.72925949,3.75004411
2567,7,0.50758433,2.49786901
2568,7,0.53920990,3.35812855
2569,7,0.58688068,4.04199791
2570,7,0.56928551,3.99232411
2571,7,0.53897673,3.51258206
2572,7,0.54669052,2.97677922
2573,7,0.47944832,2.55307746
2574,7,0.66381371,4.05076075
2575,7,0.42653731,2.76796484
2576,7,0.56296921,3.91641951
2577,7,0.65396154,6.47503662
2578,7,0.56279802,3.63718152
2579,7,0.60295236,3.19685483
2580,7,0.51833266,3.92514658
2581,7,0.45695835,3.66306376
2582,7,0.45537859,inf
2583,7,0.45942682,2.63611674
2584,7,0.59298557,4.47687483
2585,7,0.52355570,4.39985800
2586,7,0.53291601,2.39436889
2587,7,0.76465857,4.34335518
2588,7,0.47619954,5.24537945
2589,7,0.51869994,3.02428269
2590,7,0.62032282,3.51376367
2591,7,0.51811671,2.31308270
2592,7,0.50251085,4.04831076
2593,7,0.55733907,2.98200059
2594,7,0.46039575,3.16469121
2595,7,0.47995430,2.10210061
2596,7,0.69942105,3.02464986
2597,7,0.35105962,2.11882782
2598,7,0.65470266,5.10386276
2599,7,0.44547787,3.19837594
2600,7,0.60676372,3.52585649
2601,7,0.57288831,3.67795229
2602,7,0.56696653,2.37075472
2603,7,0.47539619,4.17901707
2604,7,0.49796417,6.73037815
2605,7,0.59659421,3.29398704
2606,7,0.66106951,5.53312397
2607,7,0.43727037,3.05821800
2608,7,0.52529633,3.03622198
2609,7,0.57616007,4.72989798
2610,7,0.52730966,4.43309212
2611,7,0.57251090,3.28989244
2612,7,0.45377111,3.98815870
2613,7,0.71760583,6.63976336
2614,7,0.44982225,4.66487074
2615,7,0.54986596,3.17907810
2616,7,0.54384959,4.37821102
2617,7,0.42365462,2.43122172
2618,7,0.57587397,3.68260241
2619,7,0.59118581,2.83992457
2620,7,0.50298071,6.55900383
2621,7,0.65056384,6.84012747
2622,7,0.55348617,3.84021568
2623,7,0.61641502,4.05605030
2624,7,0.64078891,6.32737637
2625,7,0.51327252,4.44745684
2626,7,0.46729696,3.16133428
2627,7,0.45929563,4.59096193
2628,7,0.47197962,3.20745492
2629,7,0.68650162,5.67393255
2630,7,0.64211994,4.79457664
2631,7,0.72436309,4.23040247
2632,7,0.48802364,4.66485214
2633,7,0.61570776,2.94949532
2634,7,0.57637489,4.13425255
2635,7,0.53330648,3.37725401
2636,7,0.54036450,3.22950482
2637,7,0.55999112,4.19140148
2638,7,0.53739345,3.75885868
2639,7,0.44128859,3.61254048
2640,7,0.46951640,3.66158271
2641,7,0.45023477,2.48218584
2642,7,0.59110773,3.60877109
2643,7,0.45481420,3.38903499
2644,7,0.56367493,4.28038645
2645,7,0.53913927,3.27186680
2646,7,0.46428984,2.90556240
2647,7,0.62827110,4.25380278
2648,7,0.54749316,2.55964255
2649,7,0.54922497,3.40476966
2650,7,0.44632208,3.24322391
2651,7,0.50163585,3.72202873
2652,7,0.39835322,2.18942356
2653,7,0.78449214,4.59449911
2654,7,0.73035002,4.05664110
2655,7,0.48769441,5.61938095
2656,7,0.57404721,3.75057840
2657,7,0.33486211,4.30249214
2658,7,0.47945213,5.34960938
2659,7,0.49607128,3.88494349
2660,7,0.50359565,3.12543488
2661,7,0.48808914,3.48178244
2662,7,0.71635294,4.54662895
2663,7,0.50515449,2.60286593
2664,7,0.54798687,2.92873168
2665,7,0.53601235,5.56345987
2666,7,0.54989773,3.12180090
2667,7,0.64477801,6.62809610
2668,7,0.60023284,2.31957507
2669,7,0.71154606,4.18987846
2670,7,0.54139745,3.48142457
2671,7,0.45384195,2.62896681
2672,7,0.58065730,2.67367649
2673,7,0.51418054,3.42286682
2674,7,0.51605248,2.41310859
2675,7,0.53970432,2.76732135
2676,7,0.47112489,3.03768325
2677,7,0.36444700,2.06222129
2678,7,0.61152649,3.77115798
2679,7,0.44661158,3.10747766
2680,7,0.44823745,2.00525737
2681,7,0.44283187,3.54837823
2682,7,0.47556540,2.86235857
2683,7,0.47516364,2.70851541
2684,7,0.51378882,2.55450225
2685,7,0.43511564,2.51552796
2686,7,0.66611332,3.28106976
2687,7,0.54681563,2.52822971
2688,7,0.56683946,5.37615204
2689,7,0.64063966,4.34200382
2690,7,0.49488869,2.96596456
2691,7,0.52021092,3.20454764
2692,7,0.73452288,3.25042629
2693,7,0.60689473,3.47537374
2694,7,0.50410175,2.65834808
2695,7,0.55781603,2.85086036
2696,7,0.56862766,2.64342594
2697,7,0.53420502,2.80201674
2698,7,0.56991220,3.16597128
2699,7,0.46301204,2.16868043
2700,7,0.45660549,3.92616343
2701,7,0.52130711,2.84502339
2702,7,0.42816755,3.12877297
2703,7,0.56821752,3.77040076
2704,7,0.49903655,3.56243873
2705,7,0.34395435,1.96421933
2706,7,0.47416714,2.55478263
2707,7,0.50294292,3.32807064
2708,7,0.63779521,3.42575431
2709,7,0.34431648,2.97208357
2710,7,0.67042279,3.68481755
2711,7,0.55821717,3.04676008
2712,7,0.38397992,2.12307334
2713,7,0.54064035,2.51618695
2714,7,0.44619671,3.25588250
2715,7,0.62253255,3.43357921
2716,7,0.53314370,3.62221766
2717,7,0.43754381,2.41110420
2718,7,0.57796532,2.88652158
2719,7,0.43802768,3.74483109
2720,7,0.43153578,3.61054301
2721,7,0.51425028,4.27519417
2722,7,0.49115211,3.29043126
2723,7,0.64949632,2.69180322
2724,7,0.59618205,2.30995131
2725,7,0.61008006,2.86698103
2726,7,0.55337763,3.48483706
2727,7,0.54142427,3.91696882
2728,7,0.55165929,3.69433045
2729,7,0.44772905,1.89355850
2730,7,0.46587786,5.44896221
2731,7,0.81132698,3.73915100
2732,7,0.49532303,2.80268121
2733,7,0.49596745,3.02629423
2734,7,0.42766616,3.24120164
2735,7,0.56124866,5.21934175
2736,7,0.33493870,3.36549163
2737,8,0.47413164,2.48874617
2738,8,0.44691414,2.58501554
2739,8,0.49270880,3.36442924
2740,8,0.50943524,3.45639944
2741,8,0.38123617,2.29869795
2742,8,0.60598421,5.10166168
2743,8,0.53001070,3.23920226
2744,8,0.43483889,4.86660480
2745,8,0.50577694,3.48041654
2746,8,0.48557690,3.38034916
2747,8,0.35833770,4.16935873
2748,8,0.54473555,4.36556625
2749,8,0.57342178,3.34565806
2750,8,0.40075177,3.87491965
2751,8,0.52294558,5.10472012
2752,8,0.51392806,3.55013871
2753,8,0.49635434,5.96888351
2754,8,0.36718971,3.97948027
2755,8,0.62043476,4.66948748
2756,8,0.48595625,6.26185513
2757,8,0.46540374,3.79174042
2758,8,0.44433159,2.32756853
2759,8,0.62250125,3.92860985
2760,8,0.58411896,3.57179236
2761,8,0.58984333,5.68420172
2762,8,0.67781639,4.13921404
2763,8,0.42773533,2.52930260
2764,8,0.54173189,4.16800404
2765,8,0.51865000,3.39675164
2766,8,0.50145018,2.05320454
2767,8,0.38338295,2.80233407
2768,8,0.55409753,2.75757146
2769,8,0.50097978,2.25636983
2770,8,0.43198720,3.28898096
2771,8,0.39766741,3.34310699
2772,8,0.42514861,2.86931562
2773,8,0.45096555,2.41979122
2774,8,0.40773934,3.05806017
2775,8,0.48345032,4.62563944
2776,8,0.43873566,3.64401221
2777,8,0.59901935,3.89046621
2778,8,0.50511366,3.01287818
2779,8,0.39983514,4.41303301
2780,8,0.64223140,5.91252995
2781,8,0.46684361,3.53764415
2782,8,0.53957629,4.18284273
2783,8,0.52993882,4.34488058
2784,8,0.46588576,4.04474497
2785,8,0.38323468,3.21671963
2786,8,0.60278296,2.63951302
2787,8,0.51271200,2.34604430
2788,8,0.41286382,2.93711305
2789,8,0.41383916,3.85040498
2790,8,0.50745112,3.09635687
2791,8,0.50542533,4.48381138
2792,8,0.58301044,3.03619170
2793,8,0.63038480,4.84697056
2794,8,0.58704680,5.97528315
2795,8,0.39844751,2.83751106
2796,8,0.34727368,1.86074638
2797,8,0.62469649,4.75489092
2798,8,0.41474143,2.63006926
2799,8,0.59788394,7.67966270
2800,8,0.50328398,2.95163631
2801,8,0.53557193,2.67559409
2802,8,0.44450143,3.64229536
2803,8,0.50436139,2.71109366
2804,8,0.54731774,2.71940923
2805,8,0.60253733,3.13854003
2806,8,0.49626139,4.89797640
2807,8,0.42447135,2.58338714
2808,8,0.43795824,4.74138594
2809,8,0.51123804,4.00089502
2810,8,0.42039305,2.60079479
2811,8,0.67199802,3.59930301
2812,8,0.33699015,2.61705112
2813,8,0.45922291,3.96098208
2814,8,0.74351257,4.84825516
2815,8,0.50176418,3.65269446
2816,8,0.60309684,4.12330866
2817,8,0.57617825,3.56776667
2818,8,0.49669385,2.46360350
2819,8,0.39094484,2.91492558
2820,8,0.46985331,4.57039452
2821,8,0.56362820,4.26971579
2822,8,0.41999269,2.58070326
2823,8,0.39831838,2.64439774
2824,8,0.52116144,3.36639905
2825,8,0.44782192,2.31094551
2826,8,0.41875577,4.27948809
2827,8,0.47809964,4.51863289
2828,8,0.46491647,5.29965973
2829,8,0.47570485,2.10986781
2830,8,0.50085431,3.05907893
2831,8,0.42628747,2.95889568
2832,8,0.55714965,3.60475826
2833,8,0.50741553,3.05051327
2834,8,0.57507277,2.79403567
2835,8,0.57545936,4.28588438
2836,8,0.54786360,4.02475643
2837,8,0.46600765,3.62647724
2838,8,0.55762041,3.97679400
2839,8,0.40897131,1.61062253
2840,8,0.59143698,4.44667482
2841,8,0.47305804,3.38504291
2842,8,0.55586493,3.25981617
2843,8,0.44820166,3.74829865
2844,8,0.45526281,3.12856817
2845,8,0.70176113,3.48412132
2846,8,0.58534867,2.80002522
2847,8,0.47800756,2.79391932
2848,8,0.51116097,2.86837935
2849,8,0.57204151,3.32040811
2850,8,0.42128432,2.47693610
2851,8,0.44719869,3.66168237
2852,8,0.49611020,2.96195102
2853,8,0.61017239,5.08458233
2854,8,0.49482054,3.25607061
2855,8,0.35633570,2.65813971
2856,8,0.49328005,3.20814800
2857,8,0.62004781,5.64953136
2858,8,0.53687876,4.73541451
2859,8,0.62628961,6.03859043
2860,8,0.53308940,4.86691761
2861,8,0.51716721,5.35251093
2862,8,0.57536739,3.26221013
2863,8,0.70050973,5.71848440
2864,8,0.56877053,4.42849684
2865,8,0.51597542,3.71475410
2866,8,0.54937071,3.11760259
2867,8,0.56365758,5.50254202
2868,8,0.49146652,5.56979609
2869,8,0.64470553,5.62667131
2870,8,0.43886894,2.10933161
2871,8,0.61655331,3.74520659
2872,8,0.65305340,3.80690002
2873,8,0.66114658,5.49615288
2874,8,0.57594967,4.02661657
2875,8,0.48092356,2.54127336
2876,8,0.55787110,2.85883689
2877,8,0.39877534,3.09139299
2878,8,0.61504567,3.95547843
2879,8,0.54997671,4.82778549
2880,8,0.61336857,3.99633408
2881,8,0.53707111,4.07546759
2882,8,0.45494160,2.71270442
2883,8,0.55426633,3.59059525
2884,8,0.51600099,1.96114004
2885,8,0.61134928,3.29991198
2886,8,0.43833220,4.38509989
2887,8,0.39772171,3.63317752
2888,8,0.60790932,3.03198695
2889,8,0.50611907,2.41969919
2890,8,0.45266816,2.75412512
2891,8,0.43087968,2.67303658
2892,8,0.53288633,5.19800091
2893,8,0.44555062,2.35974836
2894,8,0.55255222,3.55100226
2895,8,0.47665861,2.70213723
2896,8,0.56058449,3.78760481
2897,8,0.42102730,3.52752399
2898,8,0.51103789,2.33961082
2899,8,0.58632767,3.46768761
2900,8,0.49998108,3.19064355
2901,8,0.41323572,2.81058931
2902,8,0.43051773,2.00774312
2903,8,0.38529360,4.24449587
2904,8,0.59335297,4.36763620
2905,8,0.44608375,2.02167773
2906,8,0.44261819,2.34805107
2907,8,0.37706444,3.16883564
2908,8,0.44842803,3.93111587
2909,8,0.48692042,2.86285472
2910,8,0.52458942,3.06622052
2911,8,0.55981904,5.04395819
2912,8,0.67125118,4.10310650
2913,8,0.63780797,3.68752789
2914,8,0.58976865,4.67928171
2915,8,0.73003674,3.00699425
2916,8,0.50324082,3.44135237
2917,8,0.45547152,3.03093195
2918,8,0.41474062,2.63613653
2919,8,0.54369253,3.07497644
2920,8,0.48303682,3.45956278
2921,8,0.52881414,4.42450476
2922,8,0.57373619,2.33777380
2923,8,0.44812390,2.50517941
2924,8,0.56666476,2.86954641
2925,8,0.51792377,2.90511274
2926,8,0.42971337,1.43574536
2927,8,0.47184873,3.91488886
2928,8,0.52275842,3.22108459
2929,8,0.52591705,5.24792099
2930,8,0.60862911,4.73146677
2931,8,0.60498118,3.86474109
2932,8,0.50343591,4.43273449
2933,8,0.52238417,3.87193561
2934,8,0.48685202,3.16074061
2935,8,0.42605498,4.96469069
2936,8,0.46260768,2.79777956
2937,8,0.50320035,3.95514655
2938,8,0.41759163,3.33651233
2939,8,0.35897821,3.74587703
2940,8,0.55196202,5.45128059
2941,8,0.43757868,3.33470821
2942,8,0.61449528,4.15526962
2943,8,0.46272236,3.92988372
2944,8,0.57217318,3.81225991
2945,8,0.54365671,3.60034895
2946,8,0.40257353,3.87601566
2947,8,0.45190769,3.67077494
2948,8,0.49627531,4.81549215
2949,8,0.48058370,3.10103941
2950,8,0.45341030,2.01787686
2951,8,0.40717995,3.91372180
2952,8,0.42042720,3.07858348
2953,8,0.41207802,2.35668516
2954,8,0.57229555,4.52286339
2955,8,0.40750670,3.62314081
2956,8,0.50464839,2.94009018
2957,8,0.49980134,3.45746851
2958,8,0.48149592,3.40544891
2959,8,0.43960381,2.69033504
2960,8,0.49559137,2.74994850
2961,8,0.44997439,4.68402767
2962,8,0.53586435,3.46989298
2963,8,0.46793500,2.37187743
2964,8,0.48032731,3.61020756
2965,8,0.51271302,2.59056950
2966,8,0.54657733,4.05122280
2967,8,0.62323403,5.90076733
2968,8,0.47899616,3.30691433
2969,8,0.54076582,3.62611413
2970,8,0.41006142,2.11431384
2971,8,0.61549014,4.08490086
2972,8,0.50259870,3.90280437
2973,8,0.54691482,4.09405851
2974,8,0.49044603,2.35027909
2975,8,0.71524018,7.14725256
2976,8,0.37305236,2.65084124
2977,8,0.44218588,2.80138683
2978,8,0.47241205,2.10958791
2979,8,0.51031333,5.13106012
2980,8,0.48255047,3.18956113
2981,8,0.49512812,3.34437513
2982,8,0.39606011,3.52154970
2983,8,0.44363698,3.28952765
2984,8,0.32809964,1.93378544
2985,8,0.51871204,2.89608121
2986,8,0.49451089,3.42866683
2987,8,0.49977168,3.65436578
2988,8,0.49627149,2.49198961
2989,8,0.64387774,3.39378786
2990,8,0.42888141,4.77041721
2991,8,0.37254268,3.68071580
2992,8,0.56903070,4.24493504
2993,8,0.55350173,5.74506855
2994,8,0.55304617,3.26322746
2995,8,0.44557154,2.37028193
2996,8,0.51997912,3.44845891
2997,8,0.40291038,2.90963674
2998,8,0.51370585,3.28590822
2999,8,0.55776274,3.01836395
3000,8,0.64263594,6.63381338
3001,8,0.57484782,3.60801721
3002,8,0.42922938,2.59827566
3003,8,0.62059569,4.39630651
3004,8,0.46795881,2.49514031
3005,8,0.42725077,3.56153369
3006,8,0.49579975,2.50720572
3007,8,0.52617300,3.46813989
3008,8,0.55120730,4.19896507
3009,8,0.44397491,2.21797323
3010,8,0.50115114,2.64116693
3011,8,0.34762168,2.07372236
3012,8,0.58097470,3.14894676
3013,8,0.53788936,2.75788212
3014,8,0.45166278,2.51314759
3015,8,0.58634269,3.65718532
3016,8,0.41120794,2.55366182
3017,8,0.40676755,2.27447844
3018,8,0.43087938,2.51862478
3019,8,0.48701650,2.68119287
3020,8,0.47791609,4.06075144
3021,8,0.52856684,4.02246094
3022,8,0.48138577,3.66617799
3023,8,0.45513004,2.35759664
3024,8,0.56619334,3.44318676
3025,8,0.53595245,3.25434399
3026,8,0.53706396,4.49035311
3027,8,0.46235016,1.91516340
3028,8,0.53061676,4.96047401
3029,8,0.66308671,5.10943460
3030,8,0.54363912,5.97398281
3031,8,0.49484569,2.55751634
3032,8,0.48280376,2.49672198
3033,8,0.47070652,2.50945902
3034,8,0.32355100,2.46249580
3035,8,0.61782080,3.58864522
3036,8,0.50595200,2.89091992
3037,8,0.51053441,4.61655998
3038,8,0.41748285,4.92205143
3039,8,0.45660156,3.27101851
3040,8,0.38612118,3.91754055
3041,8,0.62403619,4.39109135
3042,8,0.43421799,3.29946661
3043,8,0.69467950,3.83166909
3044,8,0.43249300,3.78166485
3045,8,0.49383563,2.88795400
3046,8,0.44665849,3.36843395
3047,8,0.39068553,3.11768436
3048,8,0.78044462,4.69352627
3049,8,0.31083024,2.73320723
3050,8,0.50212419,2.35476255
3051,8,0.50075299,3.60172915
3052,8,0.59537446,3.63854814
3053,8,0.36029908,4.53630304
3054,8,0.64966404,3.70857382
3055,8,0.50876528,2.77202153
3056,8,0.45626283,3.50151825
3057,8,0.49091542,3.26442623
3058,8,0.37196139,2.53256512
3059,8,0.48244810,3.93779159
3060,8,0.51127130,4.09360552
3061,8,0.38471648,3.29186606
3062,8,0.49691963,3.73414660
3063,8,0.82841885,5.15422869
3064,8,0.44308823,2.26622224
3065,8,0.51884872,2.92092133
3066,8,0.53606975,2.61270690
3067,8,0.43916517,1.81661201
3068,8,0.49302053,4.37164402
3069,8,0.46840549,4.54600334
3070,8,0.53777152,3.59508109
3071,8,0.49070641,2.70193696
3072,8,0.48686442,3.73549843
3073,8,0.48572633,3.96206403
3074,8,0.53736615,3.02046061
3075,8,0.53625745,3.63180494
3076,8,0.54437166,5.86068106
3077,8,0.50457495,3.02647758
3078,8,0.40199131,2.67803645
3079,8,0.30661166,2.09694982
3080,8,0.49390781,4.01292229
3081,8,0.39240241,3.77489257
3082,8,0.53695953,3.26343274
3083,8,0.48651740,4.23190546
3084,8,0.58744645,3.01311779
3085,8,0.40934932,3.49900079
3086,8,0.40764496,2.66561913
3087,8,0.62490851,3.14395690
3088,8,0.49484432,3.36578846
3089,8,0.44174141,2.32531857
3090,8,0.39682984,3.78016829
3091,8,0.53328180,2.99105906
3092,8,0.49276564,4.87646103
3093,8,0.41393393,1.63621235
3094,8,0.44531727,2.47677445
3095,8,0.47842598,3.57609820
3096,8,0.38689923,2.78522849
3097,8,0.49938399,4.45834303
3098,8,0.42543793,5.11243296
3099,8,0.42400274,3.13418937
3100,8,0.43321779,4.17631483
3101,8,0.61546165,3.82938242
3102,8,0.51179290,3.27241635
3103,8,0.51077926,3.42034888
3104,8,0.58588475,3.65992951
3105,8,0.53433204,4.45009136
3106,8,0.29931390,1.96212912
3107,8,0.44701058,3.49335909
3108,8,0.40326768,4.36521435
3109,8,0.56363368,2.98169398
3110,8,0.36503065,2.82381248
3111,8,0.53726196,2.71635580
3112,8,0.54610568,3.65619469
3113,8,0.59199429,4.25285244
3114,8,0.52033091,4.76549435
3115,8,0.64454943,4.32245731
3116,8,0.43921578,2.88678861
3117,8,0.57192242,3.93043137
3118,8,0.59085250,4.36826324
3119,8,0.51767206,3.51856995
3120,8,0.55388737,4.76787710
3121,8,0.60897136,5.44256496
3122,8,0.49482349,2.67356706
3123,8,0.33057782,1.67963684
3124,8,0.36873206,2.08652639
3125,8,0.57631946,4.07020330
3126,8,0.46337721,4.74620914
3127,8,0.45727786,2.79589486
3128,9,0.49434543,3.24014664
3129,9,0.34307265,1.97561467
3130,9,0.54267955,5.21784973
3131,9,0.55828798,3.44351816
3132,9,0.47190860,3.54438448
3133,9,0.35753280,1.90384245
3134,9,0.58387214,3.54501867
3135,9,0.36019668,1.77650225
3136,9,0.62849599,6.88238001
3137,9,0.53160775,3.87694860
3138,9,0.54371536,3.10716629
3139,9,0.38206932,3.79725480
3140,9,0.45757008,4.38581753
3141,9,0.35984254,4.16270447
3142,9,0.41997933,2.32437825
3143,9,0.50548148,2.54578304
3144,9,0.45696339,2.78531528
3145,9,0.53507262,3.15789294
3146,9,0.49076122,5.03988075
3147,9,0.41384715,4.14652395
3148,9,0.50872821,3.02726078
3149,9,0.40594199,2.52681875
3150,9,0.45639372,3.49848032
3151,9,0.50261760,3.51712275
3152,9,0.40022713,2.36801100
3153,9,0.41859210,3.12656498
3154,9,0.34695017,3.50206757
3155,9,0.49020344,4.04377937
3156,9,0.37407055,4.78946733
3157,9,0.48862186,3.84996557
3158,9,0.53199989,3.16479564
3159,9,0.32695445,2.74838614
3160,9,0.45045978,2.28495765
3161,9,0.53524578,3.50032353
3162,9,0.35977802,3.17909431
3163,9,0.45350730,3.66743326
3164,9,0.56741220,4.91931534
3165,9,0.35155359,2.38291264
3166,9,0.36991993,3.32146835
3167,9,0.51396751,3.83683777
3168,9,0.48783910,2.62967777
3169,9,0.40672684,3.55384874
3170,9,0.44718140,4.11367226
3171,9,0.43826824,4.17237139
3172,9,0.40178958,3.83265591
3173,9,0.35506076,3.38782096
3174,9,0.43787944,5.29923773
3175,9,0.48097029,3.93576956
3176,9,0.48526835,3.95214534
3177,9,0.43483925,6.04897261
3178,9,0.43742123,4.77879858
3179,9,0.58063102,3.36309218
3180,9,0.43329382,4.61012125
3181,9,0.38112146,4.20889473
3182,9,0.42734322,5.89176512
3183,9,0.48919016,4.91700697
3184,9,0.60050344,2.85553932
3185,9,0.37118143,3.86814618
3186,9,0.35839102,2.04616094
3187,9,0.42440298,4.14188576
3188,9,0.41545999,3.06212044
3189,9,0.61267805,4.25752592
3190,9,0.46831957,4.97802544
3191,9,0.61233205,4.37811756
3192,9,0.44653243,3.33233738
3193,9,0.32751885,2.35837793
3194,9,0.55359781,4.75821400
3195,9,0.42141628,4.05856323
3196,9,0.62850749,4.75925255
3197,9,0.40089938,3.00677848
3198,9,0.59541672,3.00843382
3199,9,0.45015958,3.91747594
3200,9,0.48197427,3.59701252
3201,9,0.56228602,5.74754143
3202,9,0.41934395,3.15895414
3203,9,0.46742734,4.45331144
3204,9,0.44798163,3.69429493
3205,9,0.51407456,3.49833655
3206,9,0.29539844,1.71583855
3207,9,0.40068334,3.06757283
3208,9,0.38396335,2.56473565
3209,9,0.34195489,1.68107319
3210,9,0.46265361,2.81800222
3211,9,0.43473345,3.86882734
3212,9,0.33557543,2.49684525
3213,9,0.44501448,2.51287317
3214,9,0.47010899,3.72132826
3215,9,0.33976322,2.87048244
3216,9,0.50820154,3.19427133
3217,9,0.44237602,2.46161056
3218,9,0.38982886,3.60177994
3219,9,0.51366591,4.25263834
3220,9,0.51346397,2.56089211
3221,9,0.38027400,2.92576051
3222,9,0.44582281,2.65345812
3223,9,0.48135811,3.49837112
3224,9,0.37498620,2.70541739
3225,9,0.57982290,3.08327532
3226,9,0.41029707,2.59918618
3227,9,0.58298343,3.61214042
3228,9,0.38380787,2.67122579
3229,9,0.50867659,3.27352190
3230,9,0.48517904,2.80945468
3231,9,0.63350010,4.50146580
3232,9,0.36089313,3.07407904
3233,9,0.33772898,2.58859062
3234,9,0.46893927,3.36172724
3235,9,0.43722719,2.99623990
3236,9,0.33262187,2.71979380
3237,9,0.40802225,3.32570028
3238,9,0.57428014,6.15231419
3239,9,0.38435236,4.15352106
3240,9,0.46995446,4.08888674
3241,9,0.53519136,2.85328555
3242,9,0.41220686,2.75886393
3243,9,0.43660566,5.13210249
3244,9,0.54839665,4.09294319
3245,9,0.56342995,3.55953479
3246,9,0.46467134,3.29534984
3247,9,0.41178614,2.83437395
3248,9,0.65357655,5.13157845
3249,9,0.47979546,4.69841242
3250,9,0.51444161,3.56648970
3251,9,0.51111245,3.09940481
3252,9,0.43394303,4.33666182
3253,9,0.52701080,3.83667636
3254,9,0.48200870,2.03767467
3255,9,0.32837129,2.22278786
3256,9,0.53747147,5.47259665
3257,9,0.49893931,3.64653063
3258,9,0.48411769,3.17752934
3259,9,0.51904511,3.10010695
3260,9,0.55782014,4.25361586
3261,9,0.39866626,2.44712925
3262,9,0.47955346,3.34709883
3263,9,0.44309369,2.11941123
3264,9,0.49165201,3.13051772
3265,9,0.49606538,2.29246569
3266,9,0.45273182,2.91019154
3267,9,0.46172333,3.05611181
3268,9,0.58893341,4.81815767
3269,9,0.51371491,3.48341608
3270,9,0.39109209,2.54542208
3271,9,0.48460585,3.89398909
3272,9,0.49679643,4.87194490
3273,9,0.51837575,4.03193474
3274,9,0.41086823,2.31152582
3275,9,0.45258820,2.96438432
3276,9,0.51340854,2.39126062
3277,9,0.43561369,3.65431356
3278,9,0.60157436,3.17193627
3279,9,0.63796461,6.43895149
3280,9,0.60363305,5.61728144
3281,9,0.51935410,4.63790369
3282,9,0.50819075,3.44152784
3283,9,0.78204352,6.26888895
3284,9,0.36442280,2.40238142
3285,9,0.51846629,2.92748690
3286,9,0.53889298,2.98392725
3287,9,0.48202109,2.45582008
3288,9,0.45972162,3.40898228
3289,9,0.39330313,3.13111639
3290,9,0.53423619,2.74606752
3291,9,0.55262470,4.48752594
3292,9,0.42489767,4.24124479
3293,9,0.38642043,2.51120257
3294,9,0.45660207,1.99770319
3295,9,0.59167463,5.66394377
3296,9,0.33359128,2.43145037
3297,9,0.57355154,3.17877674
3298,9,0.43418920,5.33644581
3299,9,0.49598467,2.99963856
3300,9,0.44890481,5.46309805
3301,9,0.48917481,2.82536364
3302,9,0.44263107,2.02203178
3303,9,0.45884728,2.74327540
3304,9,0.43755123,2.24413371
3305,9,0.46513528,2.62430024
3306,9,0.47087556,4.67810631
3307,9,0.58998358,4.34703827
3308,9,0.45334664,3.56117630
3309,9,0.34397632,1.76437593
3310,9,0.30712599,1.56477082
3311,9,0.37062973,4.35251999
3312,9,0.40715009,2.46974826
3313,9,0.38461456,2.36477089
3314,9,0.33129698,2.34415674
3315,9,0.49760497,4.30612469
3316,9,0.51317322,3.36495328
3317,9,0.39161170,4.82319927
3318,9,0.56401289,3.10829997
3319,9,0.45304257,3.80314684
3320,9,0.30361411,2.62761927
3321,9,0.42921573,3.41246486
3322,9,0.61772931,3.46674109
3323,9,0.44138700,4.30954838
3324,9,0.40493953,2.91409230
3325,9,0.49056786,4.86466122
3326,9,0.46925384,4.82611752
3327,9,0.44110075,3.22535563
3328,9,0.48016751,3.07739425
3329,9,0.50412428,3.18870640
3330,9,0.54976237,7.62641668
3331,9,0.35614318,3.47959781
3332,9,0.48245677,3.34424996
3333,9,0.43984368,4.18681908
3334,9,0.54746819,3.12597632
3335,9,0.54882663,4.78422880
3336,9,0.63196218,3.69514251
3337,9,0.58865917,4.67563629
3338,9,0.55092335,4.33921194
3339,9,0.32241595,2.19208407
3340,9,0.55118632,2.72135925
3341,9,0.45123190,2.08826542
3342,9,0.36058518,2.09231019
3343,9,0.45691860,3.87866712
3344,9,0.53816974,4.84915018
3345,9,0.50307024,3.84568119
3346,9,0.56096411,3.89237094
3347,9,0.49010676,3.09780312
3348,9,0.59485948,4.01945734
3349,9,0.40695441,4.33119917
3350,9,0.32028744,2.29597926
3351,9,0.38423300,3.21824265
3352,9,0.57059073,4.54972601
3353,9,0.46420968,2.86917543
3354,9,0.50196302,2.52112794
3355,9,0.41968235,3.14051104
3356,9,0.31047237,1.95897901
3357,9,0.36858547,2.32472038
3358,9,0.75067067,4.88174248
3359,9,0.33929771,2.63802385
3360,9,0.44575033,2.22097683
3361,9,0.62139452,4.63402319
3362,9,0.47971052,3.62866902
3363,9,0.54987061,2.55585194
3364,9,0.41700357,3.03299308
3365,9,0.40062660,3.09994984
3366,9,0.56996948,3.22968554
3367,9,0.55739439,3.64842963
3368,9,0.41663074,3.07119083
3369,9,0.39315659,2.81598091
3370,9,0.38886416,2.68663239
3371,9,0.44290924,3.43767619
3372,9,0.45871979,4.08142662
3373,9,0.45623258,3.54157519
3374,9,0.49096233,2.74767733
3375,9,0.42054138,2.77467060
3376,9,0.46756560,2.80226588
3377,9,0.42292997,3.89305520
3378,9,0.52735567,3.34772801
3379,9,0.45528892,2.60254574
3380,9,0.43632406,2.85690475
3381,9,0.33817932,2.46525645
3382,9,0.52296674,2.94561648
3383,9,0.52994382,3.38699484
3384,9,0.68335497,4.57749271
3385,9,0.59148353,5.84171963
3386,9,0.46505132,3.82553911
3387,9,0.46695766,3.89671206
3388,9,0.41486502,3.89270663
3389,9,0.41730291,2.27910733
3390,9,0.43815905,2.43793535
3391,9,0.55649531,3.20557690
3392,9,0.41543299,2.80072355
3393,9,0.43181866,3.84845042
3394,9,0.56790793,3.68981886
3395,9,0.50733626,2.76312947
3396,9,0.48351893,2.95696974
3397,9,0.54893297,4.96978903
3398,9,0.45211601,3.46745086
3399,9,0.48796892,3.03613615
3400,9,0.55157495,5.23653793
3401,9,0.51287788,2.88447452
3402,9,0.51545012,2.39940953
3403,9,0.38394427,2.15880346
3404,9,0.40158132,1.97195053
3405,9,0.48552054,2.73269415
3406,9,0.43846595,2.93136144
3407,9,0.60497272,3.78033185
3408,9,0.45139560,3.04549408
3409,9,0.35796982,1.81470764
3410,9,0.32713506,3.56239152
3411,9,0.53911269,3.20091629
3412,9,0.48902595,3.25010395
3413,9,0.37088466,2.36091924
3414,9,0.40870285,3.45781684
3415,9,0.43087044,3.51086330
3416,9,0.55801308,4.55263424
3417,9,0.35147280,2.70804572
3418,9,0.38837451,2.14357090
3419,9,0.30799633,2.10639668
3420,9,0.47073567,5.89511585
3421,9,0.51930356,3.17129350
3422,9,0.45470250,3.93425274
3423,9,0.35167533,1.57963359
3424,9,0.44565162,1.58555067
3425,9,0.64972484,3.57510829
3426,9,0.34072164,2.40001535
3427,9,0.43585479,6.31751537
3428,9,0.47080877,3.10045743
3429,9,0.42718464,3.39254928
3430,9,0.51064831,4.18452549
3431,9,0.44306597,2.51195717
3432,9,0.44172195,3.20252681
3433,9,0.38711709,4.00582743
3434,9,0.45690107,3.79237413
3435,9,0.43389678,3.31118870
3436,9,0.61393243,4.84370184
3437,9,0.43760237,3.71797872
3438,9,0.54152107,2.52531815
3439,9,0.32710373,3.84151816
3440,9,0.40000117,3.96619463
3441,9,0.46625024,3.87216759
3442,9,0.35787576,2.44942045
3443,9,0.57172054,2.91743755
3444,9,0.49685395,2.39001536
3445,9,0.57559872,2.98808360
3446,9,0.37397528,5.12658501
3447,9,0.35469538,2.22188711
3448,9,0.46521375,2.47080350
3449,9,0.45984840,6.55877209
3450,9,0.42495728,4.27019024
3451,9,0.43243974,2.85394406
3452,9,0.39830396,2.48544836
3453,9,0.57908422,6.61234140
3454,9,0.58766437,3.33172989
3455,9,0.38437751,1.66576719
3456,9,0.63925147,3.38518572
3457,9,0.40200463,3.45835376
3458,9,0.50114453,3.08468342
3459,9,0.45579028,2.46690464
3460,9,0.40135920,3.27215338
3461,9,0.47621307,2.54725838
3462,9,0.41498458,3.39230204
3463,9,0.43089250,3.01632571
3464,9,0.36159715,2.62250137
3465,9,0.59685880,3.02500248
3466,9,0.51043212,2.88535547
3467,9,0.63568783,3.71401191
3468,9,0.38357279,2.19055796
3469,9,0.40252256,2.16045547
3470,9,0.44877228,2.50212812
3471,9,0.40504059,2.21669888
3472,9,0.34257597,2.68707252
3473,9,0.44533166,2.54575419
3474,9,0.47054392,3.11250305
3475,9,0.49593252,3.26484299
3476,9,0.46963179,4.25197363
3477,9,0.28808534,2.12728572
3478,9,0.44750533,4.70247841
3479,9,0.37169045,1.69574106
3480,9,0.52761960,3.09889817
3481,9,0.44428408,3.90199804
3482,9,0.46505356,2.15002131
3483,9,0.43824691,3.37585998
3484,9,0.29594675,2.74167109
3485,9,0.46491611,3.25331950
3486,9,0.40632701,2.60582995
3487,9,0.41760457,2.72178221
3488,9,0.36581382,2.42513466
3489,9,0.47371727,3.26081467
3490,9,0.46532464,3.76139402
3491,9,0.49410677,3.24771500
3492,9,0.51526666,2.46508980
3493,9,0.57109296,2.76469636
3494,9,0.55392110,3.13476944
3495,9,0.32434583,2.93491220
3496,9,0.46803063,4.46439314
3497,9,0.57390022,3.60257483
3498,9,0.45969743,2.97611785
3499,9,0.59788555,4.25879765
3500,9,0.40072453,3.51073909
3501,9,0.49385071,3.48791718
3502,9,0.52227139,3.92483759
3503,9,0.36057115,5.25863028
3504,9,0.40631229,2.93380451
3505,9,0.64702117,3.94613576
3506,9,0.43181071,3.11499834
3507,9,0.38915783,2.67189980
3508,9,0.55439347,4.23583698
3509,9,0.43582845,3.70577812
3510,9,0.58118808,3.12037563
3511,9,0.47871169,2.42858911
3512,9,0.32201874,1.74884272
3513,9,0.51305038,2.90565014
3514,9,0.50286973,2.54283834
3515,9,0.41939968,2.31922793
3516,9,0.40705854,2.17250323
3517,9,0.41299492,2.46819377
3518,9,0.56022954,3.81002975
3519,10,0.39933544,2.61724138
3520,10,0.53231680,3.02339244
3521,10,0.45350531,3.53053641
3522,10,0.40987754,3.24435973
3523,10,0.62174278,6.32052994
3524,10,0.48486748,2.84745121
3525,10,0.67389220,5.18883801
3526,10,0.33104649,2.70550489
3527,10,0.31458509,3.78697681
3528,10,0.44778723,4.26850843
3529,10,0.44557777,2.85559511
3530,10,0.26151180,1.84926546
3531,10,0.49344474,3.89370108
3532,10,0.32370508,2.63125062
3533,10,0.30817440,2.54792476
3534,10,0.45043126,3.78388619
3535,10,0.60490990,3.52759051
3536,10,0.50309300,3.68127537
3537,10,0.37318605,3.04915881
3538,10,0.39968482,2.83133197
3539,10,0.45486644,2.68721461
3540,10,0.56632900,2.41043162
3541,10,0.46050906,2.57177472
3542,10,0.28887331,2.87518454
3543,10,0.45223749,3.30421805
3544,10,0.40757436,2.95812607
3545,10,0.47653490,5.23885489
3546,10,0.36560977,2.07209396
3547,10,0.34895301,3.45456624
3548,10,0.44238275,3.55090523
3549,10,0.39778274,2.94518757
3550,10,0.37741360,3.43968487
3551,10,0.44717571,2.58278871
3552,10,0.47785395,3.54368544
3553,10,0.37022561,2.17554855
3554,10,0.37489694,3.45273852
3555,10,0.36161381,4.35417986
3556,10,0.52872890,3.19928861
3557,10,0.40022075,3.33582902
3558,10,0.43876585,3.38845801
3559,10,0.39904279,3.11555409
3560,10,0.43762359,3.70439744
3561,10,0.31994033,2.71889520
3562,10,0.38178998,3.79684329
3563,10,0.35915166,2.42475700
3564,10,0.49758816,3.78349352
3565,10,0.43723804,3.94472861
3566,10,0.41267201,2.63639617
3567,10,0.55253839,4.28888178
3568,10,0.35418609,2.57654238
3569,10,0.42415661,2.89042735
3570,10,0.38946003,3.42067194
3571,10,0.39815259,3.77209139
3572,10,0.37011343,2.71308661
3573,10,0.52115452,3.52508211
3574,10,0.42605552,3.51135015
3575,10,0.45887747,2.26634717
3576,10,0.41905701,3.38272214
3577,10,0.39988476,2.42462897
3578,10,0.47996870,2.82242799
3579,10,0.40755314,3.21713662
3580,10,0.39964464,2.88503265
3581,10,0.42387533,2.15795612
3582,10,0.29447135,2.03704119
3583,10,0.35516542,2.62466550
3584,10,0.41766182,2.34789276
3585,10,0.42278376,3.70074844
3586,10,0.49192697,3.72031808
3587,10,0.38142118,2.53951335
3588,10,0.31065553,4.01898718
3589,10,0.47621942,3.29375529
3590,10,0.49554193,2.04265690
3591,10,0.49227685,2.43274879
3592,10,0.35296100,2.85064554
3593,10,0.40548187,2.49723291
3594,10,0.41931024,3.73453283
3595,10,0.34699953,4.64768314
3596,10,0.35141015,3.19189239
3597,10,0.28588504,2.53866863
3598,10,0.47361642,4.34715605
3599,10,0.41564438,3.52284598
3600,10,0.41601086,4.45873499
3601,10,0.42265612,2.98634768
3602,10,0.44899857,2.81725669
3603,10,0.40888870,3.40431547
3604,10,0.37926322,3.18265867
3605,10,0.42445478,5.83034754
3606,10,0.43303096,4.33433914
3607,10,0.57355422,2.70236731
3608,10,0.47022605,2.97454929
3609,10,0.36242592,2.04260802
3610,10,0.38714135,3.35485673
3611,10,0.41398728,4.11951351
3612,10,0.49622780,3.82503891
3613,10,0.37013298,3.40988016
3614,10,0.42377472,3.93869090
3615,10,0.42785379,3.34419537
3616,10,0.37138101,4.12884188
3617,10,0.40475851,2.87041068
3618,10,0.40373516,3.97176504
3619,10,0.34549409,3.71397185
3620,10,0.34409517,3.77564597
3621,10,0.52264953,4.96049500
3622,10,0.37085497,3.86820650
3623,10,0.42659324,3.40872645
3624,10,0.57532555,4.08397293
3625,10,0.39690650,3.01983523
3626,10,0.34408066,3.07969308
3627,10,0.43408287,3.36893535
3628,10,0.48519248,5.15627718
3629,10,0.38021156,2.34364629
3630,10,0.38605720,3.54613733
3631,10,0.55173063,2.83391881
3632,10,0.42269373,2.48764586
3633,10,0.42840526,2.42187881
3634,10,0.43229282,3.33088613
3635,10,0.45578521,3.76831508
3636,10,0.42567581,4.38050652
3637,10,0.30541772,2.50483298
3638,10,0.34472421,3.74530101
3639,10,0.29564744,2.53747487
3640,10,0.69041646,5.96488714
3641,10,0.37651199,2.74537110
3642,10,0.43726170,3.93721509
3643,10,0.46527398,3.05541682
3644,10,0.44734174,2.16574717
3645,10,0.34535772,2.49326229
3646,10,0.49712691,5.33062172
3647,10,0.51663005,4.10527992
3648,10,0.51146501,5.82748270
3649,10,0.54239565,3.25581574
3650,10,0.36104918,2.80707669
3651,10,0.41595811,5.01399183
3652,10,0.40296200,3.78988576
3653,10,0.38827378,5.37274790
3654,10,0.36987677,3.42129922
3655,10,0.39458111,3.36234117
3656,10,0.42072821,3.42116261
3657,10,0.45837972,2.78261900
3658,10,0.52260339,3.38245153
3659,10,0.50025654,3.15731382
3660,10,0.52898490,3.60664678
3661,10,0.46372133,2.98197317
3662,10,0.34632438,3.86825895
3663,10,0.47339684,2.64157486
3664,10,0.38338318,1.69499743
3665,10,0.37171987,2.24369097
3666,10,0.37644112,2.29612732
3667,10,0.43921560,2.52751708
3668,10,0.42064929,3.36218071
3669,10,0.41001922,2.56259632
3670,10,0.47270435,3.57366562
3671,10,0.53597808,3.49998951
3672,10,0.48965779,3.97281861
3673,10,0.47900301,2.89478064
3674,10,0.42777368,2.72121024
3675,10,0.47825703,3.47733593
3676,10,0.39419210,2.74108791
3677,10,0.50568783,2.82518649
3678,10,0.40372849,2.46500945
3679,10,0.52564919,4.80514622
3680,10,0.47341150,3.04331422
3681,10,0.54502690,3.68330050
3682,10,0.54967475,2.55952668
3683,10,0.30533412,1.89150870
3684,10,0.53388059,4.14939737
3685,10,0.41004559,2.46908259
3686,10,0.45509401,2.98296928
3687,10,0.48407507,2.93019629
3688,10,0.49638039,3.08084154
3689,10,0.35952741,1.60355830
3690,10,0.38876587,2.87266421
3691,10,0.46483067,2.85942101
3692,10,0.42804193,2.70674038
3693,10,0.34758335,3.34608984
3694,10,0.38860536,2.83657265
3695,10,0.35550857,2.48514581
3696,10,0.30396882,3.12149572
3697,10,0.37364858,2.40264297
3698,10,0.48103735,3.01953864
3699,10,0.42053777,3.21732926
3700,10,0.28363687,2.30275702
3701,10,0.42989755,2.62887263
3702,10,0.32913446,3.11284399
3703,10,0.31498200,2.64707756
3704,10,0.37648004,4.07986736
3705,10,0.52115035,2.95370531
3706,10,0.44476488,5.03394747
3707,10,0.42994505,2.47842264
3708,10,0.34053299,2.81391835
3709,10,0.37767357,2.86420941
3710,10,0.48924488,4.61141348
3711,10,0.41999859,3.87558913
3712,10,0.41650411,2.65493965
3713,10,0.47534996,2.92147517
3714,10,0.43131709,2.94348288
3715,10,0.45347798,3.29054642
3716,10,0.34150097,3.26449585
3717,10,0.44797894,5.04279613
3718,10,0.58843398,4.17063570
3719,10,0.36028832,4.03084707
3720,10,0.42334425,4.59339333
3721,10,0.30974287,2.55719924
3722,10,0.38835964,4.25513935
3723,10,0.36600041,3.67687488
3724,10,0.28998643,2.09564471
3725,10,0.34697646,2.72271657
3726,10,0.66519701,4.71899700
3727,10,0.39372265,4.41117811
3728,10,0.54366744,2.66578794
3729,10,0.48225033,3.04879332
3730,10,0.32281810,2.87248158
3731,10,0.46103752,2.85504889
3732,10,0.55035061,5.18741894
3733,10,0.37546057,3.23139858
3734,10,0.47581300,4.84370804
3735,10,0.37669772,4.01247311
3736,10,0.36902577,2.56319857
3737,10,0.39357060,4.65124083
3738,10,0.51177037,4.53753805
3739,10,0.36655629,1.97946954
3740,10,0.40652797,3.01176691
3741,10,0.52324736,4.46977615
3742,10,0.47400627,2.95605707
3743,10,0.54478902,6.04294538
3744,10,0.39776248,3.96295643
3745,10,0.48157308,3.31487322
3746,10,0.37957510,3.38249755
3747,10,0.34366548,3.96352243
3748,10,0.47226334,3.14805961
3749,10,0.62446278,4.09747553
3750,10,0.29438925,2.77199459
3751,10,0.29611641,2.72624397
3752,10,0.54307723,3.18182707
3753,10,0.34653556,2.05406857
3754,10,0.38681343,2.67217779
3755,10,0.50759554,5.88287210
3756,10,0.51992416,2.64373207
3757,10,0.31997621,2.58638048
3758,10,0.41459259,2.23100162
3759,10,0.30777076,3.53224611
3760,10,0.50022781,3.91568565
3761,10,0.41614762,3.10988164
3762,10,0.37835455,3.21451235
3763,10,0.37848440,3.16119933
3764,10,0.47690237,2.59666848
3765,10,0.36784688,1.91925633
3766,10,0.31357086,2.57621431
3767,10,0.45242947,2.92631865
3768,10,0.42393035,3.81856012
3769,10,0.56722915,3.31070471
3770,10,0.45882335,4.05804062
3771,10,0.47111121,3.32344604
3772,10,0.44519633,5.38397360
3773,10,0.40353966,3.06263685
3774,10,0.47618997,3.54419923
3775,10,0.53408575,3.31225777
3776,10,0.47005928,4.47394466
3777,10,0.43625206,3.72787452
3778,10,0.59103560,2.88746881
3779,10,0.46572554,2.84961462
3780,10,0.46922994,3.69743681
3781,10,0.34630865,1.92280650
3782,10,0.40442476,3.22954464
3783,10,0.45944849,4.07130575
3784,10,0.47172678,3.22540641
3785,10,0.33045641,3.99489546
3786,10,0.44509786,2.64846635
3787,10,0.46190256,2.96005321
3788,10,0.42474914,2.76343131
3789,10,0.52269250,3.68122959
3790,10,0.52074265,2.40288210
3791,10,0.39731252,3.51442695
3792,10,0.46400005,3.38611603
3793,10,0.51448476,3.81416368
3794,10,0.33535844,1.72140276
3795,10,0.49831939,2.53628373
3796,10,0.55230856,3.63556862
3797,10,0.26433212,1.56426585
3798,10,0.48644128,3.33386731
3799,10,0.57860273,2.72324157
3800,10,0.45833829,2.96544170
3801,10,0.40976879,1.80195022
3802,10,0.46258974,2.46674395
3803,10,0.42043120,2.29378939
3804,10,0.37136042,2.02904868
3805,10,0.45210660,3.62786317
3806,10,0.32634747,1.74997640
3807,10,0.48415443,3.36256933
3808,10,0.40941375,6.42507458
3809,10,0.50902450,4.98227978
3810,10,0.38355446,2.67816520
3811,10,0.33196300,4.11129332
3812,10,0.40312529,4.01594782
3813,10,0.40402025,2.68484402
3814,10,0.35158187,2.77846169
3815,10,0.52560145,3.59704804
3816,10,0.42259043,5.53211212
3817,10,0.42851079,2.72369289
3818,10,0.43864784,4.14339828
3819,10,0.36108303,2.13997579
3820,10,0.50225240,4.32843494
3821,10,0.46011797,2.29481792
3822,10,0.48560256,3.33250356
3823,10,0.34683132,4.36943245
3824,10,0.48365456,2.68764949
3825,10,0.37470806,4.55206013
3826,10,0.63621354,3.58114791
3827,10,0.39229470,2.63471651
3828,10,0.35256988,3.41211486
3829,10,0.39154217,2.60295630
3830,10,0.45255560,2.90389204
3831,10,0.51303232,2.57420635
3832,10,0.47628665,4.08121586
3833,10,0.34378588,2.22304654
3834,10,0.44987771,2.49478102
3835,10,0.37436169,2.82690310
3836,10,0.39945626,2.02270651
3837,10,0.44838351,3.18442726
3838,10,0.41608456,3.31358719
3839,10,0.41754824,3.19625664
3840,10,0.47233307,4.02935314
3841,10,0.51014620,4.32745314
3842,10,0.50955111,4.31382084
3843,10,0.34825784,3.64975357
3844,10,0.42422539,2.63720465
3845,10,0.43066061,2.74441099
3846,10,0.51017046,3.85834742
3847,10,0.49138433,2.57563591
3848,10,0.38668457,2.39938426
3849,10,0.43089098,3.15945435
3850,10,0.64782888,3.59248328
3851,10,0.38078058,3.14867163
3852,10,0.39149192,4.07835436
3853,10,0.38382486,4.60745239
3854,10,0.44024789,3.98089123
3855,10,0.28378549,2.64405680
3856,10,0.49846748,2.69162250
3857,10,0.41409084,2.39940143
3858,10,0.46185887,4.71568680
3859,10,0.30363819,2.66104507
3860,10,0.45516208,4.11034679
3861,10,0.56338698,6.36896992
3862,10,0.42027158,3.94049239
3863,10,0.41566393,2.66151214
3864,10,0.36097714,2.64334536
3865,10,0.41022265,3.31457448
3866,10,0.46821663,3.12071157
3867,10,0.32916337,3.49776983
3868,10,0.54413348,5.08817911
3869,10,0.56015134,3.81355691
3870,10,0.49634337,2.98588657
3871,10,0.55250764,4.15625095
3872,10,0.42442691,2.77465892
3873,10,0.40760750,3.04655409
3874,10,0.36779252,2.69770694
3875,10,0.37137300,1.81820893
3876,10,0.37361971,2.24231100
3877,10,0.31793439,2.37241197
3878,10,0.39527917,2.33091140
3879,10,0.42454982,2.30021000
3880,10,0.42802608,3.07476401
3881,10,0.42922378,2.94979405
3882,10,0.45377743,2.49273014
3883,10,0.50905746,2.48733473
3884,10,0.62058496,3.97269034
3885,10,0.45004463,2.66403818
3886,10,0.48550469,3.86576200
3887,10,0.49290872,2.95260072
3888,10,0.49208519,4.48002577
3889,10,0.58249110,4.36684179
3890,10,0.47748679,3.84343886
3891,10,0.48532623,2.14035368
3892,10,0.37464610,2.97227669
3893,10,0.42058361,2.35783100
3894,10,0.53193474,3.46898293
3895,10,0.59464943,4.05435562
3896,10,0.49288610,4.06789303
3897,10,0.49703053,3.10394549
3898,10,0.50204766,5.22150755
3899,10,0.23778594,1.87396634
3900,10,0.39098185,3.61626482
3901,10,0.31098700,2.45677233
3902,10,0.52450597,3.77098560
3903,10,0.31286639,2.70757890
3904,10,0.50423557,2.58535576
3905,10,0.36803454,3.31322479
3906,10,0.67017895,4.09430981
3907,10,0.47683305,4.44251108
3908,10,0.36814511,2.91025305
3909,10,0.19653906,1.70834899
3910,11,0.44255883,4.09252644
3911,11,0.40808725,2.32880092
3912,11,0.42207280,2.18505931
3913,11,0.39492556,2.54266500
3914,11,0.37995464,3.21805906
3915,11,0.44985229,4.09211731
3916,11,0.33573586,2.87747478
3917,11,0.33668739,2.69673634
3918,11,0.41467133,4.69707537
3919,11,0.31117088,2.27364326
3920,11,0.42065257,1.90344036
3921,11,0.29964989,1.87762117
3922,11,0.62416655,3.28726506
3923,11,0.36624989,2.51937604
3924,11,0.35560656,2.07263398
3925,11,0.35100746,2.55956173
3926,11,0.36446905,2.42015910
3927,11,0.26580584,2.74081302
3928,11,0.37911427,3.72012949
3929,11,0.52893227,4.89498138
3930,11,0.41207901,3.50341153
3931,11,0.36813837,2.93378901
3932,11,0.37577003,2.95559430
3933,11,0.34829563,2.79678655
3934,11,0.30351481,2.27465248
3935,11,0.35872066,5.12975740
3936,11,0.46052003,4.23739004
3937,11,0.43559158,2.95403337
3938,11,0.29512441,4.05490541
3939,11,0.41889870,3.52729917
3940,11,0.34276354,3.13171697
3941,11,0.39527088,1.96598804
3942,11,0.47250450,3.75176835
3943,11,0.62721258,4.28147745
3944,11,0.27519852,3.77569699
3945,11,0.60015893,4.03969860
3946,11,0.33446729,2.23090839
3947,11,0.36470649,2.18614459
3948,11,0.41326302,3.71551323
3949,11,0.50715804,3.94256973
3950,11,0.54395115,4.77921915
3951,11,0.60525960,4.68019962
3952,11,0.35230827,4.31806278
3953,11,0.40753695,2.91917706
3954,11,0.33045727,3.16332722
3955,11,0.52045274,3.00133491
3956,11,0.40175381,3.41136646
3957,11,0.50842524,5.28785610
3958,11,0.44220966,3.25621176
3959,11,0.53114980,4.83065271
3960,11,0.44743693,3.24456477
3961,11,0.36891267,4.48584843
3962,11,0.30664018,3.33210564
3963,11,0.43100351,3.38218379
3964,11,0.55063915,6.00643682
3965,11,0.39171988,3.47598314
3966,11,0.35298443,2.10247374
3967,11,0.51208365,3.20639682
3968,11,0.33501518,2.34476781
3969,11,0.31867278,2.65078211
3970,11,0.46599001,3.24649882
3971,11,0.32253659,3.06106281
3972,11,0.49092770,3.20547795
3973,11,0.26651254,2.86676359
3974,11,0.36056042,6.46641302
3975,11,0.50717020,2.64616346
3976,11,0.43026170,3.27738357
3977,11,0.49164274,2.99150229
3978,11,0.50603509,3.25353169
3979,11,0.53419119,3.33017683
3980,11,0.33146074,2.58341265
3981,11,0.35477728,2.37186003
3982,11,0.37412190,2.62159395
3983,11,0.50893414,3.55630922
3984,11,0.35752195,2.40401125
3985,11,0.49453998,2.44291139
3986,11,0.36063373,2.52352118
3987,11,0.19240367,2.39078259
3988,11,0.35819900,2.93766665
3989,11,0.37561890,3.73048759
3990,11,0.54027581,3.35734367
3991,11,0.42349774,2.60169196
3992,11,0.34833664,2.16133428
3993,11,0.45271170,3.96618938
3994,11,0.41862518,3.17444038
3995,11,0.31026319,2.16809177
3996,11,0.44226539,4.63327265
3997,11,0.41066158,2.97504735
3998,11,0.41847932,2.54359508
3999,11,0.47126001,3.05240536
4000,11,0.36806267,2.73104692
4001,11,0.28562677,2.63838983
4002,11,0.33980101,2.25294757
4003,11,0.54132199,3.59599948
4004,11,0.36361355,2.27750707
4005,11,0.38206923,3.21785188
4006,11,0.43218774,2.45255184
4007,11,0.39856476,1.99767172
4008,11,0.31345350,3.03094888
4009,11,0.33684248,4.18552256
4010,11,0.41893947,3.07008958
4011,11,0.49885046,2.88775349
4012,11,0.41416514,3.04945683
4013,11,0.54444432,3.48724651
4014,11,0.21374667,1.88225472
4015,11,0.46145546,3.43240762
4016,11,0.50362796,3.89484143
4017,11,0.37007967,3.92758346
4018,11,0.53697240,3.49141812
4019,11,0.38103521,3.27639174
4020,11,0.39420632,3.47545981
4021,11,0.41339177,3.80988216
4022,11,0.40374142,2.53143454
4023,11,0.36436099,2.26705265
4024,11,0.35611802,3.36360669
4025,11,0.40310216,3.07641673
4026,11,0.48300174,4.84819031
4027,11,0.44735897,2.85616469
4028,11,0.33295429,2.69915462
4029,11,0.34698588,2.61765599
4030,11,0.53233486,4.97552967
4031,11,0.45855516,2.63730192
4032,11,0.28242546,1.64699519
4033,11,0.53898019,2.92173243
4034,11,0.40139428,3.29445219
4035,11,0.42268485,2.49115324
4036,11,0.34865928,2.60042286
4037,11,0.43538809,3.72515416
4038,11,0.41287923,1.95878422
4039,11,0.39225873,2.07760692
4040,11,0.48618755,4.31178856
4041,11,0.40525204,2.97209311
4042,11,0.27129817,1.88199198
4043,11,0.43191749,2.91428256
4044,11,0.34752792,3.72958517
4045,11,0.47649390,3.91285777
4046,11,0.46183926,3.61620116
4047,11,0.38591194,3.95675778
4048,11,0.40339690,5.33703756
4049,11,0.38786495,2.33157301
4050,11,0.33634949,2.62241411
4051,11,0.41830537,2.41793108
4052,11,0.31260067,2.12601662
4053,11,0.41952544,3.07072854
4054,11,0.36162832,3.02464461
4055,11,0.31546474,3.77626777
4056,11,0.46697566,3.25026989
4057,11,0.34873265,3.84817195
4058,11,0.55070132,5.68062115
4059,11,0.49019712,2.13415098
4060,11,0.41362011,2.90901923
4061,11,0.42569107,2.09921598
4062,11,0.30609399,2.59462476
4063,11,0.39417163,3.33104706
4064,11,0.39029628,4.42329311
4065,11,0.54374856,2.97136593
4066,11,0.27262869,3.34391093
4067,11,0.36253095,2.41012025
4068,11,0.55133957,3.76485467
4069,11,0.48107174,3.07709432
4070,11,0.30060762,1.99363744
4071,11,0.39727366,2.16279030
4072,11,0.47320455,3.86377311
4073,11,0.49040553,3.06865573
4074,11,0.43109328,3.40592360
4075,11,0.56188178,4.40067101
4076,11,0.39330029,2.73758888
4077,11,0.40748805,2.86172318
4078,11,0.36637259,3.04252243
4079,11,0.48294502,3.32415438
4080,11,0.42339957,3.67991495
4081,11,0.53616846,2.95913482
4082,11,0.43973726,3.30172992
4083,11,0.38499773,2.28711843
4084,11,0.48042238,2.86469769
4085,11,0.39570493,2.23736691
4086,11,0.40508926,2.91559362
4087,11,0.35195434,1.76572073
4088,11,0.39342925,3.90435290
4089,11,0.29782414,1.81169665
4090,11,0.47386897,3.60690260
4091,11,0.35974327,2.35657501
4092,11,0.37262046,2.40930867
4093,11,0.48142457,2.90763545
4094,11,0.64241129,3.91896558
4095,11,0.47476286,3.91722894
4096,11,0.35312107,2.84641981
4097,11,0.49066660,2.66743636
4098,11,0.46599549,2.89351487
4099,11,0.33547807,2.39182615
4100,11,0.40283325,4.56348801
4101,11,0.39504665,3.60717201
4102,11,0.34389141,3.24104929
4103,11,0.29699928,2.29407835
4104,11,0.49782521,2.95982647
4105,11,0.42828479,3.49973917
4106,11,0.41280574,2.69761801
4107,11,0.47001019,3.72325277
4108,11,0.44009316,3.01829195
4109,11,0.41192594,4.15339851
4110,11,0.36049527,3.26072335
4111,11,0.38286698,2.36580706
4112,11,0.45250827,4.91857052
4113,11,0.34749734,2.52523446
4114,11,0.35977304,2.35452557
4115,11,0.57878238,4.13367558
4116,11,0.27893943,2.10441232
4117,11,0.43168479,2.70985627
4118,11,0.44764742,3.18506718
4119,11,0.42895287,3.09171629
4120,11,0.34061632,2.91731286
4121,11,0.35072905,1.71604705
4122,11,0.46631539,3.43260789
4123,11,0.53810334,2.58500576
4124,11,0.37553203,2.82680488
4125,11,0.41792452,2.78267837
4126,11,0.29509869,3.77272797
4127,11,0.50092536,2.60829425
4128,11,0.39548159,2.97503304
4129,11,0.34517774,2.65820670
4130,11,0.41932973,2.39930415
4131,11,0.31475896,3.28329659
4132,11,0.56000650,2.71863031
4133,11,0.24237101,1.78417444
4134,11,0.60435086,3.96192098
4135,11,0.47070381,2.57977343
4136,11,0.48633313,4.57268000
4137,11,0.32564294,2.45604706
4138,11,0.32457575,4.84493446
4139,11,0.53440636,3.68632388
4140,11,0.38775900,2.64329338
4141,11,0.44751686,3.32951260
4142,11,0.44832337,3.84608769
4143,11,0.29006511,1.79007494
4144,11,0.48393172,2.50448227
4145,11,0.30663395,1.81352699
4146,11,0.51201892,3.30302668
4147,11,0.30256310,4.67762327
4148,11,0.23993340,2.31239510
4149,11,0.44982770,3.19996119
4150,11,0.43410230,3.75840712
4151,11,0.38336867,2.55740166
4152,11,0.43886343,3.77573848
4153,11,0.42611396,3.46192598
4154,11,0.41661310,3.19975376
4155,11,0.28350317,5.55655479
4156,11,0.31540000,2.03497434
4157,11,0.38169360,2.56006765
4158,11,0.38874298,3.04464197
4159,11,0.32290804,3.31991386
4160,11,0.44647068,2.86506605
4161,11,0.44541961,2.30453801
4162,11,0.39653325,2.15137458
4163,11,0.40204644,2.35855079
4164,11,0.41249236,1.79063737
4165,11,0.29873648,2.36513114
4166,11,0.45209411,3.60047960
4167,11,0.35148349,2.83710504
4168,11,0.25999779,2.55086327
4169,11,0.45136362,2.28750944
4170,11,0.46767500,2.63543677
4171,11,0.52752924,3.15117979
4172,11,0.47724372,4.45875406
4173,11,0.34441340,3.11149406
4174,11,0.40004888,2.92051673
4175,11,0.36095721,2.37323284
4176,11,0.48411590,2.74751830
4177,11,0.31643039,2.20129061
4178,11,0.64173210,3.30546069
4179,11,0.38136202,2.30616403
4180,11,0.30206379,2.80889845
4181,11,0.39661098,3.57344246
4182,11,0.32496804,2.98598838
4183,11,0.25240612,1.98472762
4184,11,0.36665326,2.76710653
4185,11,0.43891537,2.58359957
4186,11,0.52747083,2.45071626
4187,11,0.39773849,3.70499611
4188,11,0.60886145,3.62778211
4189,11,0.27399775,2.26034236
4190,11,0.60739297,4.45689917
4191,11,0.46134120,2.23060775
4192,11,0.36152089,1.85603607
4193,11,0.41946822,3.08669472
4194,11,0.35893601,3.12089515
4195,11,0.37661549,3.79350257
4196,11,0.48232710,2.05345440
4197,11,0.44735029,3.23035908
4198,11,0.48600540,3.31277800
4199,11,0.43258643,2.93017030
4200,11,0.41244543,2.64692426
4201,11,0.45337701,3.46059871
4202,11,0.42743212,2.88799691
4203,11,0.48210847,3.01279926
4204,11,0.45875052,2.24182415
4205,11,0.43826506,4.56275702
4206,11,0.34715563,2.90601301
4207,11,0.30001751,3.05435705
4208,11,0.40580982,3.08551717
4209,11,0.29561248,1.89012563
4210,11,0.30935889,2.60992765
4211,11,0.43649459,3.24937749
4212,11,0.53659010,3.30598378
4213,11,0.41103029,3.75560236
4214,11,0.47885451,2.68498874
4215,11,0.45549536,3.54138374
4216,11,0.31853107,2.75050592
4217,11,0.26996630,2.49978209
4218,11,0.29355758,2.16547775
4219,11,0.38841280,2.19042087
4220,11,0.30616823,2.14135385
4221,11,0.44357991,2.77906537
4222,11,0.33431846,2.81805229
4223,11,0.65367168,3.30855274
4224,11,0.29959020,3.81401515
4225,11,0.29607248,2.43445373
4226,11,0.37739462,3.12771153
4227,11,0.36208874,3.02256656
4228,11,0.33058339,2.61624026
4229,11,0.42393672,3.14308810
4230,11,0.49911636,3.66496992
4231,11,0.49258190,3.77286696
4232,11,0.34115559,1.73028946
4233,11,0.29742721,1.91693926
4234,11,0.41470855,2.85377765
4235,11,0.41500723,2.72992635
4236,11,0.32800323,2.75393319
4237,11,0.31002057,2.95647526
4238,11,0.30793574,2.92211270
4239,11,0.41745263,2.31121826
4240,11,0.45798868,3.01848102
4241,11,0.26390943,2.44945788
4242,11,0.33009118,2.13666821
4243,11,0.35633779,2.58563805
4244,11,0.38286889,3.60247135
4245,11,0.28613907,3.17652893
4246,11,0.43709081,4.13557529
4247,11,0.44774607,4.48402309
4248,11,0.41954526,2.20593786
4249,11,0.41670421,2.72613311
4250,11,0.52347994,3.78524637
4251,11,0.48691362,4.54813194
4252,11,0.36557519,2.63661385
4253,11,0.46059239,3.66147733
4254,11,0.54046834,5.22278786
4255,11,0.55483103,3.50145531
4256,11,0.58298069,4.72534609
4257,11,0.49257869,2.82311440
4258,11,0.35349059,2.74146438
4259,11,0.50485241,3.56405830
4260,11,0.42330998,4.28521013
4261,11,0.38240570,4.26212025
4262,11,0.43949783,4.24327517
4263,11,0.48362985,3.02863407
4264,11,0.33785504,2.18248796
4265,11,0.37723237,2.67474842
4266,11,0.49331877,4.03388643
4267,11,0.39036053,3.81243587
4268,11,0.30179894,3.44400668
4269,11,0.35706168,3.95246840
4270,11,0.43822336,2.06637049
4271,11,0.40048596,1.83361053
4272,11,0.38127527,2.97081232
4273,11,0.41027796,1.82849216
4274,11,0.44471371,2.59780741
4275,11,0.51508498,5.19808578
4276,11,0.50706393,2.60905480
4277,11,0.43666095,2.68174505
4278,11,0.37669420,1.71934927
4279,11,0.39687303,2.96276474
4280,11,0.44463110,2.31673622
4281,11,0.43581161,2.31174541
4282,11,0.33611146,3.04031777
4283,11,0.47305644,3.75208592
4284,11,0.43840271,2.72922325
4285,11,0.40619081,3.70817375
4286,11,0.32128286,2.82987595
4287,11,0.34916139,2.81257749
4288,11,0.40650529,2.84930134
4289,11,0.43434975,2.50195479
4290,11,0.45306832,4.27625847
4291,11,0.46336216,3.11841488
4292,11,0.41865408,3.51526594
4293,11,0.47942305,3.91994596
4294,11,0.22164528,2.24031878
4295,11,0.43103197,4.64357138
4296,11,0.46013275,3.18194699
4297,11,0.46561867,2.03511643
4298,11,0.32884616,3.79377532
4299,11,0.48139489,3.79429507
4300,11,0.40602636,5.33753777
4301,12,0.58046353,4.80008173
4302,12,0.35091341,3.58353996
4303,12,0.38209224,3.59566545
4304,12,0.44734293,3.96594858
4305,12,0.36728492,3.13057566
4306,12,0.41388333,3.78090382
4307,12,0.34843576,2.94760871
4308,12,0.37306085,1.94624376
4309,12,0.46729919,5.13546276
4310,12,0.31222135,3.37630510
4311,12,0.41505301,3.15090513
4312,12,0.43042582,3.32536221
4313,12,0.30466288,3.00916290
4314,12,0.37381059,2.71011877
4315,12,0.33959037,2.46377373
4316,12,0.32902050,2.36508942
4317,12,0.35040867,1.98181522
4318,12,0.32152647,2.48373032
4319,12,0.40083751,3.12078261
4320,12,0.36437535,2.97606564
4321,12,0.34982541,2.06826615
4322,12,0.39531550,2.49063969
4323,12,0.34415933,2.52759647
4324,12,0.24853316,1.49437499
4325,12,0.29480964,1.93529522
4326,12,0.33349589,3.88761711
4327,12,0.46557736,3.66497040
4328,12,0.27837270,2.51987004
4329,12,0.40599793,3.15322804
4330,12,0.29041719,2.56633377
4331,12,0.41791606,2.82872176
4332,12,0.34308469,3.56839061
4333,12,0.55501628,4.44506168
4334,12,0.34352419,3.23162794
4335,12,0.34513181,4.30484867
4336,12,0.30851644,2.47536969
4337,12,0.56758010,3.64575720
4338,12,0.44249797,3.53813243
4339,12,0.42931318,3.83373404
4340,12,0.51015508,3.62347555
4341,12,0.29793233,3.36495233
4342,12,0.33506417,3.17287326
4343,12,0.29962462,2.52801752
4344,12,0.42735085,3.61561227
4345,12,0.34667543,3.09057736
4346,12,0.42063344,2.92155290
4347,12,0.40394080,4.23395967
4348,12,0.37276655,2.54863214
4349,12,0.39089510,2.58574367
4350,12,0.27901030,1.76845634
4351,12,0.35445985,2.80590987
4352,12,0.29685456,1.97506654
4353,12,0.47776744,5.70647955
4354,12,0.36260048,3.83688736
4355,12,0.34546557,2.67817616
4356,12,0.39241606,3.54816318
4357,12,0.32556915,4.26363087
4358,12,0.38670811,5.74450397
4359,12,0.41985211,3.30790615
4360,12,0.45890784,3.16833138
4361,12,0.32672268,4.00923252
4362,12,0.37176138,2.45879102
4363,12,0.31028530,2.04999614
4364,12,0.39518982,3.74703765
4365,12,0.59774673,4.42852926
4366,12,0.37671363,2.56676102
4367,12,0.51902241,4.39516830
4368,12,0.33803815,2.75656366
4369,12,0.40426689,3.14638281
4370,12,0.29421079,2.71564269
4371,12,0.32808805,2.73970413
4372,12,0.36772600,2.36347580
4373,12,0.40682012,2.84708881
4374,12,0.41952842,2.70894933
4375,12,0.34606746,3.20947528
4376,12,0.39101994,2.63349771
4377,12,0.33493897,1.78442895
4378,12,0.35310060,4.82300520
4379,12,0.30723631,2.42015243
4380,12,0.28657684,2.99677658
4381,12,0.36407202,2.41269875
4382,12,0.51574856,2.86687803
4383,12,0.42206657,1.97388971
4384,12,0.26980960,3.25268054
4385,12,0.25737825,2.78828955
4386,12,0.47343874,2.41216207
4387,12,0.28272516,1.77967370
4388,12,0.39721709,2.79863644
4389,12,0.47529024,2.73556662
4390,12,0.33693442,2.44063187
4391,12,0.49269050,4.77863789
4392,12,0.32182795,2.01135564
4393,12,0.32652041,2.06752419
4394,12,0.35370108,2.72940397
4395,12,0.42710105,3.59027028
4396,12,0.69987893,3.69359827
4397,12,0.34082845,2.34769821
4398,12,0.30636489,2.09746909
4399,12,0.38044918,2.91520286
4400,12,0.24790458,1.34748137
4401,12,0.42249703,3.12581706
4402,12,0.35270411,3.54069543
4403,12,0.36623573,2.81640911
4404,12,0.37419063,3.37542868
4405,12,0.23737790,2.34440017
4406,12,0.40390748,3.62376595
4407,12,0.55153084,4.85132408
4408,12,0.60983253,5.74244547
4409,12,0.40908048,4.13604021
4410,12,0.25754291,3.10155845
4411,12,0.31849068,2.11922812
4412,12,0.30645198,2.42697620
4413,12,0.45154065,5.61717844
4414,12,0.39346498,2.54422617
4415,12,0.36226046,3.30141687
4416,12,0.28046554,2.50205660
4417,12,0.41039094,5.66651869
4418,12,0.38531947,3.99517179
4419,12,0.48760584,2.43718529
4420,12,0.40556684,2.37703919
4421,12,0.48975331,2.36495638
4422,12,0.49149120,3.22950196
4423,12,0.26038945,2.61333370
4424,12,0.32015610,3.88589025
4425,12,0.35739237,3.39948750
4426,12,0.35751677,1.78804660
4427,12,0.32885936,4.62625217
4428,12,0.38353470,3.51188922
4429,12,0.37975854,1.83947825
4430,12,0.38989776,3.72983122
4431,12,0.46907103,4.04074192
4432,12,0.37115416,3.16744494
4433,12,0.46019098,2.02213812
4434,12,0.49206397,2.66417241
4435,12,0.31718138,1.62703145
4436,12,0.35447007,3.02689624
4437,12,0.28656235,1.94252503
4438,12,0.37684372,3.26249337
4439,12,0.44071531,3.82996202
4440,12,0.38416165,3.29295278
4441,12,0.39690024,2.47935343
4442,12,0.33079538,2.00812173
4443,12,0.26906031,2.28053284
4444,12,0.60803401,4.17960501
4445,12,0.20249011,2.07399535
4446,12,0.41267768,2.21325660
4447,12,0.33570993,3.36910129
4448,12,0.37228948,2.54679823
4449,12,0.27940571,2.74744463
4450,12,0.45230308,3.60451818
4451,12,0.40241724,3.30694222
4452,12,0.37217784,2.94776464
4453,12,0.32412997,2.65060091
4454,12,0.40883517,2.49906945
4455,12,0.36948499,3.33510613
4456,12,0.32732603,2.76623511
4457,12,0.32000703,2.67176747
4458,12,0.34928250,3.11078954
4459,12,0.43499652,2.74679875
4460,12,0.51841599,2.53145599
4461,12,0.46817377,3.45216799
4462,12,0.37532294,2.87016082
4463,12,0.24893340,2.63786602
4464,12,0.38201457,2.25938749
4465,12,0.35292962,2.41449118
4466,12,0.41974077,3.84883738
4467,12,0.39628482,2.79296732
4468,12,0.40640140,2.14691639
4469,12,0.34827611,3.58816743
4470,12,0.30760384,1.94886911
4471,12,0.35182673,2.13184476
4472,12,0.43271202,4.13212061
4473,12,0.48073530,3.07675862
4474,12,0.44966578,4.31758261
4475,12,0.37659809,3.27643919
4476,12,0.44955564,5.78075600
4477,12,0.29426169,2.59167814
4478,12,0.44992536,2.39091754
4479,12,0.56713891,5.04544401
4480,12,0.30447927,2.10262942
4481,12,0.47565097,3.03044248
4482,12,0.48350441,6.25148535
4483,12,0.39654410,4.04080963
4484,12,0.31640768,2.34978747
4485,12,0.42714918,1.91565955
4486,12,0.54437852,2.44675970
4487,12,0.37177366,3.74580932
4488,12,0.41583121,3.13198304
4489,12,0.34799534,2.41434073
4490,12,0.40324682,1.65377152
4491,12,0.54665101,3.06515670
4492,12,0.58565956,4.39024639
4493,12,0.27700648,3.03634667
4494,12,0.30860972,1.88706434
4495,12,0.39306155,4.38390160
4496,12,0.51426572,2.92602134
4497,12,0.41981184,2.17215490
4498,12,0.42816070,2.73544550
4499,12,0.47720802,2.79091120
4500,12,0.38313740,2.40682125
4501,12,0.36473161,4.56921196
4502,12,0.49974328,4.52745581
4503,12,0.36346930,2.94557309
4504,12,0.38816166,1.81114924
4505,12,0.37555587,2.48466349
4506,12,0.40021980,4.92791414
4507,12,0.39424944,2.83430362
4508,12,0.42937037,2.98858690
4509,12,0.31993961,2.13627458
4510,12,0.42141348,2.39393497
4511,12,0.31951708,2.26098061
4512,12,0.29980147,2.12427258
4513,12,0.39707744,4.85493422
4514,12,0.51027942,2.52846718
4515,12,0.41992977,5.36175489
4516,12,0.33879474,2.58082247
4517,12,0.27622348,2.36981559
4518,12,0.31416070,3.41058755
4519,12,0.41637054,3.64465785
4520,12,0.41920561,2.74942446
4521,12,0.39653355,3.65296388
4522,12,0.40689176,3.41156507
4523,12,0.37898546,4.14108324
4524,12,0.36425257,4.11959934
4525,12,0.28081948,2.74063396
4526,12,0.32270896,2.35799575
4527,12,0.41422865,2.69560170
4528,12,0.49771947,2.86299753
4529,12,0.55631638,4.14204216
4530,12,0.28853816,3.14722395
4531,12,0.36777771,2.96111536
4532,12,0.44857797,3.23637509
4533,12,0.43257540,3.34217525
4534,12,0.41442972,3.94728923
4535,12,0.37634772,2.16097713
4536,12,0.26094544,2.25510216
4537,12,0.50584805,7.32338047
4538,12,0.24248219,1.97340262
4539,12,0.44973141,2.76958776
4540,12,0.34993994,3.27736068
4541,12,0.39559895,2.94167280
4542,12,0.39897841,2.78930044
4543,12,0.38815624,2.59888649
4544,12,0.36535370,3.88254881
4545,12,0.32504338,3.16094446
4546,12,0.41803735,2.80577517
4547,12,0.30454189,2.74533272
4548,12,0.33500540,3.44004822
4549,12,0.24168119,2.04004979
4550,12,0.38388503,3.41877651
4551,12,0.46946016,2.72739124
4552,12,0.41892609,3.58197069
4553,12,0.41472185,3.59366465
4554,12,0.21303906,1.89580548
4555,12,0.47068638,2.74055552
4556,12,0.39385414,2.74922323
4557,12,0.51832020,4.58492708
4558,12,0.36402655,2.72869778
4559,12,0.42354923,2.27496314
4560,12,0.39663887,2.83435631
4561,12,0.37874794,2.74184561
4562,12,0.32810095,2.68125939
4563,12,0.37720197,4.98719406
4564,12,0.49257693,2.97754908
4565,12,0.40720332,2.54530573
4566,12,0.35596108,2.19697785
4567,12,0.32291359,3.12456584
4568,12,0.33243096,2.07004690
4569,12,0.44484624,2.87844324
4570,12,0.46915126,3.51945949
4571,12,0.38359571,2.76228499
4572,12,0.43536276,3.06628513
4573,12,0.39244640,2.76390743
4574,12,0.28090596,1.59679580
4575,12,0.43245566,4.00078917
4576,12,0.36310568,2.77728438
4577,12,0.36348301,2.39198399
4578,12,0.41977543,2.86013150
4579,12,0.42527986,3.65908980
4580,12,0.38331825,2.70841765
4581,12,0.43937916,3.34054923
4582,12,0.36562529,3.09858251
4583,12,0.28344542,2.26126266
4584,12,0.37008139,2.73884821
4585,12,0.29779547,2.15778160
4586,12,0.39537787,2.95100665
4587,12,0.34555319,2.52297783
4588,12,0.44134551,2.92973590
4589,12,0.46274543,4.78181505
4590,12,0.37244672,2.10702610
4591,12,0.36507395,2.65932822
4592,12,0.33069295,2.48490620
4593,12,0.45743650,3.98998594
4594,12,0.38150680,3.23317504
4595,12,0.29334605,2.59643888
4596,12,0.37326211,2.93342447
4597,12,0.37394774,2.75540996
4598,12,0.42217875,2.72473168
4599,12,0.40584549,2.76366782
4600,12,0.20140314,2.35126972
4601,12,0.41251469,3.21982145
4602,12,0.25925380,1.65858495
4603,12,0.38651443,3.08307266
4604,12,0.45346212,3.23228002
4605,12,0.27067953,2.13973165
4606,12,0.43405282,4.19027042
4607,12,0.45388800,2.18010664
4608,12,0.40741849,2.50206590
4609,12,0.31354231,1.98109913
4610,12,0.45751557,2.80770540
4611,12,0.49428871,4.37136459
4612,12,0.38839340,5.08401871
4613,12,0.32377976,2.61639357
4614,12,0.43887192,3.27613759
4615,12,0.37934735,3.92531228
4616,12,0.33539459,4.92293978
4617,12,0.48548591,5.18279457
4618,12,0.41136837,3.73317337
4619,12,0.55657190,3.44594002
4620,12,0.39280128,2.82110381
4621,12,0.25994575,2.59136820
4622,12,0.38013554,3.92805719
4623,12,0.42506301,3.72257590
4624,12,0.41877961,4.97087908
4625,12,0.44297743,2.81782365
4626,12,0.42005444,2.92716551
4627,12,0.48994419,3.34004474
4628,12,0.45668012,3.69954777
4629,12,0.40746808,1.94459891
4630,12,0.46342510,2.41544843
4631,12,0.43388146,2.65558767
4632,12,0.35109687,3.39974475
4633,12,0.40637869,2.85170555
4634,12,0.45698851,3.24863410
4635,12,0.36844236,2.73091722
4636,12,0.34055781,2.17994905
4637,12,0.48490465,2.33090949
4638,12,0.25636530,1.57302058
4639,12,0.40289938,3.64370704
4640,12,0.34511417,3.68561745
4641,12,0.46812400,3.76728964
4642,12,0.31892550,2.31868815
4643,12,0.41405481,2.89132833
4644,12,0.25285682,2.33506155
4645,12,0.29291654,2.55758023
4646,12,0.28946239,1.88383436
4647,12,0.33808470,3.17765474
4648,12,0.44103879,3.89684677
4649,12,0.49895421,2.34619617
4650,12,0.26961121,2.39100099
4651,12,0.37067723,2.62786889
4652,12,0.37573019,4.19670200
4653,12,0.32718205,1.85967183
4654,12,0.27743053,2.01780057
4655,12,0.31374669,2.09655142
4656,12,0.41301480,1.94729543
4657,12,0.47842044,2.88884759
4658,12,0.25797427,2.54497194
4659,12,0.39293385,3.77629995
4660,12,0.29825392,1.87091291
4661,12,0.37156543,4.04177475
4662,12,0.28914684,2.56682634
4663,12,0.38334781,2.16116476
4664,12,0.47405618,4.28976440
4665,12,0.31543601,2.28918791
4666,12,0.34727031,2.55455804
4667,12,0.27698672,2.14691424
4668,12,0.35269997,3.29754567
4669,12,0.48758274,3.44708824
4670,12,0.37585759,2.62155223
4671,12,0.43029994,3.16125345
4672,12,0.30553913,2.49844122
4673,12,0.42016375,4.40931416
4674,12,0.40261501,2.23580170
4675,12,0.40288806,2.19713068
4676,12,0.52112007,3.23434973
4677,12,0.47840446,3.98112035
4678,12,0.34061795,3.09585381
4679,12,0.36366546,2.73734069
4680,12,0.27536750,1.96148896
4681,12,0.33334231,1.86651421
4682,12,0.40586782,2.29496050
4683,12,0.40772188,2.15502954
4684,12,0.45331767,2.53849840
4685,12,0.46075684,2.30047512
4686,12,0.42299271,2.50124979
4687,12,0.46758932,3.68525958
4688,12,0.37855494,3.30115080
4689,12,0.38078082,4.66763067
4690,12,0.40069374,1.74139082
4691,12,0.26856947,2.84901810
4692,13,0.47996706,2.50183821
4693,13,0.34492061,2.30811167
4694,13,0.36381370,1.90108514
4695,13,0.34140632,3.31166029
4696,13,0.28082711,1.57872486
4697,13,0.42418313,3.43137670
4698,13,0.54628170,2.30902171
4699,13,0.34814891,1.80515230
4700,13,0.36324859,2.35587597
4701,13,0.36013529,2.10821819
4702,13,0.29711547,2.31396914
4703,13,0.27103624,2.60412574
4704,13,0.24234118,2.11854315
4705,13,0.41563535,3.20696616
4706,13,0.24394788,2.10464692
4707,13,0.33052096,2.36938047
4708,13,0.25292668,1.91059053
4709,13,0.32634807,1.99712682
4710,13,0.40762651,2.98526025
4711,13,0.31014043,2.50445056
4712,13,0.34971219,2.91784906
4713,13,0.34386045,3.05293465
4714,13,0.26154640,2.05677557
4715,13,0.37331131,2.95784092
4716,13,0.44418490,3.94212055
4717,13,0.30681139,3.09933710
4718,13,0.26267123,3.21794128
4719,13,0.32681450,2.64863348
4720,13,0.29057536,4.32456207
4721,13,0.35923412,2.42214322
4722,13,0.25490040,2.76222491
4723,13,0.35663539,2.58127809
4724,13,0.21656539,2.51772499
4725,13,0.31798065,2.58444357
4726,13,0.44038877,2.94704032
4727,13,0.38609877,2.64337873
4728,13,0.43693063,3.81838369
4729,13,0.31863278,2.56155896
4730,13,0.30297017,2.07909656
4731,13,0.35440367,2.76802278
4732,13,0.22337896,2.10051513
4733,13,0.37443244,3.20143151
4734,13,0.42955589,3.04633999
4735,13,0.22270834,2.32026148
4736,13,0.26307046,2.54518652
4737,13,0.42701757,2.20491648
4738,13,0.50705361,3.99476004
4739,13,0.43257156,3.01256371
4740,13,0.48380867,3.03524470
4741,13,0.32758075,1.90259206
4742,13,0.36791608,2.92066193
4743,13,0.38265163,3.45515585
4744,13,0.34064096,2.14588094
4745,13,0.33795375,2.95836401
4746,13,0.41213804,3.41379523
4747,13,0.31748497,1.87926984
4748,13,0.29544690,3.03008795
4749,13,0.32254428,3.22310233
4750,13,0.31417501,2.23291588
4751,13,0.36730370,2.17634320
4752,13,0.27471763,1.86311698
4753,13,0.42600635,3.17282510
4754,13,0.58218503,3.18823504
4755,13,0.17462517,1.52434802
4756,13,0.43757942,3.03593111
4757,13,0.39418644,4.68012619
4758,13,0.49253714,3.48320317
4759,13,0.40746185,2.18842220
4760,13,0.31659517,2.08630848
4761,13,0.33565772,2.19165015
4762,13,0.39567488,2.43414211
4763,13,0.40130439,2.73765278
4764,13,0.42783114,3.22497892
4765,13,0.25808024,1.85986519
4766,13,0.27334267,1.65159512
4767,13,0.35819632,5.75602436
4768,13,0.37549379,2.43341160
4769,13,0.29754952,3.23229527
4770,13,0.42070943,2.58944869
4771,13,0.31202632,2.87486029
4772,13,0.28656033,1.88784218
4773,13,0.26057693,2.55903459
4774,13,0.42992282,3.12398839
4775,13,0.27568233,3.22911596
4776,13,0.41629910,3.46682668
4777,13,0.28737950,1.95041692
4778,13,0.24276765,3.21823645
4779,13,0.35518813,7.29630327
4780,13,0.40743044,5.26028585
4781,13,0.37783074,2.68161368
4782,13,0.31084844,4.87756777
4783,13,0.42788899,2.93564081
4784,13,0.29744852,3.63176703
4785,13,0.35740042,3.03098989
4786,13,0.33139956,4.15875721
4787,13,0.28545463,3.18672252
4788,13,0.39097118,5.41848326
4789,13,0.42508382,5.54901505
4790,13,0.41367173,2.86212182
4791,13,0.46283740,2.64991164
4792,13,0.31924772,2.72767186
4793,13,0.19721361,2.57503247
4794,13,0.32085258,3.53381491
4795,13,0.40648550,2.83949208
4796,13,0.37282351,3.58951497
4797,13,0.34551844,3.51883483
4798,13,0.36193424,2.67438865
4799,13,0.41432089,4.15169573
4800,13,0.39291990,2.48361397
4801,13,0.27844325,2.31289673
4802,13,0.23115973,2.76785994
4803,13,0.36246300,2.15698743
4804,13,0.30494684,2.24211264
4805,13,0.30186754,2.86247039
4806,13,0.30332160,2.16843510
4807,13,0.38061643,2.60594273
4808,13,0.30845374,1.72339797
4809,13,0.27787349,2.65306687
4810,13,0.48664224,2.43119907
4811,13,0.34596175,2.93910789
4812,13,0.29070714,3.09096313
4813,13,0.35699680,4.35390139
4814,13,0.50031328,2.88875985
4815,13,0.42249006,2.33641124
4816,13,0.47951922,1.86738563
4817,13,0.29583099,2.36335468
4818,13,0.29631087,2.86406612
4819,13,0.33634436,4.78770399
4820,13,0.31882429,2.71155095
4821,13,0.45258182,3.20907784
4822,13,0.42216021,3.05041504
4823,13,0.32868043,2.84229660
4824,13,0.38538226,3.06671667
4825,13,0.35365704,2.57111144
4826,13,0.44594783,2.82060409
4827,13,0.43292773,4.05546665
4828,13,0.27954659,3.33377767
4829,13,0.34681588,2.52239108
4830,13,0.29951358,3.06717205
4831,13,0.41825664,3.40946317
4832,13,0.27525556,3.17361093
4833,13,0.22081798,3.18013835
4834,13,0.37927997,2.18114233
4835,13,0.37727964,3.84671950
4836,13,0.49763635,3.50792623
4837,13,0.34546244,3.91213703
4838,13,0.30827406,2.42800188
4839,13,0.46798968,4.66996002
4840,13,0.29779607,1.71611309
4841,13,0.33593309,2.84851909
4842,13,0.40891576,4.71256828
4843,13,0.35077310,3.66066480
4844,13,0.39328682,2.20062137
4845,13,0.37662673,2.78402400
4846,13,0.37223127,3.09966135
4847,13,0.31945819,2.08285832
4848,13,0.38671905,2.60999799
4849,13,0.23222870,1.77409744
4850,13,0.32244107,2.73460150
4851,13,0.28105801,1.99599051
4852,13,0.25533709,1.96286023
4853,13,0.19789566,3.09670115
4854,13,0.30939966,2.49770379
4855,13,0.29873520,2.17542934
4856,13,0.21319821,2.02978182
4857,13,0.28722838,1.70701170
4858,13,0.30254209,2.36301494
4859,13,0.30232975,2.22761774
4860,13,0.33505011,3.99224138
4861,13,0.28012085,3.22016478
4862,13,0.39150345,3.45323825
4863,13,0.45750934,4.04180384
4864,13,0.31830078,2.55996418
4865,13,0.41500670,2.63814831
4866,13,0.28648269,2.18985486
4867,13,0.56042767,4.72482061
4868,13,0.30164146,2.34065628
4869,13,0.33098906,2.79013538
4870,13,0.31594288,3.12219214
4871,13,0.27816564,3.36579204
4872,13,0.50288320,4.09315395
4873,13,0.37967983,2.93009496
4874,13,0.39504778,2.64892840
4875,13,0.32696733,3.87351918
4876,13,0.43751240,2.99988770
4877,13,0.35638684,2.23867822
4878,13,0.36648294,2.57924891
4879,13,0.35054490,3.47151208
4880,13,0.24098615,3.06833291
4881,13,0.52664006,2.66898513
4882,13,0.33970523,2.06013227
4883,13,0.35708088,2.80561423
4884,13,0.33004981,2.80790091
4885,13,0.38283262,4.25033426
4886,13,0.36745077,2.91580224
4887,13,0.36770722,1.97720814
4888,13,0.30920732,1.76042080
4889,13,0.45058990,4.03925133
4890,13,0.42181286,2.45245886
4891,13,0.28409529,2.10524893
4892,13,0.31658322,3.47527385
4893,13,0.52039778,3.03785658
4894,13,0.33235610,4.72076607
4895,13,0.25512731,2.05700898
4896,13,0.29782355,3.07907033
4897,13,0.37360018,2.08881903
4898,13,0.39018026,3.61593366
4899,13,0.40954420,2.85704851
4900,13,0.45820165,3.12184668
4901,13,0.33186561,3.18698049
4902,13,0.33683121,2.52566695
4903,13,0.35120246,2.50441122
4904,13,0.35605979,3.26815677
4905,13,0.32607561,2.58443785
4906,13,0.46219453,3.71754813
4907,13,0.47718698,4.40978527
4908,13,0.37110761,3.00343871
4909,13,0.35050094,3.25195026
4910,13,0.40632111,5.22027111
4911,13,0.43870920,3.32422137
4912,13,0.28907788,4.58972836
4913,13,0.29701144,3.60063863
4914,13,0.27044737,3.29050970
4915,13,0.26482561,3.03168488
4916,13,0.40283787,3.93908501
4917,13,0.37102640,2.10793352
4918,13,0.57798922,3.90641928
4919,13,0.44135064,3.01595569
4920,13,0.35405856,2.21607876
4921,13,0.32889247,2.97243261
4922,13,0.24539715,3.12550831
4923,13,0.40540770,3.33656812
4924,13,0.31780651,2.37347364
4925,13,0.27863955,2.32860613
4926,13,0.27736288,3.51305175
4927,13,0.29917991,5.12781668
4928,13,0.45851538,3.10375810
4929,13,0.38734013,5.03913879
4930,13,0.41094935,2.97586179
4931,13,0.27117974,2.71717429
4932,13,0.36843798,2.51413345
4933,13,0.40451258,4.31521034
4934,13,0.42633823,4.32576656
4935,13,0.41352010,4.40966702
4936,13,0.27849811,2.44644189
4937,13,0.36839545,2.98509884
4938,13,0.41726607,4.28624344
4939,13,0.45259520,4.28594017
4940,13,0.30216497,3.01639438
4941,13,0.30905280,2.63836551
4942,13,0.32293135,2.39193892
4943,13,0.25904673,2.48032045
4944,13,0.37494624,2.86113620
4945,13,0.30474800,2.83093286
4946,13,0.30523038,2.14004707
4947,13,0.31440979,3.17646337
4948,13,0.31939358,2.83483839
4949,13,0.38264906,3.88974142
4950,13,0.31570214,2.32908988
4951,13,0.31977236,3.10751128
4952,13,0.26177132,1.97568178
4953,13,0.49709648,3.07888722
4954,13,0.30837125,3.14786577
4955,13,0.35190368,3.61568236
4956,13,0.42642611,5.38878250
4957,13,0.42584568,4.53528643
4958,13,0.49154332,3.19512892
4959,13,0.35487789,2.40158033
4960,13,0.40994418,3.50846648
4961,13,0.30984691,3.14231825
4962,13,0.38857424,2.52739096
4963,13,0.46855065,2.72709513
4964,13,0.32441860,3.35321093
4965,13,0.40116978,4.09758711
4966,13,0.36079288,2.88045168
4967,13,0.43247861,6.94670296
4968,13,0.37045854,3.67698622
4969,13,0.54976314,3.08167267
4970,13,0.36013505,2.85533977
4971,13,0.30524370,3.79413009
4972,13,0.34602967,4.30047369
4973,13,0.36543620,2.92948198
4974,13,0.41124579,3.46530414
4975,13,0.20081654,3.21618986
4976,13,0.36482352,2.51337409
4977,13,0.34567446,2.45917416
4978,13,0.43976426,3.75290871
4979,13,0.31261474,3.17246842
4980,13,0.35358933,2.96086454
4981,13,0.40193868,3.56116295
4982,13,0.19826645,2.27646899
4983,13,0.39539328,2.58052230
4984,13,0.37113860,2.66180611
4985,13,0.39926159,3.19445562
4986,13,0.34720874,4.33261538
4987,13,0.33988446,1.84983802
4988,13,0.22241220,2.51263285
4989,13,0.37311310,3.78087473
4990,13,0.49440753,3.84689975
4991,13,0.32145721,2.70115924
4992,13,0.31037009,3.26906705
4993,13,0.39500937,2.73180175
4994,13,0.34848911,2.95218968
4995,13,0.30101722,1.63390148
4996,13,0.34904516,1.93604982
4997,13,0.28293988,1.97164476
4998,13,0.37620091,4.04682493
4999,13,0.31402943,1.82374990
5000,13,0.41246808,4.97545719
5001,13,0.27903470,2.25401807
5002,13,0.39375484,3.80332494
5003,13,0.31906426,3.58298230
5004,13,0.37288201,3.57848763
5005,13,0.42286557,3.31521416
5006,13,0.34320018,2.60498118
5007,13,0.37237662,2.21118379
5008,13,0.50167215,3.64601636
5009,13,0.31501314,1.68355525
5010,13,0.44612664,3.88577914
5011,13,0.34727830,3.46094346
5012,13,0.25420579,3.30258417
5013,13,0.31124380,2.92393208
5014,13,0.31755388,3.00113440
5015,13,0.38527650,2.31890321
5016,13,0.33005163,3.47830629
5017,13,0.28808159,1.98162675
5018,13,0.24705197,2.90762997
5019,13,0.35077283,2.43406200
5020,13,0.19367976,2.54994607
5021,13,0.40793270,2.87295437
5022,13,0.42550614,4.02387381
5023,13,0.37026894,2.34976268
5024,13,0.43219769,3.72194624
5025,13,0.33547792,2.65912437
5026,13,0.35173899,2.14605498
5027,13,0.52195084,3.66670084
5028,13,0.39040378,3.64964223
5029,13,0.26506311,2.57983208
5030,13,0.47297564,3.38045073
5031,13,0.31829315,2.52299285
5032,13,0.51039112,5.77334690
5033,13,0.32456836,3.49602890
5034,13,0.44424853,2.39328218
5035,13,0.32503694,2.53494644
5036,13,0.40446395,2.77683163
5037,13,0.40558481,3.05865908
5038,13,0.33015960,3.59629488
5039,13,0.34434146,2.86964202
5040,13,0.36683157,3.81906176
5041,13,0.33282700,2.18567085
5042,13,0.29949614,2.37504196
5043,13,0.31947044,3.59374261
5044,13,0.34559584,3.66919518
5045,13,0.30745512,2.90577698
5046,13,0.40700305,3.60134387
5047,13,0.51346445,3.28308034
5048,13,0.31078976,3.85067177
5049,13,0.34582502,2.74518204
5050,13,0.32595450,2.15795946
5051,13,0.40075117,3.10236287
5052,13,0.39779350,3.75827670
5053,13,0.46048284,4.38985586
5054,13,0.36491954,4.12090921
5055,13,0.34331793,3.67433167
5056,13,0.39107689,2.95801663
5057,13,0.26998886,2.96158791
5058,13,0.40411797,2.77321124
5059,13,0.44544649,3.91483784
5060,13,0.43350890,3.20787024
5061,13,0.26013455,2.21929550
5062,13,0.27167001,2.58406377
5063,13,0.51403809,3.24031758
5064,13,0.28428254,3.59285307
5065,13,0.41241863,2.79334974
5066,13,0.40787476,4.41842127
5067,13,0.32219851,2.71181583
5068,13,0.39518473,2.94019151
5069,13,0.32953256,3.48185658
5070,13,0.51839578,3.21543360
5071,13,0.55957615,5.43253756
5072,13,0.36225608,2.75853777
5073,13,0.33608857,2.52887702
5074,13,0.44311771,3.87216687
5075,13,0.46578068,3.76222467
5076,13,0.23385364,2.42066336
5077,13,0.25633568,1.61267257
5078,13,0.22174929,2.69063401
5079,13,0.24880570,2.58803177
5080,13,0.43055958,2.72539496
5081,13,0.33219346,2.60841370
5082,13,0.21797712,2.09980083
5083,14,0.31829304,2.56918049
5084,14,0.47885311,2.97839069
5085,14,0.35330158,3.57717276
5086,14,0.38963661,3.26003122
5087,14,0.40764883,3.98078775
5088,14,0.36606309,2.68184042
5089,14,0.25062549,2.38730717
5090,14,0.31835946,1.87005031
5091,14,0.37482482,3.22376895
5092,14,0.24040042,1.85771942
5093,14,0.36777717,3.11657763
5094,14,0.40112728,2.37611413
5095,14,0.33278441,2.81766796
5096,14,0.36738795,2.15248275
5097,14,0.30397722,2.62164521
5098,14,0.26775646,2.96268845
5099,14,0.37193191,3.15019846
5100,14,0.31558806,1.76618659
5101,14,0.22448075,2.83353424
5102,14,0.31558925,3.69080091
5103,14,0.34733728,2.46501303
5104,14,0.44430906,2.25165153
5105,14,0.25137147,1.48753464
5106,14,0.33458367,2.98775101
5107,14,0.36590403,3.27158523
5108,14,0.36321878,2.24037504
5109,14,0.25282592,2.84556603
5110,14,0.41408846,3.31196117
5111,14,0.32685709,1.61826909
5112,14,0.28865388,3.21818447
5113,14,0.22473049,3.00378633
5114,14,0.32244888,3.25393772
5115,14,0.44498348,4.87804985
5116,14,0.27347589,2.53638983
5117,14,0.32150671,2.45674992
5118,14,0.20607460,1.64483047
5119,14,0.39111388,2.48142099
5120,14,0.37046507,2.25040674
5121,14,0.31815940,2.50009990
5122,14,0.27866930,2.78753829
5123,14,0.34624457,2.23242545
5124,14,0.19249955,1.77676773
5125,14,0.49847209,3.72427058
5126,14,0.33850884,5.05705070
5127,14,0.30137911,2.66019750
5128,14,0.37238866,2.87034965
5129,14,0.31747299,3.21503425
5130,14,0.42870051,3.82445002
5131,14,0.31390780,4.09188843
5132,14,0.40112239,3.07768726
5133,14,0.27830833,2.35624552
5134,14,0.39501995,2.76089239
5135,14,0.41943005,2.28146386
5136,14,0.48336005,2.95135856
5137,14,0.40493494,2.45007658
5138,14,0.30366987,2.11330318
5139,14,0.22841489,2.25301051
5140,14,0.24917622,3.43090129
5141,14,0.38636273,2.69965959
5142,14,0.38075817,4.89248943
5143,14,0.27888477,2.64741063
5144,14,0.24851756,1.73304677
5145,14,0.32302645,2.19622159
5146,14,0.39192033,2.59974098
5147,14,0.25017947,2.10200667
5148,14,0.29945242,2.56605196
5149,14,0.42448428,2.14633775
5150,14,0.34684479,3.10707569
5151,14,0.26323637,1.86896586
5152,14,0.26549262,3.30937600
5153,14,0.35093629,3.88299608
5154,14,0.27605808,3.04138899
5155,14,0.31480151,2.03793979
5156,14,0.48534679,3.68666601
5157,14,0.30443054,3.02394319
5158,14,0.39767426,2.27684164
5159,14,0.38043079,2.75899506
5160,14,0.31899709,1.58060586
5161,14,0.24084726,1.88769436
5162,14,0.26089984,2.66337109
5163,14,0.39117312,4.10104799
5164,14,0.40444195,3.60441089
5165,14,0.29083109,2.18628478
5166,14,0.34200063,4.13523340
5167,14,0.41228458,3.80502748
5168,14,0.37676221,2.11709905
5169,14,0.39661497,3.14997339
5170,14,0.34344810,2.52179027
5171,14,0.42561603,3.21899486
5172,14,0.22514315,2.07214856
5173,14,0.24307382,2.07777929
5174,14,0.23551375,2.31596565
5175,14,0.22007895,2.39583683
5176,14,0.37544960,2.14762402
5177,14,0.32437688,2.82898593
5178,14,0.22635221,1.78438950
5179,14,0.41686213,3.16762280
5180,14,0.37753582,2.48780155
5181,14,0.29354438,4.23323917
5182,14,0.29351503,3.54749870
5183,14,0.31669870,4.66683674
5184,14,0.50656515,3.36227798
5185,14,0.29345495,3.11608171
5186,14,0.41295478,3.20723009
5187,14,0.34653795,3.22816300
5188,14,0.35254788,3.00376344
5189,14,0.37651861,3.28779149
5190,14,0.32133514,4.03658199
5191,14,0.35126540,4.64095259
5192,14,0.31502146,2.73434496
5193,14,0.27957118,3.31427884
5194,14,0.26401889,2.22772241
5195,14,0.42077690,5.60926533
5196,14,0.30054426,2.58553672
5197,14,0.30961177,6.06056976
5198,14,0.38802415,2.56003404
5199,14,0.28560811,1.65543580
5200,14,0.32491696,3.36264729
5201,14,0.27846143,2.01789045
5202,14,0.30437189,2.23319769
5203,14,0.34890741,2.87068677
5204,14,0.21255207,2.16598630
5205,14,0.30955890,3.08001471
5206,14,0.57864833,2.70863295
5207,14,0.42335415,3.37331820
5208,14,0.33763129,2.50675154
5209,14,0.23011360,1.75417900
5210,14,0.33485842,3.86049986
5211,14,0.29128936,2.15191603
5212,14,0.36728388,3.27875137
5213,14,0.40708327,3.54570937
5214,14,0.36227190,3.30377722
5215,14,0.24405098,2.04750371
5216,14,0.29433396,2.29862857
5217,14,0.31753367,2.18197989
5218,14,0.33571857,3.40335107
5219,14,0.31664765,2.62775707
5220,14,0.39907402,3.01163864
5221,14,0.33548501,3.84852290
5222,14,0.26455402,1.69087434
5223,14,0.40273425,2.38287520
5224,14,0.41735888,3.48475361
5225,14,0.27002582,2.56742787
5226,14,0.31340510,2.21297455
5227,14,0.29667783,2.91008472
5228,14,0.33482596,2.43428111
5229,14,0.43470606,2.75084329
5230,14,0.34302324,3.23999715
5231,14,0.31993872,4.08813047
5232,14,0.22852449,2.80094385
5233,14,0.26068014,3.66539454
5234,14,0.23820336,3.15453148
5235,14,0.19427180,2.05765605
5236,14,0.35548866,2.55541182
5237,14,0.35523134,2.17965436
5238,14,0.40258092,4.99640894
5239,14,0.27003521,2.92302871
5240,14,0.30395061,3.21445513
5241,14,0.22315671,2.46799684
5242,14,0.40567088,4.69619322
5243,14,0.36499551,2.38419414
5244,14,0.37171179,3.77048540
5245,14,0.31015533,4.42207623
5246,14,0.28704888,3.61962175
5247,14,0.30352867,3.83307552
5248,14,0.23804563,2.26209378
5249,14,0.33631974,2.68752241
5250,14,0.35929459,3.49845409
5251,14,0.30029315,2.09178638
5252,14,0.30791441,3.50176692
5253,14,0.28564844,3.38804793
5254,14,0.42867631,3.05952334
5255,14,0.35363275,5.03015995
5256,14,0.41723773,5.23463392
5257,14,0.29440302,2.20491767
5258,14,0.37760288,2.20187807
5259,14,0.32897520,1.88406253
5260,14,0.14237460,1.46460044
5261,14,0.42123199,3.32388878
5262,14,0.34249723,2.72748804
5263,14,0.38418454,3.76757193
5264,14,0.41418862,3.55923843
5265,14,0.41459551,2.78270221
5266,14,0.35232511,2.08963633
5267,14,0.41954604,3.86458445
5268,14,0.36189193,3.60410309
5269,14,0.46898407,4.10820436
5270,14,0.47553617,4.33551741
5271,14,0.24052840,2.93206406
5272,14,0.40876994,2.84618092
5273,14,0.42757738,3.66791248
5274,14,0.39474645,2.44370294
5275,14,0.34619361,3.21925879
5276,14,0.32210672,2.59173012
5277,14,0.32652700,3.91982818
5278,14,0.44738477,3.52749491
5279,14,0.33248582,4.55983305
5280,14,0.29916349,2.74089527
5281,14,0.33221290,2.71394920
5282,14,0.30706394,2.26446462
5283,14,0.32870942,3.32403803
5284,14,0.39258745,3.91446471
5285,14,0.27459586,2.21534324
5286,14,0.40260473,4.66417646
5287,14,0.39913076,2.36234736
5288,14,0.38197398,3.80954838
5289,14,0.29973257,3.29581976
5290,14,0.31939858,2.83675647
5291,14,0.35903800,2.46514535
5292,14,0.32741714,1.65260768
5293,14,0.38598293,2.94165730
5294,14,0.28720677,2.42319393
5295,14,0.29058582,3.36518836
5296,14,0.28357053,2.19682574
5297,14,0.41565615,3.09932852
5298,14,0.44586623,2.94649601
5299,14,0.30629480,3.85212541
5300,14,0.43242121,3.44294691
5301,14,0.33088738,2.17021561
5302,14,0.22571509,2.61406279
5303,14,0.28807431,1.93075418
5304,14,0.35200453,3.31596303
5305,14,0.38915816,4.94663954
5306,14,0.32122934,3.41745257
5307,14,0.31568611,2.54385829
5308,14,0.25797510,2.17716098
5309,14,0.32021320,4.41012049
5310,14,0.36770153,4.63491964
5311,14,0.27222180,1.78781152
5312,14,0.59354877,3.76897502
5313,14,0.37333846,5.17775631
5314,14,0.34342757,3.86889291
5315,14,0.40663254,2.10525250
5316,14,0.22701859,2.32363796
5317,14,0.26938796,2.47312427
5318,14,0.34663773,2.06177878
5319,14,0.37859774,4.43474674
5320,14,0.35328358,2.33707356
5321,14,0.29688734,1.93655813
5322,14,0.34168243,2.71581411
5323,14,0.33284390,3.74074388
5324,14,0.23371457,2.33054924
5325,14,0.41804045,2.66766047
5326,14,0.30991834,3.51268530
5327,14,0.33457455,2.30668187
5328,14,0.24479392,2.14875460
5329,14,0.42535362,2.91576505
5330,14,0.50327665,3.27300978
5331,14,0.24686711,1.88992333
5332,14,0.38966194,3.08572650
5333,14,0.32113099,3.91899586
5334,14,0.37894937,3.45702267
5335,14,0.29066503,2.72744417
5336,14,0.33011299,2.76548100
5337,14,0.30019134,1.79600728
5338,14,0.37836871,2.30984592
5339,14,0.31150281,2.50136733
5340,14,0.21391040,1.86896622
5341,14,0.36067331,2.22828102
5342,14,0.39567110,2.94399285
5343,14,0.37594151,3.57573986
5344,14,0.29036373,1.80935872
5345,14,0.48251593,4.12144566
5346,14,0.42835966,2.68484020
5347,14,0.38021854,4.56403542
5348,14,0.34691387,2.83583617
5349,14,0.36117309,3.03556943
5350,14,0.45320842,3.13059378
5351,14,0.27897674,4.31234741
5352,14,0.34152901,2.21562862
5353,14,0.40616798,3.85994959
5354,14,0.44608083,3.79779482
5355,14,0.38508749,2.13421035
5356,14,0.21931419,2.84393549
5357,14,0.41563699,2.18621302
5358,14,0.26987529,1.85661495
5359,14,0.28184927,2.09891081
5360,14,0.37967995,2.24374938
5361,14,0.32332581,1.89802349
5362,14,0.38341585,3.59334803
5363,14,0.19727266,1.72144520
5364,14,0.34826216,2.10746956
5365,14,0.25316006,2.08999801
5366,14,0.42645496,4.52118158
5367,14,0.30676365,3.97857380
5368,14,0.38439691,3.99511743
5369,14,0.47083995,2.85247278
5370,14,0.40615469,2.72360873
5371,14,0.23411766,1.58976424
5372,14,0.39316937,2.80816340
5373,14,0.34590751,4.09843779
5374,14,0.52238613,2.80814219
5375,14,0.30636248,2.53242993
5376,14,0.25193268,2.79309821
5377,14,0.38587996,3.91652369
5378,14,0.37406820,2.54128146
5379,14,0.46104613,4.47690535
5380,14,0.35272196,2.01345968
5381,14,0.32892895,1.90492773
5382,14,0.39863160,2.25631881
5383,14,0.29719889,2.76504016
5384,14,0.31327775,2.92201376
5385,14,0.46112579,4.51117611
5386,14,0.32748020,3.02452803
5387,14,0.31308997,3.76188493
5388,14,0.21591389,1.48800254
5389,14,0.37052295,4.33096504
5390,14,0.41095388,4.27151108
5391,14,0.39185944,3.97010612
5392,14,0.36694366,2.53249621
5393,14,0.26281109,2.01100492
5394,14,0.25834206,2.48817515
5395,14,0.34275454,2.83186817
5396,14,0.34778583,3.54933977
5397,14,0.33711225,2.44012141
5398,14,0.25541180,2.21420360
5399,14,0.33071929,1.84182763
5400,14,0.24530496,1.73731589
5401,14,0.25631973,1.66310525
5402,14,0.39653808,2.30658674
5403,14,0.31541246,2.15517402
5404,14,0.37567532,5.05493593
5405,14,0.37637702,inf
5406,14,0.30340704,3.37798524
5407,14,0.38924485,3.81080866
5408,14,0.27914920,2.21192861
5409,14,0.42860949,3.00778532
5410,14,0.35026109,2.13307524
5411,14,0.25940523,1.77911723
5412,14,0.27576190,2.41726637
5413,14,0.32283965,2.83908749
5414,14,0.38461822,3.29821467
5415,14,0.36757919,3.07112765
5416,14,0.38557017,2.25050783
5417,14,0.25822082,3.34446168
5418,14,0.48916999,2.36005569
5419,14,0.36769786,2.64872766
5420,14,0.31499842,2.61707854
5421,14,0.27601424,3.14647341
5422,14,0.37193251,2.80457807
5423,14,0.42593598,2.79445767
5424,14,0.38643610,3.04630351
5425,14,0.48402977,2.47866154
5426,14,0.41533434,2.28192997
5427,14,0.32146466,2.40322518
5428,14,0.36873487,3.12764430
5429,14,0.43200088,2.34555554
5430,14,0.34290710,2.91834450
5431,14,0.30333877,2.95281124
5432,14,0.18496820,1.40586209
5433,14,0.33477876,3.39426112
5434,14,0.38075835,3.69902515
5435,14,0.28965953,3.16243482
5436,14,0.31086984,3.84907961
5437,14,0.25754881,2.80082560
5438,14,0.27748755,2.30341768
5439,14,0.33867931,2.67168236
5440,14,0.27264619,3.06258941
5441,14,0.29764122,3.06762576
5442,14,0.30867869,1.90435553
5443,14,0.24431542,3.35159278
5444,14,0.36577785,3.83515406
5445,14,0.22075653,2.01667690
5446,14,0.29266950,3.08688235
5447,14,0.33517322,2.78553224
5448,14,0.32183042,3.18153501
5449,14,0.42997092,4.43143702
5450,14,0.42997882,2.71299958
5451,14,0.24174155,1.71630669
5452,14,0.33914238,4.24367857
5453,14,0.33524722,3.29072142
5454,14,0.35223413,2.37900186
5455,14,0.30678931,3.88899302
5456,14,0.61570030,4.75992775
5457,14,0.38152575,1.72790039
5458,14,0.30234885,2.96739674
5459,14,0.32763550,3.25020623
5460,14,0.36407793,3.74891710
5461,14,0.18082727,1.42407334
5462,14,0.42259520,3.52880859
5463,14,0.16010723,2.60281253
5464,14,0.36746949,2.52045441
5465,14,0.22519839,3.17356348
5466,14,0.33088970,2.59683752
5467,14,0.23774347,2.22295356
5468,14,0.40168503,2.56154394
5469,14,0.26659033,2.59311533
5470,14,0.39520818,2.02081704
5471,14,0.31391856,2.57043505
5472,14,0.27452812,2.15553260
5473,14,0.33886799,3.32762504
5474,15,0.22572911,2.78796649
5475,15,0.21933259,2.82343102
5476,15,0.18732876,1.81717968
5477,15,0.32508573,2.70450449
5478,15,0.29006189,3.21737289
5479,15,0.25848752,1.66130400
5480,15,0.19955033,1.64570069
5481,15,0.26374882,2.36473989
5482,15,0.33486217,3.39590693
5483,15,0.17440930,2.23012924
5484,15,0.21633591,2.14194679
5485,15,0.25495726,3.17654586
5486,15,0.32166934,3.42602968
5487,15,0.31118980,3.36879253
5488,15,0.31370485,3.24786401
5489,15,0.20325841,1.49630237
5490,15,0.37464339,2.88755918
5491,15,0.48248214,5.72913647
5492,15,0.23290163,3.15832233
5493,15,0.29242229,3.18931508
5494,15,0.29485926,2.97872066
5495,15,0.29035556,3.56589818
5496,15,0.23397210,2.30731559
5497,15,0.32697022,2.92130566
5498,15,0.36299852,3.61432576
5499,15,0.33443785,3.07176232
5500,15,0.31538138,2.63784742
5501,15,0.30648354,3.19939470
5502,15,0.22794206,3.38428092
5503,15,0.19302331,3.19378376
5504,15,0.32476062,3.09671545
5505,15,0.28863940,2.80238008
5506,15,0.29478389,4.03513813
5507,15,0.26068544,2.85622478
5508,15,0.25857708,2.37066293
5509,15,0.24287346,2.56776333
5510,15,0.21454155,2.50522757
5511,15,0.26827365,2.48929501
5512,15,0.16681564,1.95305336
5513,15,0.23162548,3.74356294
5514,15,0.36564893,4.66578722
5515,15,0.32660696,3.42586637
5516,15,0.34404883,2.81710768
5517,15,0.24691053,2.12920952
5518,15,0.26636928,3.90884209
5519,15,0.35051537,2.44185877
5520,15,0.51434124,4.00920296
5521,15,0.25946563,1.72006238
5522,15,0.25219443,2.47558856
5523,15,0.39581054,3.42565846
5524,15,0.45218024,5.74468660
5525,15,0.30464095,3.09235168
5526,15,0.15378076,1.52581942
5527,15,0.25370258,1.27181911
5528,15,0.32424706,3.12685227
5529,15,0.32425439,3.27457428
5530,15,0.32908434,2.68054700
5531,15,0.24719095,2.54591417
5532,15,0.17473844,1.37074292
5533,15,0.40192083,2.86547923
5534,15,0.29386967,5.21485710
5535,15,0.34386161,3.10061216
5536,15,0.50252169,5.13298464
5537,15,0.38179258,4.59825897
5538,15,0.22059724,1.88209009
5539,15,0.41982359,3.24731112
5540,15,0.32976764,2.34699655
5541,15,0.23693487,3.01519608
5542,15,0.37774283,2.52269721
5543,15,0.30364022,2.65061665
5544,15,0.27260923,1.89023471
5545,15,0.31038475,3.00650930
5546,15,0.31378451,2.12851453
5547,15,0.33932567,2.76829600
5548,15,0.22020087,1.28912640
5549,15,0.38363919,1.77050340
5550,15,0.39899427,3.24562001
5551,15,0.46126938,3.06782317
5552,15,0.24941635,3.10548663
5553,15,0.24089210,2.17241240
5554,15,0.28677574,2.25467134
5555,15,0.26680839,2.54386902
5556,15,0.32868683,3.68550992
5557,15,0.21515222,2.46883082
5558,15,0.47308889,4.30993414
5559,15,0.33360609,2.72998381
5560,15,0.32702217,2.54725623
5561,15,0.35555854,4.24041700
5562,15,0.28594190,3.94426727
5563,15,0.39582068,2.27674675
5564,15,0.26028579,1.60779047
5565,15,0.34219331,3.41418195
5566,15,0.26960638,2.92241406
5567,15,0.28320760,2.57740617
5568,15,0.25122055,1.62042212
5569,15,0.51224494,4.56107092
5570,15,0.28062907,3.30519843
5571,15,0.25508308,2.45202875
5572,15,0.36470875,2.90076566
5573,15,0.40922368,4.13338423
5574,15,0.30247927,3.02492452
5575,15,0.19398221,2.51970935
5576,15,0.30055451,3.46657324
5577,15,0.27715236,2.46813726
5578,15,0.30754405,1.97711217
5579,15,0.36633217,2.93092537
5580,15,0.25160074,2.03542900
5581,15,0.34335515,2.37130308
5582,15,0.20556149,2.56540060
5583,15,0.22626801,1.51882529
5584,15,0.39220339,2.64430809
5585,15,0.30475217,2.88507032
5586,15,0.31027207,2.73449063
5587,15,0.42956716,4.01559353
5588,15,0.19654042,2.51296711
5589,15,0.39240190,2.28221297
5590,15,0.27235419,2.49592853
5591,15,0.28028494,2.38201499
5592,15,0.27320367,2.72094440
5593,15,0.30466390,3.58973145
5594,15,0.25030163,1.58479130
5595,15,0.18552983,2.12160778
5596,15,0.25696984,3.27571082
5597,15,0.37535924,3.17373037
5598,15,0.31597751,3.73104239
5599,15,0.40223062,3.47772741
5600,15,0.29314458,2.27501774
5601,15,0.40199602,3.12420154
5602,15,0.32845587,3.86122775
5603,15,0.35674644,3.03193355
5604,15,0.29625258,2.30852866
5605,15,0.23876026,3.00378442
5606,15,0.35087532,3.43907261
5607,15,0.41087347,3.47757053
5608,15,0.20328228,4.21090651
5609,15,0.29261547,3.08271933
5610,15,0.29340273,3.28424931
5611,15,0.21107703,1.92036092
5612,15,0.33254409,3.22846818
5613,15,0.35580167,2.44208598
5614,15,0.30064958,2.39012814
5615,15,0.30003104,2.37805200
5616,15,0.28250173,1.95289350
5617,15,0.21672747,1.88412416
5618,15,0.30605906,3.67476845
5619,15,0.30552807,2.70995259
5620,15,0.37999022,3.55652523
5621,15,0.33998123,4.21438789
5622,15,0.24182031,2.26831031
5623,15,0.24844839,1.89990759
5624,15,0.39113820,4.31286860
5625,15,0.21717930,2.81644773
5626,15,0.32220387,3.10594416
5627,15,0.28038746,3.06847429
5628,15,0.33796006,2.57680559
5629,15,0.24764338,1.81494939
5630,15,0.28146118,2.37123513
5631,15,0.38163418,3.23632860
5632,15,0.30505180,2.92181945
5633,15,0.36691821,5.02366400
5634,15,0.34382591,2.97676444
5635,15,0.22902909,1.61252260
5636,15,0.29777580,2.61693740
5637,15,0.36271417,5.39585733
5638,15,0.31547171,2.77462959
5639,15,0.36593971,3.31483650
5640,15,0.27601740,3.20261312
5641,15,0.28542364,2.58220625
5642,15,0.31312886,2.28554773
5643,15,0.35911435,4.48102045
5644,15,0.36605370,3.20106053
5645,15,0.22595307,1.76937366
5646,15,0.16560182,1.40752351
5647,15,0.36154440,4.91433144
5648,15,0.35057813,2.97995090
5649,15,0.33950430,2.11536050
5650,15,0.29764074,2.99426770
5651,15,0.23028275,2.33041668
5652,15,0.38937068,3.50398731
5653,15,0.32691896,4.00099134
5654,15,0.47856367,5.04902458
5655,15,0.27397764,3.04783106
5656,15,0.29288295,3.72585249
5657,15,0.25467685,2.49588895
5658,15,0.36876869,3.70511508
5659,15,0.23888114,2.14705420
5660,15,0.32456338,2.54968596
5661,15,0.31569150,2.62565160
5662,15,0.24272993,2.14757204
5663,15,0.34370589,2.16681361
5664,15,0.24969697,2.25365829
5665,15,0.27777621,1.93646598
5666,15,0.25488141,3.21175361
5667,15,0.33725902,2.63229728
5668,15,0.24892880,3.09657025
5669,15,0.40780085,2.72329307
5670,15,0.37037995,2.90695477
5671,15,0.32951912,2.93911171
5672,15,0.41811341,5.36131954
5673,15,0.30044997,3.09832025
5674,15,0.37609893,3.51620531
5675,15,0.27594694,3.05144906
5676,15,0.30393013,3.00076008
5677,15,0.31240860,3.58840656
5678,15,0.16225901,1.39184523
5679,15,0.33329636,2.59370065
5680,15,0.40587151,3.71108127
5681,15,0.21623541,1.73954093
5682,15,0.35450727,3.23765016
5683,15,0.31354457,2.82168341
5684,15,0.39773929,1.61851501
5685,15,0.30387753,3.33972573
5686,15,0.20011415,1.73317325
5687,15,0.22943059,1.99795032
5688,15,0.27425197,2.35689259
5689,15,0.34464705,2.70624137
5690,15,0.32951486,3.68876481
5691,15,0.36237338,4.59669352
5692,15,0.30058146,2.76515365
5693,15,0.30901313,3.11545682
5694,15,0.29766604,2.43354321
5695,15,0.20204690,2.39027643
5696,15,0.18820564,1.84539533
5697,15,0.31245977,2.40989351
5698,15,0.20542830,1.87785339
5699,15,0.32810554,2.11848092
5700,15,0.23722370,2.70192933
5701,15,0.30115187,2.42824650
5702,15,0.28579718,1.97859502
5703,15,0.33498743,3.19217706
5704,15,0.39966887,3.34804845
5705,15,0.31726471,2.93834949
5706,15,0.34548289,2.08970046
5707,15,0.26780292,3.00339174
5708,15,0.39746144,2.84356380
5709,15,0.25135088,3.30185509
5710,15,0.28656930,3.36259913
5711,15,0.24621296,1.54912353
5712,15,0.40167445,4.65492535
5713,15,0.39766905,2.74398494
5714,15,0.34537995,2.34302950
5715,15,0.34716266,3.44594741
5716,15,0.39283636,4.06161928
5717,15,0.40433565,2.57053185
5718,15,0.27214459,2.59212875
5719,15,0.29693216,2.53583694
5720,15,0.17218585,3.53785467
5721,15,0.33686665,2.83176064
5722,15,0.39294401,3.81187749
5723,15,0.35156560,4.16065073
5724,15,0.23382461,2.59314370
5725,15,0.22586511,1.41853368
5726,15,0.21527766,2.06609845
5727,15,0.19339317,2.39526582
5728,15,0.25946486,2.45062733
5729,15,0.40267456,2.90325856
5730,15,0.42761809,3.80816698
5731,15,0.27056107,2.43679023
5732,15,0.32403189,3.03763175
5733,15,0.27549422,2.17486644
5734,15,0.34126759,2.93716431
5735,15,0.37203759,2.83523083
5736,15,0.28449696,2.32219648
5737,15,0.41149318,3.40519738
5738,15,0.26336932,2.23026395
5739,15,0.22027445,2.82238555
5740,15,0.39555329,2.72571969
5741,15,0.21441931,2.82437396
5742,15,0.30581319,3.27948809
5743,15,0.25486514,3.38523126
5744,15,0.32728088,2.89247847
5745,15,0.21653578,2.41047621
5746,15,0.37953007,4.17517614
5747,15,0.42992187,2.58487582
5748,15,0.31845501,2.90466547
5749,15,0.36249429,2.82904792
5750,15,0.27932340,1.90906572
5751,15,0.38525915,2.96666121
5752,15,0.36747926,3.37536788
5753,15,0.26886284,2.24586964
5754,15,0.40466934,4.40698051
5755,15,0.31895748,3.90736127
5756,15,0.22628896,1.83236456
5757,15,0.34654841,2.18095541
5758,15,0.34258997,4.78363991
5759,15,0.28324097,1.96500862
5760,15,0.43936694,3.33304858
5761,15,0.37144384,2.26916361
5762,15,0.48432398,2.70292902
5763,15,0.34170526,2.70671630
5764,15,0.35673660,1.98591876
5765,15,0.37604246,2.99320412
5766,15,0.45349336,3.13108182
5767,15,0.40019655,3.16913152
5768,15,0.44086003,3.13215566
5769,15,0.43796936,4.08762026
5770,15,0.42823291,2.82004833
5771,15,0.31105980,2.09965730
5772,15,0.29379395,2.16257668
5773,15,0.27813560,2.21767569
5774,15,0.30822307,2.17171884
5775,15,0.44273311,2.62274313
5776,15,0.30308336,2.23008943
5777,15,0.34240982,2.43377566
5778,15,0.30282861,2.59231591
5779,15,0.29250202,1.61705124
5780,15,0.28954372,3.39513516
5781,15,0.51977211,2.70523500
5782,15,0.38399822,2.45557976
5783,15,0.24491350,2.57061958
5784,15,0.37468892,2.38606167
5785,15,0.44018388,3.14810228
5786,15,0.31545761,3.23750234
5787,15,0.30215842,2.13491583
5788,15,0.25422990,1.85616910
5789,15,0.19151634,1.76967466
5790,15,0.21094328,2.05890727
5791,15,0.35059693,1.80653799
5792,15,0.30291170,2.79764366
5793,15,0.31429726,3.37873483
5794,15,0.30142996,2.42427588
5795,15,0.27752382,1.88536692
5796,15,0.23765424,2.01517344
5797,15,0.39683282,2.98924184
5798,15,0.32655665,2.36352491
5799,15,0.21668109,2.66115355
5800,15,0.35534188,4.20179939
5801,15,0.38498679,5.13043165
5802,15,0.30796379,3.37736320
5803,15,0.22388887,2.28936458
5804,15,0.30313873,3.04147458
5805,15,0.31472543,2.16770315
5806,15,0.38889486,2.40500760
5807,15,0.27099663,2.55573153
5808,15,0.31103343,2.17626619
5809,15,0.32964146,2.49225521
5810,15,0.21031937,1.95099843
5811,15,0.38063967,2.30274463
5812,15,0.26170135,1.84318280
5813,15,0.34129471,2.58398366
5814,15,0.49260777,3.14850473
5815,15,0.17262122,2.80306721
5816,15,0.28988522,1.87884903
5817,15,0.20416082,2.84885621
5818,15,0.26354527,2.79125571
5819,15,0.30963442,2.25854182
5820,15,0.30974653,3.24418402
5821,15,0.37184519,1.97664011
5822,15,0.23307566,1.40310431
5823,15,0.34233722,2.18677926
5824,15,0.40787154,5.62949705
5825,15,0.41849211,3.32882333
5826,15,0.30126387,2.57803249
5827,15,0.26694298,1.72467637
5828,15,0.37432897,3.07129574
5829,15,0.52294350,3.97297788
5830,15,0.29772681,3.10450864
5831,15,0.30597442,2.60350275
5832,15,0.42665255,2.36968565
5833,15,0.30384061,3.05107784
5834,15,0.29638517,2.78495669
5835,15,0.48287851,2.90486836
5836,15,0.25116193,2.93427849
5837,15,0.44649845,2.47126102
5838,15,0.19765589,1.90900469
5839,15,0.35235220,2.48382640
5840,15,0.28668582,2.19389224
5841,15,0.31700686,2.68690562
5842,15,0.34399596,2.88989305
5843,15,0.23766413,2.52279711
5844,15,0.34330231,3.01642585
5845,15,0.22431844,3.24603963
5846,15,0.28061312,1.73412025
5847,15,0.32215056,2.55769157
5848,15,0.27083588,3.10088587
5849,15,0.33719984,2.11150002
5850,15,0.23650344,4.35194063
5851,15,0.28668299,3.45687246
5852,15,0.41789779,3.30342579
5853,15,0.24830502,1.90665603
5854,15,0.24070793,2.07418394
5855,15,0.37086141,3.48605490
5856,15,0.30035686,2.71792865
5857,15,0.46774048,3.32690096
5858,15,0.30769116,3.26108503
5859,15,0.28094029,1.92263544
5860,15,0.16663705,0.97907317
5861,15,0.30371565,2.08354068
5862,15,0.30649024,3.05363512
5863,15,0.38976103,2.64779329
5864,15,0.34305033,3.57141542
5865,16,0.26958674,1.76906312
5866,16,0.32916474,3.94549942
5867,16,0.39504158,4.45435095
5868,16,0.28275830,2.52529359
5869,16,0.27252865,2.68522787
5870,16,0.35786366,4.09309912
5871,16,0.42307964,3.08577251
5872,16,0.30952421,3.76125765
5873,16,0.33122122,2.90058970
5874,16,0.27193317,2.57977223
5875,16,0.31616399,2.76962781
5876,16,0.28152069,3.21182466
5877,16,0.30494043,2.66580129
5878,16,0.35373607,2.36806774
5879,16,0.29201740,2.53878379
5880,16,0.14578667,1.51594281
5881,16,0.41259566,2.57887769
5882,16,0.28406134,2.76020765
5883,16,0.27214453,2.04552722
5884,16,0.24545178,2.69446301
5885,16,0.34387213,3.52341509
5886,16,0.37403959,2.28440356
5887,16,0.23421389,1.75313687
5888,16,0.19167109,1.47707510
5889,16,0.21198751,2.38827872
5890,16,0.18178716,1.71663618
5891,16,0.33459505,2.19993734
5892,16,0.24977303,1.86980999
5893,16,0.50179482,2.73124027
5894,16,0.38238418,3.68591595
5895,16,0.21201545,2.62574601
5896,16,0.39862561,2.67659664
5897,16,0.17949030,1.82823634
5898,16,0.33067027,2.89787555
5899,16,0.41432363,3.22272062
5900,16,0.22180203,2.66931558
5901,16,0.26969817,2.17518616
5902,16,0.23013787,2.82541418
5903,16,0.24789903,2.33317852
5904,16,0.37030518,3.86281133
5905,16,0.27045825,2.29131365
5906,16,0.27245808,2.53689861
5907,16,0.33992887,3.78132033
5908,16,0.24850449,2.07215309
5909,16,0.19141439,2.22952151
5910,16,0.25353974,3.42461061
5911,16,0.16537224,1.74015665
5912,16,0.21866810,1.66733015
5913,16,0.22015840,1.77949345
5914,16,0.44456762,3.46300554
5915,16,0.37497514,3.17683840
5916,16,0.21950863,2.50393748
5917,16,0.27268931,2.42376685
5918,16,0.34444422,3.10907197
5919,16,0.36973524,3.12249041
5920,16,0.19516373,2.41016197
5921,16,0.29627097,3.16721129
5922,16,0.16818707,2.25683975
5923,16,0.26058394,2.64101267
5924,16,0.39887816,2.88656735
5925,16,0.24543667,4.04474974
5926,16,0.30557409,2.45852089
5927,16,0.32565790,6.23731899
5928,16,0.29591554,6.81563902
5929,16,0.22612639,2.45221353
5930,16,0.34188032,4.11366606
5931,16,0.38127691,4.16541481
5932,16,0.14637947,2.78983665
5933,16,0.38090444,4.23675728
5934,16,0.28038135,1.99091494
5935,16,0.29855040,3.29847193
5936,16,0.36047453,3.83555222
5937,16,0.23022884,3.02322841
5938,16,0.27440488,2.42842269
5939,16,0.37453538,4.14617634
5940,16,0.30687574,2.77962518
5941,16,0.30699006,2.27028751
5942,16,0.31965196,3.49213195
5943,16,0.34561914,3.94527888
5944,16,0.16733997,1.66399980
5945,16,0.24254221,2.13096285
5946,16,0.20472886,2.33450007
5947,16,0.32736135,3.65227532
5948,16,0.21789369,3.46616507
5949,16,0.35730392,2.45857406
5950,16,0.37934759,2.82874393
5951,16,0.29313952,2.70411110
5952,16,0.38622856,5.21522236
5953,16,0.29613549,2.31712627
5954,16,0.20753017,2.39884663
5955,16,0.28943807,2.38200545
5956,16,0.31617656,2.62745523
5957,16,0.44506449,3.78862286
5958,16,0.29806685,2.74298286
5959,16,0.14424776,1.90581644
5960,16,0.26417398,2.44045997
5961,16,0.39482766,4.92517138
5962,16,0.38041103,4.37075758
5963,16,0.20388705,2.70434475
5964,16,0.29667926,4.29836893
5965,16,0.23411860,2.42863369
5966,16,0.27403325,3.17661309
5967,16,0.34645301,2.43163872
5968,16,0.21524516,1.86442196
5969,16,0.36176932,4.14425993
5970,16,0.34289449,3.25317526
5971,16,0.23954974,2.42384267
5972,16,0.34358054,2.26280165
5973,16,0.29924366,3.10962152
5974,16,0.33839497,3.00494194
5975,16,0.16993316,1.99634933
5976,16,0.33663774,2.65811825
5977,16,0.31920624,3.71981239
5978,16,0.19421355,1.53281617
5979,16,0.23603161,2.45166254
5980,16,0.36135107,3.07074881
5981,16,0.24815208,2.42732000
5982,16,0.40196195,3.07111979
5983,16,0.27371275,5.86254787
5984,16,0.26535702,2.70528364
5985,16,0.42004269,2.51349306
5986,16,0.22958207,2.41863084
5987,16,0.28639412,3.05975938
5988,16,0.31237942,2.39380360
5989,16,0.30050826,2.78421593
5990,16,0.32333636,3.53724456
5991,16,0.25503421,3.07830262
5992,16,0.35883158,3.80801344
5993,16,0.22549608,2.03384399
5994,16,0.27211460,2.62731481
5995,16,0.26646662,3.80425787
5996,16,0.32880113,2.17873931
5997,16,0.38270980,2.70302629
5998,16,0.42366296,2.94609523
5999,16,0.21965460,2.42269540
6000,16,0.18417390,1.60838604
6001,16,0.23707959,2.17038798
6002,16,0.23512675,2.31434250
6003,16,0.29009739,2.12722039
6004,16,0.23184632,2.28858614
6005,16,0.28330538,2.29236865
6006,16,0.24690880,2.83942127
6007,16,0.21856546,2.37653065
6008,16,0.41279697,3.41823554
6009,16,0.22992244,1.99428225
6010,16,0.32045406,1.75080872
6011,16,0.26315817,2.55850577
6012,16,0.37750936,2.65189123
6013,16,0.40910977,3.06972980
6014,16,0.43295598,3.15214133
6015,16,0.28858212,1.80679274
6016,16,0.31977421,2.43083453
6017,16,0.46234667,4.65992832
6018,16,0.25297242,2.68644309
6019,16,0.22749418,2.76206398
6020,16,0.29679981,2.12822151
6021,16,0.32624719,3.14192867
6022,16,0.28732830,2.15422440
6023,16,0.27427480,2.12245369
6024,16,0.39428183,3.19589090
6025,16,0.25544539,2.52343559
6026,16,0.29838109,3.47310328
6027,16,0.25149965,2.52740693
6028,16,0.28781018,2.86602688
6029,16,0.18821812,1.47494423
6030,16,0.24541146,1.63506186
6031,16,0.28485259,2.81927109
6032,16,0.23054922,2.49469423
6033,16,0.33808249,2.80052447
6034,16,0.43403989,3.67825460
6035,16,0.28753492,2.81504154
6036,16,0.22389844,5.29433823
6037,16,0.23481429,2.35069346
6038,16,0.36303324,3.35301065
6039,16,0.30979830,2.21690965
6040,16,0.29434073,2.55195713
6041,16,0.29836938,1.72910964
6042,16,0.30424994,3.54949236
6043,16,0.36843985,3.71513772
6044,16,0.24763079,3.59785628
6045,16,0.30346897,2.74965596
6046,16,0.34830093,3.04569435
6047,16,0.41450351,6.19999647
6048,16,0.46315777,4.16880608
6049,16,0.17602378,1.63360882
6050,16,0.20724271,2.61545491
6051,16,0.35477173,4.27086020
6052,16,0.33974057,2.19958234
6053,16,0.29081601,3.73993659
6054,16,0.18528393,2.64766669
6055,16,0.17973477,3.10100603
6056,16,0.34590173,2.74747872
6057,16,0.29712415,2.40945959
6058,16,0.33562663,4.07360697
6059,16,0.28917611,1.78504384
6060,16,0.28376034,2.85743570
6061,16,0.41576493,4.88457155
6062,16,0.40295383,3.96257877
6063,16,0.33168930,2.70830464
6064,16,0.27165836,2.17616320
6065,16,0.25750974,2.51858306
6066,16,0.32468504,2.80134749
6067,16,0.34949249,2.81749105
6068,16,0.22878858,1.72515953
6069,16,0.53296721,3.71910429
6070,16,0.37081593,2.72248530
6071,16,0.33426911,4.08054876
6072,16,0.32523718,2.46546888
6073,16,0.35828659,2.43571162
6074,16,0.29364687,2.49842310
6075,16,0.28525758,2.55986619
6076,16,0.29607230,2.68171811
6077,16,0.28020960,2.38761520
6078,16,0.40904886,3.66221905
6079,16,0.26868054,2.01668811
6080,16,0.23949702,2.18995070
6081,16,0.28134626,1.97781849
6082,16,0.36715561,2.61997390
6083,16,0.43544418,4.40378523
6084,16,0.41775256,2.56985760
6085,16,0.27244163,1.93585682
6086,16,0.26543510,1.70847774
6087,16,0.41029412,3.92519116
6088,16,0.28939325,1.80571830
6089,16,0.28683251,2.00605297
6090,16,0.23864900,1.97993672
6091,16,0.40092409,2.27596641
6092,16,0.37492824,2.59639907
6093,16,0.37580937,2.52744937
6094,16,0.31202823,2.52496290
6095,16,0.41246414,2.57582951
6096,16,0.29607406,1.70119810
6097,16,0.33409986,2.30848169
6098,16,0.28868964,2.11174083
6099,16,0.20808828,2.34551954
6100,16,0.35037985,2.16487217
6101,16,0.37447912,4.08502388
6102,16,0.21992710,1.62738097
6103,16,0.37439269,2.65416002
6104,16,0.30461401,2.83521318
6105,16,0.40378502,2.42392612
6106,16,0.31467164,2.44035149
6107,16,0.20175093,1.76165307
6108,16,0.33959311,4.29104996
6109,16,0.31483644,2.49507475
6110,16,0.27826881,2.23077798
6111,16,0.20643830,2.22178721
6112,16,0.22241931,2.62846208
6113,16,0.18331218,1.88390863
6114,16,0.37146771,3.03511500
6115,16,0.34041488,2.84624314
6116,16,0.26999328,2.85391116
6117,16,0.29595754,2.81086135
6118,16,0.21112336,1.76216316
6119,16,0.16571051,1.94224393
6120,16,0.30464670,4.70452070
6121,16,0.30584419,2.49852872
6122,16,0.27131793,2.92418504
6123,16,0.35247836,3.51377392
6124,16,0.30562457,3.34410214
6125,16,0.37974325,3.06127977
6126,16,0.25530767,2.92215347
6127,16,0.35959333,3.69854403
6128,16,0.25574148,2.11638451
6129,16,0.26899275,3.16192222
6130,16,0.24074344,3.11777592
6131,16,0.25770122,1.81871855
6132,16,0.27682316,2.27833486
6133,16,0.31368023,3.14118099
6134,16,0.26693338,2.65542650
6135,16,0.48984498,3.77840185
6136,16,0.28681621,2.44447351
6137,16,0.37506402,3.04359198
6138,16,0.30717617,2.46307278
6139,16,0.29128367,1.76324284
6140,16,0.32480872,3.14395690
6141,16,0.25106072,2.64402485
6142,16,0.32895476,3.05021048
6143,16,0.20580015,1.82260299
6144,16,0.20487297,2.02809405
6145,16,0.24685949,2.13786626
6146,16,0.22543937,2.18185163
6147,16,0.37586746,3.11282539
6148,16,0.27485925,2.53919530
6149,16,0.18608704,1.82203388
6150,16,0.22762068,2.70130301
6151,16,0.29995018,2.74693370
6152,16,0.25871292,2.73645735
6153,16,0.22640358,1.94976807
6154,16,0.46535301,5.35134172
6155,16,0.23627266,2.25067425
6156,16,0.22936599,2.21340537
6157,16,0.33082575,2.49836636
6158,16,0.22914864,2.10558701
6159,16,0.17489815,1.78868008
6160,16,0.31706613,3.28526330
6161,16,0.32916272,2.28121066
6162,16,0.24102396,2.31335187
6163,16,0.26656100,2.70157290
6164,16,0.28083515,2.71867561
6165,16,0.28379840,2.83596849
6166,16,0.43624616,4.95799208
6167,16,0.36566478,2.79802966
6168,16,0.41040683,3.62911105
6169,16,0.40768653,3.10425305
6170,16,0.27017415,2.45739174
6171,16,0.38669318,2.73394275
6172,16,0.29117000,2.98555827
6173,16,0.34592819,4.72520542
6174,16,0.25570980,2.45493293
6175,16,0.28748953,2.77090430
6176,16,0.33940810,3.36514902
6177,16,0.37837040,3.17365718
6178,16,0.39326572,2.91341615
6179,16,0.34599623,2.71922398
6180,16,0.37071276,3.89636970
6181,16,0.26605088,3.59851265
6182,16,0.37661123,3.04812717
6183,16,0.23816726,2.12222743
6184,16,0.25914848,2.55516696
6185,16,0.33090734,2.28916287
6186,16,0.26704383,3.26708460
6187,16,0.22985625,2.47351694
6188,16,0.28491583,3.45520973
6189,16,0.27751291,3.48517132
6190,16,0.33704478,2.48237085
6191,16,0.24096112,2.36079311
6192,16,0.27405822,2.85003924
6193,16,0.27157700,2.69812536
6194,16,0.33100694,2.70246220
6195,16,0.33936054,2.43648958
6196,16,0.31426784,3.06223702
6197,16,0.24104740,1.89112616
6198,16,0.29926234,3.25600886
6199,16,0.33988288,2.25828481
6200,16,0.27777356,2.02745748
6201,16,0.15930587,1.48182392
6202,16,0.27103519,1.87152886
6203,16,0.38382074,2.48954010
6204,16,0.31543145,3.07388687
6205,16,0.32197511,3.33458090
6206,16,0.25684649,2.28374910
6207,16,0.41864574,4.39343882
6208,16,0.31594047,2.82643533
6209,16,0.24349700,1.89413309
6210,16,0.29178026,1.77778029
6211,16,0.18850587,1.45820546
6212,16,0.30124658,2.96416569
6213,16,0.29469329,3.37439394
6214,16,0.26719335,1.77462792
6215,16,0.43465185,4.18567801
6216,16,0.30386412,1.64291334
6217,16,0.35227853,2.73128819
6218,16,0.19289765,1.48129439
6219,16,0.28244841,1.80999601
6220,16,0.31559211,3.30728674
6221,16,0.28237066,2.16227412
6222,16,0.20919529,1.48580754
6223,16,0.32804385,2.94513416
6224,16,0.25856638,3.05471826
6225,16,0.24398300,2.44359851
6226,16,0.27943265,3.32508159
6227,16,0.30926365,2.35685563
6228,16,0.23622148,2.49584579
6229,16,0.35855401,1.93706143
6230,16,0.32969025,3.36217451
6231,16,0.29233858,2.14383507
6232,16,0.29978460,4.15728140
6233,16,0.46097845,4.05219936
6234,16,0.39701998,3.12047982
6235,16,0.18325104,1.46295071
6236,16,0.17535925,1.90884495
6237,16,0.29830638,2.45773840
6238,16,0.30585542,1.88774061
6239,16,0.22518001,1.41185284
6240,16,0.28000209,2.41627550
6241,16,0.18349656,1.81944644
6242,16,0.29906181,3.26789761
6243,16,0.31363511,2.17160058
6244,16,0.24931110,3.10940051
6245,16,0.31124783,2.19263434
6246,16,0.26772249,2.25006390
6247,16,0.36625791,3.01266837
6248,16,0.29131657,2.67019200
6249,16,0.35842112,3.76689029
6250,16,0.26405457,3.14031458
6251,16,0.25385129,3.07614398
6252,16,0.32895064,2.13380885
6253,16,0.23486230,3.87754202
6254,16,0.32927811,3.83344626
6255,16,0.27756140,3.67138386
6256,17,0.34438613,3.54862833
6257,17,0.25829616,2.45139408
6258,17,0.27073127,2.83156085
6259,17,0.32521653,3.24389935
6260,17,0.37789690,4.03608036
6261,17,0.25990281,2.66393352
6262,17,0.18941475,2.27513671
6263,17,0.32650498,2.84683800
6264,17,0.30993724,3.87704921
6265,17,0.23124573,2.17732358
6266,17,0.23676451,3.06753254
6267,17,0.27403262,2.85984564
6268,17,0.30553091,2.06836486
6269,17,0.24609286,3.34632659
6270,17,0.25882217,2.33512497
6271,17,0.27375260,2.68515849
6272,17,0.27765137,2.72179532
6273,17,0.31129062,3.61129689
6274,17,0.41501170,5.77550793
6275,17,0.34166554,2.61076617
6276,17,0.20431364,2.49941421
6277,17,0.31235582,3.70042825
6278,17,0.34365016,5.87646055
6279,17,0.20479792,2.80582380
6280,17,0.18025303,1.88648200
6281,17,0.23464921,2.20739341
6282,17,0.25517392,1.94320679
6283,17,0.33501709,4.75597906
6284,17,0.28824016,3.35436916
6285,17,0.32123265,3.11848783
6286,17,0.25247359,2.44374228
6287,17,0.18036178,2.05649376
6288,17,0.29457569,2.55806804
6289,17,0.35555351,3.79960251
6290,17,0.19176933,1.87230396
6291,17,0.38728571,4.88658237
6292,17,0.30541581,3.07132125
6293,17,0.24258885,3.16075683
6294,17,0.38192877,3.72028756
6295,17,0.23086444,2.96573210
6296,17,0.38436258,3.75639176
6297,17,0.25427812,2.45046735
6298,17,0.19723004,2.41598940
6299,17,0.29746664,2.13285017
6300,17,0.30345178,2.58789825
6301,17,0.41537192,4.05923080
6302,17,0.52189457,4.67473745
6303,17,0.42773145,4.49061918
6304,17,0.33825412,2.12686229
6305,17,0.25806406,3.33263779
6306,17,0.14679904,1.53840935
6307,17,0.20889354,2.35776758
6308,17,0.21063262,1.89969683
6309,17,0.28352830,3.40544796
6310,17,0.37951866,2.08070302
6311,17,0.23977937,3.16439891
6312,17,0.31826332,4.28342867
6313,17,0.20907374,2.81392956
6314,17,0.29250836,3.56706262
6315,17,0.28047150,3.34170723
6316,17,0.19009539,1.91690516
6317,17,0.29856944,2.61428404
6318,17,0.37827134,3.04732966
6319,17,0.33169386,2.88552284
6320,17,0.34748992,2.88465381
6321,17,0.24100140,2.43359780
6322,17,0.38676906,3.91413689
6323,17,0.22067928,3.18418694
6324,17,0.32519573,2.18882775
6325,17,0.26256186,2.77180648
6326,17,0.31459674,3.90587091
6327,17,0.37820593,2.84327984
6328,17,0.45773986,3.74850059
6329,17,0.16352753,2.35616231
6330,17,0.25291061,1.76298523
6331,17,0.31883889,5.14710426
6332,17,0.39443207,3.34250331
6333,17,0.23843317,1.75418186
6334,17,0.30070594,3.31276488
6335,17,0.34482598,2.75814104
6336,17,0.28169543,2.61765695
6337,17,0.12026635,1.89204395
6338,17,0.32363722,3.48141074
6339,17,0.32482097,2.68948102
6340,17,0.35701889,2.56936693
6341,17,0.29379505,2.79184055
6342,17,0.32282400,3.02192211
6343,17,0.25049278,2.66196179
6344,17,0.31034708,3.10920238
6345,17,0.41419500,2.75059390
6346,17,0.37919694,3.68665171
6347,17,0.39899528,2.91972351
6348,17,0.24501349,2.47186232
6349,17,0.32143858,2.85511899
6350,17,0.23241854,2.05138850
6351,17,0.21179911,2.53109002
6352,17,0.36225682,3.18869638
6353,17,0.44274426,4.21387291
6354,17,0.19553338,2.15925288
6355,17,0.35670635,2.03733778
6356,17,0.17945260,1.46688068
6357,17,0.28384638,3.19805574
6358,17,0.23818216,2.50042963
6359,17,0.32865375,2.34075189
6360,17,0.31676638,2.62534404
6361,17,0.30148846,3.35709095
6362,17,0.28480518,2.74063253
6363,17,0.28144714,1.84475398
6364,17,0.29461163,2.37947273
6365,17,0.22876817,1.59986496
6366,17,0.23092774,1.94398797
6367,17,0.21024677,2.12998891
6368,17,0.32082650,2.80064106
6369,17,0.17207201,1.86389673
6370,17,0.30167255,2.60676241
6371,17,0.24990487,2.56142950
6372,17,0.19840983,1.85164964
6373,17,0.25315237,2.47843695
6374,17,0.29142886,1.80617809
6375,17,0.26911286,2.35314488
6376,17,0.25534552,1.99930787
6377,17,0.32267511,3.62916899
6378,17,0.28423873,2.41266656
6379,17,0.37543735,2.52223444
6380,17,0.23404032,2.17804313
6381,17,0.27436370,1.98860145
6382,17,0.38752457,2.98786116
6383,17,0.14913958,2.41469073
6384,17,0.21068390,2.81798196
6385,17,0.25777826,2.28034782
6386,17,0.41405135,2.50515437
6387,17,0.28595561,2.98968792
6388,17,0.30991265,2.63409591
6389,17,0.26372206,2.32297993
6390,17,0.32856238,3.83911681
6391,17,0.21457303,2.57860041
6392,17,0.21026176,2.32014227
6393,17,0.14276436,2.30760312
6394,17,0.27672923,1.89903820
6395,17,0.15725490,1.74125588
6396,17,0.22581902,2.42182279
6397,17,0.23198956,2.51762509
6398,17,0.15142789,1.43061328
6399,17,0.28478146,5.14829302
6400,17,0.38758948,2.69742894
6401,17,0.30951428,2.36859179
6402,17,0.20431568,2.09133482
6403,17,0.28399450,1.93044508
6404,17,0.27026960,1.99602437
6405,17,0.29920927,4.07082415
6406,17,0.21777858,2.51431108
6407,17,0.28011474,2.84602308
6408,17,0.39968973,2.44879484
6409,17,0.22928318,2.11518550
6410,17,0.25714290,2.03893447
6411,17,0.26974478,2.59948397
6412,17,0.25306144,3.66816640
6413,17,0.32940441,2.15296650
6414,17,0.25840238,2.63613844
6415,17,0.23853186,1.76864314
6416,17,0.16662830,1.45839286
6417,17,0.33494830,5.67337561
6418,17,0.31780910,3.05157089
6419,17,0.26485842,2.63960671
6420,17,0.27097058,3.64922452
6421,17,0.36366305,3.89094138
6422,17,0.27966982,3.51083064
6423,17,0.30043530,2.90501547
6424,17,0.26249391,4.40886497
6425,17,0.21896063,1.87732017
6426,17,0.15775058,1.24160242
6427,17,0.30998039,2.74032688
6428,17,0.42187291,4.52858114
6429,17,0.36374316,2.17272472
6430,17,0.21937360,2.19663167
6431,17,0.24772835,2.17974949
6432,17,0.32654104,4.10849237
6433,17,0.22504775,2.25890946
6434,17,0.16870154,2.17257977
6435,17,0.36903179,3.05558205
6436,17,0.18838674,2.56418991
6437,17,0.26980537,2.31965303
6438,17,0.29928923,3.48665142
6439,17,0.29204983,3.07053256
6440,17,0.27587041,3.11869550
6441,17,0.35401735,2.71996593
6442,17,0.26934204,2.59003067
6443,17,0.20450765,2.13015771
6444,17,0.23244540,2.00279093
6445,17,0.31511283,3.22834325
6446,17,0.22308666,3.20587611
6447,17,0.25280088,3.81189609
6448,17,0.39231771,2.56584859
6449,17,0.30073768,2.69286466
6450,17,0.28621542,3.65318680
6451,17,0.24508004,2.33224130
6452,17,0.24033114,2.85361648
6453,17,0.19262770,2.98244119
6454,17,0.24668734,2.71795082
6455,17,0.37721130,2.51548457
6456,17,0.25585479,2.32825637
6457,17,0.21554276,3.48154640
6458,17,0.27802619,2.18103838
6459,17,0.22489789,2.84852624
6460,17,0.30312771,3.07714605
6461,17,0.25618601,2.34921932
6462,17,0.34217098,2.53495789
6463,17,0.31454766,4.00182629
6464,17,0.25184733,2.73532248
6465,17,0.35996902,4.59874821
6466,17,0.35301101,2.02647185
6467,17,0.21725070,3.83514786
6468,17,0.29185820,5.04740810
6469,17,0.20185474,2.96307015
6470,17,0.24246514,2.36354041
6471,17,0.29472601,3.40636539
6472,17,0.33573288,1.81633008
6473,17,0.22013202,2.87964773
6474,17,0.10313064,1.50365174
6475,17,0.33584917,2.84135103
6476,17,0.34086421,2.33598161
6477,17,0.47266668,3.75487614
6478,17,0.37640002,5.03884029
6479,17,0.26275790,2.23727202
6480,17,0.44465506,5.39498425
6481,17,0.31836277,2.46864939
6482,17,0.33797348,2.52697444
6483,17,0.31839660,1.70907557
6484,17,0.17274275,1.81227636
6485,17,0.34397236,2.00612283
6486,17,0.34077871,2.60714459
6487,17,0.26104116,2.27130604
6488,17,0.41401654,2.89029074
6489,17,0.26215732,2.67399955
6490,17,0.26269907,2.32385659
6491,17,0.21327274,1.67862916
6492,17,0.37254107,3.41479468
6493,17,0.26365048,3.23409963
6494,17,0.38899755,2.22422242
6495,17,0.25821608,1.77268589
6496,17,0.23798233,2.49953055
6497,17,0.24060799,3.00625181
6498,17,0.26560068,3.05031490
6499,17,0.36600029,2.87207890
6500,17,0.27686256,1.77168596
6501,17,0.15657400,1.18234146
6502,17,0.27560589,3.05101132
6503,17,0.26977021,2.61327195
6504,17,0.43537924,3.68687820
6505,17,0.42914233,4.23124456
6506,17,0.23198543,2.50431991
6507,17,0.36619210,3.40351391
6508,17,0.26765934,2.21591830
6509,17,0.30316615,2.43433571
6510,17,0.31206757,2.50151539
6511,17,0.37058389,3.12497139
6512,17,0.19553995,2.53411627
6513,17,0.34573418,4.34085178
6514,17,0.23492797,2.30054021
6515,17,0.27162915,2.32985520
6516,17,0.25458342,2.73842812
6517,17,0.24400401,3.42886734
6518,17,0.38233963,2.21990466
6519,17,0.36038780,2.38784552
6520,17,0.20423244,1.96951139
6521,17,0.29237944,2.83270264
6522,17,0.19746888,2.26723909
6523,17,0.33001381,2.30445027
6524,17,0.26858303,3.29021597
6525,17,0.36811450,2.77890897
6526,17,0.24058846,2.96286678
6527,17,0.27268207,3.60700536
6528,17,0.26414046,2.07944846
6529,17,0.21565221,2.42311668
6530,17,0.24332547,3.19107103
6531,17,0.46921825,3.35315490
6532,17,0.34674919,2.82196569
6533,17,0.27738222,2.30209899
6534,17,0.25228071,2.93348837
6535,17,0.32392722,3.30988789
6536,17,0.36928859,2.78683329
6537,17,0.14834225,1.45106328
6538,17,0.25105852,2.75586605
6539,17,0.30186400,3.20395684
6540,17,0.34126785,3.97873306
6541,17,0.29904571,2.37874508
6542,17,0.16656117,1.97849059
6543,17,0.17007315,2.33476830
6544,17,0.24459660,2.92658687
6545,17,0.21642445,2.29657745
6546,17,0.34583968,3.43984580
6547,17,0.27686995,3.96054864
6548,17,0.31261724,2.91924620
6549,17,0.37393752,2.55790925
6550,17,0.29846448,3.09036636
6551,17,0.22368599,2.60685396
6552,17,0.20807067,2.42718053
6553,17,0.34750715,3.09136939
6554,17,0.19141833,2.28936934
6555,17,0.21893066,2.91527581
6556,17,0.31876427,2.64461040
6557,17,0.31935501,2.63768864
6558,17,0.34590673,2.28466010
6559,17,0.30322084,2.97984171
6560,17,0.27621141,2.88154030
6561,17,0.28379673,4.56083488
6562,17,0.44089037,3.30439377
6563,17,0.45255777,2.29140496
6564,17,0.34868717,3.53962755
6565,17,0.21412252,2.52907491
6566,17,0.31775084,3.65253687
6567,17,0.25771144,2.52952981
6568,17,0.22385320,1.85940409
6569,17,0.37081432,3.96751356
6570,17,0.32811248,3.11605906
6571,17,0.23610225,2.94716263
6572,17,0.26867291,2.04549408
6573,17,0.17127965,2.08600187
6574,17,0.35834843,2.52801204
6575,17,0.33416957,1.77135837
6576,17,0.29484013,2.31791568
6577,17,0.24045780,2.03825378
6578,17,0.23044163,1.66362512
6579,17,0.35116440,2.37114453
6580,17,0.20267668,2.40626764
6581,17,0.28771091,2.46157122
6582,17,0.28657961,1.94416463
6583,17,0.32272539,2.73057508
6584,17,0.32846719,2.21750641
6585,17,0.19195274,3.18332744
6586,17,0.36336088,2.69413686
6587,17,0.26119807,1.82831931
6588,17,0.26256686,2.02157402
6589,17,0.25702688,2.88613582
6590,17,0.32377166,3.14067912
6591,17,0.15691756,1.73682809
6592,17,0.36290514,3.27057362
6593,17,0.27117264,2.18277311
6594,17,0.23120505,2.55431366
6595,17,0.23451826,3.36014962
6596,17,0.36530685,4.20845461
6597,17,0.33252087,2.99077082
6598,17,0.29291975,2.49420357
6599,17,0.30609214,2.50520325
6600,17,0.28992513,2.97294545
6601,17,0.27890199,3.58032155
6602,17,0.19492120,2.12804389
6603,17,0.28786755,2.93123055
6604,17,0.37913001,3.36351466
6605,17,0.39094302,3.31781030
6606,17,0.45849267,3.42592359
6607,17,0.32035416,4.47676373
6608,17,0.30744088,3.33693671
6609,17,0.28743663,3.34003377
6610,17,0.31395543,3.04985309
6611,17,0.40782136,2.48411942
6612,17,0.29191166,1.99794817
6613,17,0.21707447,3.27033353
6614,17,0.25221878,1.91552246
6615,17,0.30072555,2.38425970
6616,17,0.29106069,2.24596334
6617,17,0.42286396,3.09285998
6618,17,0.23155850,2.17751479
6619,17,0.24837327,2.10268545
6620,17,0.28237048,3.11046863
6621,17,0.33003762,2.85384321
6622,17,0.29006886,2.56944323
6623,17,0.23894979,3.31404161
6624,17,0.26382297,1.56298161
6625,17,0.22032544,3.05074668
6626,17,0.40166634,4.09305334
6627,17,0.29872194,2.88769078
6628,17,0.22476530,2.18428469
6629,17,0.39615011,3.20273757
6630,17,0.25038683,1.94422448
6631,17,0.30131418,2.55948663
6632,17,0.27888194,3.67164350
6633,17,0.16257702,1.82497299
6634,17,0.30994987,2.60342813
6635,17,0.39518315,3.03221321
6636,17,0.22088209,2.20597672
6637,17,0.21028054,2.02017617
6638,17,0.28908712,3.53874087
6639,17,0.23138952,1.74415231
6640,17,0.27637973,1.92084920
6641,17,0.17955074,2.18902302
6642,17,0.33552390,2.87883162
6643,17,0.20650940,2.18707752
6644,17,0.31911278,5.34312677
6645,17,0.22751924,2.15733981
6646,17,0.30280575,5.59335423
6647,18,0.20993397,1.79023135
6648,18,0.27583033,2.53196764
6649,18,0.33192134,2.97783113
6650,18,0.22985747,2.56701231
6651,18,0.22591637,2.38591647
6652,18,0.29772937,3.61472559
6653,18,0.24547827,2.62802625
6654,18,0.42678282,3.05265212
6655,18,0.27548566,4.13155746
6656,18,0.17751035,3.32044601
6657,18,0.32084906,3.85309553
6658,18,0.24401924,1.61201572
6659,18,0.23908809,2.69450426
6660,18,0.18424675,2.07775879
6661,18,0.27215207,2.45202279
6662,18,0.30298686,3.69609308
6663,18,0.23933589,3.30519795
6664,18,0.18301706,2.22023177
6665,18,0.24645725,3.05336714
6666,18,0.28021348,3.14972782
6667,18,0.25555059,2.64056492
6668,18,0.22689134,3.10140347
6669,18,0.22071660,1.55401325
6670,18,0.30415887,2.12906909
6671,18,0.16771311,2.77744031
6672,18,0.28372514,2.73651791
6673,18,0.48092705,3.51441741
6674,18,0.28716952,2.61787987
6675,18,0.21827474,1.66059732
6676,18,0.33496669,3.18091774
6677,18,0.23683979,2.38297391
6678,18,0.26211914,2.97477961
6679,18,0.32899666,3.45303798
6680,18,0.16267140,1.89498329
6681,18,0.18429697,1.79696071
6682,18,0.14918363,1.88088632
6683,18,0.25635904,3.03161573
6684,18,0.25686428,2.38668036
6685,18,0.17889227,2.02538776
6686,18,0.26842844,3.07026052
6687,18,0.38308299,5.43255758
6688,18,0.30621213,4.70102501
6689,18,0.26595020,2.03510213
6690,18,0.34334654,2.36449194
6691,18,0.37451500,4.53678560
6692,18,0.27418822,2.67904139
6693,18,0.17510073,1.86578643
6694,18,0.19140828,2.00187230
6695,18,0.16973947,2.25583887
6696,18,0.30350596,2.19660044
6697,18,0.24371572,3.62162948
6698,18,0.17464960,1.99288952
6699,18,0.37183988,2.46952438
6700,18,0.21754390,2.21595883
6701,18,0.29424471,1.62480724
6702,18,0.26806283,2.14630675
6703,18,0.29011658,2.67055631
6704,18,0.15914300,1.42456222
6705,18,0.26654428,2.57780576
6706,18,0.21955061,1.92631245
6707,18,0.30517873,2.28411579
6708,18,0.22607100,2.06722164
6709,18,0.31662101,4.52221918
6710,18,0.22110145,3.21745491
6711,18,0.22163355,1.73729897
6712,18,0.21990821,2.68215442
6713,18,0.32159477,2.38564205
6714,18,0.21134275,1.91377890
6715,18,0.36836973,2.55421877
6716,18,0.26035058,2.03677940
6717,18,0.38991815,5.27278423
6718,18,0.35050786,3.11039281
6719,18,0.17008576,2.22231913
6720,18,0.54657900,3.74509931
6721,18,0.38444889,3.83027363
6722,18,0.19416016,1.79495859
6723,18,0.19492811,2.32191658
6724,18,0.31109783,2.77100396
6725,18,0.29708821,2.13566971
6726,18,0.17924994,1.14102566
6727,18,0.33141041,2.28511143
6728,18,0.28036687,2.40679312
6729,18,0.29879776,2.90352654
6730,18,0.44928303,3.19598246
6731,18,0.25416991,1.92362607
6732,18,0.26497725,3.40936446
6733,18,0.31426656,2.96883082
6734,18,0.25409988,1.95715988
6735,18,0.27168757,2.41138315
6736,18,0.22062030,1.63553679
6737,18,0.24319382,3.10194230
6738,18,0.26749396,2.61236238
6739,18,0.31831652,2.91331363
6740,18,0.20928004,2.78230596
6741,18,0.19617486,1.55015314
6742,18,0.25690809,2.67177534
6743,18,0.33977753,2.36437035
6744,18,0.29200405,1.96845865
6745,18,0.14079879,1.51510596
6746,18,0.21051633,2.21876740
6747,18,0.31707579,2.63316727
6748,18,0.24126631,1.73857820
6749,18,0.29216877,1.52140701
6750,18,0.32390711,1.99186051
6751,18,0.43135273,4.47835445
6752,18,0.22436073,2.81902242
6753,18,0.22685704,2.10795617
6754,18,0.23232457,1.88532603
6755,18,0.28743407,2.32336116
6756,18,0.32644939,2.35921979
6757,18,0.30418950,4.86158848
6758,18,0.22144012,1.95637405
6759,18,0.32390675,2.00407052
6760,18,0.17679520,2.27196908
6761,18,0.29302853,2.74969387
6762,18,0.27056456,3.31970859
6763,18,0.18776189,1.95815969
6764,18,0.25930718,1.69395399
6765,18,0.34599388,2.82033086
6766,18,0.27498293,3.31109238
6767,18,0.17938130,2.09718847
6768,18,0.18343893,2.62098551
6769,18,0.28249612,2.13660264
6770,18,0.23393698,1.80088401
6771,18,0.17656076,2.21769905
6772,18,0.21849661,2.17438245
6773,18,0.31085050,3.39580703
6774,18,0.20558225,1.99953032
6775,18,0.19448203,3.06875944
6776,18,0.27011716,3.05035329
6777,18,0.23901436,2.33059740
6778,18,0.27181718,3.48049283
6779,18,0.27444160,1.87136352
6780,18,0.17191045,1.76883590
6781,18,0.33714354,2.37131572
6782,18,0.10312923,1.25625885
6783,18,0.34532920,2.44734907
6784,18,0.26920667,2.03980017
6785,18,0.12071483,2.33540773
6786,18,0.20845494,2.49362063
6787,18,0.17840120,1.34717166
6788,18,0.24195540,3.03682137
6789,18,0.29108620,3.80913949
6790,18,0.23234174,2.33700252
6791,18,0.23138987,2.35473752
6792,18,0.12646231,1.64981139
6793,18,0.27330959,2.24052310
6794,18,0.28449851,3.73766398
6795,18,0.32815886,2.90686464
6796,18,0.22574614,2.28825951
6797,18,0.15737078,2.01709223
6798,18,0.27161884,1.95824385
6799,18,0.25842392,2.13005853
6800,18,0.23088628,2.03508019
6801,18,0.34865814,3.45771480
6802,18,0.24987955,2.45390058
6803,18,0.36875874,2.80860567
6804,18,0.17134607,2.23886538
6805,18,0.25229639,3.57401896
6806,18,0.24611506,2.06791210
6807,18,0.23983344,2.58341193
6808,18,0.41441524,4.92268467
6809,18,0.24124652,3.23966622
6810,18,0.29801375,1.80438507
6811,18,0.14524399,1.94865012
6812,18,0.29405296,2.94332218
6813,18,0.27682656,3.09806371
6814,18,0.21752259,2.61464429
6815,18,0.29118931,3.05946016
6816,18,0.36746466,3.48587418
6817,18,0.28361323,2.94674540
6818,18,0.31788236,3.60970330
6819,18,0.32935345,2.84906960
6820,18,0.28051418,2.59412193
6821,18,0.27446681,2.41820240
6822,18,0.29896975,3.44650269
6823,18,0.27030906,3.38340616
6824,18,0.27093744,3.29927802
6825,18,0.36551934,2.67575049
6826,18,0.27739429,2.20081043
6827,18,0.26614556,2.17884040
6828,18,0.34273386,3.09084988
6829,18,0.22588593,2.30209374
6830,18,0.48863095,5.01407433
6831,18,0.24897803,2.12529874
6832,18,0.21713878,3.03801727
6833,18,0.22622350,2.09718275
6834,18,0.20141090,1.49889708
6835,18,0.21992047,1.99492490
6836,18,0.19125983,2.30306220
6837,18,0.32460582,2.54882526
6838,18,0.21613172,3.11947393
6839,18,0.22615302,2.38328362
6840,18,0.20316319,2.93989134
6841,18,0.21479690,1.43657506
6842,18,0.36922431,2.81560588
6843,18,0.39429671,2.42606759
6844,18,0.23385175,2.01237774
6845,18,0.31522065,1.94877553
6846,18,0.20782289,3.33078289
6847,18,0.25466132,3.59957051
6848,18,0.31796500,2.80187106
6849,18,0.28812486,3.49277711
6850,18,0.34356296,3.95388675
6851,18,0.29506254,2.47568369
6852,18,0.25864780,2.09201503
6853,18,0.23024264,2.21495414
6854,18,0.25182825,3.17270923
6855,18,0.33283967,2.18674946
6856,18,0.22923696,2.72400403
6857,18,0.25553995,2.82791567
6858,18,0.28781319,2.76822805
6859,18,0.31967402,2.42962027
6860,18,0.20337057,1.70891654
6861,18,0.18540928,2.80628824
6862,18,0.23605418,2.05409694
6863,18,0.28296167,2.34461689
6864,18,0.22278972,2.01703906
6865,18,0.29603544,2.22011685
6866,18,0.28991845,1.97153509
6867,18,0.22635370,2.51121140
6868,18,0.22479361,2.70365024
6869,18,0.34790608,3.43879700
6870,18,0.21055810,2.36351681
6871,18,0.33575517,2.67213964
6872,18,0.25700426,2.99887729
6873,18,0.21007586,2.29559326
6874,18,0.35349807,3.53317881
6875,18,0.18041618,2.58535290
6876,18,0.26962653,2.55458713
6877,18,0.25565469,1.48906147
6878,18,0.32173854,2.85720181
6879,18,0.17833385,1.97002041
6880,18,0.27044424,1.98005486
6881,18,0.31381243,4.38928747
6882,18,0.24359669,1.98322940
6883,18,0.38544196,3.56192899
6884,18,0.41347292,2.73706532
6885,18,0.27716047,1.71984243
6886,18,0.19962169,1.41101789
6887,18,0.31304181,3.46860266
6888,18,0.30193803,2.52506828
6889,18,0.29450929,2.71803164
6890,18,0.34631240,3.61871338
6891,18,0.23433390,2.64050508
6892,18,0.12490015,1.69596660
6893,18,0.31708348,3.38231301
6894,18,0.25576171,2.05964351
6895,18,0.14724487,1.48364222
6896,18,0.25676414,3.11585689
6897,18,0.28930867,2.26549315
6898,18,0.38986358,3.67152286
6899,18,0.23171991,2.70896053
6900,18,0.27005041,2.35573745
6901,18,0.29372162,4.41833830
6902,18,0.39142656,1.95650649
6903,18,0.26498634,2.86551881
6904,18,0.24447367,2.26060843
6905,18,0.23089540,1.62525272
6906,18,0.28995374,2.76353908
6907,18,0.31624395,2.91156745
6908,18,0.33645552,2.57006717
6909,18,0.45489177,3.11334944
6910,18,0.22261007,2.45455480
6911,18,0.24508646,2.32164979
6912,18,0.32264924,4.73870134
6913,18,0.26486814,1.78658164
6914,18,0.31352299,3.00133634
6915,18,0.26118091,2.55274653
6916,18,0.32151487,3.15081811
6917,18,0.27192274,3.04156971
6918,18,0.25280344,2.74010372
6919,18,0.33621854,2.75306535
6920,18,0.27639580,2.64007044
6921,18,0.28305846,2.46708035
6922,18,0.36283916,4.11015177
6923,18,0.26903215,2.29635453
6924,18,0.22050640,3.07293749
6925,18,0.22675489,2.42542982
6926,18,0.19864576,2.22448206
6927,18,0.15327986,1.54438782
6928,18,0.44559920,4.32153082
6929,18,0.25055182,2.99427724
6930,18,0.19870815,2.59748530
6931,18,0.39656633,3.66922903
6932,18,0.19094779,2.58199263
6933,18,0.33187801,2.54271626
6934,18,0.23604885,1.79783344
6935,18,0.36661506,2.41341567
6936,18,0.25892732,2.56572056
6937,18,0.23336414,2.26996398
6938,18,0.20273143,3.02625561
6939,18,0.17857918,1.59039235
6940,18,0.33954006,5.08860207
6941,18,0.36280367,2.36877751
6942,18,0.25290415,1.84144199
6943,18,0.24758348,2.14278364
6944,18,0.37459487,3.53473377
6945,18,0.26883939,3.53307414
6946,18,0.25136495,1.71947491
6947,18,0.18907759,2.06987929
6948,18,0.25640437,1.68572390
6949,18,0.32169503,2.14230919
6950,18,0.19156250,2.81083488
6951,18,0.41145638,3.45465469
6952,18,0.23325278,2.22840047
6953,18,0.27228040,1.77606368
6954,18,0.30025953,2.01935124
6955,18,0.20836428,2.99408054
6956,18,0.39646792,2.52961469
6957,18,0.32186028,2.70396233
6958,18,0.22759216,2.02869678
6959,18,0.27238551,3.74350071
6960,18,0.29833812,1.88925838
6961,18,0.31323525,2.12495780
6962,18,0.28024521,2.02476239
6963,18,0.25350186,2.47702503
6964,18,0.17539328,1.63075304
6965,18,0.20144828,2.15790415
6966,18,0.27244866,2.52304196
6967,18,0.24914429,2.22910357
6968,18,0.14630160,1.61825359
6969,18,0.26610357,3.30512094
6970,18,0.27339357,2.13776588
6971,18,0.35913706,3.91790128
6972,18,0.35759759,3.41655517
6973,18,0.22232503,2.12496448
6974,18,0.32527417,5.13154507
6975,18,0.22277659,2.73364258
6976,18,0.22017127,2.50522161
6977,18,0.33028883,3.49914742
6978,18,0.32126486,2.68259883
6979,18,0.22261347,2.97727895
6980,18,0.23874936,2.84380627
6981,18,0.20053750,2.48528123
6982,18,0.24233046,2.62443900
6983,18,0.27679178,4.07638216
6984,18,0.14708814,1.96346223
6985,18,0.32285216,3.61025095
6986,18,0.23678403,2.29229355
6987,18,0.29756576,2.19769621
6988,18,0.16372895,2.02485728
6989,18,0.26784027,1.34888041
6990,18,0.20723364,2.49601579
6991,18,0.16054654,1.87300003
6992,18,0.23452775,2.22840834
6993,18,0.28655684,3.41467452
6994,18,0.22995538,2.39834690
6995,18,0.28668264,2.80512333
6996,18,0.27284831,3.57716274
6997,18,0.16802269,1.68475497
6998,18,0.23635533,3.68823433
6999,18,0.29802045,2.20011282
7000,18,0.28875625,2.28612185
7001,18,0.31938872,3.12677145
7002,18,0.32786864,3.78528214
7003,18,0.27330583,3.54564929
7004,18,0.33294249,3.48291063
7005,18,0.28200796,3.54145312
7006,18,0.26392463,2.45635319
7007,18,0.21976283,2.16731954
7008,18,0.25652832,1.88554680
7009,18,0.27027944,3.04715943
7010,18,0.22565813,1.99202013
7011,18,0.20956793,2.62912083
7012,18,0.25207376,2.53230906
7013,18,0.33168483,3.45850921
7014,18,0.30990145,2.56144667
7015,18,0.27336419,2.62468576
7016,18,0.27872282,1.63391387
7017,18,0.39356318,2.80657530
7018,18,0.18352604,1.99852312
7019,18,0.28625652,2.26993155
7020,18,0.29807842,2.47666907
7021,18,0.38692123,3.14156747
7022,18,0.25485528,2.08869553
7023,18,0.29330099,3.66083837
7024,18,0.23232517,2.85471463
7025,18,0.38019133,3.56226730
7026,18,0.22577371,2.10580802
7027,18,0.34593084,3.50367188
7028,18,0.25188452,2.13646674
7029,18,0.33439115,2.92376757
7030,18,0.12982124,1.96113563
7031,18,0.25769567,2.16741920
7032,18,0.17918417,2.22461939
7033,18,0.35423216,3.78409505
7034,18,0.23509389,1.60975564
7035,18,0.18571249,1.63930428
7036,18,0.45453933,3.34145308
7037,18,0.22964947,3.38246608
7038,19,0.46572441,3.91324162
7039,19,0.27314702,2.83580375
7040,19,0.40055066,3.09570503
7041,19,0.26328430,2.77810597
7042,19,0.27156043,3.14002442
7043,19,0.24489138,1.79807031
7044,19,0.22773612,2.12174320
7045,19,0.29300988,2.80300069
7046,19,0.18658553,1.91388321
7047,19,0.18159956,1.66352069
7048,19,0.16722190,1.43499804
7049,19,0.22306864,1.88801301
7050,19,0.26295853,2.23709345
7051,19,0.27922207,2.63058209
7052,19,0.21611811,4.44480038
7053,19,0.24789256,2.72365212
7054,19,0.19671054,4.20859432
7055,19,0.23495509,2.38772178
7056,19,0.17532092,2.35256219
7057,19,0.33209077,3.54029751
7058,19,0.26500082,2.21024847
7059,19,0.27816513,4.44369793
7060,19,0.28609818,2.70693183
7061,19,0.28351638,3.79194951
7062,19,0.21200001,3.93573380
7063,19,0.29178411,2.04831314
7064,19,0.39342046,4.36819792
7065,19,0.20476617,2.99337602
7066,19,0.19540544,2.82329106
7067,19,0.20626771,3.03376794
7068,19,0.15664767,2.27346230
7069,19,0.21595290,1.81361759
7070,19,0.36406893,2.65299034
7071,19,0.22668532,2.07450438
7072,19,0.24615541,1.49298429
7073,19,0.36347681,3.70693135
7074,19,0.21494636,2.06099987
7075,19,0.20181882,2.16991591
7076,19,0.24854156,2.48579216
7077,19,0.19602127,2.87548518
7078,19,0.28778094,2.28420305
7079,19,0.13428469,1.97648823
7080,19,0.20093836,1.81798542
7081,19,0.29143453,3.98664498
7082,19,0.25104496,3.19013166
7083,19,0.21262011,2.33565283
7084,19,0.19693291,1.99766552
7085,19,0.29665256,2.97570610
7086,19,0.19631660,2.62440205
7087,19,0.25773275,2.51070642
7088,19,0.27558565,3.14590788
7089,19,0.32351866,1.96101868
7090,19,0.25209185,3.01946068
7091,19,0.17702559,3.06437492
7092,19,0.19601043,4.74424219
7093,19,0.25661194,2.71244979
7094,19,0.17390350,1.80553639
7095,19,0.15495400,2.59925628
7096,19,0.24798292,2.80161238
7097,19,0.23137303,2.87590265
7098,19,0.19947419,1.61550510
7099,19,0.20965318,1.94896364
7100,19,0.22668976,1.84374011
7101,19,0.13958099,2.08318138
7102,19,0.23924062,2.26125503
7103,19,0.26713261,2.36509061
7104,19,0.13534842,1.55828011
7105,19,0.29487866,4.21765900
7106,19,0.22176512,2.59587646
7107,19,0.31857032,2.43778110
7108,19,0.17851891,2.36984420
7109,19,0.15201324,1.55116212
7110,19,0.20835462,1.79246664
7111,19,0.30314288,4.49636507
7112,19,0.20712404,3.82491016
7113,19,0.10025063,2.41551328
7114,19,0.16267458,1.92052436
7115,19,0.27415270,2.53898096
7116,19,0.22811478,1.73330224
7117,19,0.29932997,2.33370304
7118,19,0.27428997,2.77258658
7119,19,0.12292839,1.88503861
7120,19,0.18466231,3.79083061
7121,19,0.29683644,3.03265500
7122,19,0.13895595,1.91964746
7123,19,0.23025636,2.23143983
7124,19,0.25459188,2.86924648
7125,19,0.29068983,2.11496234
7126,19,0.18956874,2.41151404
7127,19,0.20881054,2.37999392
7128,19,0.20689860,1.65887272
7129,19,0.19562456,1.66421080
7130,19,0.15908462,1.76262844
7131,19,0.24529064,2.84777236
7132,19,0.24057868,2.10680699
7133,19,0.19492298,3.37209821
7134,19,0.18678063,1.58020008
7135,19,0.28734481,3.82773185
7136,19,0.17623803,3.12066555
7137,19,0.16411832,2.16266537
7138,19,0.29193288,1.93526936
7139,19,0.23535307,2.57425618
7140,19,0.23799820,2.26428175
7141,19,0.30946562,2.98170877
7142,19,0.26244128,2.90630889
7143,19,0.29190552,3.53718591
7144,19,0.28825012,3.55600786
7145,19,0.16771752,4.41570091
7146,19,0.26063684,2.46521187
7147,19,0.21935043,1.83951497
7148,19,0.20464556,2.97157502
7149,19,0.23727891,3.72736239
7150,19,0.22068882,2.51312590
7151,19,0.27447286,2.81186032
7152,19,0.20473930,2.09106612
7153,19,0.24718383,1.84126699
7154,19,0.30200049,4.06956959
7155,19,0.45820272,2.48302150
7156,19,0.24836668,1.84529519
7157,19,0.22262934,2.64472079
7158,19,0.30071029,3.89962959
7159,19,0.36584464,4.00227070
7160,19,0.33441970,2.17157865
7161,19,0.25181994,3.16602683
7162,19,0.25696406,3.19027805
7163,19,0.27511382,2.40896702
7164,19,0.25992817,3.91780019
7165,19,0.21933860,2.04396319
7166,19,0.31525385,1.92680192
7167,19,0.23461835,1.57311392
7168,19,0.17679895,1.96206808
7169,19,0.30867231,2.38309813
7170,19,0.21900018,2.41641784
7171,19,0.29861340,4.74500942
7172,19,0.27113676,2.15968871
7173,19,0.31987369,2.56846213
7174,19,0.12142123,1.65840733
7175,19,0.22367677,2.19405007
7176,19,0.31696123,2.92146468
7177,19,0.28719920,4.63609648
7178,19,0.21458215,1.67930186
7179,19,0.26128492,2.18377542
7180,19,0.18985254,1.76187766
7181,19,0.26082259,3.10374141
7182,19,0.27864081,4.13949013
7183,19,0.28694323,3.16745496
7184,19,0.35974452,3.90642476
7185,19,0.14422089,2.86727691
7186,19,0.22707595,1.93631554
7187,19,0.27691853,3.47156858
7188,19,0.16028097,3.31119680
7189,19,0.23940268,2.74814820
7190,19,0.29879528,3.24514222
7191,19,0.29074040,2.92365670
7192,19,0.28814489,2.24700260
7193,19,0.24358916,2.45741034
7194,19,0.25885040,2.22213411
7195,19,0.16172476,2.92523289
7196,19,0.20687234,2.22867823
7197,19,0.30821365,2.78767657
7198,19,0.25476718,2.22622705
7199,19,0.30517465,3.93882728
7200,19,0.28768361,3.44763970
7201,19,0.21113433,2.38148451
7202,19,0.13926026,3.04839373
7203,19,0.19485047,2.27321720
7204,19,0.19929239,2.85508657
7205,19,0.21512941,2.46183920
7206,19,0.35694498,3.51142621
7207,19,0.14899771,1.97479904
7208,19,0.21030995,2.10491991
7209,19,0.29106998,2.48578382
7210,19,0.41277671,2.73429346
7211,19,0.36314911,2.28438783
7212,19,0.31025267,2.42310929
7213,19,0.28452477,3.62861538
7214,19,0.20498130,2.36041188
7215,19,0.28318715,3.71515226
7216,19,0.32962358,2.49087977
7217,19,0.22149454,2.65352201
7218,19,0.23493135,1.72420394
7219,19,0.25329724,2.47882009
7220,19,0.21396548,3.88878345
7221,19,0.28133705,3.28247738
7222,19,0.26429647,2.45047426
7223,19,0.26907891,2.39651847
7224,19,0.30477929,2.56726241
7225,19,0.27092001,3.30442238
7226,19,0.26689157,2.86800861
7227,19,0.19741373,2.60227895
7228,19,0.28563976,3.71089053
7229,19,0.28131771,2.01218128
7230,19,0.16538954,1.94312346
7231,19,0.24100921,2.69052196
7232,19,0.22092406,1.44943738
7233,19,0.16892129,1.81592214
7234,19,0.15541765,1.97285128
7235,19,0.15172853,2.15506172
7236,19,0.30295116,3.67465425
7237,19,0.25799572,3.50073647
7238,19,0.27106827,2.61013818
7239,19,0.24754386,3.66117620
7240,19,0.19903477,1.86164761
7241,19,0.35272771,2.55229449
7242,19,0.17791453,2.12207103
7243,19,0.30216792,3.41204333
7244,19,0.17037857,1.49380553
7245,19,0.20015237,2.69499898
7246,19,0.37146306,3.70436406
7247,19,0.24193917,2.84394526
7248,19,0.19825108,3.17160702
7249,19,0.26419678,2.12060976
7250,19,0.16127418,2.88117957
7251,19,0.34284782,2.88597775
7252,19,0.20836878,2.45951819
7253,19,0.21146300,1.60232866
7254,19,0.22117564,2.38092327
7255,19,0.35819960,2.83707142
7256,19,0.26608950,3.24152446
7257,19,0.25151992,2.80241275
7258,19,0.27369028,2.59930873
7259,19,0.18648855,2.08805585
7260,19,0.38268033,3.22152090
7261,19,0.26044750,2.92666030
7262,19,0.23072174,1.79453743
7263,19,0.14450999,1.80007350
7264,19,0.25781780,2.46951938
7265,19,0.24539256,2.77723718
7266,19,0.39451337,3.58854842
7267,19,0.29018962,3.67499757
7268,19,0.19564271,2.22793031
7269,19,0.17841974,1.80226946
7270,19,0.26486415,2.65841246
7271,19,0.26023930,2.33619785
7272,19,0.35548788,2.87218547
7273,19,0.36720172,1.90470397
7274,19,0.23041177,3.86221170
7275,19,0.31583503,2.79200792
7276,19,0.22368902,1.85610950
7277,19,0.26271576,2.48087525
7278,19,0.23668171,1.88386250
7279,19,0.24432033,3.24381232
7280,19,0.25840378,2.86891294
7281,19,0.18299133,2.45658922
7282,19,0.28159907,2.10656500
7283,19,0.35729593,2.78143692
7284,19,0.16563529,3.43594170
7285,19,0.25515223,2.01968193
7286,19,0.32557067,4.18277884
7287,19,0.23941076,2.67218947
7288,19,0.25629935,1.93857169
7289,19,0.33305883,2.03684688
7290,19,0.31454933,3.73643756
7291,19,0.37255603,4.29297161
7292,19,0.15272363,2.51743984
7293,19,0.27009559,3.34969568
7294,19,0.32359621,2.21199632
7295,19,0.19688779,2.86566639
7296,19,0.23060617,2.30563402
7297,19,0.17014077,1.79890835
7298,19,0.28165993,2.39770555
7299,19,0.29402864,1.90742826
7300,19,0.30120713,2.89128208
7301,19,0.21688473,1.97735655
7302,19,0.27205631,2.37269640
7303,19,0.36075953,2.81705761
7304,19,0.36469638,3.60699296
7305,19,0.22292754,3.03962016
7306,19,0.30652234,2.43787861
7307,19,0.22429143,2.98005986
7308,19,0.12026225,1.86814678
7309,19,0.27566630,4.09691095
7310,19,0.23325178,4.14183426
7311,19,0.32338446,2.58990860
7312,19,0.32440501,3.06460023
7313,19,0.22031426,1.80292833
7314,19,0.35016021,4.54815292
7315,19,0.25122714,2.39832163
7316,19,0.15206660,2.17955375
7317,19,0.26499662,1.80369866
7318,19,0.20854868,2.14641571
7319,19,0.35706308,2.03832555
7320,19,0.20343748,1.80361354
7321,19,0.31887224,4.47847176
7322,19,0.25937882,3.80110478
7323,19,0.11152789,1.25032592
7324,19,0.31372887,3.17706037
7325,19,0.27168950,2.73876858
7326,19,0.35128844,3.51333332
7327,19,0.33313662,3.25629640
7328,19,0.30792511,3.05071425
7329,19,0.31829494,4.50291920
7330,19,0.27054736,2.95122480
7331,19,0.31931496,2.72556877
7332,19,0.33272678,3.53780055
7333,19,0.21382688,2.34124470
7334,19,0.21756278,3.04116893
7335,19,0.22035630,2.54860735
7336,19,0.26757792,3.02210069
7337,19,0.30090404,3.05401611
7338,19,0.25734150,2.93950200
7339,19,0.24074814,2.89721560
7340,19,0.29556501,2.84589648
7341,19,0.22166005,3.58170533
7342,19,0.28161722,2.72782016
7343,19,0.45901465,3.98384643
7344,19,0.17055270,2.94079971
7345,19,0.21026933,3.14155912
7346,19,0.28434882,2.39271951
7347,19,0.21443902,2.10371804
7348,19,0.23908870,2.65751028
7349,19,0.31798804,2.28795362
7350,19,0.41721711,2.18167686
7351,19,0.35739696,3.55442119
7352,19,0.26336575,3.33969235
7353,19,0.19207236,3.68014622
7354,19,0.22196583,3.55777764
7355,19,0.24820364,2.19772267
7356,19,0.25350404,1.95555377
7357,19,0.22296767,2.05109096
7358,19,0.22490299,2.43303752
7359,19,0.27892888,2.11435485
7360,19,0.23861137,2.21515489
7361,19,0.31840891,2.93147588
7362,19,0.26571169,3.99655271
7363,19,0.35811144,2.05582142
7364,19,0.23799834,1.52819991
7365,19,0.28648502,2.65411329
7366,19,0.27834988,2.27181339
7367,19,0.21835887,2.35977817
7368,19,0.20417461,2.28202677
7369,19,0.36774963,2.13088608
7370,19,0.30191162,3.16312218
7371,19,0.27148217,2.83778620
7372,19,0.19750437,1.69511545
7373,19,0.22092381,3.05007982
7374,19,0.24625403,2.62865257
7375,19,0.26233011,2.03550220
7376,19,0.30980465,3.21547198
7377,19,0.31907651,2.87346935
7378,19,0.34147447,4.11486864
7379,19,0.34055609,2.63023043
7380,19,0.16803131,1.80443370
7381,19,0.29782969,2.63550901
7382,19,0.17115067,2.32066464
7383,19,0.15824285,2.54816437
7384,19,0.16566923,2.50441194
7385,19,0.14318952,1.57000065
7386,19,0.44841307,2.45443225
7387,19,0.41769579,3.27069306
7388,19,0.39354718,4.42620373
7389,19,0.30223113,2.01546073
7390,19,0.21172750,2.42319250
7391,19,0.27357823,2.12436795
7392,19,0.24122787,2.87223220
7393,19,0.15073843,1.50276268
7394,19,0.31337819,2.67155552
7395,19,0.22510120,1.93314493
7396,19,0.36021543,3.20510650
7397,19,0.37153721,2.01446795
7398,19,0.23344114,1.80352736
7399,19,0.23436953,1.68481827
7400,19,0.19951849,2.41782331
7401,19,0.37340242,1.79725933
7402,19,0.32070243,2.43287492
7403,19,0.30316976,4.00476599
7404,19,0.35160559,2.08564973
7405,19,0.23368566,1.78729665
7406,19,0.19913524,1.76260269
7407,19,0.27363321,3.18929672
7408,19,0.27304697,1.79693377
7409,19,0.26535234,2.16912961
7410,19,0.16231664,2.00570130
7411,19,0.25487521,3.23852658
7412,19,0.29935607,2.91417122
7413,19,0.17308566,1.41692066
7414,19,0.30897179,3.12095213
7415,19,0.14978483,2.04813933
7416,19,0.33991265,3.11032891
7417,19,0.16725969,1.60180247
7418,19,0.22312483,2.35313773
7419,19,0.16914839,1.43406272
7420,19,0.18364954,1.62759638
7421,19,0.32381582,3.72154021
7422,19,0.33107841,2.30741262
7423,19,0.24436086,2.28760958
7424,19,0.29379269,2.71229482
7425,19,0.16321892,1.40363288
7426,19,0.33247554,2.84375930
7427,19,0.29164606,2.80155683
7428,19,0.20101556,1.76743329
7429,20,0.15144813,4.34274578
7430,20,0.31161156,3.08568859
7431,20,0.30534142,2.85267496
7432,20,0.17794874,3.86773014
7433,20,0.23368302,3.54016209
7434,20,0.20400134,2.25526762
7435,20,0.23458594,2.94771385
7436,20,0.13529249,1.75105929
7437,20,0.15576813,1.87871087
7438,20,0.22564968,1.72607493
7439,20,0.24983777,3.14554501
7440,20,0.19078124,1.76075411
7441,20,0.18101315,2.81445098
7442,20,0.28018564,2.70685863
7443,20,0.26999906,2.59697199
7444,20,0.22283486,2.99037433
7445,20,0.19059682,1.71678555
7446,20,0.18216057,2.15958333
7447,20,0.12521420,2.27248478
7448,20,0.15977463,3.01785326
7449,20,0.16229644,2.03855109
7450,20,0.15972754,2.47800922
7451,20,0.24344987,2.76559114
7452,20,0.14275216,1.72293341
7453,20,0.13045815,2.04951406
7454,20,0.21548399,4.18033504
7455,20,0.30822581,2.83252978
7456,20,0.27801076,3.56288743
7457,20,0.32572579,3.40340304
7458,20,0.20379728,2.03917313
7459,20,0.18858278,2.79008675
7460,20,0.28637597,2.59804225
7461,20,0.28124592,4.35531092
7462,20,0.21837774,3.02700901
7463,20,0.14702457,3.00672388
7464,20,0.27276474,4.94875669
7465,20,0.20902321,2.13385773
7466,20,0.15856220,2.90496731
7467,20,0.18479922,2.36430812
7468,20,0.23305726,2.12134361
7469,20,0.30149484,2.81638432
7470,20,0.43037352,3.06743693
7471,20,0.26682317,5.10824680
7472,20,0.24370722,2.25468373
7473,20,0.21046200,3.82249355
7474,20,0.38239598,4.25647211
7475,20,0.21503045,1.85884655
7476,20,0.29259914,3.19483590
7477,20,0.30804551,2.08465075
7478,20,0.24894141,2.18171978
7479,20,0.24460247,2.92862368
7480,20,0.32283881,3.48907137
7481,20,0.19931185,2.08305860
7482,20,0.14351580,1.09606636
7483,20,0.30134052,2.50178981
7484,20,0.26519361,2.22224689
7485,20,0.29122797,2.66624856
7486,20,0.13582209,2.54432702
7487,20,0.16061577,1.94118583
7488,20,0.28570971,2.49075437
7489,20,0.18143585,2.10697436
7490,20,0.22346321,2.49840093
7491,20,0.33413953,2.50551367
7492,20,0.18140480,1.67493808
7493,20,0.18305153,1.37156761
7494,20,0.31242517,2.26763558
7495,20,0.31094083,2.60917997
7496,20,0.15683736,1.66975558
7497,20,0.20698538,1.70997071
7498,20,0.19657561,1.75793207
7499,20,0.31260037,3.77866626
7500,20,0.19945878,2.66134882
7501,20,0.18835653,2.66726089
7502,20,0.15055606,2.07526231
7503,20,0.28382844,2.82579398
7504,20,0.19771643,2.41152525
7505,20,0.31121638,2.51686287
7506,20,0.26598090,2.58671808
7507,20,0.26960111,2.64928317
7508,20,0.20691776,1.97758830
7509,20,0.17547289,1.41227043
7510,20,0.29499716,2.84121132
7511,20,0.19704634,1.89958942
7512,20,0.28876519,3.46342754
7513,20,0.20680673,2.13270068
7514,20,0.22001508,2.05063367
7515,20,0.23130408,2.86664462
7516,20,0.32309255,1.87106812
7517,20,0.25347710,2.61066699
7518,20,0.26424733,3.69281745
7519,20,0.25393710,2.56492996
7520,20,0.14340851,2.82861924
7521,20,0.16295056,2.03348827
7522,20,0.18733057,4.93387985
7523,20,0.21191086,2.39802384
7524,20,0.25145850,3.04675508
7525,20,0.15436181,1.75617611
7526,20,0.16173707,1.57567298
7527,20,0.15942186,2.98769522
7528,20,0.26637176,2.09388709
7529,20,0.24822317,2.40732980
7530,20,0.27921641,3.21648169
7531,20,0.22356774,2.27712178
7532,20,0.25411120,3.37515140
7533,20,0.12620041,1.84854221
7534,20,0.26574075,3.38639665
7535,20,0.18106779,1.65622425
7536,20,0.16420904,2.32184005
7537,20,0.17057882,1.99030685
7538,20,0.35508645,3.11715817
7539,20,0.29451436,3.93931818
7540,20,0.22181246,1.82422340
7541,20,0.39228460,2.45198417
7542,20,0.15663522,2.82266974
7543,20,0.16020581,2.60044551
7544,20,0.21770394,2.03397655
7545,20,0.22625041,1.98870146
7546,20,0.20165914,2.32175112
7547,20,0.18316711,1.55497921
7548,20,0.21724042,2.04544902
7549,20,0.31098229,2.43216133
7550,20,0.25480351,3.35485291
7551,20,0.13941050,2.22154593
7552,20,0.22611104,5.14445925
7553,20,0.16536959,1.51596928
7554,20,0.23501474,2.63463163
7555,20,0.18968080,1.62245595
7556,20,0.25475612,2.70825052
7557,20,0.24564569,2.46908092
7558,20,0.26704895,6.22177792
7559,20,0.14887500,1.80000722
7560,20,0.17336407,2.43688011
7561,20,0.24693990,3.05558562
7562,20,0.18852130,2.22519159
7563,20,0.21043201,2.65927601
7564,20,0.41777444,4.88960552
7565,20,0.16034132,2.36038327
7566,20,0.38970366,3.01687407
7567,20,0.34831214,3.32707310
7568,20,0.22820505,3.44345117
7569,20,0.29031152,3.21884704
7570,20,0.41608641,3.13490415
7571,20,0.19613433,3.23347378
7572,20,0.14987490,1.98987150
7573,20,0.19007868,1.75088072
7574,20,0.30098242,3.17527032
7575,20,0.17548397,2.80400491
7576,20,0.28615332,2.31724763
7577,20,0.26091143,2.53051639
7578,20,0.20951644,2.02194738
7579,20,0.21570525,2.34665799
7580,20,0.18392169,2.49350286
7581,20,0.21003175,2.64943433
7582,20,0.19520448,2.33773685
7583,20,0.11847869,1.36763978
7584,20,0.19776541,2.12509847
7585,20,0.36841261,6.13794661
7586,20,0.24591616,3.10227585
7587,20,0.20801345,2.33240104
7588,20,0.19955701,2.16170764
7589,20,0.16341178,2.33753037
7590,20,0.28086901,3.29279852
7591,20,0.26084083,3.15069389
7592,20,0.26163948,2.19866204
7593,20,0.36307126,3.13193727
7594,20,0.17598534,2.06975532
7595,20,0.13918610,1.88318872
7596,20,0.29441842,3.26503682
7597,20,0.20472027,1.75063765
7598,20,0.18484989,3.53206301
7599,20,0.25876468,3.54596996
7600,20,0.21197580,2.70525861
7601,20,0.26803115,3.51054788
7602,20,0.19473593,2.81557846
7603,20,0.34082294,3.19598150
7604,20,0.25159729,2.22544575
7605,20,0.20559058,3.36980009
7606,20,0.23536822,2.35395432
7607,20,0.32255840,3.58262634
7608,20,0.31422758,3.66706729
7609,20,0.20202753,2.21465087
7610,20,0.25614026,2.27335286
7611,20,0.29530644,3.03373265
7612,20,0.18759060,2.44056201
7613,20,0.23229554,3.61795235
7614,20,0.19581659,2.54596472
7615,20,0.24954890,2.81528282
7616,20,0.27713421,2.53373885
7617,20,0.18867987,1.67292833
7618,20,0.23863465,1.90795338
7619,20,0.20495138,2.39122939
7620,20,0.18209574,2.52171946
7621,20,0.28616261,2.94909811
7622,20,0.25611284,2.47945738
7623,20,0.17313640,2.58956432
7624,20,0.18636030,2.37287784
7625,20,0.23839344,2.75260448
7626,20,0.29587772,1.97975194
7627,20,0.16479933,2.28000355
7628,20,0.18968979,2.06574059
7629,20,0.17513081,4.23777151
7630,20,0.21639559,2.22389269
7631,20,0.37043363,3.94244218
7632,20,0.39160448,6.26382828
7633,20,0.12868422,1.59504259
7634,20,0.21099629,2.00732613
7635,20,0.28098524,2.70115805
7636,20,0.35783544,2.80350876
7637,20,0.22887692,2.41124749
7638,20,0.37496909,3.10930467
7639,20,0.13058196,2.17294073
7640,20,0.16814257,1.99376380
7641,20,0.13024557,1.78558207
7642,20,0.21027908,2.55976963
7643,20,0.16050184,2.96842670
7644,20,0.32457423,2.70662570
7645,20,0.28732887,2.84008765
7646,20,0.24548647,2.87703609
7647,20,0.28380418,3.35276031
7648,20,0.20724875,2.73412681
7649,20,0.25942773,2.96443319
7650,20,0.17987879,3.10259533
7651,20,0.21015652,3.17083144
7652,20,0.34895891,3.01747489
7653,20,0.26578152,2.58943892
7654,20,0.28198120,2.68087816
7655,20,0.20840958,2.19000435
7656,20,0.28362158,3.39654851
7657,20,0.34074876,3.55740404
7658,20,0.23943004,2.80592299
7659,20,0.24350151,2.18995380
7660,20,0.17224976,3.27744222
7661,20,0.30713975,4.33319998
7662,20,0.31729057,3.87858582
7663,20,0.22372675,3.61506295
7664,20,0.29656190,2.06445456
7665,20,0.23761514,3.01830935
7666,20,0.18195373,2.03606558
7667,20,0.21091449,1.81501698
7668,20,0.27968913,2.61054492
7669,20,0.33930850,2.68033767
7670,20,0.30651176,3.06742692
7671,20,0.18321717,1.96672177
7672,20,0.26755482,2.48196745
7673,20,0.23309734,1.69695127
7674,20,0.29039419,2.52275681
7675,20,0.28982270,2.03320312
7676,20,0.35431737,2.30271578
7677,20,0.22559935,1.86964786
7678,20,0.20574576,1.47986281
7679,20,0.14455998,1.84452832
7680,20,0.19029921,2.89163828
7681,20,0.15253839,2.51707768
7682,20,0.29120430,3.16409254
7683,20,0.28488749,2.88245201
7684,20,0.22098403,2.05039120
7685,20,0.16499043,2.42387080
7686,20,0.27244070,3.09190845
7687,20,0.27008826,2.22128558
7688,20,0.14889342,2.41858268
7689,20,0.30887979,2.68961620
7690,20,0.26103616,3.01992178
7691,20,0.23479432,2.49569654
7692,20,0.37729314,3.21243334
7693,20,0.24956483,3.24033499
7694,20,0.18488300,1.60509372
7695,20,0.30416220,2.51662207
7696,20,0.17589656,1.84054136
7697,20,0.18464637,2.93167877
7698,20,0.17252216,2.56888199
7699,20,0.22242868,2.32571411
7700,20,0.31685725,3.71029067
7701,20,0.18209025,1.86484420
7702,20,0.21609086,2.39167285
7703,20,0.23617701,2.47148514
7704,20,0.19934243,2.89058876
7705,20,0.17287737,1.73208988
7706,20,0.19041654,2.62645125
7707,20,0.39206481,2.04596543
7708,20,0.20516707,2.20286727
7709,20,0.28182065,2.13172007
7710,20,0.15301031,2.58918643
7711,20,0.24012858,2.01315689
7712,20,0.31031111,2.48070049
7713,20,0.27996382,3.20809078
7714,20,0.20142363,1.53324592
7715,20,0.24678691,2.90232348
7716,20,0.22753489,1.93166101
7717,20,0.22278537,2.89186811
7718,20,0.34965888,2.57253313
7719,20,0.29689640,2.52228451
7720,20,0.24338773,2.37567568
7721,20,0.40712500,2.32185602
7722,20,0.25270927,1.66062057
7723,20,0.16226415,3.20291114
7724,20,0.18721597,3.36729026
7725,20,0.34652007,3.35210514
7726,20,0.16693348,1.94622147
7727,20,0.13995989,2.05030012
7728,20,0.15738870,1.60301971
7729,20,0.13219824,1.06440222
7730,20,0.29508007,2.90490651
7731,20,0.34575424,2.53789568
7732,20,0.31744060,2.22048402
7733,20,0.15804201,1.64233541
7734,20,0.30222732,2.49146938
7735,20,0.22624460,1.90372121
7736,20,0.29977414,3.38712454
7737,20,0.19385968,2.09687018
7738,20,0.29314119,2.10355973
7739,20,0.27182567,2.27205396
7740,20,0.21541366,2.03094959
7741,20,0.11649358,1.43996239
7742,20,0.13509166,1.60834479
7743,20,0.20372050,1.96990359
7744,20,0.19909453,1.68573976
7745,20,0.18051109,2.51790142
7746,20,0.16687796,1.97802103
7747,20,0.19346797,1.75968111
7748,20,0.21130091,2.72150159
7749,20,0.26144442,2.16704559
7750,20,0.24411464,1.59459710
7751,20,0.27061164,4.22542906
7752,20,0.20907696,2.38497877
7753,20,0.30064768,3.92244029
7754,20,0.40408027,3.23658943
7755,20,0.16384006,1.33255029
7756,20,0.24906981,2.25548506
7757,20,0.19127315,2.05879617
7758,20,0.24331728,2.24629331
7759,20,0.14582695,1.46686959
7760,20,0.14107600,1.87237585
7761,20,0.24816903,2.00346494
7762,20,0.22754773,2.74460363
7763,20,0.22035179,2.38979530
7764,20,0.34376121,3.16645122
7765,20,0.25697991,2.11836815
7766,20,0.20700455,2.51186514
7767,20,0.19712156,2.67984271
7768,20,0.21025380,2.07815313
7769,20,0.26438689,2.18118143
7770,20,0.23628372,2.11414099
7771,20,0.23129699,2.12071586
7772,20,0.27435693,4.43732595
7773,20,0.29653788,2.03282046
7774,20,0.17962380,1.41940701
7775,20,0.23815496,2.55900764
7776,20,0.26613820,2.58266425
7777,20,0.22773005,2.28977108
7778,20,0.31903395,2.76976776
7779,20,0.28499675,3.49216270
7780,20,0.21241042,1.53065705
7781,20,0.28432727,1.71305168
7782,20,0.22211179,2.19533825
7783,20,0.21156105,2.97523475
7784,20,0.26885396,2.98103118
7785,20,0.25361195,3.38614178
7786,20,0.13494141,1.53129184
7787,20,0.31821322,5.14758968
7788,20,0.30587167,2.55832005
7789,20,0.16306922,1.63657081
7790,20,0.28096500,2.49369955
7791,20,0.20997189,2.92200708
7792,20,0.17919940,2.03408885
7793,20,0.33077288,2.55481887
7794,20,0.26556343,2.54102349
7795,20,0.12062621,1.22898781
7796,20,0.24486282,3.81677175
7797,20,0.23450540,2.17418408
7798,20,0.16272977,3.87801981
7799,20,0.28150681,2.54562116
7800,20,0.24070662,3.27477908
7801,20,0.25574496,2.82085657
7802,20,0.20271389,3.27881813
7803,20,0.24890910,1.67303228
7804,20,0.14771232,1.78831041
7805,20,0.30382204,4.92244148
7806,20,0.31175029,3.14879847
7807,20,0.29317474,2.47768569
7808,20,0.09526381,1.61106610
7809,20,0.16069326,1.83693659
7810,20,0.21916044,2.02944660
7811,20,0.27307564,3.58430552
7812,20,0.21470335,2.57028127
7813,20,0.25931603,3.06912422
7814,20,0.31724367,2.72338080
7815,20,0.14350262,1.71583784
7816,20,0.29940188,3.12069583
7817,20,0.24386109,2.71819663
7818,20,0.14696136,1.70789289
7819,20,0.39507174,5.99736071
