global_step,epoch,loss,grad_norm
0,1,2.33112335,13.38459206
1,1,2.27536774,12.42517185
2,1,2.27914429,12.60424519
3,1,2.13642883,11.27610683
4,1,2.23248672,11.09648132
5,1,2.13587189,10.92083931
6,1,2.18819046,10.72199345
7,1,1.91596413,9.97505856
8,1,2.00103188,9.18297672
9,1,1.90564728,9.23428154
10,1,2.03178024,9.21354771
11,1,2.06090546,9.33782578
12,1,1.99045563,9.01946640
13,1,1.98516083,8.92421150
14,1,1.87982178,8.30815887
15,1,1.87863922,8.03495598
16,1,1.94853401,8.20371342
17,1,1.79676437,7.80209541
18,1,1.86499786,7.59158325
19,1,1.78543854,7.41919565
20,1,1.67417717,6.95907259
21,1,1.84074974,8.08316040
22,1,1.85895157,8.02439785
23,1,1.70637226,7.41551065
24,1,1.93497658,7.66596746
25,1,1.74890518,7.14429760
26,1,1.81492043,7.16040516
27,1,1.85080242,7.39740276
28,1,1.78261471,8.48501015
29,1,1.74647522,7.64033699
30,1,1.69315910,7.45903158
31,1,1.81015205,7.58406019
32,1,1.87537003,7.95367956
33,1,1.59332275,7.30538845
34,1,1.69353580,6.81322622
35,1,1.69187927,7.04938030
36,1,1.70623922,7.28835773
37,1,1.82264733,8.32538509
38,1,1.68178082,7.67899084
39,1,1.68289614,7.03593874
40,1,1.66541862,7.30796719
41,1,1.63891983,7.50294113
42,1,1.81835556,7.82436609
43,1,1.69097900,7.13405371
44,1,1.77739716,7.93796444
45,1,1.57204723,7.02631521
46,1,1.71091557,8.27983761
47,1,1.61532974,7.49251413
48,1,1.79654503,7.65184784
49,1,1.54503727,7.70579100
50,1,1.67275095,7.44052267
51,1,1.60263014,7.16134596
52,1,1.60089111,7.72607088
53,1,1.78455257,8.91899395
54,1,1.69194984,7.77114487
55,1,1.60099411,7.21415758
56,1,1.64048004,6.95559835
57,1,1.52272129,7.38528538
58,1,1.64672470,8.16257858
59,1,1.74405956,7.67991209
60,1,1.52976084,7.40822744
61,1,1.57112789,7.68525219
62,1,1.51616287,6.96337175
63,1,1.62325573,8.12502575
64,1,1.59977055,7.45766068
65,1,1.62854147,8.45942020
66,1,1.58904743,8.48229599
67,1,1.57047462,7.50131893
68,1,1.64117384,7.12408924
69,1,1.50617981,6.87084007
70,1,1.56298733,7.70887232
71,1,1.44804478,7.34511232
72,1,1.59735584,7.34342957
73,1,1.64793396,7.49183273
74,1,1.66778135,8.30864906
75,1,1.71326494,7.80441856
76,1,1.61953354,7.87519026
77,1,1.49253082,8.00093651
78,1,1.48780823,7.39803982
79,1,1.59891987,7.76523304
80,1,1.60438251,7.98030043
81,1,1.61437798,7.61987448
82,1,1.60411263,7.17521286
83,1,1.56310749,8.11110878
84,1,1.49371147,7.52166939
85,1,1.53063202,7.52128458
86,1,1.59541464,8.05029678
87,1,1.52099133,7.86178541
88,1,1.50960779,7.54385328
89,1,1.49049520,6.94938660
90,1,1.59143114,8.80678368
91,1,1.45460081,7.49381018
92,1,1.52603388,9.11281204
93,1,1.69183135,9.75751972
94,1,1.57657480,7.85996246
95,1,1.68833733,8.96765423
96,1,1.56714129,8.34937668
97,1,1.55737615,7.84344101
98,1,1.43466306,6.59764481
99,1,1.62600613,7.87028503
100,1,1.53581762,7.72729778
101,1,1.53676987,7.91295815
102,1,1.44290018,7.86274099
103,1,1.53351498,7.20660686
104,1,1.41481113,6.38531971
105,1,1.49185872,8.79330635
106,1,1.47622108,7.39491034
107,1,1.73878670,10.47796726
108,1,1.48169422,7.33991480
109,1,1.37272549,7.44777822
110,1,1.42592859,7.16781235
111,1,1.44368029,7.18761826
112,1,1.45892024,7.83162403
113,1,1.39072633,7.60312939
114,1,1.47471356,8.61928558
115,1,1.67066193,8.58264256
116,1,1.53842068,8.17866611
117,1,1.43985105,7.60679722
118,1,1.39210796,6.92874908
119,1,1.58022356,7.68660784
120,1,1.40528345,7.89308691
121,1,1.49496293,7.46676588
122,1,1.59123611,8.27161598
123,1,1.45198536,7.02106142
124,1,1.48531651,7.46346569
125,1,1.40846419,6.94817066
126,1,1.41912794,7.25380325
127,1,1.56924891,8.66448021
128,1,1.41538715,7.57196140
129,1,1.33869863,7.96371698
130,1,1.53024340,8.06455517
131,1,1.42071152,7.37313986
132,1,1.41934514,8.98574162
133,1,1.33862996,8.09791660
134,1,1.52279735,9.29239368
135,1,1.36706018,7.48214722
136,1,1.55140841,8.60142899
137,1,1.45965767,7.68610620
138,1,1.35235691,7.68182039
139,1,1.39130187,6.72287035
140,1,1.35232615,8.81239796
141,1,1.53429985,7.65565681
142,1,1.59914351,7.67920589
143,1,1.28989792,8.80632114
144,1,1.47723389,8.80731106
145,1,1.57745051,8.85258389
146,1,1.57730341,8.99234772
147,1,1.33293390,7.21810722
148,1,1.27991986,6.98199844
149,1,1.56891680,8.43899727
150,1,1.56479168,8.34364414
151,1,1.38086295,9.60840130
152,1,1.39482403,8.48742867
153,1,1.52652025,8.49572754
154,1,1.47522402,7.49233532
155,1,1.40691876,7.55024433
156,1,1.49441814,8.70623875
157,1,1.43000746,7.14311361
158,1,1.57929611,7.90781116
159,1,1.39158249,7.37115049
160,1,1.40821147,8.02369022
161,1,1.34453535,7.41703224
162,1,1.32987225,8.61598301
163,1,1.41414690,7.93387175
164,1,1.30480719,6.76254511
165,1,1.45127439,7.61627626
166,1,1.37179756,7.89374304
167,1,1.44874620,8.06753445
168,1,1.36082745,7.65966606
169,1,1.41993666,7.93936014
170,1,1.15123701,6.13251495
171,1,1.45344591,8.49373055
172,1,1.62950182,7.53499651
173,1,1.29498124,7.87078285
174,1,1.37541771,7.48406363
175,1,1.39212608,8.20820713
176,1,1.28539491,8.76529789
177,1,1.28176999,7.62671375
178,1,1.41107488,8.50928116
179,1,1.31640124,7.31582785
180,1,1.37304425,inf
181,1,1.33225322,8.07894325
182,1,1.31591249,7.87165833
183,1,1.49042153,8.95862865
184,1,1.41720223,9.16258812
185,1,1.19163287,7.87766933
186,1,1.32671118,8.95816422
187,1,1.38375199,9.25113583
188,1,1.27512264,8.99413395
189,1,1.36078417,9.45246506
190,1,1.17472482,7.00293589
191,1,1.40097690,10.39000416
192,1,1.48979592,8.22426033
193,1,1.36852920,7.62547302
194,1,1.48606563,9.19736481
195,1,1.29690790,7.50201368
196,1,1.31472778,7.41520596
197,1,1.27933443,7.98113298
198,1,1.27240515,9.83432770
199,1,1.25355840,6.58230352
200,1,1.40803075,9.58889389
201,1,1.28732538,6.97629690
202,1,1.26900983,8.81125927
203,1,1.24324894,7.21711779
204,1,1.29334831,7.60784864
205,1,1.22132325,7.01526165
206,1,1.38218033,8.11391926
207,1,1.19466496,9.67670536
208,1,1.30445600,9.29722023
209,1,1.34647202,7.99895716
210,1,1.37152755,9.10616684
211,1,1.38550782,7.97700691
212,1,1.40346968,8.24841595
213,1,1.36220741,8.86137295
214,1,1.29447031,12.40228367
215,1,1.18704343,8.76730728
216,1,1.29458857,9.19274044
217,1,1.36594677,8.09650993
218,1,1.33998704,9.32336235
219,1,1.35808635,7.64626026
220,1,1.35882270,9.36899471
221,1,1.28445601,8.92693233
222,1,1.38323617,7.52253628
223,1,1.40060782,7.82827711
224,1,1.36776567,8.36714840
225,1,1.21066904,7.49491549
226,1,1.19644392,8.50561523
227,1,1.30182815,8.27787685
228,1,1.55835712,10.30007362
229,1,1.32503343,10.68029785
230,1,1.36535788,9.28459644
231,1,1.31004024,9.63212490
232,1,1.24808955,10.73324585
233,1,1.53013134,9.33142662
234,1,1.13817692,8.92359066
235,1,1.33784485,12.01619244
236,1,1.46004438,13.08065128
237,1,1.28466320,8.90529251
238,1,1.19832325,7.43183374
239,1,1.33729243,7.57473516
240,1,1.49444759,8.31012821
241,1,1.15220332,8.64935780
242,1,1.34516263,7.61716604
243,1,1.20804417,8.88749123
244,1,1.39697683,9.15534306
245,1,1.34742880,8.62791920
246,1,1.34257329,9.34536362
247,1,1.43386495,8.38631344
248,1,1.28130698,8.67882824
249,1,1.32688785,7.71212339
250,1,1.30454850,8.31952763
251,1,1.39233375,8.69823360
252,1,1.33510494,9.31239891
253,1,1.27827334,9.36684799
254,1,1.33289075,9.11062431
255,1,1.49174511,10.86085224
256,1,1.47832537,8.90742874
257,1,1.21705794,6.86360168
258,1,1.44785976,8.63092327
259,1,1.16881192,7.19103098
260,1,1.38011169,8.47317410
261,1,1.38191605,8.90769291
262,1,1.33603168,8.34796238
263,1,1.39344954,7.95330811
264,1,1.20221066,6.74436760
265,1,1.44071960,8.39758873
266,1,1.60058904,8.30875969
267,1,1.48436022,7.94091654
268,1,1.35040975,7.70577574
269,1,1.48415351,9.27592754
270,1,1.21024847,6.89192915
271,1,1.17514467,7.41516495
272,1,1.26873934,6.84060144
273,1,1.17508841,7.27135897
274,1,1.24994004,7.31706429
275,1,1.35331464,7.01560163
276,1,1.34364676,6.97208977
277,1,1.29845762,6.88949537
278,1,1.40360332,7.06180334
279,1,1.33170080,9.87325001
280,1,1.32172835,14.11376476
281,1,1.19484591,6.79050064
282,1,1.36179137,10.32282734
283,1,1.28009689,7.72949791
284,1,1.22627604,6.51212311
285,1,1.17483437,6.76794434
286,1,1.33093381,10.46875668
287,1,1.36598325,6.53424406
288,1,1.22372222,10.77893448
289,1,1.39647436,7.51659393
290,1,1.28791368,9.23547649
291,1,1.30553854,8.32112217
292,1,1.27252889,10.57817554
293,1,1.28527570,9.82467270
294,1,1.14222145,6.84434366
295,1,1.22590470,7.05788565
296,1,1.32788610,9.96728611
297,1,1.30842650,8.30715656
298,1,1.20120299,7.44305611
299,1,1.23038888,6.73428202
300,1,1.23050451,9.93650436
301,1,1.15702856,7.65251160
302,1,1.25627661,8.71028233
303,1,1.36090183,7.96504879
304,1,1.06134498,6.86265278
305,1,1.16212225,8.24293137
306,1,1.22291183,10.52861309
307,1,1.31475663,9.18075275
308,1,1.15109515,13.97026920
309,1,1.03755879,6.38789892
310,1,1.24029875,8.22061634
311,1,1.24032044,7.86722040
312,1,1.20617235,9.12919617
313,1,1.15816939,11.53937435
314,1,1.28930652,7.90179920
315,1,1.42351127,8.38316822
316,1,1.23722863,16.81489563
317,1,1.23865294,12.38396072
318,1,1.27397895,10.49342823
319,1,1.21830678,10.05600071
320,1,1.27016032,6.72497034
321,1,1.27840912,8.64758682
322,1,1.20498872,7.86141253
323,1,1.25978684,8.51183605
324,1,1.30689096,11.38619518
325,1,1.20397496,7.27399349
326,1,1.17501926,7.95377636
327,1,1.20985556,7.36955023
328,1,1.16853464,7.19243765
329,1,1.24535394,9.20288754
330,1,1.06934667,7.15268421
331,1,1.21493721,8.22893238
332,1,1.29053354,8.18644047
333,1,1.20887840,7.33108234
334,1,1.08736682,7.46638775
335,1,1.29674268,7.99722242
336,1,1.35747814,8.14820957
337,1,1.31292367,11.98865223
338,1,1.31106579,8.87841606
339,1,1.15962100,9.30562210
340,1,1.28174615,7.89661455
341,1,1.24214888,7.70151758
342,1,1.12177777,7.97683620
343,1,1.25836802,8.39693451
344,1,1.11558449,10.63950825
345,1,1.29197955,7.75525761
346,1,1.15783525,9.17195606
347,1,1.33305383,8.25267029
348,1,1.11017823,8.54358959
349,1,1.27106404,8.53553104
350,1,1.28574467,8.79177475
351,1,1.22415960,9.75540829
352,1,1.16613603,8.48188782
353,1,1.15261960,7.75729275
354,1,1.13496685,11.21922779
355,1,1.23344016,7.79307795
356,1,1.16993129,7.96006536
357,1,1.18333125,9.20301819
358,1,1.23598933,8.89147282
359,1,1.19501305,8.26839352
360,1,1.19747090,9.38181210
361,1,1.23104537,9.74532413
362,1,1.20878184,8.95618820
363,1,1.04681730,7.93278599
364,1,1.11265683,8.38981247
365,1,1.26593697,7.82685852
366,1,1.29013765,7.69283152
367,1,1.20803118,7.56722832
368,1,1.11995900,9.14446068
369,1,1.30806863,7.43000269
370,1,1.33285415,10.85291672
371,1,1.19074786,8.87861824
372,1,1.34494412,6.77796984
373,1,1.22897458,9.06370449
374,1,1.17131686,8.27485085
375,1,1.25519478,11.42777729
376,1,1.35963356,9.73345280
377,1,1.23732936,9.29368782
378,1,1.22421277,7.03850842
379,1,1.29519725,8.36785889
380,1,1.00597048,7.79488611
381,1,1.23997295,10.85097694
382,1,1.09719217,9.69061565
383,1,1.23731470,7.18577051
384,1,1.29685092,7.47702837
385,1,1.18739891,11.48439789
386,1,1.25782728,7.31650448
387,1,1.15750611,10.49707317
388,1,1.18528759,13.05453396
389,1,1.13574243,8.07108688
390,1,1.26372564,10.66164875
391,2,1.35804117,10.06651688
392,2,1.17020941,7.26097679
393,2,1.17695761,7.70023394
394,2,1.08139789,7.22764492
395,2,1.13741362,7.11962748
396,2,1.11532497,7.06710529
397,2,1.26088476,10.58253574
398,2,0.95458251,7.49644661
399,2,1.07863533,10.37342644
400,2,1.16408765,8.05821609
401,2,1.03242290,8.97503567
402,2,1.06954503,6.97458792
403,2,1.12430787,9.06955624
404,2,1.04154134,6.78591633
405,2,1.22836232,8.46269608
406,2,1.11771095,9.26703167
407,2,1.14445925,10.38630009
408,2,1.04842830,11.21126842
409,2,1.06438255,7.61357689
410,2,0.96251488,10.59163475
411,2,1.07556558,7.71243572
412,2,1.19615316,8.79022980
413,2,1.03790569,10.46651077
414,2,1.20156074,6.98658657
415,2,1.00446033,7.88465309
416,2,1.23128152,8.89744854
417,2,1.21325397,10.84336948
418,2,1.29688692,10.05827904
419,2,1.06831002,12.68243694
420,2,1.13810718,12.60604572
421,2,1.20792651,11.74242687
422,2,1.21001410,9.40149307
423,2,1.23705721,8.34262466
424,2,1.21285498,8.49294853
425,2,1.21980333,12.24647713
426,2,1.26018167,8.23902416
427,2,1.02314615,6.98756266
428,2,1.19126415,11.52732182
429,2,1.40795398,9.43618107
430,2,1.01127148,8.35802364
431,2,1.27540469,7.91454220
432,2,1.27856147,9.59932041
433,2,1.13507962,7.61434841
434,2,1.38453567,11.59745979
435,2,1.15719628,10.62363911
436,2,0.98067272,7.20243168
437,2,1.05092061,7.09464979
438,2,1.38927138,9.04867363
439,2,1.21778917,7.66154337
440,2,1.19372845,9.70323658
441,2,1.12113762,6.44423676
442,2,1.12568915,6.64292288
443,2,1.02102351,7.21088886
444,2,1.07424843,8.91450882
445,2,1.12704110,8.66229153
446,2,1.27394223,8.56413746
447,2,1.21394956,7.15930033
448,2,1.22573090,7.96496820
449,2,1.25538731,8.07063103
450,2,1.18706036,8.17769909
451,2,0.98783314,6.68678761
452,2,1.02994835,7.27855444
453,2,1.06627369,7.25395679
454,2,1.05408311,6.98424816
455,2,1.12911451,6.72605085
456,2,1.08705020,11.06444168
457,2,1.23650885,8.96829033
458,2,1.02953076,7.65015316
459,2,1.16092587,11.54537106
460,2,1.13430095,8.63479519
461,2,1.09887815,7.73181200
462,2,1.12695265,8.27933693
463,2,1.14420891,8.12539577
464,2,1.08114481,10.74230671
465,2,1.13578010,7.78786039
466,2,1.29659891,inf
467,2,1.08342385,13.41294193
468,2,1.16427255,16.19748688
469,2,1.07982826,7.56318283
470,2,1.07283616,10.94047165
471,2,1.08940494,7.17654228
472,2,1.12212145,8.08835697
473,2,1.12526798,7.26607656
474,2,1.02188289,7.06697607
475,2,1.06568813,7.70497227
476,2,1.13766253,13.04447746
477,2,1.00457573,9.42391682
478,2,1.01887417,6.68123388
479,2,1.06590104,8.20020771
480,2,0.88286531,7.13640833
481,2,0.98785818,8.63422394
482,2,1.07219386,8.83476448
483,2,1.05910826,9.13889885
484,2,1.05435109,8.04236507
485,2,1.29180610,9.68662548
486,2,0.93963403,7.63766623
487,2,1.10234070,8.73132992
488,2,1.11008286,9.24074364
489,2,1.17532659,13.99670315
490,2,1.27416432,11.59128189
491,2,1.16267407,8.20048237
492,2,1.14955008,9.34222889
493,2,1.24748433,11.53510094
494,2,1.14577246,9.50657749
495,2,1.02918577,10.38324165
496,2,1.08081627,7.78108406
497,2,1.19903886,10.74496174
498,2,1.13096488,10.92859364
499,2,0.99255174,6.76650667
500,2,1.22382367,11.65874958
501,2,1.11561131,8.29406452
502,2,1.05739546,8.82911301
503,2,1.02600515,8.53815746
504,2,1.01329970,12.87403393
505,2,1.01645327,8.45658302
506,2,1.11008477,8.29487038
507,2,1.26257682,8.96173668
508,2,1.11410594,9.36472321
509,2,1.05280328,7.24116087
510,2,0.93132788,6.61718655
511,2,0.97790819,8.13986778
512,2,0.91951704,7.52548409
513,2,1.17933452,8.06437683
514,2,1.12802315,8.15871811
515,2,1.23317552,9.28880024
516,2,1.19208682,10.73512936
517,2,1.09628630,7.61653614
518,2,1.33141971,10.14143372
519,2,1.33513832,14.99207020
520,2,1.08428097,11.01347065
521,2,1.10755038,8.26317406
522,2,1.01479185,6.55009508
523,2,1.07257569,8.72020340
524,2,1.15462375,17.21681786
525,2,1.07704628,7.45592594
526,2,1.06595278,9.34327888
527,2,1.04136443,8.49252510
528,2,1.04235625,12.83169842
529,2,1.29909539,7.02052498
530,2,1.22474349,8.99883747
531,2,1.09857821,8.97352219
532,2,1.08219147,8.39042950
533,2,1.02204192,6.99986792
534,2,1.15050888,8.75123310
535,2,1.12681437,7.92341518
536,2,1.09659815,6.34009600
537,2,1.01738060,5.95449018
538,2,1.10872889,7.42039061
539,2,1.06611490,7.45844603
540,2,1.18818009,8.95298672
541,2,0.87273043,6.98804998
542,2,0.96730930,7.01611233
543,2,1.04152322,11.14624691
544,2,1.00826776,7.26434946
545,2,1.29305208,9.33798790
546,2,1.18857217,12.62505054
547,2,1.11475122,9.34405136
548,2,1.10985959,9.72156811
549,2,1.02001762,7.69236279
550,2,1.01671934,8.33198643
551,2,1.12189102,10.74434471
552,2,1.04874384,7.27584219
553,2,1.05611420,9.57835865
554,2,1.24949157,13.09797096
555,2,1.13677597,9.25093651
556,2,0.88061947,6.64430714
557,2,1.02252519,10.17163849
558,2,1.18156922,9.51226902
559,2,1.21563673,10.38928413
560,2,1.22595942,11.09306812
561,2,0.99328721,9.06267166
562,2,1.23820424,8.29214287
563,2,1.22738028,9.06212044
564,2,1.16315687,8.55336952
565,2,1.22787189,9.84433746
566,2,0.99680150,7.10645485
567,2,1.04156995,8.82088470
568,2,0.99536586,10.89025974
569,2,1.04209495,8.03404236
570,2,1.19916189,9.00063324
571,2,1.06444001,7.98513699
572,2,1.18640578,8.90713310
573,2,1.19028771,9.74253654
574,2,1.02523971,9.55279255
575,2,1.17031443,9.62233829
576,2,1.09517789,7.40225410
577,2,1.08539057,7.94496059
578,2,1.10000455,7.96322489
579,2,1.08395481,7.09302235
580,2,1.09368062,15.60886097
581,2,1.16776919,7.57752037
582,2,1.04560089,8.67005253
583,2,1.10710561,12.88298893
584,2,1.18048966,9.98093319
585,2,1.06411481,6.92437601
586,2,1.08242559,7.63350487
587,2,0.96817994,6.76593208
588,2,1.06687081,8.36081505
589,2,1.06035388,7.07133961
590,2,1.13313842,10.89256668
591,2,1.08074450,7.87016630
592,2,1.05828416,12.50492954
593,2,0.88281882,5.76201391
594,2,0.99114347,7.97825527
595,2,0.90832573,6.41806555
596,2,1.26685834,10.82306004
597,2,0.84686202,9.64774513
598,2,1.02618837,6.59139681
599,2,1.18101001,8.38890648
600,2,1.14936018,9.13126945
601,2,1.11905372,8.03932095
602,2,1.06228268,8.87900162
603,2,1.02719474,6.97393036
604,2,1.03396428,12.32095051
605,2,1.07292056,7.55127287
606,2,1.08086693,17.99262047
607,2,1.11272717,7.60417366
608,2,1.29774570,9.88733959
609,2,1.00289893,7.76562738
610,2,0.91842484,7.99896765
611,2,0.97350073,7.98006868
612,2,1.08582973,11.76106262
613,2,0.81732422,7.71572876
614,2,1.12432933,8.94653606
615,2,1.09098697,10.43909550
616,2,1.14809024,10.44662952
617,2,0.99018377,8.38721848
618,2,0.98946095,7.42086315
619,2,0.94370449,8.02908707
620,2,1.07111239,8.35319519
621,2,1.28017271,8.46779728
622,2,1.16320395,9.12012100
623,2,1.19958675,8.86392403
624,2,1.04515219,8.80300236
625,2,1.21757317,14.92499352
626,2,1.05144417,9.55207634
627,2,1.06759882,8.16247463
628,2,1.01247823,13.75200844
629,2,1.21721506,12.82306290
630,2,1.12975216,8.19321823
631,2,1.06548953,8.01149940
632,2,1.00404990,8.49386978
633,2,1.16087806,8.34771633
634,2,1.20726681,10.68181229
635,2,1.08878636,11.73687077
636,2,1.02961504,7.12742758
637,2,0.98605150,8.56862068
638,2,0.97745740,8.29226494
639,2,1.10935450,6.66544008
640,2,1.38652456,7.98373556
641,2,1.17102265,11.37897301
642,2,1.11572647,9.50016594
643,2,1.11412764,7.99150181
644,2,0.92573786,9.63012028
645,2,1.11775017,8.68609142
646,2,1.01846790,7.13804579
647,2,0.96730626,7.27813292
648,2,1.02432144,9.43779469
649,2,1.22604537,11.54267120
650,2,1.03307474,14.83034897
651,2,1.01992917,7.67582321
652,2,1.19498897,10.11333942
653,2,0.95943195,6.55512285
654,2,0.98992598,7.77755547
655,2,1.08284760,10.30820847
656,2,0.94715714,7.46282768
657,2,1.14672315,13.27008057
658,2,1.04244113,12.87225533
659,2,1.14341164,10.73271275
660,2,1.03140759,7.48518038
661,2,1.03694391,9.45451832
662,2,1.02268004,9.51246166
663,2,1.01164532,8.64256477
664,2,0.91924626,12.15926647
665,2,1.02431929,7.96224689
666,2,1.02443886,10.48754215
667,2,0.93227726,6.92429781
668,2,1.11236107,8.08210182
669,2,0.98877096,9.37403679
670,2,1.17741370,8.94637394
671,2,0.78334308,8.80417919
672,2,1.07003069,9.48311901
673,2,1.07245660,7.24967480
674,2,0.99521363,8.42090130
675,2,0.97347689,8.25378895
676,2,1.12375832,10.62305832
677,2,0.89163029,7.58358479
678,2,0.97415918,11.29950237
679,2,1.09230065,9.63159752
680,2,1.11780894,8.57387161
681,2,0.91934252,10.20395565
682,2,0.92372143,8.85265160
683,2,0.98830962,12.55693245
684,2,0.94640470,6.47826242
685,2,0.87561584,7.97137070
686,2,0.97554433,9.38842201
687,2,1.25136948,12.62369442
688,2,1.12286448,9.93232441
689,2,0.97346961,7.37942934
690,2,1.00941741,11.30111504
691,2,0.95948362,9.75308800
692,2,0.87825346,11.74763870
693,2,0.87716776,6.43872070
694,2,1.02535510,8.29586411
695,2,1.11210442,8.28261185
696,2,1.13806307,10.40171528
697,2,1.05892909,7.84908724
698,2,1.03527975,8.58591080
699,2,1.12364125,7.80575180
700,2,0.92593426,10.54348373
701,2,0.91457564,10.40832233
702,2,0.94712991,11.92987061
703,2,1.03269601,11.55904293
704,2,1.03008878,8.39104080
705,2,1.15301132,9.88691998
706,2,0.95063984,7.28984928
707,2,0.99263036,9.13988972
708,2,1.28391337,8.17694759
709,2,0.86869723,7.49238873
710,2,1.00477803,14.45768929
711,2,1.12076712,9.60929108
712,2,1.04857838,9.74070454
713,2,1.07876849,8.15640354
714,2,1.05109978,7.90503788
715,2,0.95687556,11.36181641
716,2,1.05607426,8.87242603
717,2,0.83614105,6.66361618
718,2,0.92408544,10.91241455
719,2,0.89309734,8.40011597
720,2,0.95273226,8.16787720
721,2,0.86387175,7.09812164
722,2,0.93066287,9.13555241
723,2,0.89020270,9.96134949
724,2,0.83684361,6.91427708
725,2,0.89470887,7.79314613
726,2,0.94525939,7.31572437
727,2,1.02678561,10.34522533
728,2,0.87598586,7.13237858
729,2,0.88325465,7.27952909
730,2,0.97270429,8.03871632
731,2,1.09288979,9.47197819
732,2,1.00957441,7.05382347
733,2,1.10967612,8.92076588
734,2,1.02355242,8.12337589
735,2,0.86460334,11.16303349
736,2,0.99851489,8.02674770
737,2,0.97708088,6.95319366
738,2,0.96235871,10.89969444
739,2,1.03957736,11.59395695
740,2,1.04473066,13.81269169
741,2,0.89937705,7.26917076
742,2,0.96828759,8.68807983
743,2,0.98697746,7.78515005
744,2,0.99448252,7.72608232
745,2,1.19805264,8.05583954
746,2,0.91570073,7.69489717
747,2,0.88120139,6.87409878
748,2,0.85535181,8.13634682
749,2,1.02656293,7.35935688
750,2,1.07694983,7.31498384
751,2,1.00570655,7.27691793
752,2,1.06905949,13.07669926
753,2,0.85954642,7.93024063
754,2,1.03487921,7.41488075
755,2,0.92847252,8.09506130
756,2,1.06329656,7.69275379
757,2,1.02584958,7.39618349
758,2,1.05807388,9.64096451
759,2,1.00407183,11.71092415
760,2,0.91414171,15.23088264
761,2,0.92367661,7.94221592
762,2,1.14860070,8.75758743
763,2,1.13959408,8.20749950
764,2,1.10977614,8.14077663
765,2,1.06856132,11.53485298
766,2,0.89840263,6.64717817
767,2,0.86726749,7.19383144
768,2,0.97389597,12.93264580
769,2,1.01643014,9.34338760
770,2,1.02796495,13.53517342
771,2,0.86177266,8.72152424
772,2,0.98508978,7.88899755
773,2,0.96066171,9.98491001
774,2,0.97077906,13.16140461
775,2,0.99670237,7.85921621
776,2,1.01198173,12.84941769
777,2,0.96150851,8.86616707
778,2,1.18893862,13.20009518
779,2,0.96834862,9.41724586
780,2,0.96288872,8.52316952
781,2,1.01285279,9.09111023
782,3,0.91353333,7.58673191
783,3,1.03029704,12.09678745
784,3,0.82728356,6.96910000
785,3,0.98427129,10.72427082
786,3,0.94422048,8.11881542
787,3,0.84011877,8.31313229
788,3,0.94967854,8.02190685
789,3,0.93624854,12.19215965
790,3,0.99586987,8.63785076
791,3,0.95546234,16.76585197
792,3,1.01594019,11.26482868
793,3,1.09933925,10.87183094
794,3,0.89735794,7.42255449
795,3,1.12808275,9.35585594
796,3,1.10211325,10.63587856
797,3,1.19300592,13.35675526
798,3,1.03119373,13.11879635
799,3,0.95010293,16.28707695
800,3,1.07136512,15.72276497
801,3,1.14443386,10.75870132
802,3,0.90458941,8.21706486
803,3,0.98435068,12.98014259
804,3,1.13120556,14.83782101
805,3,1.03931749,8.38382339
806,3,1.12439775,11.33224773
807,3,0.95177984,7.91160202
808,3,0.92112529,7.09212112
809,3,1.01305735,13.31800175
810,3,0.88102418,12.51624107
811,3,0.93056369,13.37882710
812,3,0.99193686,8.57097340
813,3,0.83351672,7.37942886
814,3,1.08062816,9.76982403
815,3,1.05803704,11.31575584
816,3,1.05501854,11.03269958
817,3,1.10574293,9.26824284
818,3,0.92917562,8.74331284
819,3,0.88333690,6.45420265
820,3,0.81177735,14.01889515
821,3,1.00309300,10.68645668
822,3,0.84760404,6.63260221
823,3,0.94341487,12.06308174
824,3,0.91007859,8.08132076
825,3,1.05236101,8.51730061
826,3,0.82287633,7.03922892
827,3,0.82704711,8.60232067
828,3,1.17683387,9.76609898
829,3,0.89000946,7.40092421
830,3,0.96009213,12.94795227
831,3,0.97691524,14.28997898
832,3,0.83532822,6.05883789
833,3,1.11768937,12.28248978
834,3,0.86101723,8.28437901
835,3,0.93419683,6.84866381
836,3,1.01597023,8.28888416
837,3,1.05567408,10.31058598
838,3,0.85931122,8.36768246
839,3,0.96140373,8.74283314
840,3,0.83957958,10.50690842
841,3,0.84441519,8.50288486
842,3,0.92740935,8.12092209
843,3,0.82250804,9.62689400
844,3,0.90130830,10.55225658
845,3,1.15375435,14.66962814
846,3,1.18207109,11.89536190
847,3,1.03203619,7.92960167
848,3,1.01924109,13.25754642
849,3,1.06981015,9.20507812
850,3,1.10429263,15.52251911
851,3,0.79264748,13.89726639
852,3,0.92350376,11.64774418
853,3,0.87186515,9.15842628
854,3,0.99004358,10.17536163
855,3,0.79480827,10.03656960
856,3,0.83139700,6.89908743
857,3,1.04600978,9.85239792
858,3,0.88787645,8.61037350
859,3,0.81839997,7.67698383
860,3,0.89650202,9.04128075
861,3,0.75543690,8.28542328
862,3,0.89368504,9.16234970
863,3,1.08079672,7.91820812
864,3,1.10107112,9.00455093
865,3,1.00769627,8.09962749
866,3,0.86634648,12.29197121
867,3,0.91906643,8.22243404
868,3,0.98365092,7.68252468
869,3,1.03794360,8.57612705
870,3,0.85199296,17.25438499
871,3,1.03239608,11.77996349
872,3,1.06482148,17.66634369
873,3,0.85659385,7.50394535
874,3,1.03350949,13.46637344
875,3,0.90216208,11.34976673
876,3,0.89528114,6.43240309
877,3,0.86354649,6.38011551
878,3,0.90206075,8.28879738
879,3,1.18087745,10.37336254
880,3,0.96452737,8.61712551
881,3,0.93223596,7.61295605
882,3,1.00461364,13.93107891
883,3,0.96104389,7.49143076
884,3,1.14648986,8.06121349
885,3,0.93373358,9.81112480
886,3,0.86364657,8.72359562
887,3,1.02849913,11.80944824
888,3,0.85111099,6.58910894
889,3,0.97263527,10.18982220
890,3,0.87478065,9.02936935
891,3,0.84466207,7.19155073
892,3,1.12052667,9.16487980
893,3,1.04512870,10.32072830
894,3,0.95244539,7.40886593
895,3,0.79930079,6.90344095
896,3,0.88031864,7.62824821
897,3,0.92505282,19.68147850
898,3,0.95573354,8.00115585
899,3,1.00057113,8.67630005
900,3,0.98055035,9.31146717
901,3,1.07755530,10.77997112
902,3,0.98082256,10.36527920
903,3,1.17516947,12.96972942
904,3,0.86540210,9.77464199
905,3,0.90614229,8.46067333
906,3,0.91500068,8.24213314
907,3,1.03510332,10.22292805
908,3,1.03833425,9.04608440
909,3,1.04913759,10.65016270
910,3,0.93523854,9.79929256
911,3,1.17220569,9.04350090
912,3,0.94780701,12.44741154
913,3,0.99399257,9.31490707
914,3,0.91751736,7.07503986
915,3,0.81328112,9.53386784
916,3,0.97055811,11.74578476
917,3,0.95081711,9.80900288
918,3,0.77546996,7.00651026
919,3,1.00700486,9.45616627
920,3,1.09472418,9.36048508
921,3,0.79836148,10.20145226
922,3,0.98813903,7.34876394
923,3,0.87527621,11.19155693
924,3,0.71511698,6.89278269
925,3,0.94427180,7.31277609
926,3,0.86493212,9.34207726
927,3,0.81884360,6.40250826
928,3,0.90165764,7.26421881
929,3,0.91963577,11.29091454
930,3,1.13033342,10.72939587
931,3,0.87116051,6.59173107
932,3,0.76117736,14.12045956
933,3,0.94171423,8.72048378
934,3,1.00247014,7.53015709
935,3,0.90118206,7.17396879
936,3,0.92036498,7.83495522
937,3,1.06252241,9.86251545
938,3,1.02339602,8.57186890
939,3,1.00619960,10.50920486
940,3,1.04768252,11.02195549
941,3,0.87592423,7.09665012
942,3,1.05329752,9.53943443
943,3,0.98580652,10.02690697
944,3,0.98302281,10.95408535
945,3,1.12147200,10.66660690
946,3,1.14416194,16.60351944
947,3,1.00487804,17.36013222
948,3,0.94003206,10.80629921
949,3,0.97399253,9.52350044
950,3,0.86588073,8.76865196
951,3,0.75596076,9.36630154
952,3,0.95200443,8.48832703
953,3,0.95018512,24.21749306
954,3,0.95127887,7.68392658
955,3,0.92225075,8.57459068
956,3,1.02580738,9.31801510
957,3,0.89202774,7.95724106
958,3,0.76820821,6.09383488
959,3,0.83616424,5.82795858
960,3,1.01370835,11.16005516
961,3,0.95131987,7.45344448
962,3,0.90330350,7.91461754
963,3,1.03961802,7.36289644
964,3,0.80421448,6.66310644
965,3,1.09474683,9.43248940
966,3,0.85453165,8.32739735
967,3,0.87651825,9.02703571
968,3,0.78200758,6.69700527
969,3,1.00957036,16.32435417
970,3,0.85145485,10.63449001
971,3,0.99769181,12.48722458
972,3,0.91097856,7.58904552
973,3,1.00124884,11.15167046
974,3,0.70528692,15.59931469
975,3,0.90494686,14.44408798
976,3,0.83357841,7.32116985
977,3,0.75456667,7.68627882
978,3,0.87989044,7.49424362
979,3,0.96207941,7.81542158
980,3,0.94865805,9.68905449
981,3,0.98089546,8.47213078
982,3,0.81598037,7.54827261
983,3,0.90537167,9.58611584
984,3,0.88525605,11.73888874
985,3,0.99311817,9.29510498
986,3,0.75622100,6.69761324
987,3,1.07147598,12.64822769
988,3,0.89466441,8.70191479
989,3,0.91468090,9.82801533
990,3,0.94813454,8.18818855
991,3,0.84653473,7.70550156
992,3,1.03187180,9.14023972
993,3,0.90686244,7.46327114
994,3,0.87241745,7.03075171
995,3,0.88412899,17.81649590
996,3,1.07476938,7.63764334
997,3,1.04984760,9.54004383
998,3,0.98941499,11.92457581
999,3,0.94303858,7.00001621
1000,3,0.88467276,8.57797813
1001,3,0.88198698,7.29576206
1002,3,1.09296227,8.27547646
1003,3,0.86034548,7.19903898
1004,3,0.91403055,10.47605515
1005,3,0.87665445,8.66970634
1006,3,0.99109197,9.12314606
1007,3,1.07649446,8.94997501
1008,3,1.03388917,11.82818127
1009,3,0.82508844,6.61625338
1010,3,0.93129551,14.10551167
1011,3,0.91859078,9.49021816
1012,3,0.91237372,6.94398832
1013,3,0.92485601,14.36346340
1014,3,0.87830222,8.48751640
1015,3,0.86433518,6.92547369
1016,3,0.89556301,11.22980499
1017,3,0.88609290,8.45936966
1018,3,0.74983037,7.92448568
1019,3,0.84810710,13.08857059
1020,3,0.80861729,7.94494629
1021,3,1.00180483,7.96319962
1022,3,0.90975142,15.88780880
1023,3,1.02835155,7.31395912
1024,3,0.95759410,12.85144424
1025,3,0.85124069,13.51430798
1026,3,0.83094335,8.10153484
1027,3,0.82710779,7.74382257
1028,3,0.80265880,9.82557774
1029,3,0.77823567,11.02717972
1030,3,0.78308356,9.25368881
1031,3,0.99072391,10.65767860
1032,3,0.62088740,6.31077433
1033,3,0.82835978,10.31585884
1034,3,0.85930097,11.99198437
1035,3,1.02238429,10.04020882
1036,3,0.93374133,11.89371300
1037,3,1.08567357,19.90419197
1038,3,0.79744112,8.71195602
1039,3,0.79337168,9.42477322
1040,3,0.93275714,8.14468765
1041,3,1.07357073,11.32381153
1042,3,0.96326208,17.39567947
1043,3,0.82462621,7.05934191
1044,3,0.94560432,15.02346230
1045,3,0.93761086,6.80902815
1046,3,0.76007509,11.42323589
1047,3,0.92639410,8.75731659
1048,3,0.88775724,11.34217453
1049,3,0.86834997,7.53992176
1050,3,0.88166583,6.95920944
1051,3,0.92897189,7.87407589
1052,3,0.95510870,7.51292324
1053,3,0.81935829,9.89553928
1054,3,0.77287102,8.14757061
1055,3,0.83422065,9.26150036
1056,3,0.90150738,7.34095383
1057,3,0.91132289,6.74294043
1058,3,0.99563783,9.42486191
1059,3,0.74071234,8.11511803
1060,3,0.88780159,9.19159698
1061,3,0.92986429,13.33245087
1062,3,0.87842238,11.71836281
1063,3,0.78111446,9.12823677
1064,3,0.82718515,7.31976414
1065,3,0.71087134,11.80868340
1066,3,0.75926721,17.46943474
1067,3,1.06051517,16.51221466
1068,3,0.75369310,12.18142796
1069,3,1.02845955,8.75628757
1070,3,0.88153565,15.49275875
1071,3,0.91956329,17.16652298
1072,3,0.94345236,9.79476166
1073,3,0.85770756,7.50082970
1074,3,0.93505824,6.59973860
1075,3,0.83828789,14.57884502
1076,3,0.86419177,13.00917435
1077,3,1.00147915,10.04028416
1078,3,0.90884387,9.07024765
1079,3,0.79780316,8.26536846
1080,3,0.88932621,9.20759201
1081,3,0.83083570,6.94663334
1082,3,1.02853441,8.48519897
1083,3,0.79414856,7.60021353
1084,3,0.93016267,10.80973625
1085,3,1.04216838,8.43201637
1086,3,1.10790241,9.18828869
1087,3,0.85675097,7.95760059
1088,3,0.84143662,7.95672894
1089,3,0.94886678,8.66641617
1090,3,0.91388023,9.43921757
1091,3,0.94237757,12.17024612
1092,3,0.86399060,7.36767626
1093,3,0.92367148,8.23666000
1094,3,1.09435701,12.72755146
1095,3,0.82540238,7.80766058
1096,3,0.85608202,11.08438873
1097,3,0.91727149,8.39409637
1098,3,0.96666455,8.94251156
1099,3,0.85704452,9.42042828
1100,3,0.72977197,8.39069271
1101,3,0.82870567,8.34718323
1102,3,0.84552455,8.11857033
1103,3,0.81642425,8.21122456
1104,3,0.79345417,6.76348114
1105,3,0.82648677,6.85640383
1106,3,0.83229357,6.86219358
1107,3,0.75595516,6.25461531
1108,3,0.90113819,10.47714233
1109,3,1.06861520,8.07113457
1110,3,0.83956617,9.16378880
1111,3,0.94990134,9.37666512
1112,3,0.72826803,7.96906137
1113,3,0.77963245,8.79607677
1114,3,0.99124128,9.45752048
1115,3,0.88316154,6.89421606
1116,3,0.73607415,7.86803818
1117,3,0.84434134,9.34924603
1118,3,0.91134024,10.02044773
1119,3,0.86998242,11.13298702
1120,3,0.88147497,8.70544338
1121,3,0.83745539,8.21898174
1122,3,0.96871543,20.17423248
1123,3,0.90082562,11.22397137
1124,3,0.80126560,10.76333332
1125,3,0.90983057,8.40785217
1126,3,0.81220877,6.45154762
1127,3,0.82465208,12.92131138
1128,3,0.96658087,10.04890728
1129,3,1.08109534,8.82406139
1130,3,0.80323392,8.14696121
1131,3,0.78479910,7.40006733
1132,3,0.88513970,9.16394711
1133,3,0.80670345,7.08238983
1134,3,1.10015297,8.72779369
1135,3,0.91244304,12.25232887
1136,3,0.96254319,10.17313004
1137,3,0.78987765,6.73396921
1138,3,0.75245059,7.91658783
1139,3,0.85015631,9.49819660
1140,3,0.78384686,8.76355171
1141,3,0.96110606,11.34514236
1142,3,0.86677969,9.56802273
1143,3,0.86658943,10.09786224
1144,3,0.88625073,7.40270519
1145,3,0.97149146,10.61942863
1146,3,0.76799411,10.36613655
1147,3,1.02838826,12.27315426
1148,3,0.85392648,9.28259945
1149,3,1.07356310,8.61704540
1150,3,0.75093538,6.81480980
1151,3,0.90983826,7.11697102
1152,3,0.96944565,9.69962692
1153,3,0.89680260,6.96424770
1154,3,0.87988877,10.09367466
1155,3,0.84925842,9.28369999
1156,3,0.81821787,9.87684059
1157,3,0.84352922,8.33309555
1158,3,0.75674117,7.92614651
1159,3,0.82550097,6.82533503
1160,3,0.85282195,7.76657438
1161,3,0.81378889,9.30414104
1162,3,0.91730964,16.86932564
1163,3,0.88008308,9.47938919
1164,3,0.88392377,11.74047852
1165,3,0.85010481,11.30096531
1166,3,0.83920944,6.47876263
1167,3,0.82658291,14.33831120
1168,3,0.92317021,8.12305260
1169,3,0.97079211,13.10829067
1170,3,0.83160526,7.91418886
1171,3,0.95246911,15.22073078
1172,3,0.81333256,9.54245758
1173,4,0.85246372,7.29183006
1174,4,0.72335202,7.75291538
1175,4,0.74773800,7.66212130
1176,4,0.85236418,7.19033909
1177,4,0.82957405,11.93599796
1178,4,0.82480133,10.41322327
1179,4,0.84501368,8.32533455
1180,4,1.08691645,9.05085182
1181,4,0.82730013,12.28885269
1182,4,1.07574213,10.22313404
1183,4,0.78265154,7.23268747
1184,4,0.87210751,10.16587353
1185,4,0.82331038,8.84061241
1186,4,0.95305371,14.36619473
1187,4,1.00312853,9.00605488
1188,4,0.83185905,8.30330467
1189,4,0.79318035,11.34269905
1190,4,0.64307457,8.62582970
1191,4,0.61708176,7.54532957
1192,4,0.68209577,10.77604866
1193,4,0.85967153,6.96207285
1194,4,0.79663968,18.16676712
1195,4,0.86902905,10.05354881
1196,4,0.78318357,6.44207907
1197,4,0.97852767,21.13819695
1198,4,0.77158427,6.77799273
1199,4,0.63959348,6.15336370
1200,4,0.72980249,11.59551716
1201,4,0.76563108,6.47948837
1202,4,0.80041480,16.67000389
1203,4,0.88626254,7.96517706
1204,4,0.86297834,11.64793205
1205,4,0.95168000,8.51625919
1206,4,0.83833539,10.25291634
1207,4,0.72391433,13.17102909
1208,4,0.87242657,17.61713600
1209,4,0.93843007,9.56259537
1210,4,0.70833492,6.87760925
1211,4,0.80058634,7.74648142
1212,4,0.95699203,10.26802349
1213,4,0.75522459,8.05738354
1214,4,0.83863068,8.86843586
1215,4,0.81886339,14.65508270
1216,4,0.81490004,10.55682087
1217,4,0.77801937,11.97100544
1218,4,0.87207025,14.82854557
1219,4,0.89282340,7.31257963
1220,4,0.83993530,13.40541458
1221,4,0.79468864,14.47607327
1222,4,0.87966788,9.20586395
1223,4,0.81195700,11.69364738
1224,4,0.82473660,7.63540268
1225,4,0.93136334,8.55200577
1226,4,0.84883010,8.53806114
1227,4,1.05981612,8.74248886
1228,4,0.69114077,7.62910080
1229,4,0.75473452,7.90210295
1230,4,0.90911639,8.73764896
1231,4,1.00230312,7.93032837
1232,4,0.90989649,7.20806980
1233,4,0.87504327,7.66895008
1234,4,0.76765728,10.09595299
1235,4,1.07186007,8.60557556
1236,4,0.77317244,9.61289024
1237,4,0.76670396,7.43139887
1238,4,0.95879912,13.30144501
1239,4,0.80261689,14.93294811
1240,4,0.82259476,10.97729397
1241,4,0.93001008,7.78964138
1242,4,0.80334246,7.18933153
1243,4,0.74464780,8.65432358
1244,4,0.82337546,8.88609505
1245,4,0.82692558,9.49685478
1246,4,0.83762115,8.72726345
1247,4,0.72824883,9.45648670
1248,4,0.92652166,7.58841801
1249,4,0.86344272,8.40769386
1250,4,0.78770477,10.32334423
1251,4,0.93288815,10.31881237
1252,4,0.72242594,11.12975597
1253,4,0.76509821,9.29989243
1254,4,0.83759183,8.72161102
1255,4,0.97121072,23.53324509
1256,4,0.76381302,9.45778751
1257,4,0.99640477,12.04988480
1258,4,0.78595257,11.93073940
1259,4,0.99096060,7.88303757
1260,4,0.83010173,11.04850578
1261,4,0.96927929,10.58534336
1262,4,0.75709832,8.69282150
1263,4,0.89616370,7.44433546
1264,4,0.90415752,8.11498547
1265,4,0.94485259,11.09884167
1266,4,0.82942528,9.33558655
1267,4,0.80898762,8.53661919
1268,4,0.85569847,9.93281078
1269,4,0.91112638,7.89368010
1270,4,0.90618068,8.92226315
1271,4,0.70439261,6.33681631
1272,4,0.96415770,6.93942022
1273,4,0.81883919,6.75456572
1274,4,0.88314039,7.54769564
1275,4,0.90192258,11.00024700
1276,4,0.87937677,7.56673670
1277,4,0.82534993,8.51727104
1278,4,0.67023671,7.42146826
1279,4,0.66382068,7.93705559
1280,4,0.78879094,8.27200985
1281,4,0.63398421,6.38429165
1282,4,0.64803839,9.56455421
1283,4,0.73637962,7.52900696
1284,4,1.04711843,9.88797855
1285,4,0.65867782,7.25400925
1286,4,0.84202409,10.25475407
1287,4,0.83017635,11.52988434
1288,4,0.69602990,8.73726273
1289,4,0.97013175,10.04607201
1290,4,0.78680825,11.00799561
1291,4,0.78575879,8.18038750
1292,4,0.87086940,10.50517273
1293,4,0.89639711,13.02972317
1294,4,0.69628000,10.59123039
1295,4,0.76175112,7.12358618
1296,4,0.77150899,7.89514208
1297,4,1.03439426,10.75916004
1298,4,0.65810114,10.88063812
1299,4,0.79551733,8.75337410
1300,4,0.76265073,11.12461090
1301,4,0.84354115,13.02976322
1302,4,0.69281983,8.87322426
1303,4,0.76554352,8.36663723
1304,4,0.81216615,7.50008678
1305,4,0.85044849,7.38872385
1306,4,0.79815054,8.33672619
1307,4,0.90984023,11.20463657
1308,4,0.73009503,16.52546310
1309,4,0.73382998,7.82138443
1310,4,0.87775767,8.67380142
1311,4,0.76060051,11.87096786
1312,4,0.64387226,7.46331167
1313,4,0.64397967,8.63195801
1314,4,0.98096859,8.01339245
1315,4,0.73139757,9.46850586
1316,4,0.86558187,7.39260006
1317,4,0.89867920,8.80924892
1318,4,0.77760828,7.55284882
1319,4,0.79187685,7.96944427
1320,4,0.76160175,8.00792313
1321,4,0.81251359,11.93517494
1322,4,0.78868657,6.87443781
1323,4,0.69142938,9.92925930
1324,4,0.73776352,7.94325352
1325,4,0.79186779,11.47113991
1326,4,0.99914581,8.65329742
1327,4,0.69304544,7.78945875
1328,4,0.78106654,8.26837540
1329,4,0.82979059,10.83813858
1330,4,0.89780200,9.86939526
1331,4,0.93602037,11.70941257
1332,4,0.85810077,10.12593555
1333,4,0.69871712,8.13428307
1334,4,0.67275572,12.93030262
1335,4,0.87989086,7.31742668
1336,4,0.89414072,10.21679401
1337,4,1.00898600,15.63247871
1338,4,0.83261979,6.84200430
1339,4,0.76209557,9.51107216
1340,4,0.84102023,12.90815830
1341,4,0.96220201,12.13697243
1342,4,0.94113934,8.48522854
1343,4,1.04211962,14.93288136
1344,4,0.78992689,9.03832054
1345,4,0.74726486,9.76011562
1346,4,0.83968681,10.05153942
1347,4,0.73305929,6.31716824
1348,4,0.94319701,15.75414085
1349,4,0.84963685,8.10795784
1350,4,0.85330081,9.53244305
1351,4,0.78780544,11.88222885
1352,4,0.65492660,6.61498451
1353,4,0.87811458,7.74459028
1354,4,0.82476950,7.84402704
1355,4,0.87897551,13.88081455
1356,4,0.83986843,6.61428118
1357,4,0.81859338,8.94510269
1358,4,1.03333020,9.52593231
1359,4,0.93898380,7.62641907
1360,4,0.83591843,7.37353277
1361,4,0.84198523,8.58033943
1362,4,0.78686595,7.56895399
1363,4,0.85917664,7.08589077
1364,4,0.81992960,13.38606739
1365,4,0.87132919,7.88210583
1366,4,0.93393600,10.78408909
1367,4,0.59341168,8.82911777
1368,4,0.71779025,9.87245369
1369,4,0.91722405,8.00995541
1370,4,0.90637600,8.43085480
1371,4,0.85967600,6.94291019
1372,4,0.86784565,9.55028915
1373,4,0.77151203,11.46269035
1374,4,0.78043818,10.19214439
1375,4,0.70595658,8.47348404
1376,4,0.81138670,11.37973690
1377,4,0.71979213,8.65009975
1378,4,0.67978120,10.60381508
1379,4,0.88847762,8.94480705
1380,4,0.74799669,7.37496567
1381,4,0.84243166,7.69011831
1382,4,0.87348711,8.25735283
1383,4,0.70653433,9.29396629
1384,4,1.02458704,8.42873096
1385,4,0.80699605,7.59283972
1386,4,0.80983067,7.57550955
1387,4,0.72691154,9.67677975
1388,4,1.05554914,9.00903511
1389,4,0.65835214,7.19233751
1390,4,0.95139468,8.10951519
1391,4,0.93847889,9.02462673
1392,4,0.84726125,8.25576115
1393,4,0.89800364,9.08555794
1394,4,0.67423153,9.44997978
1395,4,0.89654112,8.49033070
1396,4,0.82384765,13.02596474
1397,4,0.70455313,11.17772770
1398,4,0.75944054,9.21858978
1399,4,0.77739018,11.75224113
1400,4,0.50591707,9.06603813
1401,4,0.89422578,7.74313545
1402,4,0.88615263,11.02947807
1403,4,0.87184155,9.04237461
1404,4,0.74529326,12.14177513
1405,4,0.70965743,10.87390327
1406,4,0.89093536,8.05559349
1407,4,0.94203770,9.67410469
1408,4,0.71808958,10.14410305
1409,4,0.81670529,7.30779743
1410,4,0.64852273,7.85714054
1411,4,0.78813434,7.57153082
1412,4,0.69994545,6.78003836
1413,4,0.71671700,11.12444687
1414,4,1.02299905,10.12977123
1415,4,0.74897712,8.85061455
1416,4,0.65702993,7.21935415
1417,4,0.67232972,8.16991329
1418,4,0.71999288,6.99355507
1419,4,0.99265832,9.62976360
1420,4,1.01664472,10.31337547
1421,4,0.79748523,12.68057823
1422,4,0.74195135,7.43119049
1423,4,0.83280104,8.54763603
1424,4,0.71272898,8.14494610
1425,4,0.78039795,7.94976044
1426,4,0.78736043,9.61766243
1427,4,0.88137484,11.95823669
1428,4,0.78844225,10.84559631
1429,4,0.87793559,10.09815598
1430,4,0.69833148,9.50537300
1431,4,0.77687848,13.54019928
1432,4,0.66703892,7.22357988
1433,4,0.93936610,9.18743229
1434,4,0.93168461,8.36517620
1435,4,0.83023560,9.83141804
1436,4,0.77870607,7.87876129
1437,4,0.77171040,7.03502417
1438,4,0.66031885,9.15113354
1439,4,0.71962804,9.39816093
1440,4,0.86601043,9.41119289
1441,4,0.71840417,7.96379375
1442,4,0.77804035,13.18007183
1443,4,0.96114504,12.25720215
1444,4,0.69458026,7.05427265
1445,4,0.73686171,8.92770386
1446,4,0.77764887,8.85529804
1447,4,0.69042742,8.42425156
1448,4,0.99240673,14.27655220
1449,4,0.63073975,12.67561054
1450,4,0.84832585,13.92722416
1451,4,0.84773141,7.80273724
1452,4,0.89915276,7.86879587
1453,4,0.76921499,11.35978508
1454,4,0.73590249,9.48559284
1455,4,0.83891034,10.14871025
1456,4,0.85850894,8.32254696
1457,4,0.84864795,10.14090538
1458,4,0.64091420,8.64158440
1459,4,0.75055337,10.47867966
1460,4,0.75153625,7.92185879
1461,4,0.74681222,9.27980042
1462,4,0.76266062,8.90259361
1463,4,0.83509743,11.47122192
1464,4,0.63452256,7.16432619
1465,4,0.65244895,7.26219797
1466,4,0.85004503,11.63270855
1467,4,0.67747247,8.50874710
1468,4,0.83363557,9.72236824
1469,4,0.72846454,7.56515408
1470,4,0.79740411,9.37989998
1471,4,0.86875558,8.79298019
1472,4,0.86955911,9.58664131
1473,4,0.79397786,9.02294064
1474,4,0.81865227,8.03656387
1475,4,0.84172243,16.47794533
1476,4,0.75820613,7.22535706
1477,4,0.82035911,7.45285273
1478,4,0.77649432,8.26981449
1479,4,0.76176620,12.24297619
1480,4,0.88415182,10.66893578
1481,4,0.92603773,10.81354237
1482,4,0.67412424,6.18937206
1483,4,1.09570098,8.40238190
1484,4,0.71882617,6.84349823
1485,4,0.71475554,7.96347380
1486,4,0.81950390,7.52713203
1487,4,0.87161231,9.95223331
1488,4,0.65484166,11.59142780
1489,4,0.69047177,9.97624111
1490,4,0.74443680,7.18845749
1491,4,0.75106233,9.63277245
1492,4,0.73457825,10.02692699
1493,4,0.89156044,13.83918476
1494,4,0.71464103,9.98836422
1495,4,0.90002567,7.74036837
1496,4,0.86089945,8.66979694
1497,4,0.93428016,9.46206188
1498,4,0.85584140,10.42730808
1499,4,0.97118127,12.94571877
1500,4,0.81418085,9.53084183
1501,4,0.89683849,11.96841240
1502,4,0.85883027,9.93342209
1503,4,0.79090178,8.16456604
1504,4,0.81054592,9.14983940
1505,4,0.82108432,9.03978157
1506,4,0.86441779,18.57838631
1507,4,0.72014642,8.55179119
1508,4,0.90014613,8.57679176
1509,4,0.84680927,8.74437523
1510,4,0.73491776,12.19874382
1511,4,0.81856328,8.02933979
1512,4,0.84061795,9.21095181
1513,4,0.81759715,13.59864807
1514,4,0.67173171,8.09137440
1515,4,0.70096552,7.56134081
1516,4,0.89571327,8.50518036
1517,4,0.83320522,10.26190567
1518,4,0.86016333,8.04661751
1519,4,0.68814564,6.75565815
1520,4,0.66346014,7.60067701
1521,4,0.67249960,8.17619419
1522,4,0.74568009,10.86694908
1523,4,0.77993023,8.51396084
1524,4,0.91763842,11.98099136
1525,4,0.83103323,10.17817974
1526,4,0.82156968,9.48623466
1527,4,0.70553648,6.27835417
1528,4,0.87150395,8.65524483
1529,4,0.72355402,12.33036232
1530,4,0.64998794,8.26886845
1531,4,0.77110308,9.78593636
1532,4,0.78416103,9.73658752
1533,4,0.96439189,7.73018456
1534,4,0.76892817,7.30378056
1535,4,0.72487438,7.29229736
1536,4,0.75061876,9.48335266
1537,4,0.74678540,7.51483917
1538,4,0.78032964,7.94896889
1539,4,0.79312336,8.30353928
1540,4,0.93539453,8.40804386
1541,4,0.69042623,9.46551609
1542,4,0.79382986,7.58964109
1543,4,0.78267586,9.57804298
1544,4,0.88176715,9.73051262
1545,4,0.83611321,10.22839260
1546,4,0.79303372,8.97220802
1547,4,0.78084946,10.08096218
1548,4,0.75455689,10.79785061
1549,4,0.85410964,16.77198601
1550,4,0.91881555,11.91767120
1551,4,0.74635696,10.39886761
1552,4,0.70778751,8.15804768
1553,4,0.90047538,10.02815437
1554,4,0.72895992,10.58752728
1555,4,0.67831504,8.31120396
1556,4,0.86260188,9.23507023
1557,4,0.61467427,10.53244209
1558,4,0.89365184,10.91461754
1559,4,0.72676098,16.27224731
1560,4,0.86533356,9.81704235
1561,4,0.80570030,15.50155354
1562,4,0.62291348,8.92905998
1563,4,0.86054611,14.25733185
1564,5,0.75603729,9.53500462
1565,5,0.99865890,18.12335205
1566,5,0.91884661,9.82594013
1567,5,0.79990542,15.06411076
1568,5,0.76480538,7.33622408
1569,5,0.78950417,8.87605190
1570,5,0.75937396,12.70578384
1571,5,0.73168516,10.42577744
1572,5,0.85681808,9.70289040
1573,5,0.79369843,8.88460255
1574,5,0.67968333,7.88811111
1575,5,0.84823459,10.67437553
1576,5,0.79622763,9.10172367
1577,5,0.73176044,6.81880617
1578,5,0.77310377,8.03895760
1579,5,0.73329282,9.47491074
1580,5,0.68498796,6.09014177
1581,5,0.84600097,8.43332481
1582,5,0.70697141,7.39091253
1583,5,0.69234186,11.72603321
1584,5,0.78972596,11.02954292
1585,5,0.76290566,8.92490101
1586,5,0.81737053,8.11741447
1587,5,0.69852573,7.01670504
1588,5,0.81718189,17.24365997
1589,5,0.86607087,10.34707451
1590,5,0.83719015,12.31245995
1591,5,0.65540779,13.93343163
1592,5,0.77755892,10.00566673
1593,5,0.67206752,10.41798782
1594,5,0.62125134,8.29510975
1595,5,0.75474733,9.12361813
1596,5,0.90988362,8.50320625
1597,5,0.79161394,13.23603535
1598,5,0.78687358,7.74020863
1599,5,0.85028011,8.68596935
1600,5,0.65726817,7.76421976
1601,5,0.70739555,10.13223457
1602,5,0.76028955,6.91275167
1603,5,0.79407442,10.55801868
1604,5,0.71966934,8.48178482
1605,5,0.72248995,8.20996380
1606,5,0.70582283,7.73850584
1607,5,0.83723730,17.18745995
1608,5,0.77005315,8.68257141
1609,5,0.68679941,7.72843504
1610,5,0.69262171,8.50534344
1611,5,0.65213603,10.65229130
1612,5,0.78100157,11.93834400
1613,5,0.68351209,14.16652775
1614,5,0.65377831,6.33048916
1615,5,0.86558855,13.13232327
1616,5,0.74827445,8.12354374
1617,5,0.77451819,8.37703228
1618,5,0.67440712,10.24016571
1619,5,0.70575786,7.15787601
1620,5,0.78108656,11.05018711
1621,5,0.83074808,9.65781498
1622,5,0.73145860,7.57167482
1623,5,0.65441525,6.42978811
1624,5,0.65980840,11.45211506
1625,5,0.74952614,8.97178364
1626,5,0.66787505,8.72126484
1627,5,0.81383109,10.73265934
1628,5,0.69992006,8.54615974
1629,5,0.84758580,10.56877518
1630,5,0.62510288,8.57741547
1631,5,0.74793696,7.83074093
1632,5,0.66268611,11.70903587
1633,5,0.74716765,7.40839148
1634,5,0.74708766,10.09417343
1635,5,0.69767511,9.48273182
1636,5,0.83378148,8.46230698
1637,5,0.67791420,8.79776287
1638,5,0.55949622,6.84207201
1639,5,0.71755767,11.23457527
1640,5,0.70774925,10.09044456
1641,5,0.71260953,7.02455521
1642,5,0.79300547,10.90197086
1643,5,0.65469164,9.51860332
1644,5,0.65854192,9.37523270
1645,5,0.85068458,15.42939377
1646,5,0.80491453,12.12698936
1647,5,0.86914253,10.71210957
1648,5,0.81324971,10.38476086
1649,5,0.87212384,12.23023224
1650,5,0.80976874,14.72549534
1651,5,0.78680420,12.62149429
1652,5,0.67888695,12.21929550
1653,5,0.75368357,9.46924496
1654,5,0.56813371,8.51442146
1655,5,0.58237958,6.98888731
1656,5,0.72140956,7.93961525
1657,5,0.85669327,10.84906387
1658,5,0.73011339,7.95613623
1659,5,0.69733179,7.57677889
1660,5,0.76674467,9.07707691
1661,5,0.65014493,8.20189285
1662,5,0.59258652,8.39402294
1663,5,0.69573963,10.94410801
1664,5,0.75619662,7.06684113
1665,5,0.74580133,7.78193426
1666,5,0.74417198,15.08942795
1667,5,0.75120807,8.82512569
1668,5,0.79718208,15.69569206
1669,5,0.76800537,11.95018578
1670,5,0.77655619,13.44443417
1671,5,0.78993338,9.10284328
1672,5,0.88112670,9.65869141
1673,5,0.72454417,7.71101856
1674,5,0.80262208,12.06305218
1675,5,0.64098310,11.96558475
1676,5,0.72152001,7.25597811
1677,5,0.88743937,9.43209457
1678,5,0.56411207,8.94216156
1679,5,0.67976052,10.15800571
1680,5,0.65078723,7.71079636
1681,5,0.86985111,9.67671680
1682,5,0.71648830,9.90017605
1683,5,0.72639859,8.51301861
1684,5,0.79699862,9.19883728
1685,5,0.69053060,9.85995960
1686,5,0.74120903,12.86852741
1687,5,0.89725125,11.44540882
1688,5,0.71064317,7.99122143
1689,5,0.70088828,13.17089748
1690,5,0.66353464,6.82418299
1691,5,0.75322694,9.56007481
1692,5,0.89680600,9.96674156
1693,5,0.86882585,10.69381428
1694,5,0.86192369,8.84614182
1695,5,0.70076060,19.66806793
1696,5,0.70328283,7.34459162
1697,5,0.69675004,9.69229412
1698,5,0.63375640,7.40681934
1699,5,0.72933042,8.41035843
1700,5,0.87810862,9.15444660
1701,5,0.66389775,11.67446804
1702,5,0.63371110,11.88711452
1703,5,0.79157174,8.10089684
1704,5,0.59231806,6.61961126
1705,5,0.85336471,8.75656605
1706,5,0.74924922,7.03245926
1707,5,0.82561439,8.35893154
1708,5,0.62002110,10.33699894
1709,5,0.83001888,13.90704346
1710,5,0.57223821,9.48321819
1711,5,0.70544153,8.54755306
1712,5,0.79863840,7.69431019
1713,5,0.75080562,8.04067993
1714,5,0.63139772,15.92244244
1715,5,0.62985289,13.39333916
1716,5,0.75766265,6.58939886
1717,5,0.87960100,11.77607536
1718,5,0.77517641,10.86753559
1719,5,0.69966209,10.27046299
1720,5,0.72460908,9.33962917
1721,5,0.84200943,9.37509632
1722,5,0.83963346,9.48144531
1723,5,0.81977057,15.02175426
1724,5,0.69711757,8.96723652
1725,5,0.86578786,10.45402622
1726,5,0.80963707,12.84385872
1727,5,0.83422339,12.13755512
1728,5,0.72926736,14.82585144
1729,5,0.69967115,12.76545715
1730,5,0.84763867,14.58278084
1731,5,0.74711126,9.37163639
1732,5,0.64074039,6.23116589
1733,5,0.72643763,7.70587254
1734,5,0.80747581,9.32156181
1735,5,0.54139209,7.63814545
1736,5,0.77135420,7.25853968
1737,5,0.87892556,9.02100849
1738,5,0.80286086,10.06539726
1739,5,0.78395468,16.17325592
1740,5,0.66356629,11.29033470
1741,5,0.68430376,9.27681065
1742,5,0.74054313,7.68204975
1743,5,0.76225829,11.83957291
1744,5,0.68272948,12.68479919
1745,5,0.66769218,10.71651554
1746,5,0.58325297,5.43417168
1747,5,1.01598549,8.54010296
1748,5,0.89257574,8.10452747
1749,5,0.70902771,10.06575489
1750,5,0.72788751,14.47451878
1751,5,0.67068017,7.99428940
1752,5,0.75148487,8.72370625
1753,5,0.74753511,9.38139153
1754,5,0.59244913,10.18228817
1755,5,0.92782319,9.01173306
1756,5,0.71213794,9.46845913
1757,5,0.63602060,15.71411705
1758,5,0.74183112,11.32556725
1759,5,0.75562090,9.89606667
1760,5,0.77575588,9.12851906
1761,5,0.75015134,14.71051216
1762,5,0.74291301,24.10399246
1763,5,0.92985642,9.85305786
1764,5,0.76301968,8.26830101
1765,5,0.65348613,8.66892910
1766,5,0.79103947,16.04436684
1767,5,0.74027574,9.13378525
1768,5,0.64190733,14.00268936
1769,5,0.74028778,8.74941254
1770,5,0.68877673,10.00810051
1771,5,0.71868575,8.53001690
1772,5,0.94219875,9.90811253
1773,5,0.78136432,16.22202301
1774,5,0.67298722,8.17201614
1775,5,0.86319208,20.75302505
1776,5,0.75320226,7.06850863
1777,5,0.62811881,10.04833221
1778,5,0.72222281,15.65922451
1779,5,0.84087145,10.11490345
1780,5,0.71856225,13.20454979
1781,5,0.61242789,12.71321201
1782,5,0.68052363,9.69272709
1783,5,0.79907775,7.45403862
1784,5,0.58250397,7.13149261
1785,5,0.72203773,10.42582703
1786,5,0.57193643,6.95619011
1787,5,0.76050675,7.57158089
1788,5,0.76309979,8.57609367
1789,5,0.58705348,5.25913095
1790,5,0.71048039,9.43492794
1791,5,0.96210933,14.53337669
1792,5,0.77918303,7.81888103
1793,5,0.76559234,8.23064709
1794,5,0.74073315,11.22373199
1795,5,0.84392989,9.85152721
1796,5,0.73406911,8.41105080
1797,5,0.63118625,6.85107994
1798,5,0.78962553,7.36055660
1799,5,0.73688054,11.02024269
1800,5,0.65471554,8.19405079
1801,5,0.76108903,11.07617092
1802,5,0.83292878,13.29791069
1803,5,0.76815891,14.07134342
1804,5,0.92790782,20.03676224
1805,5,0.82023537,10.58449841
1806,5,0.77306557,8.61984158
1807,5,0.88287389,11.45957851
1808,5,0.52696967,7.68713236
1809,5,0.82182950,11.56445599
1810,5,0.76790559,17.68378258
1811,5,0.62055969,8.49877071
1812,5,0.62150794,6.76302767
1813,5,0.73091555,8.80105209
1814,5,0.76629120,7.78380013
1815,5,0.85462749,10.85870647
1816,5,0.83377880,10.85986805
1817,5,0.83979738,7.94055080
1818,5,0.79895616,9.26650429
1819,5,0.75927114,7.75849152
1820,5,0.80948871,17.38692284
1821,5,0.70028031,17.27035522
1822,5,0.78593278,17.81913948
1823,5,0.68403488,9.61144257
1824,5,0.85328698,9.85620594
1825,5,0.78355122,7.58440399
1826,5,0.82461947,9.59164429
1827,5,0.68559474,14.89034557
1828,5,0.84263545,7.34364891
1829,5,0.93643618,14.97088718
1830,5,0.85076010,9.22192287
1831,5,0.65485781,11.54464149
1832,5,0.78476954,8.62833691
1833,5,0.84954923,8.78290749
1834,5,0.76810873,9.30566692
1835,5,0.63116586,5.77134323
1836,5,0.84181845,7.63528633
1837,5,0.68985271,7.40850687
1838,5,0.72342229,9.09975433
1839,5,0.66693747,6.42240906
1840,5,0.83116746,15.19244289
1841,5,0.82505333,15.57281303
1842,5,0.78272897,8.29529381
1843,5,0.68386388,7.18652964
1844,5,0.75560343,7.94023705
1845,5,0.78368711,11.91817188
1846,5,0.71894813,10.87275505
1847,5,0.89826846,8.76781845
1848,5,0.83358490,10.17162418
1849,5,0.77997148,9.83347130
1850,5,0.97536981,7.92446232
1851,5,0.95993817,13.81741047
1852,5,0.78917456,9.03877544
1853,5,0.77947992,8.07227612
1854,5,0.71464467,7.72387409
1855,5,0.57004213,6.44888020
1856,5,0.73646557,7.32664776
1857,5,0.76443046,8.18102837
1858,5,0.71904314,8.76335049
1859,5,0.68118370,8.63918781
1860,5,0.62709367,7.76776743
1861,5,0.63738537,8.67985725
1862,5,0.80199409,7.30101490
1863,5,0.76799536,7.12608051
1864,5,0.76625979,8.49447155
1865,5,0.73463500,9.81297016
1866,5,0.70206439,12.04900932
1867,5,0.69334900,8.97236252
1868,5,0.74327934,7.30531931
1869,5,0.68760455,8.43076038
1870,5,0.59786952,8.03465271
1871,5,0.65875250,7.36986732
1872,5,0.76974857,9.80718613
1873,5,0.75471801,7.83156776
1874,5,0.71036160,9.86599827
1875,5,0.74188197,9.21525764
1876,5,0.73223472,7.52170897
1877,5,0.63459212,14.15637207
1878,5,0.85688424,12.57461452
1879,5,0.79313546,7.20733452
1880,5,0.53913558,7.83249998
1881,5,0.82564205,12.21121788
1882,5,0.66313756,10.60996819
1883,5,0.84444386,14.89113331
1884,5,0.68581599,8.67585564
1885,5,0.71286082,7.60531521
1886,5,0.62197852,11.89980984
1887,5,0.57945383,11.65193748
1888,5,0.68798906,11.60840225
1889,5,0.69815803,6.99789810
1890,5,0.62309736,11.92095852
1891,5,0.70827538,14.98450089
1892,5,0.59086961,8.08222771
1893,5,0.71811080,10.01948833
1894,5,0.88139445,13.67965317
1895,5,0.66726875,8.04287434
1896,5,0.72337663,11.04234600
1897,5,0.54549694,6.66153955
1898,5,0.83717442,14.87975788
1899,5,0.61267573,6.98717976
1900,5,0.79167449,8.62880993
1901,5,0.81098247,12.61413765
1902,5,0.77562046,8.82088757
1903,5,0.71343702,7.23585176
1904,5,0.65501767,11.96585369
1905,5,0.79446626,14.27267075
1906,5,0.70485651,11.75184155
1907,5,0.83668613,11.94255733
1908,5,0.53261381,6.80464172
1909,5,0.78428650,14.57525349
1910,5,0.83789963,11.53453541
1911,5,0.68348336,9.07151031
1912,5,0.60266960,12.01791668
1913,5,0.86500752,11.28388882
1914,5,0.64972967,7.32554579
1915,5,0.86084223,9.75677586
1916,5,0.49403509,11.02436256
1917,5,0.65421820,6.86077690
1918,5,0.57280838,9.22553825
1919,5,0.69539344,9.46849251
1920,5,0.59535307,6.33117485
1921,5,0.66881597,7.36783266
1922,5,0.74448025,8.04919338
1923,5,0.74219733,8.55897331
1924,5,0.69891667,8.90500069
1925,5,0.70944011,7.97018814
1926,5,0.74920446,8.05767250
1927,5,0.76375675,16.41937256
1928,5,0.75054193,7.74039555
1929,5,0.56638217,12.99853897
1930,5,0.80992365,8.88619804
1931,5,0.87516421,6.68624306
1932,5,0.70765358,9.57884121
1933,5,0.78585446,17.94104767
1934,5,0.57145238,5.98293972
1935,5,0.66557032,9.80134296
1936,5,0.71258193,6.85378313
1937,5,0.83997083,9.73550129
1938,5,0.64093482,9.58586597
1939,5,0.63964909,8.78407001
1940,5,0.91160476,10.10636330
1941,5,0.69508809,10.85998440
1942,5,0.67663801,11.84902954
1943,5,0.60937154,9.01154995
1944,5,0.55969203,7.98708296
1945,5,0.66565406,7.24698544
1946,5,0.69347733,7.76026058
1947,5,0.73169750,7.66287899
1948,5,0.77867204,8.41797543
1949,5,0.64719605,7.69934464
1950,5,0.65164775,7.57526779
1951,5,0.70972139,15.54666901
1952,5,0.80475265,10.10209942
1953,5,0.78717172,9.84693432
1954,5,0.68898690,9.73245049
1955,6,0.73606944,9.00969124
1956,6,0.66215634,8.59811115
1957,6,0.68058705,14.50667572
1958,6,0.52017868,9.51015854
1959,6,0.49892569,6.81866980
1960,6,0.63113916,7.28080845
1961,6,0.70126688,9.08129215
1962,6,0.71884692,14.23677254
1963,6,0.82101232,12.97555161
1964,6,0.51886165,6.74430275
1965,6,0.76672709,8.93470001
1966,6,0.58554900,11.16008282
1967,6,0.63854277,10.04804707
1968,6,0.64861268,10.52191353
1969,6,0.77388644,11.59150410
1970,6,0.59081542,10.64099598
1971,6,0.78401667,8.96855545
1972,6,0.67192537,7.56911230
1973,6,0.54753906,9.74495983
1974,6,0.63710254,7.91674757
1975,6,0.55382955,8.83644962
1976,6,0.73940313,14.48078251
1977,6,0.65150821,10.29108524
1978,6,0.77149272,14.43182659
1979,6,0.73221922,13.94274712
1980,6,0.82180643,9.64743519
1981,6,0.73400545,7.14252567
1982,6,0.64224458,11.06263638
1983,6,0.63903552,6.82438183
1984,6,0.57800257,6.84534550
1985,6,0.80681348,9.57273769
1986,6,0.65222698,15.05615234
1987,6,0.63042414,10.39987659
1988,6,0.71529043,11.72254658
1989,6,0.66633415,7.84012270
1990,6,0.73370689,12.38765335
1991,6,0.75041544,9.66747284
1992,6,0.66123956,9.35052013
1993,6,0.71216387,7.75074291
1994,6,0.64033437,9.08731842
1995,6,0.55967712,6.00949001
1996,6,0.68851924,10.74782276
1997,6,0.74907076,12.22712898
1998,6,0.57683522,7.33343983
1999,6,0.75834101,14.80756092
2000,6,0.71398342,9.34985924
2001,6,0.50465280,10.68813705
2002,6,0.56088120,8.38752651
2003,6,0.65670890,7.51863623
2004,6,0.67350405,10.62595367
2005,6,0.65173590,8.04921341
2006,6,0.68172312,8.22482109
2007,6,0.57723784,7.40366554
2008,6,0.62143493,6.93361807
2009,6,0.61124110,9.04563618
2010,6,0.67509961,8.38025284
2011,6,0.72761840,8.25798702
2012,6,0.69532472,9.50492096
2013,6,0.84367585,9.79010868
2014,6,0.48340204,6.54181385
2015,6,0.78729075,9.79964828
2016,6,0.69772291,7.74379396
2017,6,0.90243995,9.92338848
2018,6,0.70309830,9.81097221
2019,6,0.67728692,13.24177456
2020,6,0.76377165,9.63692951
2021,6,0.72194350,10.87518406
2022,6,0.74569052,11.28947735
2023,6,0.78531921,13.11543179
2024,6,0.65010381,9.87103939
2025,6,0.83293670,8.82994843
2026,6,0.56053942,7.30090094
2027,6,0.63609022,12.49160576
2028,6,0.62973887,8.26686478
2029,6,0.78200608,9.87869930
2030,6,0.65564132,7.82075071
2031,6,0.68714517,8.80908489
2032,6,0.59615260,7.05039930
2033,6,0.76312208,8.49824142
2034,6,0.64244270,23.58498764
2035,6,0.71511424,7.34320211
2036,6,0.89037883,7.91009474
2037,6,0.48479858,10.77979851
2038,6,0.71361029,8.46340370
2039,6,0.55524516,7.77853680
2040,6,0.65706062,10.69879341
2041,6,0.69836265,10.33175755
2042,6,0.60941541,6.53976917
2043,6,0.62209994,6.92697287
2044,6,0.59651148,9.15929699
2045,6,0.83523512,8.65774918
2046,6,0.72974539,10.44920444
2047,6,0.62879181,12.92222023
2048,6,0.55035186,9.10961819
2049,6,0.66046000,7.51484585
2050,6,0.72901475,8.86909580
2051,6,0.66543150,9.74044132
2052,6,0.66565400,8.91455364
2053,6,0.72983509,8.27857494
2054,6,0.67207271,11.14118767
2055,6,0.71165991,10.43492508
2056,6,0.57889646,23.97139549
2057,6,0.60052872,8.48929119
2058,6,0.60055530,11.51961803
2059,6,0.72958577,9.32613277
2060,6,0.66887110,7.98929691
2061,6,0.79109561,9.32809639
2062,6,0.70449036,10.21985435
2063,6,0.51682925,12.32601833
2064,6,0.70311952,14.20696068
2065,6,0.71488094,13.31581497
2066,6,0.61976790,8.38526821
2067,6,0.85453552,10.15278244
2068,6,0.86252534,13.44979095
2069,6,0.68139684,13.09647179
2070,6,0.65601969,7.19802570
2071,6,0.74744284,8.35880852
2072,6,0.71318239,8.29115295
2073,6,0.65235007,9.72340870
2074,6,0.71563852,7.55728006
2075,6,0.72928691,9.51492786
2076,6,0.85195351,15.39168930
2077,6,0.72740501,8.73320198
2078,6,0.79166305,7.10802412
2079,6,0.56623256,6.50179958
2080,6,0.55233479,6.40604496
2081,6,0.48876327,10.91788769
2082,6,0.54499179,7.77496099
2083,6,0.68495369,8.83495712
2084,6,0.48182490,6.37657213
2085,6,0.79692125,9.89300442
2086,6,0.74302804,9.16566658
2087,6,0.69397902,8.75174141
2088,6,0.59012377,13.70987892
2089,6,0.68043959,9.01182079
2090,6,0.75632107,8.23795128
2091,6,0.69476432,7.32364845
2092,6,0.81476068,17.67745018
2093,6,0.74938482,9.10845470
2094,6,0.77405238,11.35225487
2095,6,0.56622040,6.64023876
2096,6,0.58875746,12.12413025
2097,6,0.76652586,7.95426369
2098,6,0.64672130,7.38334322
2099,6,0.60779428,7.31293535
2100,6,0.66993105,12.20668411
2101,6,0.79611391,8.50443840
2102,6,0.70449609,7.93402243
2103,6,0.70320863,7.68667889
2104,6,0.73375046,7.25990820
2105,6,0.68691170,7.68897867
2106,6,0.61681092,7.75112200
2107,6,0.59484351,7.56242228
2108,6,0.58895439,8.29068851
2109,6,0.80051422,12.15366173
2110,6,0.55777556,7.49573803
2111,6,0.78918356,12.34903336
2112,6,0.68958706,7.96623802
2113,6,0.70810449,8.00618076
2114,6,0.92453229,9.58387470
2115,6,0.73711818,7.90815020
2116,6,0.66502374,6.95012903
2117,6,0.72140729,10.44668484
2118,6,0.63397568,12.18950272
2119,6,0.64234638,11.97270679
2120,6,0.56106985,8.37176800
2121,6,0.68730921,8.22301960
2122,6,0.76719415,11.40563488
2123,6,0.77263951,10.23989773
2124,6,0.70199728,7.11530924
2125,6,0.77375317,8.01133251
2126,6,0.65361261,8.17341042
2127,6,0.76839030,8.10564995
2128,6,0.67092061,8.45891094
2129,6,0.62403727,10.73205376
2130,6,0.76013374,14.23137188
2131,6,0.66990638,8.44947338
2132,6,0.88183594,12.15944672
2133,6,0.91937751,9.19078159
2134,6,0.77157080,10.91843510
2135,6,0.68032467,10.51378822
2136,6,0.74614489,10.65855598
2137,6,0.62556857,12.29913712
2138,6,0.80560565,11.22643757
2139,6,0.91824114,13.41118336
2140,6,0.62901229,10.02384090
2141,6,0.59593719,8.68361473
2142,6,0.63573205,7.34467936
2143,6,0.67774147,10.04811573
2144,6,0.75406367,14.50718212
2145,6,0.70097685,6.24660015
2146,6,0.68333489,20.14174080
2147,6,0.68650651,7.93956900
2148,6,0.75304806,8.66381168
2149,6,0.63688278,6.47203732
2150,6,0.72503251,7.24679899
2151,6,0.69883561,13.48364639
2152,6,0.74927521,10.51632118
2153,6,0.75784659,8.98676872
2154,6,0.71986032,8.08737087
2155,6,0.79926395,10.46235847
2156,6,0.79149634,9.88659000
2157,6,0.64180267,7.20113087
2158,6,0.71394873,7.83232498
2159,6,0.68903625,9.50421143
2160,6,0.60269940,8.10610390
2161,6,0.65167171,9.54711628
2162,6,0.59403700,6.06852007
2163,6,0.86797643,8.02415943
2164,6,0.65487421,8.67840004
2165,6,0.52425963,5.33279419
2166,6,0.87035906,8.86384583
2167,6,0.67819798,9.31710339
2168,6,0.89946723,10.83198929
2169,6,0.67428017,6.89071178
2170,6,0.59416318,6.20457268
2171,6,0.59106410,6.53159380
2172,6,0.71412635,13.02977085
2173,6,0.71382356,8.27455807
2174,6,0.62735337,10.02943993
2175,6,0.74386621,16.74061394
2176,6,0.79377067,6.99374723
2177,6,0.62350172,5.51589823
2178,6,0.76769060,9.45865917
2179,6,0.82323635,19.39570618
2180,6,0.61323112,10.93680191
2181,6,0.54854387,10.88004208
2182,6,0.63049710,10.59059048
2183,6,0.67499161,10.62032509
2184,6,0.59594679,11.18167019
2185,6,0.71474504,7.85085440
2186,6,0.64012575,7.23191214
2187,6,0.49311906,6.95160055
2188,6,0.59660327,7.35829782
2189,6,0.61522222,10.69318295
2190,6,0.64747655,11.31074715
2191,6,0.68911338,11.11015224
2192,6,0.62063789,7.41402769
2193,6,0.63706487,7.45248270
2194,6,0.76948708,11.51666927
2195,6,0.63056684,8.19206524
2196,6,0.75890547,10.40425491
2197,6,0.70468169,11.85367298
2198,6,0.71161205,7.31359673
2199,6,0.61987025,7.98756266
2200,6,0.56522846,7.25122881
2201,6,0.74236548,9.71143627
2202,6,0.79917634,10.72220898
2203,6,0.68580240,10.92919159
2204,6,0.69129121,13.85072422
2205,6,0.86545658,11.11433029
2206,6,0.57753897,8.83498096
2207,6,0.71535665,10.13316154
2208,6,0.43396437,6.62249851
2209,6,0.69426489,9.38697529
2210,6,0.60130948,9.05174732
2211,6,0.81816745,14.85215664
2212,6,0.68175536,9.51937962
2213,6,0.65488154,7.83289242
2214,6,0.61200762,8.71404839
2215,6,0.62071669,8.75847816
2216,6,0.80403572,8.44211483
2217,6,0.55825078,8.98334789
2218,6,0.76403773,10.28187370
2219,6,0.51881331,11.44617558
2220,6,0.69652319,8.14192677
2221,6,0.79067767,9.69299793
2222,6,0.58110905,8.17996216
2223,6,0.82841361,15.14499950
2224,6,0.51281095,6.63148689
2225,6,0.65503097,8.60903263
2226,6,0.67533970,6.08321714
2227,6,0.88058102,8.51957798
2228,6,0.70427144,6.73959303
2229,6,0.58395034,9.34186935
2230,6,0.71230304,10.28996754
2231,6,0.97265512,18.33084106
2232,6,0.65611500,8.68864441
2233,6,0.81320989,8.12648392
2234,6,0.77329600,7.55732536
2235,6,0.61239463,7.70548534
2236,6,0.61941457,7.34286022
2237,6,0.58852565,10.07323360
2238,6,0.66374642,8.59340668
2239,6,0.65230715,12.70520878
2240,6,0.58245265,9.07931805
2241,6,0.76505762,8.49402428
2242,6,0.49654883,5.65558720
2243,6,0.63957679,12.03987217
2244,6,0.72610986,8.72055721
2245,6,0.59643984,7.46049690
2246,6,0.66223085,7.71976995
2247,6,0.55772704,7.17452908
2248,6,0.75555986,13.34315300
2249,6,0.71466362,10.98305225
2250,6,0.77168345,7.72052574
2251,6,0.63331181,8.37665558
2252,6,0.64661062,9.81099892
2253,6,0.76754451,11.41485500
2254,6,0.55574191,8.35946941
2255,6,0.72892594,11.82008743
2256,6,0.69690973,8.51818180
2257,6,0.72300923,7.79977179
2258,6,0.62242758,7.34908295
2259,6,0.60361707,10.91325092
2260,6,0.64039493,8.41282749
2261,6,0.67402750,6.11028242
2262,6,0.58391488,8.87239933
2263,6,0.65555781,8.36672115
2264,6,0.68400884,7.36311579
2265,6,0.68312049,9.46905613
2266,6,0.68592530,7.08781052
2267,6,0.78652966,17.11894608
2268,6,0.79656100,8.45149994
2269,6,0.59994984,8.58850384
2270,6,0.76989549,9.18976212
2271,6,0.58978599,8.12601566
2272,6,0.76106822,16.43772888
2273,6,0.69488698,7.28494644
2274,6,0.76753294,8.72903919
2275,6,0.65834427,9.93996334
2276,6,0.59185684,8.45268250
2277,6,0.61383814,11.19380379
2278,6,0.50410920,6.96666336
2279,6,0.58674347,5.56845474
2280,6,0.65681732,12.34725952
2281,6,0.48437548,6.54065847
2282,6,0.57398772,11.66967869
2283,6,0.45146868,6.48658800
2284,6,0.62400943,6.95563793
2285,6,0.74421668,8.86413193
2286,6,0.67377841,14.61848068
2287,6,0.53725278,8.23964310
2288,6,0.61524308,8.20915318
2289,6,0.54076040,7.65413904
2290,6,0.72598135,9.57559490
2291,6,0.75258148,7.73740196
2292,6,0.61854744,9.08412457
2293,6,0.75591576,11.84024048
2294,6,0.64010656,10.56880093
2295,6,0.61930585,8.34199047
2296,6,0.61389756,7.23113251
2297,6,0.61446565,9.14520550
2298,6,0.54549372,8.70497131
2299,6,0.79275542,11.81367588
2300,6,0.63266587,8.32002163
2301,6,0.71498758,11.53646851
2302,6,0.78211129,7.35342360
2303,6,0.72663999,7.38232803
2304,6,0.60721302,6.35236549
2305,6,0.66933954,8.84516144
2306,6,0.69298530,7.28384066
2307,6,0.68120670,8.61221313
2308,6,0.94898438,25.65984726
2309,6,0.54825091,8.36134338
2310,6,0.60157907,11.43125820
2311,6,0.77075541,9.79891300
2312,6,0.78567636,13.24153996
2313,6,0.69402206,8.32004452
2314,6,0.74028659,9.32858562
2315,6,0.72205955,10.36612225
2316,6,0.67871118,20.11288261
2317,6,0.69971126,8.48866558
2318,6,0.72243065,12.14428425
2319,6,0.86221123,18.22531891
2320,6,0.57981098,11.76062965
2321,6,0.46806112,9.75886250
2322,6,0.65394396,10.65056801
2323,6,0.63145274,13.15085316
2324,6,0.76781219,7.36544943
2325,6,0.67463398,15.80008888
2326,6,0.75891292,9.94168663
2327,6,0.76121151,18.94807243
2328,6,0.87467360,17.29186630
2329,6,0.73969328,9.39153290
2330,6,0.76965159,15.22330761
2331,6,0.83927906,13.86376476
2332,6,0.75629848,12.59071255
2333,6,0.66716409,7.25711346
2334,6,0.69759023,9.15481281
2335,6,0.73129213,6.88119936
2336,6,0.72349250,7.79090071
2337,6,0.61315298,9.93265724
2338,6,0.80082369,8.32929707
2339,6,0.62451833,6.53685045
2340,6,0.67644835,7.22084141
2341,6,0.66481012,12.61231136
2342,6,0.76057196,9.20745564
2343,6,0.77792478,11.11334896
2344,6,0.63624203,13.50897408
2345,6,0.71828365,11.13972092
2346,7,0.66676837,10.04758549
2347,7,0.76738405,8.38213253
2348,7,0.69584560,11.13238621
2349,7,0.63766819,11.68470573
2350,7,0.86121827,9.26071453
2351,7,0.47853547,9.31306458
2352,7,0.69098401,9.59070778
2353,7,0.52364844,6.57412720
2354,7,0.68228203,8.67640305
2355,7,0.73795593,14.01406956
2356,7,0.63378119,7.98647738
2357,7,0.56254143,8.25783634
2358,7,0.64536881,9.94336987
2359,7,0.70478201,11.01445675
2360,7,0.66400635,12.15664387
2361,7,0.61558235,7.59794664
2362,7,0.62272161,10.01782703
2363,7,0.60475957,7.67626286
2364,7,0.55544257,11.13226223
2365,7,0.50255924,8.42007542
2366,7,0.74682450,10.33325481
2367,7,0.68789655,12.35159111
2368,7,0.68516231,7.14531612
2369,7,0.60932302,10.90400410
2370,7,0.60168016,6.82933378
2371,7,0.62482917,8.08817196
2372,7,0.63603890,11.21036339
2373,7,0.63072604,14.16355419
2374,7,0.65931934,8.70946884
2375,7,0.73497117,12.91498566
2376,7,0.65494168,8.26065636
2377,7,0.63007796,8.95387173
2378,7,0.55647814,8.13076973
2379,7,0.55977488,8.61246490
2380,7,0.54886496,13.56815052
2381,7,0.50761932,7.96842623
2382,7,0.68475288,7.56226301
2383,7,0.65223730,11.06064892
2384,7,0.63558990,10.54685688
2385,7,0.68107599,20.21015549
2386,7,0.61792880,7.51523829
2387,7,0.63548106,9.55087662
2388,7,0.76113588,9.69582748
2389,7,0.84068781,9.64407349
2390,7,0.49755287,9.44941902
2391,7,0.56207895,7.67718649
2392,7,0.54900044,6.72359419
2393,7,0.55370474,7.95436764
2394,7,0.74021327,9.28489590
2395,7,0.74030900,8.42410755
2396,7,0.76433760,11.73563194
2397,7,0.73760265,8.29737282
2398,7,0.57195252,13.20199394
2399,7,0.69447821,12.96037865
2400,7,0.73695219,12.50477314
2401,7,0.74329156,10.70863056
2402,7,0.57778168,9.23291588
2403,7,0.56588912,5.86387110
2404,7,0.48526227,5.91972828
2405,7,0.59654403,12.83863354
2406,7,0.68510330,15.11320114
2407,7,0.51863563,12.07627869
2408,7,0.51593173,8.63465500
2409,7,0.77806115,17.60995483
2410,7,0.74100524,10.00211620
2411,7,0.71366429,14.80677223
2412,7,0.56646752,9.58787441
2413,7,0.63227451,8.49265003
2414,7,0.66416407,11.67402840
2415,7,0.67880225,10.74623775
2416,7,0.77965176,21.61681175
2417,7,0.67418432,11.14025784
2418,7,0.67134488,9.51195431
2419,7,0.60152054,12.45096493
2420,7,0.76620424,8.65310955
2421,7,0.61972141,6.77219343
2422,7,0.68536961,11.67505455
2423,7,0.45581484,9.62040901
2424,7,0.72301430,9.93776131
2425,7,0.64897168,10.83585548
2426,7,0.57989359,7.31842422
2427,7,0.65857822,9.01475239
2428,7,0.64875102,11.63337803
2429,7,0.70022416,8.73854542
2430,7,0.62233496,9.82677650
2431,7,0.67307043,8.31755733
2432,7,0.60168177,7.78602219
2433,7,0.68843633,13.79184151
2434,7,0.44866973,7.61315298
2435,7,0.79447180,9.46706867
2436,7,0.65365160,13.59576511
2437,7,0.60174841,9.05994225
2438,7,0.71429217,9.76484776
2439,7,0.71019304,9.39612293
2440,7,0.53423738,6.58642483
2441,7,0.51546091,11.15990925
2442,7,0.56108278,7.28099060
2443,7,0.69466782,10.45189857
2444,7,0.77767175,10.71143246
2445,7,0.63711447,8.94412518
2446,7,0.66940057,7.42103958
2447,7,0.55307662,7.41961575
2448,7,0.65761721,10.09387016
2449,7,0.71781653,8.69265175
2450,7,0.50478137,7.92418146
2451,7,0.73598671,9.30620003
2452,7,0.60494447,7.20758438
2453,7,0.54626393,8.20283222
2454,7,0.67573023,9.08344078
2455,7,0.61047840,8.47126865
2456,7,0.41236824,6.99329901
2457,7,0.69178057,9.82175255
2458,7,0.66252947,12.19739056
2459,7,0.59198451,11.52027321
2460,7,0.64724123,9.51925087
2461,7,0.66521138,12.38800526
2462,7,0.83831084,9.42986298
2463,7,0.70386410,8.02943039
2464,7,0.58889246,12.92477226
2465,7,0.63252819,7.74417686
2466,7,0.56575131,14.79301071
2467,7,0.59057051,11.76698589
2468,7,0.44508642,7.20904875
2469,7,0.67048967,11.70356464
2470,7,0.55421841,7.24018812
2471,7,0.73865694,9.24056816
2472,7,0.76185119,12.17435169
2473,7,0.60220802,inf
2474,7,0.65741611,10.84475899
2475,7,0.56559896,7.87491465
2476,7,0.70996821,11.07666969
2477,7,0.71962118,9.53830051
2478,7,0.67398888,9.42730808
2479,7,0.66672558,9.13051033
2480,7,0.69485682,9.11983490
2481,7,0.90235788,10.44678020
2482,7,0.68478441,10.32072067
2483,7,0.64803863,9.67810917
2484,7,0.61477357,9.28119946
2485,7,0.55330205,8.36642647
2486,7,0.54391879,11.97042561
2487,7,0.74748480,9.50812912
2488,7,0.55884689,6.37787056
2489,7,0.79460162,9.01736927
2490,7,0.52692103,9.08638191
2491,7,0.54972255,7.98618889
2492,7,0.75682104,10.48749542
2493,7,0.83657575,15.77892399
2494,7,0.62795782,10.04090118
2495,7,0.62784266,9.56647778
2496,7,0.71157348,13.34735775
2497,7,0.71447861,10.06672668
2498,7,0.69001299,13.55283642
2499,7,0.64160252,6.99745798
2500,7,0.77090293,9.49095440
2501,7,0.59019136,7.55982637
2502,7,0.57789731,7.15096712
2503,7,0.57789820,9.79002094
2504,7,0.60083330,7.45535278
2505,7,0.72314775,9.28366756
2506,7,0.58016479,10.03571892
2507,7,0.61985099,13.72094250
2508,7,0.57000172,8.58636093
2509,7,0.59806538,7.51850605
2510,7,0.65776771,8.64498520
2511,7,0.61274111,6.90052176
2512,7,0.50502801,7.44242620
2513,7,0.57059324,16.13311005
2514,7,0.58920038,6.96408558
2515,7,0.67154270,10.50640774
2516,7,0.67339694,9.28064823
2517,7,0.73415267,15.00817966
2518,7,0.76636636,8.19848537
2519,7,0.61880672,7.70093203
2520,7,0.66995722,7.64827394
2521,7,0.68358231,15.33215427
2522,7,0.70616788,8.48564148
2523,7,0.77826536,9.67665672
2524,7,0.48399836,6.39311171
2525,7,0.65798473,9.29849148
2526,7,0.58089387,8.83010674
2527,7,0.66791266,10.20304489
2528,7,0.60057366,8.39338970
2529,7,0.65196002,9.81536388
2530,7,0.68886769,12.77602863
2531,7,0.59332764,9.71294498
2532,7,0.67404819,13.60981464
2533,7,0.44378665,6.54113483
2534,7,0.47698069,6.12737131
2535,7,0.66588891,7.66678953
2536,7,0.64943671,12.79720879
2537,7,0.67422372,9.84123611
2538,7,0.75744522,8.44332409
2539,7,0.68231457,7.58511114
2540,7,0.53111005,6.04943466
2541,7,0.71403182,8.53518105
2542,7,0.50017518,8.03431511
2543,7,0.55684108,11.82133961
2544,7,0.78651470,14.75194454
2545,7,0.55454326,9.02163029
2546,7,0.60941458,7.96296787
2547,7,0.65906775,11.55164051
2548,7,0.71723670,10.09682846
2549,7,0.64539236,6.62607193
2550,7,0.61711967,11.45083237
2551,7,0.74455893,12.79330921
2552,7,0.69581634,12.29419422
2553,7,0.59440440,7.30028915
2554,7,0.66889286,8.42295837
2555,7,0.71218687,8.17987156
2556,7,0.86501348,9.14097977
2557,7,0.63488245,9.24149990
2558,7,0.57000005,7.62356949
2559,7,0.58830339,12.19094467
2560,7,0.73250806,10.45362759
2561,7,0.52979153,7.93457842
2562,7,0.61152267,12.32848263
2563,7,0.68194085,7.14397764
2564,7,0.60121661,10.19987965
2565,7,0.61942911,8.95007992
2566,7,0.85369456,7.76883459
2567,7,0.58865649,10.88036633
2568,7,0.63247609,13.11630344
2569,7,0.69690454,7.70822477
2570,7,0.75310802,7.54567957
2571,7,0.55611193,10.27356720
2572,7,0.60773575,7.46632576
2573,7,0.73961914,8.73239231
2574,7,0.67226827,9.08054733
2575,7,0.56871396,8.40977001
2576,7,0.68342960,8.78763676
2577,7,0.67102456,10.64657593
2578,7,0.61504400,7.55573606
2579,7,0.63294649,9.99579811
2580,7,0.64207160,8.77405834
2581,7,0.58576119,7.44511461
2582,7,0.58645481,8.87567711
2583,7,0.36376074,7.70384026
2584,7,0.68008626,10.70621586
2585,7,0.68305373,12.29638386
2586,7,0.58977962,8.34375191
2587,7,0.78343499,8.99003983
2588,7,0.61748469,8.14839458
2589,7,0.62929046,10.08052063
2590,7,0.67707849,8.25271606
2591,7,0.72776401,10.53333664
2592,7,0.62899375,11.26222801
2593,7,0.66157794,8.92273903
2594,7,0.53551817,9.43984604
2595,7,0.68063390,15.34055138
2596,7,0.73633474,9.58276653
2597,7,0.49661025,7.99911451
2598,7,0.67043817,8.76448727
2599,7,0.54619187,7.74544287
2600,7,0.70037359,14.19599342
2601,7,0.62576067,7.70069027
2602,7,0.68324709,8.81883335
2603,7,0.59197921,10.28022575
2604,7,0.66423392,8.35087013
2605,7,0.70105326,8.47957897
2606,7,0.75498319,9.06684494
2607,7,0.54556763,8.03395462
2608,7,0.73074096,8.33626175
2609,7,0.64263844,8.11977768
2610,7,0.52920336,10.17315006
2611,7,0.59999198,12.75259399
2612,7,0.56925660,10.20687771
2613,7,0.76243067,9.80185127
2614,7,0.49283496,8.40375042
2615,7,0.61163485,6.81049395
2616,7,0.65408510,8.44428253
2617,7,0.63266826,13.17816353
2618,7,0.70601511,12.86954975
2619,7,0.80335760,15.02856159
2620,7,0.57677531,10.06467533
2621,7,0.78111887,10.22050285
2622,7,0.59211624,11.45949554
2623,7,0.56766033,13.63177586
2624,7,0.55685467,10.17320442
2625,7,0.66942948,10.29466820
2626,7,0.56999826,12.10898304
2627,7,0.52824056,8.89171600
2628,7,0.66142178,13.91699696
2629,7,0.69056225,10.30297565
2630,7,0.66510308,8.17831898
2631,7,0.73779750,8.75317001
2632,7,0.41689378,8.36104488
2633,7,0.77330577,8.49026966
2634,7,0.59883320,7.41372299
2635,7,0.61789519,8.97218418
2636,7,0.52939445,11.67755604
2637,7,0.62521905,10.49601173
2638,7,0.55842578,7.59749174
2639,7,0.49950591,12.11745453
2640,7,0.54750335,6.79960728
2641,7,0.63932419,8.44312763
2642,7,0.70150650,14.32237530
2643,7,0.44615501,9.09465981
2644,7,0.71088475,10.12832165
2645,7,0.54006547,7.95163345
2646,7,0.59933370,11.56741428
2647,7,0.67737579,9.12195969
2648,7,0.70960736,11.43836212
2649,7,0.76247394,12.63217926
2650,7,0.62464797,12.07289886
2651,7,0.59063387,9.24443722
2652,7,0.46072280,6.96933031
2653,7,0.67351782,11.87028313
2654,7,0.74996692,12.80879307
2655,7,0.55856490,11.86411381
2656,7,0.74096757,9.00265026
2657,7,0.41789064,8.47342873
2658,7,0.59449583,7.89899683
2659,7,0.59870839,8.66297531
2660,7,0.70576686,10.79043484
2661,7,0.48179030,8.29657555
2662,7,0.75135696,18.13293076
2663,7,0.59703171,10.49291325
2664,7,0.57828170,8.93034744
2665,7,0.69532156,14.78684902
2666,7,0.64930922,9.12074184
2667,7,0.67365479,10.26014519
2668,7,0.72238737,9.83558750
2669,7,0.64783341,7.71106100
2670,7,0.58847463,15.87938213
2671,7,0.58455402,9.04946804
2672,7,0.79122019,10.36816502
2673,7,0.61644959,7.02572536
2674,7,0.54144353,7.98304319
2675,7,0.56412101,8.80201435
2676,7,0.71308184,12.07576084
2677,7,0.49523449,6.82306337
2678,7,0.66974354,6.81266356
2679,7,0.62820792,8.72335529
2680,7,0.67621833,8.73212242
2681,7,0.48222429,8.06241512
2682,7,0.75460839,8.82385826
2683,7,0.53125101,9.28760815
2684,7,0.72954190,9.09131908
2685,7,0.49079153,9.59852409
2686,7,0.80895376,8.47243786
2687,7,0.73060346,9.84708691
2688,7,0.69136041,9.69562721
2689,7,0.77552593,8.72491837
2690,7,0.54159176,8.41658878
2691,7,0.66970837,5.91504145
2692,7,0.86003435,11.24634075
2693,7,0.59641290,12.87785912
2694,7,0.64487457,9.01239395
2695,7,0.57198799,7.12934732
2696,7,0.65221393,8.55925179
2697,7,0.62306356,7.95475817
2698,7,0.66866434,10.38268566
2699,7,0.63438332,7.72894382
2700,7,0.55826455,9.24429798
2701,7,0.62779939,9.45364666
2702,7,0.52403975,7.11758995
2703,7,0.72996902,8.56081676
2704,7,0.65035290,8.63433456
2705,7,0.58948052,8.08984470
2706,7,0.61656475,9.08312988
2707,7,0.55987102,13.86713409
2708,7,0.72990304,8.55073261
2709,7,0.49422646,7.92291546
2710,7,0.76719010,14.64583874
2711,7,0.68679500,10.22294044
2712,7,0.51350480,10.41593933
2713,7,0.56777650,7.59805679
2714,7,0.63961077,9.69152546
2715,7,0.74394834,18.34185219
2716,7,0.59084845,14.22354698
2717,7,0.65110433,7.50737572
2718,7,0.69023204,10.75167656
2719,7,0.47832796,6.79843807
2720,7,0.51976335,8.86749554
2721,7,0.56219554,9.33890820
2722,7,0.51693892,8.98831558
2723,7,0.65701401,9.37775326
2724,7,0.69348896,6.98893452
2725,7,0.68388534,9.99045658
2726,7,0.53718710,18.96874237
2727,7,0.49203366,6.90299797
2728,7,0.64193618,7.77198124
2729,7,0.57474035,9.93005657
2730,7,0.42003191,6.26673079
2731,7,0.84009802,9.24652386
2732,7,0.56265652,7.64135933
2733,7,0.63332629,7.46347094
2734,7,0.55644226,12.51027489
2735,7,0.53246152,8.00481224
2736,7,0.54418361,10.30804729
2737,8,0.60445690,6.85576105
2738,8,0.62522656,7.37619209
2739,8,0.62077785,10.25768948
2740,8,0.57061768,15.11564541
2741,8,0.50066876,8.29955101
2742,8,0.67227006,12.33081722
2743,8,0.52539730,11.05324841
2744,8,0.56527776,10.47832203
2745,8,0.60397547,10.23379326
2746,8,0.51095116,10.84622860
2747,8,0.57507515,13.59978390
2748,8,0.68564653,7.43700123
2749,8,0.64037883,16.20188141
2750,8,0.57215405,17.45008659
2751,8,0.69968754,21.97585297
2752,8,0.51981133,7.35983515
2753,8,0.54894483,7.02184057
2754,8,0.47284263,5.85393906
2755,8,0.58861083,6.98102236
2756,8,0.50873429,12.69221878
2757,8,0.59165180,11.76191235
2758,8,0.60765707,11.28122520
2759,8,0.70760310,10.81981850
2760,8,0.58696258,12.52484322
2761,8,0.71441293,7.61286163
2762,8,0.72186565,8.47257900
2763,8,0.46223527,7.09073591
2764,8,0.51145804,8.07058334
2765,8,0.69425124,16.89716148
2766,8,0.55892289,9.29855347
2767,8,0.54376686,9.84423161
2768,8,0.58676857,11.94340992
2769,8,0.49570277,7.18581581
2770,8,0.66760713,11.55793476
2771,8,0.64740491,11.50827885
2772,8,0.62419820,12.38822365
2773,8,0.59415531,11.04971790
2774,8,0.55355048,9.67697620
2775,8,0.74782467,14.23958969
2776,8,0.62378770,10.87704182
2777,8,0.67395389,8.41160488
2778,8,0.60403097,11.03131580
2779,8,0.50090581,10.57228947
2780,8,0.60155636,8.86752605
2781,8,0.62723732,8.69006729
2782,8,0.65672159,9.40859795
2783,8,0.50881302,10.30763149
2784,8,0.55460548,7.41547585
2785,8,0.56107599,10.27294445
2786,8,0.68655241,10.17546082
2787,8,0.66502666,8.98056507
2788,8,0.50523454,7.96874428
2789,8,0.61288065,7.91577625
2790,8,0.56892067,13.48163509
2791,8,0.60484469,8.81094170
2792,8,0.63416755,13.84935284
2793,8,0.60010993,16.06454468
2794,8,0.67935729,11.05160046
2795,8,0.52263653,7.93071795
2796,8,0.58613789,9.31304932
2797,8,0.76288068,10.14305496
2798,8,0.41991618,6.40245104
2799,8,0.64888221,14.83182430
2800,8,0.59237915,8.47206688
2801,8,0.56397307,6.46771955
2802,8,0.54473513,10.01833248
2803,8,0.62458110,13.20339012
2804,8,0.66618675,6.68882418
2805,8,0.54676354,9.08208084
2806,8,0.57510841,8.68828297
2807,8,0.59415650,11.59212017
2808,8,0.52959180,12.79112530
2809,8,0.53262067,10.10071945
2810,8,0.61767495,15.31238270
2811,8,0.73046005,11.32330608
2812,8,0.52033842,9.12170410
2813,8,0.48711479,9.95502090
2814,8,0.70442218,10.37217426
2815,8,0.81170106,11.47534752
2816,8,0.60409248,6.48315287
2817,8,0.60784560,8.51644897
2818,8,0.61681259,12.63047600
2819,8,0.59562558,17.85379791
2820,8,0.56801289,9.39626217
2821,8,0.58900672,6.30913591
2822,8,0.56735957,17.00623131
2823,8,0.42046368,5.98446751
2824,8,0.56069285,7.76706457
2825,8,0.53879482,8.38808441
2826,8,0.61209583,10.77875805
2827,8,0.64505816,8.77843285
2828,8,0.50267643,8.43984699
2829,8,0.53377688,7.61381483
2830,8,0.69550842,10.21440983
2831,8,0.58055246,13.83259010
2832,8,0.60570741,11.05225849
2833,8,0.55734158,8.26533794
2834,8,0.62653017,9.24139404
2835,8,0.58447182,7.79082203
2836,8,0.66109622,11.00083256
2837,8,0.63550258,9.27650833
2838,8,0.66108978,19.37147141
2839,8,0.64885473,10.39275837
2840,8,0.70032275,9.14446545
2841,8,0.56293046,10.62776279
2842,8,0.66803199,8.74121284
2843,8,0.49077320,11.03953838
2844,8,0.53969014,8.48999405
2845,8,0.85633171,13.74383354
2846,8,0.61707211,9.89293766
2847,8,0.49841860,6.76898479
2848,8,0.58834082,8.43975258
2849,8,0.72431165,8.53370094
2850,8,0.63957238,9.90987682
2851,8,0.47466403,12.52334404
2852,8,0.60965091,15.90053272
2853,8,0.55960453,7.34613323
2854,8,0.46003187,6.30955172
2855,8,0.59162217,9.28461647
2856,8,0.47194767,7.79959345
2857,8,0.76875025,18.55945778
2858,8,0.64185131,11.91622257
2859,8,0.75865555,11.17004776
2860,8,0.70154357,13.14039040
2861,8,0.69909847,8.25916386
2862,8,0.64494425,9.54604626
2863,8,0.73747605,10.82410717
2864,8,0.56841797,8.86066914
2865,8,0.53644717,8.32664585
2866,8,0.66282487,8.13187695
2867,8,0.65183526,12.86040020
2868,8,0.60495448,11.81228065
2869,8,0.70451790,11.15641308
2870,8,0.47568566,6.32501125
2871,8,0.52561271,7.22798252
2872,8,0.60651660,7.15161610
2873,8,0.61410463,9.76953316
2874,8,0.67441142,7.29452467
2875,8,0.60958922,8.39306736
2876,8,0.63097501,10.03729916
2877,8,0.55848742,9.39228630
2878,8,0.67403007,9.51315689
2879,8,0.55623931,10.51384449
2880,8,0.72708535,10.43828011
2881,8,0.62307203,9.27900791
2882,8,0.69194096,13.58124828
2883,8,0.65105808,8.48847675
2884,8,0.63010943,8.40973282
2885,8,0.63290077,10.07031441
2886,8,0.56864196,8.70319271
2887,8,0.49888974,10.10007191
2888,8,0.69469559,16.56145287
2889,8,0.62727839,10.53204346
2890,8,0.56946206,7.10257959
2891,8,0.57364899,17.64459229
2892,8,0.50303650,7.23553181
2893,8,0.55823016,8.94421673
2894,8,0.67733890,12.57248974
2895,8,0.57476288,6.66629124
2896,8,0.64571714,12.33486843
2897,8,0.64183861,8.29071045
2898,8,0.54059643,7.26780939
2899,8,0.66953552,8.81506157
2900,8,0.64648616,6.54636192
2901,8,0.49301457,6.80360746
2902,8,0.68214130,12.01406765
2903,8,0.54950285,10.11513710
2904,8,0.65321350,7.49581242
2905,8,0.48764461,9.81069756
2906,8,0.52746594,7.10844326
2907,8,0.44795746,9.63376808
2908,8,0.50618804,6.23106527
2909,8,0.53803074,8.38503075
2910,8,0.54623973,9.68032265
2911,8,0.68962926,9.00924015
2912,8,0.62219429,9.68381310
2913,8,0.58252144,9.58217239
2914,8,0.67323351,10.31605625
2915,8,0.73302042,11.59335136
2916,8,0.58137786,8.43430614
2917,8,0.45282027,9.56642818
2918,8,0.48550084,8.23503494
2919,8,0.61749262,7.00313902
2920,8,0.52328569,9.83262253
2921,8,0.64270008,9.93395996
2922,8,0.68176544,7.53498316
2923,8,0.63795161,10.22812080
2924,8,0.72846901,11.27409935
2925,8,0.59535253,8.40274525
2926,8,0.55206358,8.28318691
2927,8,0.57939768,11.42067432
2928,8,0.57106894,7.19996405
2929,8,0.55714846,11.06787777
2930,8,0.72106630,16.04596138
2931,8,0.74662745,11.87185955
2932,8,0.51221859,12.84569073
2933,8,0.49361584,6.17134666
2934,8,0.60300916,11.64969826
2935,8,0.53951031,12.45471764
2936,8,0.56381619,8.74900436
2937,8,0.66072237,12.27069187
2938,8,0.61319220,10.90116501
2939,8,0.50515383,7.83725262
2940,8,0.67757839,7.44160652
2941,8,0.64192057,8.74922085
2942,8,0.68835992,9.81980228
2943,8,0.50637496,7.19825888
2944,8,0.55865496,7.38575745
2945,8,0.63594949,12.03638554
2946,8,0.48734534,7.20544815
2947,8,0.63036752,8.64421177
2948,8,0.59698772,8.16555691
2949,8,0.50189978,9.44553185
2950,8,0.54338390,15.15911484
2951,8,0.60943818,10.64784431
2952,8,0.65641272,9.85481548
2953,8,0.52254593,11.68106461
2954,8,0.61284864,10.34485912
2955,8,0.47102636,10.00038624
2956,8,0.66682774,7.35492468
2957,8,0.57806891,14.52829552
2958,8,0.64203739,9.47162247
2959,8,0.51588076,8.13259888
2960,8,0.58336842,7.53975821
2961,8,0.66016841,9.12391853
2962,8,0.46647891,9.16540146
2963,8,0.60312647,7.90894127
2964,8,0.51300222,19.48327637
2965,8,0.60765886,7.76454735
2966,8,0.63143378,8.05816174
2967,8,0.59628737,9.08813953
2968,8,0.63218552,10.43825340
2969,8,0.63731784,11.88299561
2970,8,0.58182728,6.45887470
2971,8,0.79449248,11.62423229
2972,8,0.61743921,10.11108208
2973,8,0.57931662,8.06737328
2974,8,0.56437767,11.00116253
2975,8,0.71069545,7.27850294
2976,8,0.53419614,6.94392014
2977,8,0.63978934,9.35835171
2978,8,0.57703984,8.10394001
2979,8,0.55152392,7.55976486
2980,8,0.54192877,7.54859924
2981,8,0.56765026,7.64406347
2982,8,0.54878163,8.81928158
2983,8,0.55158174,7.23335123
2984,8,0.47434279,6.64207268
2985,8,0.63771021,8.18991852
2986,8,0.50365102,17.06272316
2987,8,0.55132198,9.74048138
2988,8,0.45745760,7.61441326
2989,8,0.67602253,11.53162289
2990,8,0.53206265,6.89875507
2991,8,0.50736570,15.99598217
2992,8,0.64535683,9.56475735
2993,8,0.59459865,8.20531845
2994,8,0.65086168,11.49726582
2995,8,0.61394989,7.57732010
2996,8,0.59799588,11.02540398
2997,8,0.51349843,11.12055683
2998,8,0.55114442,13.26273823
2999,8,0.67898715,9.24518299
3000,8,0.66328341,16.75525475
3001,8,0.62303984,10.83511066
3002,8,0.55888796,8.86529064
3003,8,0.77024293,11.57943726
3004,8,0.61527520,8.16326904
3005,8,0.41794640,9.22903442
3006,8,0.52957034,12.14821053
3007,8,0.55248576,7.05346632
3008,8,0.68497813,14.17388535
3009,8,0.53655380,9.45231628
3010,8,0.57469666,8.66850662
3011,8,0.50944412,7.90237808
3012,8,0.67480516,10.86773109
3013,8,0.62246537,12.03907013
3014,8,0.53282183,12.44859028
3015,8,0.55325180,7.12832689
3016,8,0.53846788,7.50481939
3017,8,0.57252705,8.42094898
3018,8,0.53405780,9.58282566
3019,8,0.59103423,8.65961742
3020,8,0.58569229,19.99625969
3021,8,0.68558037,10.90085030
3022,8,0.61474419,8.74511337
3023,8,0.55780053,9.28383064
3024,8,0.67511714,7.52322006
3025,8,0.68609095,10.23498249
3026,8,0.59333163,7.83010864
3027,8,0.53008896,8.43700027
3028,8,0.65270323,15.76540756
3029,8,0.65236938,8.82330132
3030,8,0.53755689,19.61168289
3031,8,0.52160478,9.84358311
3032,8,0.68306255,7.76441479
3033,8,0.55691314,10.59315681
3034,8,0.44870347,6.86980152
3035,8,0.69970286,10.83943367
3036,8,0.58511829,6.55542374
3037,8,0.51593602,10.61306667
3038,8,0.57573169,10.06813717
3039,8,0.62773740,10.96561718
3040,8,0.47825727,11.43968201
3041,8,0.66557479,10.68779087
3042,8,0.53482789,6.14789534
3043,8,0.67267644,9.20548820
3044,8,0.56430566,7.48398256
3045,8,0.57996577,9.84039021
3046,8,0.53067273,8.25169563
3047,8,0.58776659,7.66268253
3048,8,0.79179943,14.01007938
3049,8,0.61305481,12.15086555
3050,8,0.54031962,6.91201258
3051,8,0.66941047,9.68487549
3052,8,0.70209682,9.83711052
3053,8,0.47607115,9.36509037
3054,8,0.62494290,8.68668461
3055,8,0.55994749,6.64587545
3056,8,0.49572656,7.03156614
3057,8,0.71381831,13.92436504
3058,8,0.43815273,7.40488434
3059,8,0.58180445,7.20055866
3060,8,0.53887022,24.11286926
3061,8,0.54099119,11.85646915
3062,8,0.57195163,9.94060040
3063,8,0.91847843,11.75547028
3064,8,0.56940997,14.43092251
3065,8,0.53691542,7.92361307
3066,8,0.58911347,8.49695683
3067,8,0.56176376,7.29226255
3068,8,0.71712029,10.84464931
3069,8,0.50078022,8.70386410
3070,8,0.70615661,9.37051201
3071,8,0.64030564,6.80530262
3072,8,0.56729817,9.12443447
3073,8,0.52934402,13.98634720
3074,8,0.57848233,7.46789455
3075,8,0.56011486,8.51192379
3076,8,0.68785942,8.16012192
3077,8,0.60002875,9.12913418
3078,8,0.51564074,10.36616421
3079,8,0.43898290,11.19459629
3080,8,0.57654881,7.88056898
3081,8,0.60553145,11.61608410
3082,8,0.69732416,10.13668346
3083,8,0.48124760,11.59018421
3084,8,0.64541292,10.03843498
3085,8,0.47937030,9.17035103
3086,8,0.65030283,9.34332848
3087,8,0.72819638,7.14349842
3088,8,0.59789270,7.32442999
3089,8,0.57908332,11.69323254
3090,8,0.42871141,8.58150768
3091,8,0.63463843,8.15427685
3092,8,0.59918404,11.15685558
3093,8,0.51326460,5.91159344
3094,8,0.59134871,9.17822742
3095,8,0.70605195,12.66793442
3096,8,0.48296154,7.85098982
3097,8,0.58788180,17.26717949
3098,8,0.54459625,7.42802191
3099,8,0.56585336,6.67659140
3100,8,0.49953699,9.11956787
3101,8,0.73187280,10.76182270
3102,8,0.53546488,10.95702457
3103,8,0.62736642,10.84192085
3104,8,0.73025453,7.87752008
3105,8,0.57370442,8.12684250
3106,8,0.44297141,7.81473827
3107,8,0.53782761,8.97986507
3108,8,0.45737860,8.35048771
3109,8,0.63924170,8.97717857
3110,8,0.49994859,7.63052654
3111,8,0.61279243,10.62769985
3112,8,0.54988611,8.47427559
3113,8,0.64366996,7.55496693
3114,8,0.58641076,7.06620359
3115,8,0.74644732,10.89036274
3116,8,0.57043123,8.19375610
3117,8,0.69350010,9.57168865
3118,8,0.61011291,8.63045025
3119,8,0.59233850,7.30957365
3120,8,0.59914923,11.50415802
3121,8,0.78144860,9.28262520
3122,8,0.64829290,14.48541927
3123,8,0.52455491,14.68987465
3124,8,0.61138475,8.48792267
3125,8,0.70052111,10.28557301
3126,8,0.51178169,9.43648624
3127,8,0.60457075,15.60265732
3128,9,0.50326777,8.82709217
3129,9,0.37134030,5.52388000
3130,9,0.64448798,7.54978085
3131,9,0.61331427,12.53486538
3132,9,0.56415737,7.83676577
3133,9,0.54589880,7.88144255
3134,9,0.56124830,11.38159847
3135,9,0.55837375,12.91689301
3136,9,0.64470780,12.18913460
3137,9,0.68842244,8.72477913
3138,9,0.62465686,8.22152042
3139,9,0.47011298,14.30556774
3140,9,0.55083334,12.70506287
3141,9,0.54236239,10.71997547
3142,9,0.55175209,12.76844597
3143,9,0.59310138,14.28923512
3144,9,0.54152143,8.11317348
3145,9,0.62104166,11.76998520
3146,9,0.57735813,12.84877110
3147,9,0.49526605,10.99736500
3148,9,0.62110651,11.48015594
3149,9,0.53757501,7.38715649
3150,9,0.54759097,12.26202202
3151,9,0.65950179,13.92321301
3152,9,0.48536640,10.90845203
3153,9,0.52357918,6.67944241
3154,9,0.62898844,8.63816261
3155,9,0.50662857,10.31308174
3156,9,0.51481485,8.38448048
3157,9,0.57978630,7.05524397
3158,9,0.64473462,9.45457840
3159,9,0.53482401,9.69978619
3160,9,0.55262637,10.20099163
3161,9,0.87737620,11.23750114
3162,9,0.44101176,6.47585917
3163,9,0.52784151,7.50748062
3164,9,0.63906795,9.65243340
3165,9,0.46114886,8.76651859
3166,9,0.44009155,10.23188782
3167,9,0.65172273,12.93561840
3168,9,0.52357650,10.53295231
3169,9,0.46668017,13.68224716
3170,9,0.50382972,6.65119696
3171,9,0.52751124,9.70957470
3172,9,0.52478778,13.61443520
3173,9,0.44857469,10.63169479
3174,9,0.56980330,15.15693283
3175,9,0.52792752,10.12584496
3176,9,0.50894898,8.07518959
3177,9,0.53150892,10.68194866
3178,9,0.50932157,8.88364697
3179,9,0.65202081,10.70761490
3180,9,0.71363044,17.06855011
3181,9,0.54821187,11.16811752
3182,9,0.48157543,11.63124847
3183,9,0.47798020,6.20461416
3184,9,0.67983758,11.97533321
3185,9,0.50047994,14.87413311
3186,9,0.51300144,9.50038433
3187,9,0.52688545,6.61398125
3188,9,0.55791044,8.25838089
3189,9,0.75376546,11.34658146
3190,9,0.48793679,7.87861967
3191,9,0.62604368,8.65580940
3192,9,0.60301352,16.40505600
3193,9,0.44797847,7.27707672
3194,9,0.59648967,8.47454453
3195,9,0.63277370,15.09318352
3196,9,0.75590414,15.68788433
3197,9,0.49565864,10.18320847
3198,9,0.74462497,10.48184872
3199,9,0.44618404,7.65782642
3200,9,0.56305301,13.87609768
3201,9,0.48090249,7.46259260
3202,9,0.44739747,7.12019157
3203,9,0.56045276,7.15084457
3204,9,0.48900068,6.28135395
3205,9,0.45868376,7.48341131
3206,9,0.33473775,5.62762451
3207,9,0.46942842,12.59535980
3208,9,0.51969951,8.45205784
3209,9,0.49480510,8.56407070
3210,9,0.59367472,11.45402622
3211,9,0.64909768,16.00799751
3212,9,0.43987790,10.12184143
3213,9,0.63866639,12.24202824
3214,9,0.50508583,8.06352901
3215,9,0.56229019,7.10787725
3216,9,0.58193421,10.86228085
3217,9,0.54273224,8.08452225
3218,9,0.57079738,14.82528114
3219,9,0.54043269,8.81087780
3220,9,0.58247173,12.32303524
3221,9,0.54488063,7.60348940
3222,9,0.59914768,8.21214581
3223,9,0.64329118,15.88127232
3224,9,0.53638661,8.87771511
3225,9,0.66919947,12.58539104
3226,9,0.55884600,9.71523285
3227,9,0.71055728,10.39381790
3228,9,0.53647971,8.16557121
3229,9,0.60465658,9.20557690
3230,9,0.69439274,8.03052807
3231,9,0.72114652,16.49357033
3232,9,0.42439857,7.39014578
3233,9,0.41542304,7.17939329
3234,9,0.49721247,11.75113964
3235,9,0.52654862,9.95932388
3236,9,0.47927386,9.90513802
3237,9,0.58384144,7.86012220
3238,9,0.58067226,8.89900494
3239,9,0.50137353,13.69248581
3240,9,0.60568827,10.11408520
3241,9,0.62903082,13.22067070
3242,9,0.50167078,11.87607956
3243,9,0.48997205,12.86812687
3244,9,0.62746304,8.50878716
3245,9,0.59214789,9.02399349
3246,9,0.53703290,6.69066525
3247,9,0.45755583,6.49765635
3248,9,0.66107082,8.75208378
3249,9,0.54218483,16.06393433
3250,9,0.62759542,7.88041449
3251,9,0.60569030,7.69497633
3252,9,0.48440161,8.40039921
3253,9,0.66867661,15.37676144
3254,9,0.56863773,10.04764843
3255,9,0.47046822,11.57209873
3256,9,0.50644255,10.71475887
3257,9,0.59337491,8.92297268
3258,9,0.56500143,7.13131094
3259,9,0.51416451,7.40775347
3260,9,0.68536490,8.47538376
3261,9,0.54387784,10.07399559
3262,9,0.62309265,7.97914696
3263,9,0.58711237,7.55728102
3264,9,0.59454918,8.13768959
3265,9,0.61189640,9.06461525
3266,9,0.62882084,7.75436354
3267,9,0.43868282,8.77394962
3268,9,0.61786813,10.07155037
3269,9,0.55487680,8.18997765
3270,9,0.51728845,7.60366488
3271,9,0.48222652,7.62838078
3272,9,0.45703346,7.39993000
3273,9,0.62177503,7.12479353
3274,9,0.37916696,8.03369045
3275,9,0.62308633,8.96092033
3276,9,0.60238028,9.81437206
3277,9,0.57117176,11.41963482
3278,9,0.65074074,10.42968559
3279,9,0.58569276,8.19572067
3280,9,0.62662923,7.74805164
3281,9,0.64003479,7.18180943
3282,9,0.55118150,10.68337631
3283,9,0.71373153,9.99147987
3284,9,0.42709434,10.07771778
3285,9,0.73246849,8.82254601
3286,9,0.59065551,8.93333149
3287,9,0.53806472,8.26509285
3288,9,0.52118504,9.60531425
3289,9,0.56062412,9.00930500
3290,9,0.61125040,7.97311068
3291,9,0.64897555,9.09665585
3292,9,0.51098144,7.16289616
3293,9,0.51781541,8.61659336
3294,9,0.58943838,7.68899488
3295,9,0.79001927,8.70094109
3296,9,0.49001098,6.74083328
3297,9,0.63346410,9.38128853
3298,9,0.52307922,9.81246471
3299,9,0.61180449,13.73011589
3300,9,0.57853353,12.97342396
3301,9,0.59545916,10.06288052
3302,9,0.63603884,9.70025921
3303,9,0.54775947,7.77139854
3304,9,0.41040754,5.77082920
3305,9,0.56258726,6.62226725
3306,9,0.58846390,16.68309975
3307,9,0.63275325,8.64534283
3308,9,0.66913116,12.09193134
3309,9,0.50838143,7.40700817
3310,9,0.38029349,4.77843952
3311,9,0.54363781,17.40180779
3312,9,0.56432927,8.74360180
3313,9,0.58153689,14.72747803
3314,9,0.52376914,12.89177227
3315,9,0.65939021,9.19258690
3316,9,0.64115036,10.81142235
3317,9,0.47640359,10.51537895
3318,9,0.70496726,15.10453510
3319,9,0.48367888,7.64537716
3320,9,0.52964783,8.75368500
3321,9,0.65990800,9.16974640
3322,9,0.63065910,10.50253296
3323,9,0.62074018,15.45629978
3324,9,0.52334797,8.14019775
3325,9,0.58480060,8.18297005
3326,9,0.62350917,11.12795353
3327,9,0.57923883,9.55468655
3328,9,0.53224063,9.50697136
3329,9,0.65725720,12.64614010
3330,9,0.56895006,7.50922728
3331,9,0.57090455,9.64483356
3332,9,0.57016206,8.66242981
3333,9,0.54631090,9.55525494
3334,9,0.64214170,9.72752953
3335,9,0.69556236,10.35739994
3336,9,0.71515489,11.27521038
3337,9,0.67379498,8.82808399
3338,9,0.79722035,17.07806778
3339,9,0.40569177,12.28643703
3340,9,0.62334430,9.03679752
3341,9,0.62165070,12.00300980
3342,9,0.56227529,7.83342457
3343,9,0.59454584,9.33700466
3344,9,0.57403880,9.28243828
3345,9,0.69254345,6.86868477
3346,9,0.51383090,12.64016342
3347,9,0.63713324,10.42815685
3348,9,0.60969669,8.38961506
3349,9,0.52312088,10.65962601
3350,9,0.44357327,5.61176443
3351,9,0.45290470,6.93237352
3352,9,0.77847695,11.30194092
3353,9,0.53825766,9.63935375
3354,9,0.57310158,10.41448307
3355,9,0.52316135,13.94256973
3356,9,0.47318456,11.66628551
3357,9,0.51532853,7.32099533
3358,9,0.77732199,10.60491180
3359,9,0.40345860,8.61628914
3360,9,0.50903630,7.35813475
3361,9,0.62936115,12.77655697
3362,9,0.59930539,15.47903633
3363,9,0.60436392,14.09103680
3364,9,0.48825166,9.09278870
3365,9,0.48893568,7.51103735
3366,9,0.58744651,12.53094959
3367,9,0.72985715,10.30971718
3368,9,0.52993345,7.31072664
3369,9,0.56901181,8.24605274
3370,9,0.53509307,7.41701555
3371,9,0.54475135,8.75098133
3372,9,0.52089047,15.18712807
3373,9,0.58710152,11.58481693
3374,9,0.50744629,10.82735729
3375,9,0.51424438,8.16625977
3376,9,0.55616593,7.94100142
3377,9,0.46524453,8.78589725
3378,9,0.49890304,8.45552826
3379,9,0.49933428,6.80703497
3380,9,0.50220209,8.27486229
3381,9,0.52537656,8.60639858
3382,9,0.52463812,9.62924957
3383,9,0.62193269,12.78911972
3384,9,0.75720429,14.86346340
3385,9,0.66031289,8.05217075
3386,9,0.44647145,10.38575172
3387,9,0.53107220,14.10884953
3388,9,0.52172768,8.46231651
3389,9,0.58523887,7.32145548
3390,9,0.54070234,8.22868538
3391,9,0.56047732,7.78357935
3392,9,0.56878984,9.77538967
3393,9,0.41091412,12.67296124
3394,9,0.66679621,7.65011978
3395,9,0.67997813,8.83982563
3396,9,0.56304824,8.76365471
3397,9,0.63512290,15.98403358
3398,9,0.47580576,8.34966373
3399,9,0.59802938,7.18123817
3400,9,0.66870528,12.42253685
3401,9,0.57007718,9.72582054
3402,9,0.60390580,11.44328499
3403,9,0.63187557,9.78701305
3404,9,0.49487239,6.96932459
3405,9,0.56966066,8.29943371
3406,9,0.49256313,7.61169052
3407,9,0.63563728,16.86642075
3408,9,0.55055535,12.97189903
3409,9,0.46242663,6.78315735
3410,9,0.54614162,10.43192387
3411,9,0.67414331,8.37269688
3412,9,0.70619500,5.66718102
3413,9,0.52499998,6.55551052
3414,9,0.48985890,5.09401608
3415,9,0.40329191,7.60444927
3416,9,0.52876347,10.57204056
3417,9,0.42261484,6.58718967
3418,9,0.43064576,10.52912235
3419,9,0.41634077,8.97292423
3420,9,0.53068930,9.35332203
3421,9,0.64289534,7.92284203
3422,9,0.58360851,12.77137375
3423,9,0.49633366,8.89962673
3424,9,0.50264573,5.84398556
3425,9,0.65940070,11.71913910
3426,9,0.42640769,12.45603371
3427,9,0.53889585,8.95013428
3428,9,0.47746724,10.73061848
3429,9,0.59176564,8.94937992
3430,9,0.55527282,9.07691479
3431,9,0.45394552,7.38150692
3432,9,0.60825247,8.06552505
3433,9,0.52804351,10.11775875
3434,9,0.58378774,9.91013813
3435,9,0.60035896,13.73384285
3436,9,0.59935808,7.42981768
3437,9,0.66045481,17.55298042
3438,9,0.53291416,7.22923374
3439,9,0.42817631,8.25853825
3440,9,0.49982402,8.44686890
3441,9,0.42030042,7.35006809
3442,9,0.44366345,9.44316483
3443,9,0.61097348,8.79830837
3444,9,0.60422057,13.74291229
3445,9,0.64532393,7.12151814
3446,9,0.49786311,12.39713097
3447,9,0.47268826,10.88665676
3448,9,0.49416175,7.48224783
3449,9,0.61239314,14.73966885
3450,9,0.43164679,8.47952175
3451,9,0.50838298,9.09653759
3452,9,0.59368879,11.55587578
3453,9,0.74755025,11.74248600
3454,9,0.71288109,9.32002926
3455,9,0.51881528,6.56013441
3456,9,0.79134989,10.61971664
3457,9,0.48333791,15.15223694
3458,9,0.58076060,12.16551971
3459,9,0.48530373,6.94184923
3460,9,0.57254654,10.26278400
3461,9,0.54154283,8.97440815
3462,9,0.52529669,7.33987808
3463,9,0.58837938,8.90173340
3464,9,0.48701006,18.97089386
3465,9,0.53858805,7.30937386
3466,9,0.55212951,12.06695461
3467,9,0.65762663,15.07675934
3468,9,0.55600590,12.29763031
3469,9,0.57370031,10.49463463
3470,9,0.52342445,9.44476318
3471,9,0.63696373,11.64027882
3472,9,0.62868750,7.51822138
3473,9,0.52278376,6.33369017
3474,9,0.62366557,9.57885838
3475,9,0.52640098,8.56043053
3476,9,0.57876194,9.28696156
3477,9,0.43662632,7.65136433
3478,9,0.61262131,8.50612354
3479,9,0.47951293,7.24022484
3480,9,0.54254937,12.53381157
3481,9,0.43616596,15.59584045
3482,9,0.52852547,7.82609081
3483,9,0.58891320,8.78931046
3484,9,0.45914966,10.69990444
3485,9,0.62458062,8.00049210
3486,9,0.53310120,7.76742935
3487,9,0.55285263,9.37852097
3488,9,0.50901014,8.87803173
3489,9,0.60389638,8.83312702
3490,9,0.66480500,10.77123451
3491,9,0.64434588,11.36528683
3492,9,0.59321260,7.06369066
3493,9,0.64852160,12.71666622
3494,9,0.75687432,13.24815559
3495,9,0.57277542,9.53617191
3496,9,0.54985332,8.06867313
3497,9,0.68646896,11.97231674
3498,9,0.39121225,6.43714046
3499,9,0.57290930,8.74711323
3500,9,0.44549236,11.95515823
3501,9,0.62331617,9.41839123
3502,9,0.45652822,8.16214466
3503,9,0.53370869,6.64306974
3504,9,0.48426691,7.71500444
3505,9,0.60090601,7.94497490
3506,9,0.58237433,8.70745087
3507,9,0.52942407,10.11611271
3508,9,0.58732694,10.11462784
3509,9,0.63869619,8.25325871
3510,9,0.68854207,7.03402758
3511,9,0.66838634,7.77605152
3512,9,0.56444120,8.33043385
3513,9,0.60168463,9.17493343
3514,9,0.63746023,12.10820675
3515,9,0.53717387,6.73463631
3516,9,0.44026321,7.16407347
3517,9,0.46130514,7.42543554
3518,9,0.61248004,12.83658218
3519,10,0.44772413,12.17866516
3520,10,0.64345121,7.60412931
3521,10,0.47868046,12.09359837
3522,10,0.54449224,8.08280563
3523,10,0.53682995,7.74624920
3524,10,0.60173666,7.16950417
3525,10,0.65687311,6.87106466
3526,10,0.49997276,8.78802776
3527,10,0.41800368,8.62686920
3528,10,0.67478287,9.55977535
3529,10,0.51157683,7.24733639
3530,10,0.42422965,11.32301331
3531,10,0.59968877,10.42919827
3532,10,0.37657097,5.76010990
3533,10,0.41057810,9.20928478
3534,10,0.57832336,8.10998058
3535,10,0.60384381,13.48861027
3536,10,0.51704800,10.63477802
3537,10,0.47174019,8.05570889
3538,10,0.48580748,8.69521713
3539,10,0.51215690,7.15323400
3540,10,0.57707244,6.73819304
3541,10,0.56615472,7.51289654
3542,10,0.37773767,6.75451422
3543,10,0.58780450,15.41633415
3544,10,0.48149082,6.61390829
3545,10,0.63181686,10.06517696
3546,10,0.57618982,8.75675201
3547,10,0.44367871,8.02446270
3548,10,0.47504050,7.75282526
3549,10,0.48273790,7.87826633
3550,10,0.56620550,9.62102127
3551,10,0.73570389,8.67749119
3552,10,0.56358123,9.60857582
3553,10,0.48241580,9.75256634
3554,10,0.58977246,10.32167721
3555,10,0.48917726,7.27474833
3556,10,0.64369357,9.98526764
3557,10,0.44075951,10.13749313
3558,10,0.53152168,7.66877174
3559,10,0.54182339,12.87333012
3560,10,0.53270209,7.35716867
3561,10,0.33482456,6.88869858
3562,10,0.40766165,15.32469845
3563,10,0.43366548,9.44893837
3564,10,0.47414601,9.33845901
3565,10,0.57676983,9.02956200
3566,10,0.52572334,8.94372177
3567,10,0.54187447,7.58270550
3568,10,0.40453044,6.28896713
3569,10,0.46193376,10.82979298
3570,10,0.54660046,15.17866993
3571,10,0.48318487,9.00909233
3572,10,0.54694915,10.84107685
3573,10,0.57040143,10.17831993
3574,10,0.51899576,11.28964138
3575,10,0.48073164,8.25447464
3576,10,0.44619280,10.95195389
3577,10,0.51570195,6.45881414
3578,10,0.57608747,14.07284641
3579,10,0.50584960,8.20153046
3580,10,0.38561463,5.55651665
3581,10,0.52491945,7.15668726
3582,10,0.29362595,7.32000113
3583,10,0.44239515,6.91272926
3584,10,0.44721907,8.21083927
3585,10,0.61594969,11.08090496
3586,10,0.58755803,11.37869930
3587,10,0.40651608,6.18764973
3588,10,0.48631537,9.94060135
3589,10,0.57932794,12.34242249
3590,10,0.68226415,10.48339272
3591,10,0.58417594,9.33537292
3592,10,0.46269381,8.09179878
3593,10,0.50592518,7.73661613
3594,10,0.57189035,9.94715691
3595,10,0.48473814,12.95270729
3596,10,0.41674286,13.60896015
3597,10,0.40645438,8.14007378
3598,10,0.43871182,10.57574844
3599,10,0.37668654,9.12235832
3600,10,0.53879619,8.15646458
3601,10,0.36941090,8.86095524
3602,10,0.52014446,18.30087090
3603,10,0.48884830,7.33552790
3604,10,0.48147926,6.76310587
3605,10,0.48301244,6.86509180
3606,10,0.61356705,8.80507183
3607,10,0.56797129,8.40002060
3608,10,0.53249407,16.80564117
3609,10,0.41322741,6.41870689
3610,10,0.55021870,11.69748211
3611,10,0.40042293,8.47304535
3612,10,0.56313628,8.64033127
3613,10,0.49420029,19.15529251
3614,10,0.48527020,9.65869904
3615,10,0.46773928,8.72189522
3616,10,0.50667846,10.17078018
3617,10,0.49685222,13.39406490
3618,10,0.44164115,9.40622997
3619,10,0.40366173,5.41459036
3620,10,0.38967341,8.42102432
3621,10,0.60036165,10.69357681
3622,10,0.46356294,9.43357468
3623,10,0.40508780,8.04254150
3624,10,0.57786167,7.06769514
3625,10,0.46908587,6.64052010
3626,10,0.48911029,9.14942646
3627,10,0.59408921,13.84908962
3628,10,0.56886268,19.54448700
3629,10,0.51154351,10.20537663
3630,10,0.53838825,15.42714977
3631,10,0.60748291,11.85804081
3632,10,0.45119810,9.40041351
3633,10,0.63669574,10.03909492
3634,10,0.44049519,8.41350269
3635,10,0.54380858,7.58557081
3636,10,0.49051040,9.10800076
3637,10,0.47572634,11.93939877
3638,10,0.51544040,11.29657841
3639,10,0.37033263,8.42000771
3640,10,0.63288468,8.91941547
3641,10,0.43476611,9.16422653
3642,10,0.50895423,12.58152103
3643,10,0.61346877,9.69096088
3644,10,0.48690447,8.32105350
3645,10,0.47573105,9.41055775
3646,10,0.52938473,10.95906544
3647,10,0.55385888,8.84244823
3648,10,0.57711530,14.02410126
3649,10,0.62222081,11.23861790
3650,10,0.46991807,9.97659016
3651,10,0.45713621,6.91285944
3652,10,0.52238506,11.58987236
3653,10,0.46598688,8.01910114
3654,10,0.46215430,7.73401213
3655,10,0.38979572,7.61963558
3656,10,0.51939321,7.80333948
3657,10,0.64050168,14.74147606
3658,10,0.56643891,7.99173546
3659,10,0.56920809,10.95874119
3660,10,0.58930641,9.53992271
3661,10,0.60663849,10.52994061
3662,10,0.42618546,7.30336809
3663,10,0.62060833,11.13674831
3664,10,0.45346966,9.91175079
3665,10,0.44074693,6.77835751
3666,10,0.45646381,10.16445541
3667,10,0.52002120,8.10566235
3668,10,0.55137801,10.77237415
3669,10,0.48739219,10.09285069
3670,10,0.47269914,7.77353239
3671,10,0.67449254,10.14907455
3672,10,0.64000154,14.51101971
3673,10,0.60221481,14.87197495
3674,10,0.62271535,9.20448112
3675,10,0.45473000,10.09775543
3676,10,0.51850557,7.90713692
3677,10,0.53952658,9.81942081
3678,10,0.37631649,5.86153173
3679,10,0.65908909,11.02546406
3680,10,0.54257810,7.59852505
3681,10,0.57490325,16.32239532
3682,10,0.55700195,11.48834991
3683,10,0.46386835,9.48028278
3684,10,0.55425119,10.03329182
3685,10,0.54246914,7.21071863
3686,10,0.50963587,12.59714794
3687,10,0.53764522,8.81255436
3688,10,0.66715395,10.19216347
3689,10,0.41536197,5.84980774
3690,10,0.50930178,10.23551083
3691,10,0.57591522,9.52755547
3692,10,0.64303696,9.22467327
3693,10,0.55725306,8.38501263
3694,10,0.50605595,12.16468143
3695,10,0.46076164,10.02054024
3696,10,0.45143661,8.80201244
3697,10,0.39671928,7.16395903
3698,10,0.59104300,7.93984365
3699,10,0.50537366,7.28759289
3700,10,0.43741912,9.94899940
3701,10,0.59791446,16.74533272
3702,10,0.43377492,7.23937035
3703,10,0.52773839,6.34634113
3704,10,0.39140457,7.99583578
3705,10,0.64804304,10.60637474
3706,10,0.53471547,7.62750149
3707,10,0.55049521,7.48496771
3708,10,0.46587154,8.25767899
3709,10,0.57077348,11.65822029
3710,10,0.57276297,7.84026623
3711,10,0.46137396,8.31443596
3712,10,0.71901572,13.93589973
3713,10,0.53450066,8.37002754
3714,10,0.44377246,7.77693224
3715,10,0.52741611,6.74083138
3716,10,0.49588996,9.32714272
3717,10,0.50031209,9.06971550
3718,10,0.61253059,10.84544086
3719,10,0.48047900,7.39559984
3720,10,0.42764011,11.82832623
3721,10,0.42908162,9.57965946
3722,10,0.47836632,10.16289234
3723,10,0.43124497,9.58430386
3724,10,0.41497046,6.98753929
3725,10,0.50713825,8.81758595
3726,10,0.67648488,13.99569988
3727,10,0.50507045,11.11930275
3728,10,0.70345277,9.41197109
3729,10,0.55108571,11.72936535
3730,10,0.46256265,7.60273886
3731,10,0.42804644,6.69068098
3732,10,0.57277799,11.51109600
3733,10,0.37403959,7.35525656
3734,10,0.61325598,13.00307655
3735,10,0.38428682,6.71209526
3736,10,0.60762316,9.92159748
3737,10,0.50250065,7.54212713
3738,10,0.55683839,9.89063358
3739,10,0.42800996,8.86688137
3740,10,0.60785973,7.78293896
3741,10,0.50462282,9.28185368
3742,10,0.54296422,9.33217812
3743,10,0.60854393,6.33042336
3744,10,0.54758292,11.00810337
3745,10,0.57554632,17.71700478
3746,10,0.54171026,8.00241470
3747,10,0.39093912,7.30303288
3748,10,0.48178163,7.28130627
3749,10,0.71843696,9.77637196
3750,10,0.41900393,9.48806095
3751,10,0.50020742,10.54323292
3752,10,0.63445199,8.37602901
3753,10,0.59424222,7.89301252
3754,10,0.54829240,10.56294823
3755,10,0.48723260,10.74262619
3756,10,0.65548939,9.06226635
3757,10,0.39824671,7.45337772
3758,10,0.56033844,10.37137222
3759,10,0.51357663,9.30297089
3760,10,0.52622354,7.58470154
3761,10,0.46791250,17.25168228
3762,10,0.46451744,7.59536123
3763,10,0.53098786,8.56921959
3764,10,0.53909117,6.83903074
3765,10,0.46876758,8.01614761
3766,10,0.32429612,5.38667393
3767,10,0.62125480,9.93114376
3768,10,0.56166637,10.19425106
3769,10,0.77614754,9.89776421
3770,10,0.64284575,21.95894814
3771,10,0.62913775,16.81240845
3772,10,0.57499766,19.32422638
3773,10,0.51169407,11.87461281
3774,10,0.40443933,9.59181499
3775,10,0.55181658,8.88919353
3776,10,0.60714543,7.62212944
3777,10,0.55581617,19.68027687
3778,10,0.59992099,10.56152344
3779,10,0.48535830,13.02115345
3780,10,0.50242186,8.23559284
3781,10,0.40854180,9.13800716
3782,10,0.51972729,9.06232548
3783,10,0.58292919,8.22477818
3784,10,0.51117486,7.36755943
3785,10,0.49288556,9.30423164
3786,10,0.52553886,10.78663540
3787,10,0.48761597,7.12753534
3788,10,0.64985716,7.37633324
3789,10,0.66123235,10.53039932
3790,10,0.72764373,8.75247574
3791,10,0.50507474,7.66857338
3792,10,0.57136321,10.36153412
3793,10,0.60908115,10.83478737
3794,10,0.43981105,6.35072470
3795,10,0.67349029,9.13151836
3796,10,0.63227189,9.04513836
3797,10,0.35589138,5.69511414
3798,10,0.54672176,8.03715134
3799,10,0.58421993,7.75099897
3800,10,0.65084112,10.06851959
3801,10,0.55163789,7.42161560
3802,10,0.62555867,11.12374210
3803,10,0.42992300,8.53228283
3804,10,0.49768108,7.99513006
3805,10,0.52565557,8.54228401
3806,10,0.46746272,7.36197853
3807,10,0.54379344,9.15901184
3808,10,0.43744719,14.45774555
3809,10,0.56908798,9.28273201
3810,10,0.46228099,9.42181587
3811,10,0.47368389,7.17941427
3812,10,0.54149646,8.85634995
3813,10,0.46385825,10.29872417
3814,10,0.45602521,12.78984261
3815,10,0.53395331,11.00975704
3816,10,0.49892321,11.26769543
3817,10,0.48737383,6.91699553
3818,10,0.46759564,8.81017971
3819,10,0.49506828,10.12154293
3820,10,0.62842214,11.41843128
3821,10,0.56059563,16.65000343
3822,10,0.61938488,9.51419163
3823,10,0.56292313,13.78209782
3824,10,0.52659345,10.29983139
3825,10,0.45264164,8.70859718
3826,10,0.59378362,10.44234467
3827,10,0.42234331,8.68114662
3828,10,0.45582622,9.66494465
3829,10,0.47295234,7.35079002
3830,10,0.60840154,11.90567303
3831,10,0.53739345,15.55335236
3832,10,0.44604796,9.93284130
3833,10,0.44122648,6.86485767
3834,10,0.47969848,7.25211573
3835,10,0.59557974,14.91380787
3836,10,0.54003459,8.80816269
3837,10,0.60540253,10.53516674
3838,10,0.44770351,6.75572920
3839,10,0.48212391,11.81936836
3840,10,0.54517603,7.18470287
3841,10,0.71439320,9.69780159
3842,10,0.63989550,8.89754105
3843,10,0.48726448,10.90064144
3844,10,0.39764398,7.45225143
3845,10,0.43522972,6.56702566
3846,10,0.54972875,7.76351404
3847,10,0.55669284,11.56475544
3848,10,0.51774019,8.73078442
3849,10,0.49335292,8.07486534
3850,10,0.76859921,9.36283970
3851,10,0.55734819,17.23946953
3852,10,0.51355034,9.64888191
3853,10,0.49081439,6.07486725
3854,10,0.50361747,11.39965439
3855,10,0.43235034,7.88058853
3856,10,0.70683658,12.10095978
3857,10,0.62350935,7.03864050
3858,10,0.43658343,5.96360588
3859,10,0.34633416,4.66472721
3860,10,0.49917832,13.18847275
3861,10,0.66755342,7.93900442
3862,10,0.49953926,9.15058708
3863,10,0.47778630,8.36388683
3864,10,0.48501223,11.60075760
3865,10,0.44071773,5.98053455
3866,10,0.54505026,14.66087341
3867,10,0.36232299,8.19466686
3868,10,0.60618746,8.31499195
3869,10,0.64067018,14.76143742
3870,10,0.58601773,8.70713711
3871,10,0.63057983,9.24599838
3872,10,0.52855015,6.86943865
3873,10,0.50299633,13.35918236
3874,10,0.51958168,6.48064041
3875,10,0.49225095,7.19419527
3876,10,0.41650081,7.03791142
3877,10,0.38704824,4.86349058
3878,10,0.48236108,5.98492813
3879,10,0.53251600,13.43386078
3880,10,0.50115818,9.67387104
3881,10,0.54092348,7.51480055
3882,10,0.67913449,9.19350815
3883,10,0.69517303,8.14264870
3884,10,0.62210786,10.22827244
3885,10,0.54676306,11.99591732
3886,10,0.57683480,10.05351257
3887,10,0.63009512,10.73313427
3888,10,0.58112031,6.83779144
3889,10,0.61426294,13.18321896
3890,10,0.58038789,10.59140968
3891,10,0.58827579,9.12296009
3892,10,0.48862216,8.56067371
3893,10,0.39745307,6.11740208
3894,10,0.70791471,8.83694458
3895,10,0.64185429,9.39386272
3896,10,0.55719364,7.94152832
3897,10,0.49361837,6.90593529
3898,10,0.54450798,6.88253164
3899,10,0.47100991,9.69217587
3900,10,0.43166548,6.67793560
3901,10,0.40528899,7.09638882
3902,10,0.66154832,17.11078644
3903,10,0.47303635,17.81843948
3904,10,0.58157599,6.70326328
3905,10,0.46034375,8.43165874
3906,10,0.67464328,10.26157284
3907,10,0.55210263,8.27167892
3908,10,0.40195459,8.49042797
3909,10,0.51319617,8.52991295
3910,11,0.57759410,7.40630674
3911,11,0.53782225,10.07659626
3912,11,0.52973634,9.80614662
3913,11,0.53164929,11.30667591
3914,11,0.43429404,9.61884022
3915,11,0.55413753,12.11215496
3916,11,0.48555815,8.92749405
3917,11,0.46614936,8.69007015
3918,11,0.56009203,16.91812706
3919,11,0.44374502,5.90321112
3920,11,0.56398821,10.38811684
3921,11,0.37913716,7.82756233
3922,11,0.56321770,10.34418106
3923,11,0.54650629,10.11195278
3924,11,0.41534749,10.74857426
3925,11,0.40626362,7.67889261
3926,11,0.52018750,9.81820583
3927,11,0.35498676,7.31282234
3928,11,0.46125731,8.17371464
3929,11,0.59733105,9.35730076
3930,11,0.54232579,9.00324345
3931,11,0.51138568,8.45337772
3932,11,0.42682856,6.70009899
3933,11,0.49010429,12.80904675
3934,11,0.41882250,8.73126221
3935,11,0.51685959,12.22117901
3936,11,0.53963178,8.59051323
3937,11,0.52282059,10.05729485
3938,11,0.30232763,6.08934641
3939,11,0.54967475,14.81963539
3940,11,0.54186749,17.26833725
3941,11,0.46506885,6.72692204
3942,11,0.47387868,18.35318184
3943,11,0.81671393,14.02424908
3944,11,0.51067746,17.19147682
3945,11,0.51714069,12.11964321
3946,11,0.42970195,9.07027245
3947,11,0.48172098,6.98007631
3948,11,0.44110534,10.21476364
3949,11,0.42960465,10.14938068
3950,11,0.59243035,8.15203285
3951,11,0.68979454,12.51042747
3952,11,0.38620287,8.14052391
3953,11,0.54120278,8.43254566
3954,11,0.53360498,14.61731815
3955,11,0.55987847,9.08789444
3956,11,0.55563259,11.53316402
3957,11,0.40171963,10.32852077
3958,11,0.45177037,10.08419418
3959,11,0.59200966,13.05991745
3960,11,0.47957498,8.32662582
3961,11,0.39689380,12.38329983
3962,11,0.47809577,9.61440945
3963,11,0.54811978,7.90106726
3964,11,0.51040077,9.86781693
3965,11,0.35160032,7.25857782
3966,11,0.41776714,7.11514616
3967,11,0.54057586,11.15420341
3968,11,0.49376193,8.73622704
3969,11,0.52277422,9.67359257
3970,11,0.40160733,6.93496656
3971,11,0.42011261,12.06487942
3972,11,0.47219715,9.52682972
3973,11,0.37822270,7.68144369
3974,11,0.53499782,8.31164646
3975,11,0.44892281,7.08031893
3976,11,0.49379227,13.18244076
3977,11,0.52316672,7.29676342
3978,11,0.56350589,9.15063477
3979,11,0.60886514,10.63795471
3980,11,0.39947310,9.55199718
3981,11,0.48177955,9.20221138
3982,11,0.43416679,6.17419672
3983,11,0.64635485,8.84812546
3984,11,0.40699238,12.85352039
3985,11,0.52897179,7.80158043
3986,11,0.44174093,5.98306847
3987,11,0.32408577,7.00177526
3988,11,0.47661066,5.71191263
3989,11,0.46157327,7.42276192
3990,11,0.60504472,9.59715366
3991,11,0.54761994,9.66885090
3992,11,0.41183037,9.13505936
3993,11,0.47758967,9.70588398
3994,11,0.42489290,5.75102663
3995,11,0.48221350,9.98860264
3996,11,0.48343447,12.39107895
3997,11,0.55929554,12.43916225
3998,11,0.51694149,10.37074566
3999,11,0.56603765,18.60525131
4000,11,0.43189830,6.38243580
4001,11,0.44102067,14.23190784
4002,11,0.40636498,13.84786415
4003,11,0.59918928,12.51083565
4004,11,0.45089096,7.02498484
4005,11,0.45216468,8.59327316
4006,11,0.41652575,7.19959974
4007,11,0.50207096,16.55161476
4008,11,0.46988839,13.17398643
4009,11,0.51673174,6.43840265
4010,11,0.43450272,7.89082432
4011,11,0.61369300,9.74546432
4012,11,0.40002418,8.10263157
4013,11,0.66896129,12.28835487
4014,11,0.37419426,7.84902954
4015,11,0.62445033,7.71162128
4016,11,0.62460828,18.96856117
4017,11,0.47073075,9.78626728
4018,11,0.49886665,11.45824623
4019,11,0.43339118,9.33760548
4020,11,0.42230099,7.61591244
4021,11,0.43835026,9.25851631
4022,11,0.51979727,9.71789837
4023,11,0.47126207,8.39275265
4024,11,0.47900808,7.35142851
4025,11,0.39683074,9.57613373
4026,11,0.52270126,9.80738831
4027,11,0.44961673,10.03760433
4028,11,0.47893018,8.77410221
4029,11,0.34028995,9.65299702
4030,11,0.57809210,9.80487061
4031,11,0.57050723,8.06665421
4032,11,0.48555437,11.41934013
4033,11,0.53096855,15.48222446
4034,11,0.53714603,10.46719360
4035,11,0.55806047,7.15539885
4036,11,0.46841127,8.48732853
4037,11,0.51619339,15.31099892
4038,11,0.59349000,20.92192078
4039,11,0.50433987,9.22330666
4040,11,0.57770634,8.06714630
4041,11,0.53967386,7.54648876
4042,11,0.42869455,6.67872334
4043,11,0.49896061,8.14419460
4044,11,0.48692024,8.69395638
4045,11,0.56237507,8.00777721
4046,11,0.52682769,21.17305183
4047,11,0.42300680,7.06171656
4048,11,0.51707387,9.19545650
4049,11,0.46976975,13.53547287
4050,11,0.55113173,10.30656338
4051,11,0.50337183,6.59641409
4052,11,0.43210608,7.52384901
4053,11,0.51210642,8.41666603
4054,11,0.56006700,10.75548649
4055,11,0.50166953,8.12253571
4056,11,0.48853764,12.74914837
4057,11,0.44755095,11.97856712
4058,11,0.62561005,9.44110775
4059,11,0.56306255,7.46368599
4060,11,0.51229417,7.48183107
4061,11,0.45968246,5.07508802
4062,11,0.47423500,8.07313156
4063,11,0.40764111,6.64218140
4064,11,0.52996886,9.81374454
4065,11,0.74005008,10.01362705
4066,11,0.42864233,13.70350266
4067,11,0.40157038,8.98988438
4068,11,0.60041970,10.30849934
4069,11,0.47391629,7.85931683
4070,11,0.44106859,12.65173435
4071,11,0.38640296,7.05430508
4072,11,0.48650056,8.45198536
4073,11,0.56001818,7.25769377
4074,11,0.49926212,9.46236992
4075,11,0.60570246,11.23819637
4076,11,0.47461140,5.71999407
4077,11,0.50305492,7.51003265
4078,11,0.53337187,11.00850391
4079,11,0.61276978,10.20321655
4080,11,0.39887175,6.48551702
4081,11,0.60660672,9.09685230
4082,11,0.58984327,9.16919613
4083,11,0.37969431,8.62228203
4084,11,0.59189570,8.03236103
4085,11,0.51498121,7.06476688
4086,11,0.43658680,6.11412048
4087,11,0.46489343,16.27398872
4088,11,0.57236278,9.32165241
4089,11,0.39565390,16.51710320
4090,11,0.48032710,8.04061985
4091,11,0.37925947,7.92301416
4092,11,0.45050198,7.71945143
4093,11,0.59316754,8.46492004
4094,11,0.64375865,8.05203247
4095,11,0.53735065,12.65262508
4096,11,0.37718010,8.98973560
4097,11,0.51858425,10.06702232
4098,11,0.58539259,9.85041809
4099,11,0.36663836,7.45622206
4100,11,0.49052411,8.14116669
4101,11,0.51999700,8.94665527
4102,11,0.42117658,7.56170416
4103,11,0.49031147,14.81619549
4104,11,0.55375743,13.53399086
4105,11,0.43925762,5.70625925
4106,11,0.49266630,8.08808899
4107,11,0.64117861,12.00948524
4108,11,0.49941406,7.95999956
4109,11,0.59668076,9.17610455
4110,11,0.43375692,11.17878532
4111,11,0.53546202,11.09538078
4112,11,0.59426874,9.78793144
4113,11,0.43935019,10.31815910
4114,11,0.43260804,8.61699295
4115,11,0.61351377,8.47358036
4116,11,0.39988321,7.27981901
4117,11,0.48354363,11.00022411
4118,11,0.46725270,11.16222286
4119,11,0.39902642,6.04455614
4120,11,0.46867317,10.32610416
4121,11,0.41745123,9.48537922
4122,11,0.63590002,13.59943199
4123,11,0.77994311,9.34724426
4124,11,0.57405949,12.22334957
4125,11,0.47438511,7.65299511
4126,11,0.42194381,13.72222614
4127,11,0.60643137,10.16909504
4128,11,0.53315747,10.54539013
4129,11,0.53048790,8.36764717
4130,11,0.56890935,14.54352474
4131,11,0.40359896,7.88351011
4132,11,0.52787244,7.69767189
4133,11,0.33271861,8.60280418
4134,11,0.61238450,7.94440079
4135,11,0.46362111,17.10987854
4136,11,0.54057026,15.26220798
4137,11,0.50205529,10.77310276
4138,11,0.44991860,8.82146931
4139,11,0.52023673,7.65545464
4140,11,0.51144338,7.08997726
4141,11,0.45848593,11.40583134
4142,11,0.51750571,9.96115208
4143,11,0.43330312,7.08111572
4144,11,0.63734555,10.33092308
4145,11,0.47023776,8.03961754
4146,11,0.62733251,10.67780304
4147,11,0.46451062,10.89931774
4148,11,0.30999410,10.52542114
4149,11,0.51796001,9.17534161
4150,11,0.54554898,9.81572533
4151,11,0.39957356,20.80533600
4152,11,0.55129087,27.06076241
4153,11,0.45993534,7.56280708
4154,11,0.41227770,14.43809891
4155,11,0.38796824,13.07934284
4156,11,0.48142448,18.78225899
4157,11,0.47509497,9.69917202
4158,11,0.48274451,13.09272575
4159,11,0.42466748,12.09906864
4160,11,0.64294523,7.85197735
4161,11,0.44554764,9.41765118
4162,11,0.45633596,9.57338333
4163,11,0.54350901,7.24194765
4164,11,0.49139309,11.48889446
4165,11,0.40902036,7.59658003
4166,11,0.43127900,7.17139578
4167,11,0.54960334,8.92477131
4168,11,0.36634266,10.71158409
4169,11,0.72188580,8.31887054
4170,11,0.62411368,21.78416061
4171,11,0.75001085,9.59526062
4172,11,0.45659101,6.88348627
4173,11,0.42621982,6.96327019
4174,11,0.52980655,7.63492393
4175,11,0.52432472,10.50575161
4176,11,0.51810604,12.07076931
4177,11,0.37188673,13.07120132
4178,11,0.65114546,8.73755550
4179,11,0.44060561,8.38691330
4180,11,0.45527887,9.58364391
4181,11,0.42961287,7.48483229
4182,11,0.55412853,10.39004898
4183,11,0.45299426,9.72243595
4184,11,0.41585696,7.88327551
4185,11,0.59079039,11.67501640
4186,11,0.55646706,9.78073978
4187,11,0.41728088,9.33644962
4188,11,0.59193265,10.38586998
4189,11,0.49139440,7.00652313
4190,11,0.55556786,11.79189777
4191,11,0.47732964,6.66597176
4192,11,0.54741681,10.43636608
4193,11,0.48528600,13.44771767
4194,11,0.50561023,10.92597485
4195,11,0.41242349,12.87818146
4196,11,0.59041983,7.42388010
4197,11,0.45796388,13.14028549
4198,11,0.50695354,7.01186705
4199,11,0.39381069,11.54432392
4200,11,0.41986856,10.62351418
4201,11,0.52986205,13.79531765
4202,11,0.52931750,9.39039135
4203,11,0.48570114,8.47798347
4204,11,0.69057941,14.16813278
4205,11,0.55709249,12.92304516
4206,11,0.30796105,10.96265030
4207,11,0.52030146,7.22419882
4208,11,0.45879886,8.00097370
4209,11,0.39733762,9.79130459
4210,11,0.46410668,8.41798210
4211,11,0.56516159,8.27900887
4212,11,0.58856124,7.94007921
4213,11,0.57146096,7.83193588
4214,11,0.54963934,7.95514631
4215,11,0.46923363,15.97292614
4216,11,0.50990546,11.36378479
4217,11,0.35498342,6.98254681
4218,11,0.42853084,6.34929419
4219,11,0.52267498,6.39014721
4220,11,0.48512518,7.16069317
4221,11,0.56926155,9.33118916
4222,11,0.56123483,8.25242710
4223,11,0.54759610,8.55266857
4224,11,0.41808048,7.35293722
4225,11,0.45152009,6.73551798
4226,11,0.56292933,9.75201130
4227,11,0.43434414,9.39159584
4228,11,0.45681208,7.92902136
4229,11,0.63256627,9.46552277
4230,11,0.57525653,8.93026161
4231,11,0.55712169,9.35998249
4232,11,0.64078391,7.99653006
4233,11,0.44687772,7.31683588
4234,11,0.55117881,11.48113441
4235,11,0.48133785,9.13051605
4236,11,0.59397936,9.44516850
4237,11,0.36332300,7.93555975
4238,11,0.50375354,10.15728188
4239,11,0.44697258,13.47735405
4240,11,0.39871120,7.16635561
4241,11,0.51435924,13.14051342
4242,11,0.54619539,10.63565922
4243,11,0.44357401,8.26575661
4244,11,0.48898980,9.94930458
4245,11,0.35481003,11.33393002
4246,11,0.49185997,9.22403908
4247,11,0.51871705,6.44701290
4248,11,0.54337877,11.32659435
4249,11,0.44614831,6.31815958
4250,11,0.53342575,9.35825348
4251,11,0.58202744,10.95633888
4252,11,0.53290379,13.47871971
4253,11,0.48635226,6.96461391
4254,11,0.42213815,11.02772808
4255,11,0.63159597,10.15650368
4256,11,0.63653994,21.31565094
4257,11,0.68837190,11.28047276
4258,11,0.47437876,7.18074465
4259,11,0.51814467,11.17478466
4260,11,0.58006322,12.43525028
4261,11,0.54086018,8.14527416
4262,11,0.54908943,12.57398605
4263,11,0.47575265,7.62082958
4264,11,0.38327309,6.53370619
4265,11,0.43025687,15.62566566
4266,11,0.60691226,8.72780609
4267,11,0.45728499,14.21894550
4268,11,0.40168232,9.89541721
4269,11,0.39512894,7.70650339
4270,11,0.53884143,9.86849213
4271,11,0.57387549,7.52067614
4272,11,0.57782173,6.72458076
4273,11,0.49734280,12.47210884
4274,11,0.55338514,7.46858263
4275,11,0.60656279,9.55626965
4276,11,0.60980493,7.38398647
4277,11,0.53056264,10.06622410
4278,11,0.54405749,8.20199871
4279,11,0.48244357,11.47190666
4280,11,0.54609358,7.61853361
4281,11,0.42966193,7.84413242
4282,11,0.38669607,9.47614574
4283,11,0.48235142,13.18351555
4284,11,0.45044577,9.17322540
4285,11,0.46725938,8.74632835
4286,11,0.50969750,10.80905628
4287,11,0.49703509,14.73114681
4288,11,0.50836778,14.61911583
4289,11,0.49948871,8.66035175
4290,11,0.52803373,8.99707127
4291,11,0.51630729,16.18371582
4292,11,0.50730085,8.80977535
4293,11,0.56457084,10.85975266
4294,11,0.38352543,9.66335487
4295,11,0.52758545,10.72066784
4296,11,0.59474897,11.63193035
4297,11,0.45460939,10.64716911
4298,11,0.41701138,9.77296066
4299,11,0.76199490,10.43378448
4300,11,0.52667439,15.25740433
4301,12,0.46849936,10.62147141
4302,12,0.41884506,8.26801205
4303,12,0.52188611,7.73015833
4304,12,0.45500124,10.11544228
4305,12,0.48389983,14.54407024
4306,12,0.52696192,8.31114006
4307,12,0.33920380,6.25425196
4308,12,0.53604156,7.65515518
4309,12,0.52422595,8.63852501
4310,12,0.35096437,8.07963657
4311,12,0.45240384,16.58994102
4312,12,0.56620705,12.49236488
4313,12,0.32250783,5.63085747
4314,12,0.41578785,6.48502207
4315,12,0.48621696,11.82589054
4316,12,0.34265184,6.99532938
4317,12,0.32327938,6.26304531
4318,12,0.43556333,8.24626160
4319,12,0.52351856,9.73994827
4320,12,0.43162176,6.74951982
4321,12,0.48222047,8.63681126
4322,12,0.48444521,8.12884998
4323,12,0.50760496,12.50372887
4324,12,0.32044828,6.40351391
4325,12,0.40515020,8.28195381
4326,12,0.51645148,20.12211418
4327,12,0.59943408,15.44975185
4328,12,0.39365125,9.27834797
4329,12,0.43213260,13.81072998
4330,12,0.41683596,10.70814800
4331,12,0.50563025,15.40382767
4332,12,0.44605380,16.92453003
4333,12,0.69500256,24.44591141
4334,12,0.42963481,20.58571434
4335,12,0.48374668,17.20090866
4336,12,0.37919676,8.00953293
4337,12,0.48015440,14.71800900
4338,12,0.58681327,10.30007935
4339,12,0.47060031,10.96537209
4340,12,0.63385981,20.32584381
4341,12,0.40973562,13.87059498
4342,12,0.41068965,13.25112534
4343,12,0.42979378,8.54941368
4344,12,0.48868597,17.24965096
4345,12,0.36541882,7.15103388
4346,12,0.47748530,10.69896317
4347,12,0.51888144,9.35398102
4348,12,0.43771425,6.49260569
4349,12,0.54509491,11.34903812
4350,12,0.32936329,9.76499271
4351,12,0.45985812,9.35006332
4352,12,0.44445470,13.16517162
4353,12,0.44731393,6.45362806
4354,12,0.46303999,8.91908073
4355,12,0.35447431,8.14276505
4356,12,0.51420379,12.92306614
4357,12,0.39161149,7.52172709
4358,12,0.49942523,13.78284740
4359,12,0.52343559,9.77208328
4360,12,0.47020528,11.28903961
4361,12,0.47181636,8.60634899
4362,12,0.44899046,8.00551033
4363,12,0.46573940,8.33521843
4364,12,0.57400072,8.63960838
4365,12,0.66047084,8.86383820
4366,12,0.40861431,6.27875233
4367,12,0.56826317,10.88695621
4368,12,0.55386639,11.52935410
4369,12,0.49144000,8.40031910
4370,12,0.36775583,11.75616932
4371,12,0.50043142,12.95510197
4372,12,0.43104267,7.72133064
4373,12,0.50421965,8.40415192
4374,12,0.43712229,6.65032816
4375,12,0.43540892,9.39958763
4376,12,0.41514874,9.64167023
4377,12,0.44849640,6.88720989
4378,12,0.42559570,8.22120571
4379,12,0.32368731,9.09292412
4380,12,0.46098700,8.52796650
4381,12,0.48336786,16.08234596
4382,12,0.48045385,9.98164177
4383,12,0.64958054,9.28820229
4384,12,0.41985196,9.83128357
4385,12,0.39894214,8.26159286
4386,12,0.53908849,9.95917225
4387,12,0.45330477,8.83885765
4388,12,0.54746592,8.71556473
4389,12,0.52138007,8.03448391
4390,12,0.45157784,11.28218079
4391,12,0.47802621,7.57991982
4392,12,0.42961830,9.53974247
4393,12,0.37585050,6.76123857
4394,12,0.50373960,8.28169918
4395,12,0.61967266,12.08496284
4396,12,0.78047347,19.86768532
4397,12,0.45596161,14.88416958
4398,12,0.45217842,12.53173542
4399,12,0.38899046,8.14743996
4400,12,0.41093764,6.85281324
4401,12,0.50753796,9.98871422
4402,12,0.49455020,12.44705486
4403,12,0.46199447,13.10889339
4404,12,0.50233853,8.66381168
4405,12,0.31050849,5.97436142
4406,12,0.41364288,11.45081997
4407,12,0.53830004,7.69506693
4408,12,0.62555432,13.49357128
4409,12,0.49088696,12.62685108
4410,12,0.49703950,10.34141922
4411,12,0.47396266,7.83115101
4412,12,0.42587823,7.19119072
4413,12,0.50431728,9.89644241
4414,12,0.51509297,6.87351322
4415,12,0.40433306,9.17393494
4416,12,0.41408801,7.50650263
4417,12,0.48619476,9.83404446
4418,12,0.61680281,11.23508167
4419,12,0.57266176,8.13397789
4420,12,0.53295350,11.04747009
4421,12,0.53718287,7.96705151
4422,12,0.54540128,10.21106911
4423,12,0.51334393,13.34693909
4424,12,0.43986884,9.19590282
4425,12,0.40296060,10.54430485
4426,12,0.50031072,9.62094498
4427,12,0.45133039,8.37453079
4428,12,0.52616137,12.15125847
4429,12,0.55548209,8.36818504
4430,12,0.51681793,8.10465431
4431,12,0.44005373,7.09739828
4432,12,0.43847787,9.00272846
4433,12,0.59350151,7.00996733
4434,12,0.66082233,8.93655586
4435,12,0.38952041,5.75355864
4436,12,0.44627804,8.81041527
4437,12,0.43562156,6.62784863
4438,12,0.49086723,7.37045527
4439,12,0.52604032,8.16911221
4440,12,0.43901408,7.24542475
4441,12,0.49742511,10.59173584
4442,12,0.48204488,10.72615528
4443,12,0.44847530,8.70950127
4444,12,0.64011538,10.51496029
4445,12,0.32385874,6.41100597
4446,12,0.52527452,7.91403723
4447,12,0.51043844,15.93542290
4448,12,0.53320777,10.09347820
4449,12,0.40292507,6.65111589
4450,12,0.45971876,11.72673798
4451,12,0.40311044,6.50785828
4452,12,0.36812943,10.59172249
4453,12,0.39018649,7.62859774
4454,12,0.49209008,6.29945087
4455,12,0.45456550,9.12730026
4456,12,0.47644293,15.61036491
4457,12,0.48068619,8.06277180
4458,12,0.46005633,9.11403179
4459,12,0.46257275,11.39919472
4460,12,0.45227060,6.87979794
4461,12,0.51885152,9.60684299
4462,12,0.40386251,10.22309017
4463,12,0.45060921,12.09315872
4464,12,0.46008310,12.51462364
4465,12,0.51814741,9.55366707
4466,12,0.49176866,10.30793095
4467,12,0.50865239,9.47371674
4468,12,0.48163128,6.85029078
4469,12,0.42712262,9.97066212
4470,12,0.30429196,6.40370512
4471,12,0.40786448,7.89031744
4472,12,0.42645326,9.17248249
4473,12,0.63282025,11.54161644
4474,12,0.38073784,6.88691902
4475,12,0.47720379,8.65447807
4476,12,0.68065131,13.00292206
4477,12,0.41023964,9.85556889
4478,12,0.37044591,9.22302818
4479,12,0.43681929,9.48084736
4480,12,0.45596713,9.32589149
4481,12,0.50029355,11.46089745
4482,12,0.50637615,6.84376574
4483,12,0.48346487,10.23194599
4484,12,0.56470704,8.13565254
4485,12,0.51576936,10.68159008
4486,12,0.54324496,7.30826712
4487,12,0.49766445,11.18030643
4488,12,0.39880401,8.51739502
4489,12,0.40351963,6.30150604
4490,12,0.58778334,8.92389107
4491,12,0.57821769,17.40159798
4492,12,0.60386795,9.13677692
4493,12,0.38564116,9.08881569
4494,12,0.39424840,10.88463783
4495,12,0.38310641,7.88428831
4496,12,0.46448693,9.90466976
4497,12,0.46252781,8.58535385
4498,12,0.45676452,7.22968340
4499,12,0.53221756,10.17121124
4500,12,0.51035839,10.43667984
4501,12,0.39817852,8.64718437
4502,12,0.48566383,7.24378014
4503,12,0.48571706,8.68701839
4504,12,0.52697158,9.29826641
4505,12,0.46634167,9.58743382
4506,12,0.54826164,13.44628716
4507,12,0.48003781,13.13625145
4508,12,0.53171146,11.86318684
4509,12,0.47575295,9.21306801
4510,12,0.41415435,8.91714764
4511,12,0.42863756,9.48955536
4512,12,0.42720172,8.75552559
4513,12,0.52440858,10.12089634
4514,12,0.60594487,inf
4515,12,0.44213709,7.51149368
4516,12,0.47184598,8.67051601
4517,12,0.37388337,10.90715122
4518,12,0.46409807,7.30738783
4519,12,0.52774405,7.04650974
4520,12,0.52448732,6.14639664
4521,12,0.42261237,8.60789967
4522,12,0.47013679,8.57672215
4523,12,0.47130126,7.34566545
4524,12,0.52057731,7.98049307
4525,12,0.45717633,9.28697586
4526,12,0.44336784,8.42362404
4527,12,0.49394974,9.59323311
4528,12,0.52727026,7.58278751
4529,12,0.70710802,11.70405960
4530,12,0.53032184,9.82212448
4531,12,0.36007053,10.24808598
4532,12,0.49914449,7.73580790
4533,12,0.54633296,8.45172787
4534,12,0.42813531,6.96072388
4535,12,0.57139522,9.49155998
4536,12,0.45059100,7.93736458
4537,12,0.55246228,14.25143242
4538,12,0.47693494,7.26384735
4539,12,0.53631651,8.55614948
4540,12,0.45547932,8.77966690
4541,12,0.55510581,8.41282845
4542,12,0.45340124,7.60896778
4543,12,0.39987278,12.69609737
4544,12,0.49609423,8.23800659
4545,12,0.33881688,6.11367607
4546,12,0.58369303,14.28285408
4547,12,0.47857675,9.54395771
4548,12,0.49955341,14.89131355
4549,12,0.57808828,9.08993340
4550,12,0.49916595,8.63151550
4551,12,0.53642684,9.47790146
4552,12,0.56815016,10.83944225
4553,12,0.50331563,8.97285843
4554,12,0.28982797,8.84824085
4555,12,0.58272690,9.28649902
4556,12,0.47976446,10.58936787
4557,12,0.63829494,8.04352474
4558,12,0.41897637,8.67244339
4559,12,0.53143871,9.11691666
4560,12,0.42432573,6.49267006
4561,12,0.47705942,12.24850845
4562,12,0.57381213,7.44329453
4563,12,0.54938412,10.69221592
4564,12,0.64324057,18.70741081
4565,12,0.53516161,8.88843060
4566,12,0.41137660,8.35307312
4567,12,0.31471777,9.48838806
4568,12,0.40865749,9.21747875
4569,12,0.52899826,7.99485540
4570,12,0.48840392,7.48420382
4571,12,0.38883370,6.95419168
4572,12,0.59886801,10.06339169
4573,12,0.45865947,10.90232658
4574,12,0.33141372,5.47368526
4575,12,0.49274799,16.85643005
4576,12,0.33925140,14.72403431
4577,12,0.46111768,6.30483913
4578,12,0.43824634,9.37987614
4579,12,0.44749907,6.83572197
4580,12,0.53935701,12.10902405
4581,12,0.43798843,9.26482868
4582,12,0.42143854,11.31864452
4583,12,0.50403845,9.43114567
4584,12,0.58871269,13.74955463
4585,12,0.40867832,22.36865044
4586,12,0.44213632,13.04048824
4587,12,0.27413484,5.79660273
4588,12,0.48862424,11.47756481
4589,12,0.43601987,7.49335575
4590,12,0.43321395,9.89157581
4591,12,0.50785238,9.63259506
4592,12,0.43194368,10.19672298
4593,12,0.65786994,13.34670258
4594,12,0.41478357,9.42633247
4595,12,0.40081114,8.23396873
4596,12,0.42342120,7.90916014
4597,12,0.40101486,10.10652161
4598,12,0.62200701,12.35637474
4599,12,0.65562868,7.39376163
4600,12,0.26705104,5.01939011
4601,12,0.49730837,7.98911381
4602,12,0.35736433,7.25050354
4603,12,0.38121104,8.71700191
4604,12,0.62688673,14.49775410
4605,12,0.42948294,9.34431267
4606,12,0.47105092,7.66615725
4607,12,0.50179178,9.22944069
4608,12,0.48698595,8.25965691
4609,12,0.45632088,9.20759392
4610,12,0.63149142,17.65664673
4611,12,0.64261287,8.29856014
4612,12,0.53275400,7.34863997
4613,12,0.46361071,11.46387291
4614,12,0.63471437,16.62875366
4615,12,0.45690322,13.80040073
4616,12,0.47346070,14.63707161
4617,12,0.58242846,9.39631081
4618,12,0.59807545,11.60072422
4619,12,0.50746787,11.53183460
4620,12,0.45141277,7.71518993
4621,12,0.33617467,5.60100985
4622,12,0.44108951,9.40697193
4623,12,0.53659511,9.33324814
4624,12,0.42632234,13.64544868
4625,12,0.47718298,12.16344166
4626,12,0.48612198,8.44441509
4627,12,0.48963469,6.90394831
4628,12,0.56851155,9.23705578
4629,12,0.38975686,7.45360994
4630,12,0.55965734,12.28155518
4631,12,0.53349733,8.80189610
4632,12,0.33062777,6.82587814
4633,12,0.49816069,6.40191078
4634,12,0.39464432,10.55421638
4635,12,0.52860260,8.96683407
4636,12,0.37654886,8.51966858
4637,12,0.41896909,6.54133892
4638,12,0.40724796,7.49011946
4639,12,0.52814066,9.41181755
4640,12,0.43257514,10.44282055
4641,12,0.54799885,8.52584362
4642,12,0.41289404,10.76092434
4643,12,0.53632867,14.71994019
4644,12,0.42081600,8.46922112
4645,12,0.42314422,10.26850796
4646,12,0.50637805,10.17290974
4647,12,0.41110015,5.19092751
4648,12,0.39791924,8.17894745
4649,12,0.47535431,7.07050610
4650,12,0.36101055,7.87549925
4651,12,0.50351942,19.32792854
4652,12,0.56638098,12.36425209
4653,12,0.51814997,11.21397972
4654,12,0.42188257,9.94959641
4655,12,0.52604163,8.96816635
4656,12,0.53406382,9.05251312
4657,12,0.59460855,inf
4658,12,0.37563717,6.74741697
4659,12,0.54180825,15.35405350
4660,12,0.34099430,9.67467213
4661,12,0.41562247,6.99846315
4662,12,0.41386145,8.65151215
4663,12,0.54702193,11.86395168
4664,12,0.48554441,12.20177460
4665,12,0.41811916,9.34810066
4666,12,0.39714473,10.01755619
4667,12,0.32816008,5.28512239
4668,12,0.44739282,8.44869518
4669,12,0.50417203,11.98201180
4670,12,0.35887760,7.03338814
4671,12,0.38883156,6.49346495
4672,12,0.40121770,8.99479866
4673,12,0.54502857,9.74174309
4674,12,0.62955332,10.26261044
4675,12,0.52739733,7.55780458
4676,12,0.52110672,8.79979610
4677,12,0.55380470,10.78205204
4678,12,0.38644648,9.28476334
4679,12,0.42026979,19.82519913
4680,12,0.31376156,6.67297077
4681,12,0.47330761,7.52243662
4682,12,0.72413492,13.42439079
4683,12,0.52023244,7.68362951
4684,12,0.51699185,9.73233032
4685,12,0.50411296,10.26589298
4686,12,0.53082830,9.38160610
4687,12,0.54305077,8.93663311
4688,12,0.43799019,19.36154366
4689,12,0.36120170,14.74127674
4690,12,0.46035749,6.18589783
4691,12,0.39644980,10.55030823
4692,13,0.50659144,8.18899441
4693,13,0.46237880,9.66349411
4694,13,0.50536644,10.71335030
4695,13,0.44731569,10.88500309
4696,13,0.37557870,11.32605457
4697,13,0.53239781,11.09241581
4698,13,0.54426140,9.58026695
4699,13,0.42662686,8.33960438
4700,13,0.37980646,9.44519711
4701,13,0.41913989,8.84958553
4702,13,0.45515335,6.96232939
4703,13,0.40718022,7.26152992
4704,13,0.32033050,10.38259220
4705,13,0.48663902,10.59771442
4706,13,0.31088692,13.16600513
4707,13,0.38116181,6.42087984
4708,13,0.42708132,8.34955025
4709,13,0.38604021,14.54905128
4710,13,0.50453132,8.65571785
4711,13,0.49732280,8.32012558
4712,13,0.56155252,9.64799786
4713,13,0.37735462,6.61772919
4714,13,0.32623321,5.85392237
4715,13,0.55934262,9.51479721
4716,13,0.53102660,13.41279411
4717,13,0.48621362,11.89946270
4718,13,0.39293683,11.79289722
4719,13,0.41556752,8.40722752
4720,13,0.32584557,8.91685963
4721,13,0.43569589,9.92687511
4722,13,0.36963305,5.53985310
4723,13,0.41384757,6.29837704
4724,13,0.26013014,10.12891388
4725,13,0.38553622,8.02945328
4726,13,0.51118821,8.33426857
4727,13,0.43035597,9.12450123
4728,13,0.53475702,10.52177334
4729,13,0.37594873,5.48436689
4730,13,0.36836010,6.74377871
4731,13,0.42566895,13.95789814
4732,13,0.35876435,9.92119789
4733,13,0.36723083,15.23308849
4734,13,0.58575869,14.55149364
4735,13,0.33647275,9.29849339
4736,13,0.37265983,9.60453129
4737,13,0.46360666,8.72850132
4738,13,0.44119456,11.83077621
4739,13,0.46279699,9.18663406
4740,13,0.50932407,9.21383381
4741,13,0.57485080,8.67263126
4742,13,0.52807665,9.69428539
4743,13,0.46767208,9.98967361
4744,13,0.42575970,10.83336735
4745,13,0.32367623,6.63139486
4746,13,0.51215458,15.48071766
4747,13,0.40928459,6.81888962
4748,13,0.46275097,20.89865875
4749,13,0.44731885,10.04749107
4750,13,0.45142803,7.44028950
4751,13,0.45725203,8.23688030
4752,13,0.42973673,10.51635265
4753,13,0.61912739,12.15089130
4754,13,0.49174866,9.48963642
4755,13,0.33125499,7.92459440
4756,13,0.56308949,10.57534122
4757,13,0.57049572,13.53577805
4758,13,0.52684301,10.80246258
4759,13,0.51355600,8.20079899
4760,13,0.49172801,14.44094467
4761,13,0.41437474,7.41353703
4762,13,0.46514648,7.14184666
4763,13,0.40078565,9.79030037
4764,13,0.47994566,10.98265362
4765,13,0.28512660,5.80185127
4766,13,0.39009151,7.73429537
4767,13,0.47677431,7.74618673
4768,13,0.45248336,10.51337814
4769,13,0.43610418,8.17462444
4770,13,0.42800403,11.24965954
4771,13,0.44103351,7.02366686
4772,13,0.36598837,7.86476707
4773,13,0.37887219,9.01898861
4774,13,0.46926549,7.36127043
4775,13,0.30803674,9.23616886
4776,13,0.41650152,7.08298683
4777,13,0.38179964,13.78582668
4778,13,0.28423607,5.36742640
4779,13,0.32469425,6.73875332
4780,13,0.40256131,7.43785095
4781,13,0.42384863,6.96621370
4782,13,0.39991125,8.46757698
4783,13,0.46613234,7.19132614
4784,13,0.38856196,8.09957027
4785,13,0.42909738,11.08978558
4786,13,0.31138474,7.70534801
4787,13,0.34724170,6.72794104
4788,13,0.33788145,10.15119839
4789,13,0.47035724,9.05700588
4790,13,0.56378424,13.05529881
4791,13,0.51183748,13.32017231
4792,13,0.42447954,7.87293100
4793,13,0.33390310,6.91693592
4794,13,0.44394562,9.98398495
4795,13,0.60478765,18.42152214
4796,13,0.42743433,12.90028286
4797,13,0.48199251,9.91458035
4798,13,0.45236143,8.58688545
4799,13,0.39351735,12.14631462
4800,13,0.49175441,7.48966026
4801,13,0.42454052,10.01650333
4802,13,0.48251230,10.46435738
4803,13,0.41639173,11.44842148
4804,13,0.44786340,9.09796143
4805,13,0.41844246,8.69308472
4806,13,0.48840219,8.12153149
4807,13,0.47492900,7.94874525
4808,13,0.38771546,6.69058657
4809,13,0.46124849,10.56021214
4810,13,0.51402974,7.66907167
4811,13,0.38954663,6.79697895
4812,13,0.31450915,7.00402737
4813,13,0.47441852,14.15952396
4814,13,0.61438262,9.46739864
4815,13,0.66970396,13.38439655
4816,13,0.57944596,6.47819614
4817,13,0.30568698,5.68962526
4818,13,0.33525264,12.09975815
4819,13,0.38003337,10.11551285
4820,13,0.42901143,9.69809055
4821,13,0.50134259,8.62085629
4822,13,0.61712623,8.42821598
4823,13,0.40131500,11.40136909
4824,13,0.43351060,9.62049103
4825,13,0.40140200,5.61410427
4826,13,0.61237812,10.19373226
4827,13,0.52987832,14.80416012
4828,13,0.51554006,12.26895332
4829,13,0.40607554,7.36929035
4830,13,0.36378419,8.16554260
4831,13,0.47258979,10.00419331
4832,13,0.40828991,10.25131035
4833,13,0.27400458,7.00848532
4834,13,0.55244827,11.71182442
4835,13,0.46989706,9.93798733
4836,13,0.56877333,13.34991646
4837,13,0.44100958,17.19015884
4838,13,0.41778022,8.57318783
4839,13,0.55056453,9.03661919
4840,13,0.52190828,10.26581860
4841,13,0.36769998,7.92199707
4842,13,0.47051993,9.95495796
4843,13,0.47420418,9.30191422
4844,13,0.49725890,9.98738098
4845,13,0.50900984,9.08797169
4846,13,0.50938720,10.31121826
4847,13,0.45666811,7.39652681
4848,13,0.46590459,10.15211296
4849,13,0.37605348,10.48194313
4850,13,0.55269718,10.35451603
4851,13,0.42713839,7.18836832
4852,13,0.47035119,9.49370289
4853,13,0.39820859,8.94723797
4854,13,0.42916131,6.73128986
4855,13,0.44083950,8.83623123
4856,13,0.45929268,8.87749195
4857,13,0.41717926,9.25266838
4858,13,0.48103568,6.92911625
4859,13,0.38778621,8.21415043
4860,13,0.47539821,14.51059914
4861,13,0.47057620,8.67148972
4862,13,0.44732153,7.71509027
4863,13,0.57746047,12.40634632
4864,13,0.43121004,6.66434813
4865,13,0.44758326,6.91141367
4866,13,0.44278145,7.34777689
4867,13,0.56243658,16.22844887
4868,13,0.32387266,7.86923742
4869,13,0.49839020,8.74394417
4870,13,0.31537408,7.44050074
4871,13,0.43147147,8.33652687
4872,13,0.53344798,9.27614117
4873,13,0.48508096,7.78634548
4874,13,0.50876433,8.61163425
4875,13,0.42095989,8.65259171
4876,13,0.44089019,11.21546745
4877,13,0.38476518,5.12497711
4878,13,0.46693814,7.33006763
4879,13,0.44659305,9.37727356
4880,13,0.41027135,10.27306271
4881,13,0.62523937,10.39017200
4882,13,0.56888747,10.06615257
4883,13,0.48457906,10.27466488
4884,13,0.33103025,6.67122269
4885,13,0.49805126,7.44810295
4886,13,0.38325995,7.94366932
4887,13,0.43935946,5.18646097
4888,13,0.38055453,6.11439991
4889,13,0.59568417,8.81836319
4890,13,0.51954997,8.72564697
4891,13,0.39805663,7.82569218
4892,13,0.51071620,9.22863865
4893,13,0.44345188,11.89435387
4894,13,0.44711578,9.86241341
4895,13,0.42908788,10.55966854
4896,13,0.45201355,7.40735865
4897,13,0.57456613,12.06798172
4898,13,0.44299385,18.20682716
4899,13,0.52223516,7.46966171
4900,13,0.59885985,8.32991123
4901,13,0.45592174,10.47192955
4902,13,0.44277453,7.74507046
4903,13,0.46416736,9.29461098
4904,13,0.47241503,9.23526192
4905,13,0.43574953,6.64990425
4906,13,0.47735426,15.13222885
4907,13,0.44814068,7.29585028
4908,13,0.47546127,8.74518013
4909,13,0.44192791,15.09589291
4910,13,0.42279786,8.79821014
4911,13,0.44389164,9.24204350
4912,13,0.39073157,6.40090084
4913,13,0.50490409,7.71260786
4914,13,0.42956784,9.37323189
4915,13,0.46241552,8.54366684
4916,13,0.51023775,6.77046585
4917,13,0.52027267,11.37679195
4918,13,0.64462495,10.29040051
4919,13,0.69307339,19.44157791
4920,13,0.40419257,7.76011658
4921,13,0.44891101,11.98913193
4922,13,0.39962721,8.45806599
4923,13,0.53816622,12.91572285
4924,13,0.52076387,8.53686428
4925,13,0.44429046,10.28479576
4926,13,0.43843177,8.11885929
4927,13,0.31564555,7.94898748
4928,13,0.48738557,8.30631065
4929,13,0.45155883,5.91887045
4930,13,0.53278458,10.76642513
4931,13,0.36460713,9.00706482
4932,13,0.57620418,8.53697300
4933,13,0.60124809,9.93702126
4934,13,0.42953432,7.17339802
4935,13,0.52377772,8.73493862
4936,13,0.38515043,9.07875919
4937,13,0.34692356,12.26416492
4938,13,0.45270827,8.95695972
4939,13,0.51629806,8.45969105
4940,13,0.48591080,10.95065498
4941,13,0.32296935,7.66058493
4942,13,0.34282851,7.77567387
4943,13,0.39626008,17.86175156
4944,13,0.48276427,9.37702656
4945,13,0.43210620,7.76385403
4946,13,0.44821823,6.62067366
4947,13,0.42268443,7.20500565
4948,13,0.47100064,10.06880569
4949,13,0.55472326,14.10974026
4950,13,0.57576841,10.90081787
4951,13,0.45463720,8.29378319
4952,13,0.44666260,7.45141792
4953,13,0.58208573,7.30716467
4954,13,0.37418553,8.47281933
4955,13,0.57069111,12.23322582
4956,13,0.48783538,8.96959782
4957,13,0.51008511,7.51229715
4958,13,0.56299949,8.62596989
4959,13,0.44050375,9.46649170
4960,13,0.46312368,12.00897884
4961,13,0.38542730,9.58503723
4962,13,0.51815748,7.83741188
4963,13,0.51390553,7.85403585
4964,13,0.41988951,11.75046253
4965,13,0.42332610,16.35043144
4966,13,0.53879559,8.48652840
4967,13,0.49285641,11.73609638
4968,13,0.45813417,10.67678070
4969,13,0.60852605,11.95575905
4970,13,0.50629377,7.55830526
4971,13,0.42081130,9.33777714
4972,13,0.47219402,12.89579105
4973,13,0.40194422,7.24099445
4974,13,0.46463659,7.49582148
4975,13,0.37895921,9.90412807
4976,13,0.39752203,8.74914455
4977,13,0.49075550,17.56311798
4978,13,0.49592337,14.10094547
4979,13,0.39510512,7.43303108
4980,13,0.39600879,13.71439362
4981,13,0.44880122,11.72852612
4982,13,0.49347949,8.52930355
4983,13,0.48679438,9.69878292
4984,13,0.43309531,9.08743286
4985,13,0.51079917,10.50196075
4986,13,0.59293574,10.33274460
4987,13,0.43704969,7.67479181
4988,13,0.38005805,8.46976757
4989,13,0.39097133,8.46153831
4990,13,0.55178827,10.05533123
4991,13,0.28989381,8.71368599
4992,13,0.50910068,9.24287128
4993,13,0.51947510,15.04639530
4994,13,0.36518371,7.19500971
4995,13,0.40327066,7.25230312
4996,13,0.37736076,9.07230759
4997,13,0.43392199,16.53919029
4998,13,0.33887327,8.07040691
4999,13,0.44989783,8.37174129
5000,13,0.44333667,11.53492832
5001,13,0.47546983,12.69101620
5002,13,0.47295719,7.54271841
5003,13,0.47953475,8.94556236
5004,13,0.40660810,9.43688965
5005,13,0.57489663,10.77393818
5006,13,0.41423824,13.19726753
5007,13,0.45245978,11.42674255
5008,13,0.48619691,9.56991673
5009,13,0.37267858,5.65701771
5010,13,0.44664848,7.50952578
5011,13,0.40030429,8.17691898
5012,13,0.27675921,8.33073330
5013,13,0.35596782,5.24360180
5014,13,0.46159017,8.25135040
5015,13,0.52808571,11.23699570
5016,13,0.37009814,15.40828133
5017,13,0.39356339,5.86645079
5018,13,0.30972862,8.39164829
5019,13,0.51587629,8.77799702
5020,13,0.32221949,9.38195515
5021,13,0.44408208,6.27083158
5022,13,0.52959275,8.33887005
5023,13,0.46567330,8.93723869
5024,13,0.45785630,7.05143642
5025,13,0.44033718,9.34112167
5026,13,0.51934469,8.59862709
5027,13,0.56560135,16.59746742
5028,13,0.40287420,10.82042122
5029,13,0.33173549,5.68937206
5030,13,0.58374906,7.63186741
5031,13,0.38629064,10.79432392
5032,13,0.67735887,14.10492420
5033,13,0.59817541,9.30825806
5034,13,0.60825789,13.40175819
5035,13,0.40939796,9.14578819
5036,13,0.49191654,8.84618759
5037,13,0.58375502,9.85642242
5038,13,0.48121113,8.30412579
5039,13,0.41149229,7.42759657
5040,13,0.47547740,6.55805874
5041,13,0.52457702,8.45211983
5042,13,0.45991474,7.46825933
5043,13,0.45354325,15.18638420
5044,13,0.56378376,11.01566124
5045,13,0.46150172,9.61372375
5046,13,0.48320448,11.18574715
5047,13,0.56091309,8.20130157
5048,13,0.50171310,8.93924332
5049,13,0.47380087,12.36935997
5050,13,0.45032796,10.85605907
5051,13,0.46227074,8.62000847
5052,13,0.45704031,6.66633368
5053,13,0.39048502,8.95985889
5054,13,0.42797959,6.88238001
5055,13,0.51323223,9.53839779
5056,13,0.51361382,12.23820686
5057,13,0.50362939,7.74246168
5058,13,0.51022655,7.85026264
5059,13,0.47850037,10.44088840
5060,13,0.40760511,9.08111572
5061,13,0.33164054,5.46943998
5062,13,0.41197383,11.98665619
5063,13,0.48076010,15.05451107
5064,13,0.33179265,8.31732273
5065,13,0.48179412,9.76134872
5066,13,0.44914639,9.06328011
5067,13,0.37130868,11.75375271
5068,13,0.61006850,10.12173176
5069,13,0.41133210,6.51560783
5070,13,0.51956248,9.90887260
5071,13,0.52341932,18.27589607
5072,13,0.38485298,7.72709131
5073,13,0.26285437,4.71189499
5074,13,0.46855071,6.31015205
5075,13,0.49756539,6.50701857
5076,13,0.38398480,6.42696953
5077,13,0.46778733,11.59305286
5078,13,0.26221749,7.59109545
5079,13,0.31450725,7.35320711
5080,13,0.44413197,10.71244144
5081,13,0.33799493,11.30959702
5082,13,0.21849230,7.98588419
5083,14,0.36750725,7.57234716
5084,14,0.50146091,7.36344242
5085,14,0.44552195,13.54335213
5086,14,0.45728487,10.21280575
5087,14,0.52992612,18.73653793
5088,14,0.45963454,10.20863628
5089,14,0.37295312,10.18133354
5090,14,0.34148389,10.50925922
5091,14,0.54819697,14.87233448
5092,14,0.30982456,8.90051460
5093,14,0.38552788,6.66378784
5094,14,0.41967165,9.91180515
5095,14,0.36280698,13.47663593
5096,14,0.34170189,8.02916431
5097,14,0.27870148,7.10353994
5098,14,0.32463810,8.97926331
5099,14,0.48640615,12.37359810
5100,14,0.44213617,7.73741341
5101,14,0.37553459,8.95342922
5102,14,0.42296880,8.79805183
5103,14,0.45576239,9.86062622
5104,14,0.54959071,10.95552349
5105,14,0.41809469,8.52137947
5106,14,0.42540318,9.42187405
5107,14,0.35935614,7.01424122
5108,14,0.49995488,9.41542149
5109,14,0.29276186,12.17517567
5110,14,0.52534533,10.57107830
5111,14,0.44763881,10.26286602
5112,14,0.42733717,20.18027878
5113,14,0.26323512,7.09380293
5114,14,0.41613653,7.40941048
5115,14,0.45615694,18.12662315
5116,14,0.28294972,13.64815807
5117,14,0.54471403,12.65397644
5118,14,0.36044106,10.86713028
5119,14,0.52232742,11.47598553
5120,14,0.50223142,14.04704762
5121,14,0.42374152,8.95378304
5122,14,0.36296827,7.47325134
5123,14,0.53669810,6.85266781
5124,14,0.34073958,6.86407375
5125,14,0.50781405,6.79968977
5126,14,0.45168185,9.31774426
5127,14,0.48526156,9.14280415
5128,14,0.41349116,7.93951988
5129,14,0.54026479,8.98195934
5130,14,0.40916890,9.42305374
5131,14,0.58521873,17.89149284
5132,14,0.39538121,10.10136604
5133,14,0.34949380,6.16176844
5134,14,0.47607437,7.12681532
5135,14,0.45053589,5.74986696
5136,14,0.51255625,6.87308359
5137,14,0.47781664,7.79762602
5138,14,0.42000806,17.73533058
5139,14,0.37808645,13.33739853
5140,14,0.42390382,13.86432743
5141,14,0.51983082,9.57112217
5142,14,0.37106869,12.78033447
5143,14,0.38730034,8.91553497
5144,14,0.35347056,6.54025412
5145,14,0.45707250,10.96460056
5146,14,0.52838945,17.42809868
5147,14,0.40645891,17.46648788
5148,14,0.39330485,13.79149818
5149,14,0.44424176,9.71625137
5150,14,0.38758397,8.77911091
5151,14,0.36747643,8.17472267
5152,14,0.32954350,7.22076797
5153,14,0.41308522,8.86344719
5154,14,0.40710190,6.83966637
5155,14,0.35210940,7.69224310
5156,14,0.58528811,14.13320732
5157,14,0.39426696,8.59047031
5158,14,0.62296987,16.88057899
5159,14,0.37777519,9.90518856
5160,14,0.49858180,7.36058807
5161,14,0.41384834,11.78637028
5162,14,0.42821196,12.29181576
5163,14,0.44085458,12.76341343
5164,14,0.49628603,9.36329174
5165,14,0.34405112,8.30326653
5166,14,0.35344735,7.14784050
5167,14,0.40340623,9.16756153
5168,14,0.40596277,13.28226662
5169,14,0.52569389,11.00757694
5170,14,0.31709474,5.73259211
5171,14,0.48070985,19.10688210
5172,14,0.39420259,8.39842033
5173,14,0.49628553,12.58306885
5174,14,0.40920901,8.75946903
5175,14,0.40480518,15.19163227
5176,14,0.42286932,11.57098961
5177,14,0.35894167,7.84259558
5178,14,0.43086940,7.48314285
5179,14,0.69179583,16.17235374
5180,14,0.38606265,12.24061298
5181,14,0.49941066,14.08675194
5182,14,0.29989901,8.91052437
5183,14,0.42348260,18.07085037
5184,14,0.51155937,12.14926052
5185,14,0.38950202,5.94208002
5186,14,0.46737772,12.38478184
5187,14,0.44556135,7.81625175
5188,14,0.47325477,10.14476681
5189,14,0.37359524,7.35848618
5190,14,0.44470674,11.63645172
5191,14,0.34048045,7.09919214
5192,14,0.33659792,8.82706356
5193,14,0.36249125,8.85845470
5194,14,0.36471993,13.73859406
5195,14,0.55815399,9.03228569
5196,14,0.37356260,8.72419453
5197,14,0.32888442,7.90222597
5198,14,0.41453752,6.82428360
5199,14,0.43618023,8.97706699
5200,14,0.49351564,8.13602257
5201,14,0.42537150,12.07097340
5202,14,0.44292206,7.28981543
5203,14,0.42419529,7.14381456
5204,14,0.33230445,12.53885174
5205,14,0.40859058,7.63157177
5206,14,0.61596501,11.02641010
5207,14,0.42444524,7.85325384
5208,14,0.48199409,12.89089966
5209,14,0.46872923,15.63913155
5210,14,0.44195923,21.43061638
5211,14,0.33551475,9.00447941
5212,14,0.42770156,7.61068630
5213,14,0.45837137,8.60556221
5214,14,0.37107965,5.74244452
5215,14,0.38058704,6.45452595
5216,14,0.52524912,12.32713795
5217,14,0.39775309,6.95288610
5218,14,0.42108279,11.89961720
5219,14,0.45208776,9.28444767
5220,14,0.50608468,7.57273722
5221,14,0.43636629,12.82086658
5222,14,0.35834485,8.91841030
5223,14,0.44901478,8.12236023
5224,14,0.52235281,10.39230347
5225,14,0.32418445,6.27522516
5226,14,0.43435898,10.35077095
5227,14,0.39924935,6.93485641
5228,14,0.57556653,10.17308521
5229,14,0.40630546,9.91230297
5230,14,0.33812749,10.43728256
5231,14,0.32946518,8.94554234
5232,14,0.24427846,5.38193464
5233,14,0.31821501,10.52950573
5234,14,0.41630656,9.67424393
5235,14,0.23662630,6.87058973
5236,14,0.57090259,10.42042351
5237,14,0.48984283,10.05372524
5238,14,0.52112752,23.89984131
5239,14,0.44571617,7.10712385
5240,14,0.43779263,7.37980080
5241,14,0.34343159,8.55758762
5242,14,0.39263007,7.77590847
5243,14,0.40074596,11.40154171
5244,14,0.38889068,6.36189461
5245,14,0.40508118,12.96122265
5246,14,0.35704094,9.79937267
5247,14,0.48986360,8.06560612
5248,14,0.44300067,10.10119343
5249,14,0.37259686,10.06429386
5250,14,0.54215688,11.50859642
5251,14,0.50037491,14.09044266
5252,14,0.40297961,11.17077637
5253,14,0.41344517,13.84923744
5254,14,0.50087464,14.01270294
5255,14,0.45641422,13.51234055
5256,14,0.47864196,11.87720871
5257,14,0.45339343,12.02254486
5258,14,0.44539338,7.84285688
5259,14,0.42840117,8.98354912
5260,14,0.34529495,9.25988770
5261,14,0.49270242,9.94741058
5262,14,0.53149569,10.92556095
5263,14,0.48394412,7.05613995
5264,14,0.37335888,6.92486477
5265,14,0.52910936,8.79822159
5266,14,0.33718070,6.78472233
5267,14,0.38602456,10.23020077
5268,14,0.41762218,9.14658642
5269,14,0.55432880,7.66907549
5270,14,0.50007808,9.19878578
5271,14,0.39211458,8.62906647
5272,14,0.58251208,11.75517082
5273,14,0.48640737,11.41210079
5274,14,0.55290794,11.60260296
5275,14,0.40385240,8.28874397
5276,14,0.37681651,9.62048340
5277,14,0.38177550,12.48871613
5278,14,0.58550262,18.90339088
5279,14,0.36174852,6.47169971
5280,14,0.44426697,11.06584740
5281,14,0.37590319,7.75760555
5282,14,0.41330552,7.83315897
5283,14,0.38552505,10.59242630
5284,14,0.51963222,13.87733364
5285,14,0.34876770,6.67254925
5286,14,0.43916917,14.96885014
5287,14,0.54050660,7.62327290
5288,14,0.26991445,6.38132858
5289,14,0.31853998,7.34988689
5290,14,0.40383700,6.85223341
5291,14,0.49347076,10.16972160
5292,14,0.40565187,8.37790680
5293,14,0.41172308,9.04430866
5294,14,0.41275129,7.96598959
5295,14,0.39831328,7.01020384
5296,14,0.35809571,7.11185312
5297,14,0.36970061,8.14603329
5298,14,0.56498045,8.75065327
5299,14,0.35719502,9.53059292
5300,14,0.48024502,9.86827946
5301,14,0.53426117,9.34509277
5302,14,0.35109752,8.45832634
5303,14,0.47103605,12.38800812
5304,14,0.38462961,8.70456696
5305,14,0.50542581,13.21045971
5306,14,0.49287957,20.46132851
5307,14,0.53816545,9.28025818
5308,14,0.38669068,8.41302013
5309,14,0.41326267,11.38494110
5310,14,0.44364071,12.55280495
5311,14,0.51967150,9.54984379
5312,14,0.52499819,8.42578888
5313,14,0.51854551,12.70028591
5314,14,0.37842080,22.30850220
5315,14,0.36134267,9.62648773
5316,14,0.38974130,7.35481215
5317,14,0.26974726,8.30709839
5318,14,0.40064764,9.92772770
5319,14,0.39962259,8.11270809
5320,14,0.53548795,10.62418556
5321,14,0.47856116,12.22911549
5322,14,0.37168440,10.44394684
5323,14,0.51444846,11.99641132
5324,14,0.37583137,8.84062290
5325,14,0.61798048,11.17683411
5326,14,0.47404531,14.16413021
5327,14,0.41407838,6.84380198
5328,14,0.39248866,11.96633911
5329,14,0.42421979,16.06531715
5330,14,0.53072786,12.08138561
5331,14,0.27280217,5.59196949
5332,14,0.41831216,6.69099379
5333,14,0.34601840,8.70984077
5334,14,0.37991542,6.26345301
5335,14,0.47380391,11.28769112
5336,14,0.40860766,8.38450146
5337,14,0.39990091,7.71618176
5338,14,0.50684035,11.89371490
5339,14,0.50809503,11.10504818
5340,14,0.42666110,7.74931479
5341,14,0.40831834,7.66772413
5342,14,0.46674997,12.02538204
5343,14,0.46925300,8.39842224
5344,14,0.42983770,6.97527838
5345,14,0.53589952,11.51706409
5346,14,0.52570248,8.24157524
5347,14,0.48317677,12.14336967
5348,14,0.47176716,10.13304806
5349,14,0.47357017,7.79201221
5350,14,0.66188776,9.22733212
5351,14,0.26405412,8.05098820
5352,14,0.35522288,7.29550028
5353,14,0.53404325,10.95807648
5354,14,0.49190816,9.06973934
5355,14,0.26904780,6.22055101
5356,14,0.22820538,5.51457739
5357,14,0.57906711,13.09351826
5358,14,0.49650764,8.61692715
5359,14,0.38958815,10.37374878
5360,14,0.50313914,12.31419659
5361,14,0.37114424,7.48435163
5362,14,0.36444449,11.02412033
5363,14,0.28321075,9.25262165
5364,14,0.49691716,6.26888847
5365,14,0.24782638,8.54017067
5366,14,0.53608173,14.12279606
5367,14,0.45726952,7.96494818
5368,14,0.49686211,15.88579559
5369,14,0.43182367,9.75208950
5370,14,0.52324146,15.46667290
5371,14,0.48371869,10.08259678
5372,14,0.46278816,11.38003635
5373,14,0.42302924,6.50984526
5374,14,0.48602611,8.93519211
5375,14,0.31011158,8.61442184
5376,14,0.37055522,7.24466419
5377,14,0.39268237,12.95551205
5378,14,0.44388494,7.80139685
5379,14,0.58521020,8.77169991
5380,14,0.42739037,7.27868605
5381,14,0.46189171,7.20991802
5382,14,0.42686573,10.58165836
5383,14,0.33566475,10.69097519
5384,14,0.41820896,8.81104946
5385,14,0.59889674,12.76383877
5386,14,0.45107648,7.95285559
5387,14,0.46126366,10.91476345
5388,14,0.37792337,8.98219299
5389,14,0.47504038,10.21554947
5390,14,0.42945796,8.83617115
5391,14,0.35729027,8.54694939
5392,14,0.36170435,13.84357262
5393,14,0.34085482,9.38262367
5394,14,0.42063075,10.10109615
5395,14,0.42415616,10.41653442
5396,14,0.34259152,7.66244364
5397,14,0.43741903,9.22521019
5398,14,0.39043117,8.69484234
5399,14,0.43554360,8.87690544
5400,14,0.30702764,8.16859245
5401,14,0.36618379,6.58981037
5402,14,0.29916787,8.57033539
5403,14,0.46452117,9.27362061
5404,14,0.56475973,13.43784332
5405,14,0.51819718,13.90935993
5406,14,0.32022947,10.29742146
5407,14,0.44642651,7.71082735
5408,14,0.41210461,8.73400021
5409,14,0.51467782,12.65716743
5410,14,0.50604731,10.84084225
5411,14,0.37043741,8.84635258
5412,14,0.57293379,13.72863007
5413,14,0.45866418,9.89830303
5414,14,0.44086793,9.01785755
5415,14,0.50715578,9.60241318
5416,14,0.49550065,9.58216763
5417,14,0.35334626,6.05378008
5418,14,0.52409559,9.06270123
5419,14,0.57414299,11.27619457
5420,14,0.44932014,7.30298805
5421,14,0.36136860,10.29486275
5422,14,0.35057646,12.89024067
5423,14,0.42064583,7.86470985
5424,14,0.44868475,8.20891380
5425,14,0.52796745,9.90964985
5426,14,0.46250504,11.26793861
5427,14,0.36762601,9.51945686
5428,14,0.41824794,7.16271830
5429,14,0.37935829,12.44770241
5430,14,0.46323255,14.57191277
5431,14,0.51144397,8.24930191
5432,14,0.31203908,7.39744949
5433,14,0.37058133,8.26386929
5434,14,0.48810822,13.31302261
5435,14,0.36796027,8.65889835
5436,14,0.41915435,7.94301319
5437,14,0.38081461,6.22048807
5438,14,0.47768819,8.11809635
5439,14,0.44610721,8.64188671
5440,14,0.39400014,10.78500462
5441,14,0.39859688,12.48063278
5442,14,0.40857506,11.48120403
5443,14,0.37427521,12.72848988
5444,14,0.39965045,6.59040308
5445,14,0.31417605,6.44463015
5446,14,0.45934737,8.20087051
5447,14,0.45431527,8.65861511
5448,14,0.47065997,11.25647449
5449,14,0.56268585,9.88044643
5450,14,0.39381793,11.28595352
5451,14,0.39592764,5.89028263
5452,14,0.50169361,9.05379105
5453,14,0.47653669,12.62337208
5454,14,0.39562845,9.43926430
5455,14,0.38133720,8.96346188
5456,14,0.53036886,16.37839508
5457,14,0.49154866,9.28642273
5458,14,0.43946433,6.87653112
5459,14,0.49860433,11.80609417
5460,14,0.46402100,6.96737528
5461,14,0.29525733,8.19144917
5462,14,0.47491941,10.42169666
5463,14,0.28475600,7.68018341
5464,14,0.39762762,6.87441969
5465,14,0.30781087,6.91510868
5466,14,0.55069518,11.36797047
5467,14,0.30168980,8.90049839
5468,14,0.40758827,7.11863375
5469,14,0.32364044,12.32678986
5470,14,0.50251591,12.67336941
5471,14,0.34546161,7.10487223
5472,14,0.50920069,10.82813168
5473,14,0.51466149,10.97033405
5474,15,0.31132928,6.36362934
5475,15,0.30402911,7.34345722
5476,15,0.38469511,11.41059399
5477,15,0.47709566,13.55300617
5478,15,0.35680673,6.61088705
5479,15,0.37879694,9.10734844
5480,15,0.33153170,7.59940195
5481,15,0.40387285,12.46873856
5482,15,0.40997040,12.66370296
5483,15,0.25982708,9.37855816
5484,15,0.32092398,7.92447615
5485,15,0.42774495,8.24143696
5486,15,0.42216074,10.68729877
5487,15,0.38849431,15.30171967
5488,15,0.50316334,15.74665070
5489,15,0.31789494,10.32362556
5490,15,0.42066860,15.45963669
5491,15,0.35467213,7.21232939
5492,15,0.37862897,10.02791119
5493,15,0.38946360,10.07331657
5494,15,0.42892283,7.28453398
5495,15,0.37008837,9.98270512
5496,15,0.38016075,8.93950081
5497,15,0.50554585,13.85296631
5498,15,0.47851264,8.55464840
5499,15,0.46715316,11.98944759
5500,15,0.44325662,10.92156887
5501,15,0.34899235,7.07671785
5502,15,0.35093707,10.63184643
5503,15,0.35708356,9.56822205
5504,15,0.45619714,7.76633501
5505,15,0.28853118,7.56069374
5506,15,0.47446227,9.54900455
5507,15,0.39362726,8.70646763
5508,15,0.31180495,8.29745770
5509,15,0.45349020,8.94906616
5510,15,0.32933503,9.30989838
5511,15,0.38671124,6.73411655
5512,15,0.38537535,8.56999779
5513,15,0.39626324,9.90255165
5514,15,0.47528222,7.68056488
5515,15,0.37564516,10.19413567
5516,15,0.37166786,6.14491606
5517,15,0.26784617,7.56222391
5518,15,0.38274908,10.58607578
5519,15,0.45478284,8.12570477
5520,15,0.44002807,8.62867832
5521,15,0.36966717,13.40354633
5522,15,0.36489457,7.52492571
5523,15,0.55884862,11.19538879
5524,15,0.54388529,17.32049179
5525,15,0.44934925,7.18995714
5526,15,0.26952779,7.63650417
5527,15,0.40255812,6.95092392
5528,15,0.38496745,14.72278500
5529,15,0.37688142,11.12669086
5530,15,0.28708351,8.58969212
5531,15,0.35959160,7.42910719
5532,15,0.30879891,6.98952961
5533,15,0.49093169,8.35060883
5534,15,0.33741316,15.23532295
5535,15,0.46435940,6.04096365
5536,15,0.41350919,6.97266436
5537,15,0.44418335,6.34954357
5538,15,0.31012481,12.04845047
5539,15,0.47469905,7.70182514
5540,15,0.42575926,16.45797920
5541,15,0.37700933,9.20914650
5542,15,0.41482544,6.48853493
5543,15,0.39274999,13.01627254
5544,15,0.46047017,10.02904987
5545,15,0.37997478,10.55667782
5546,15,0.43315157,6.59851456
5547,15,0.38923603,8.06171131
5548,15,0.40267730,7.56585979
5549,15,0.38134527,7.71205997
5550,15,0.49071199,9.15804482
5551,15,0.61444783,10.32486534
5552,15,0.41299415,8.23273849
5553,15,0.31450385,6.27793789
5554,15,0.31127048,8.12926292
5555,15,0.28129521,5.38258171
5556,15,0.55880040,9.71993256
5557,15,0.30544320,10.08879375
5558,15,0.44882810,7.94664907
5559,15,0.38203794,7.58887959
5560,15,0.43065554,14.57545090
5561,15,0.40629637,10.61593342
5562,15,0.34325773,6.35036087
5563,15,0.50054300,11.86154366
5564,15,0.38849208,9.91629410
5565,15,0.43849444,9.54987240
5566,15,0.33505386,6.40818119
5567,15,0.36216465,8.41728401
5568,15,0.45324862,7.24846077
5569,15,0.31999034,6.45421934
5570,15,0.32768291,8.89036560
5571,15,0.28278732,12.67688370
5572,15,0.41320229,21.38859367
5573,15,0.63481075,12.28612900
5574,15,0.46525031,6.03162479
5575,15,0.22485080,6.49601221
5576,15,0.40446165,12.43777180
5577,15,0.43093830,9.26448441
5578,15,0.31851947,9.72273731
5579,15,0.37315321,8.29939270
5580,15,0.35753703,6.17948675
5581,15,0.36341661,6.97363853
5582,15,0.33280063,10.06069946
5583,15,0.36301005,8.09199333
5584,15,0.45632955,10.25694370
5585,15,0.37609422,6.42571878
5586,15,0.36163455,10.35718727
5587,15,0.48747098,8.61684704
5588,15,0.30304036,15.54736519
5589,15,0.38554943,6.21247244
5590,15,0.29802287,7.63191080
5591,15,0.32979697,8.24749947
5592,15,0.32973498,6.97272587
5593,15,0.43866122,15.73718548
5594,15,0.41668034,14.14983177
5595,15,0.34912878,8.79462624
5596,15,0.37603575,9.46450233
5597,15,0.44957832,6.38933992
5598,15,0.39522380,16.49757767
5599,15,0.48796439,20.52781296
5600,15,0.35126808,10.80477715
5601,15,0.42844057,12.63093090
5602,15,0.48528713,10.98775482
5603,15,0.35838622,9.33365250
5604,15,0.30556041,10.97345161
5605,15,0.38747758,11.83277512
5606,15,0.31052905,15.70567036
5607,15,0.49641150,14.28029919
5608,15,0.20114577,6.48490953
5609,15,0.39901072,8.35867405
5610,15,0.45018756,12.93269062
5611,15,0.44470826,8.81893063
5612,15,0.56544930,12.60894680
5613,15,0.47566354,7.36060238
5614,15,0.33526355,8.38726521
5615,15,0.38559383,7.65358829
5616,15,0.41073045,8.32594967
5617,15,0.39191869,9.08115387
5618,15,0.42682135,12.60219193
5619,15,0.33846039,8.42711830
5620,15,0.45490217,7.33804274
5621,15,0.33529994,8.65327263
5622,15,0.33883318,10.60062981
5623,15,0.37265760,8.92993164
5624,15,0.47301722,14.37285995
5625,15,0.25027981,12.39036846
5626,15,0.45452881,21.84026909
5627,15,0.45103282,8.26174164
5628,15,0.33331153,10.31017876
5629,15,0.45960069,17.65518570
5630,15,0.46376628,7.45374441
5631,15,0.49285915,10.43565083
5632,15,0.45690227,16.37822533
5633,15,0.45742017,12.52544594
5634,15,0.37985176,10.32414055
5635,15,0.39822602,10.15323925
5636,15,0.35686499,7.70806360
5637,15,0.43166500,13.72088051
5638,15,0.52938825,12.00117874
5639,15,0.60291433,7.40222645
5640,15,0.42093199,12.06531239
5641,15,0.35339147,7.83672333
5642,15,0.42843470,11.22271252
5643,15,0.40060240,12.14771748
5644,15,0.50226647,9.86079502
5645,15,0.28730607,6.92241383
5646,15,0.29526350,16.53427124
5647,15,0.51900697,11.88241482
5648,15,0.46160364,11.90411186
5649,15,0.37435168,8.68563843
5650,15,0.41781366,8.35454941
5651,15,0.35885334,16.32188797
5652,15,0.46876842,13.21475410
5653,15,0.43533260,7.23131037
5654,15,0.50895095,9.69008255
5655,15,0.46780068,9.57980728
5656,15,0.33092266,8.99498081
5657,15,0.53826356,6.86688566
5658,15,0.49208575,7.31872177
5659,15,0.37592441,11.63027954
5660,15,0.43306664,10.27128124
5661,15,0.31232530,7.03692961
5662,15,0.23031811,6.03919649
5663,15,0.35725909,7.78389740
5664,15,0.33562496,7.68408155
5665,15,0.34133807,11.99782658
5666,15,0.41138881,9.62554932
5667,15,0.36319387,8.11493874
5668,15,0.42409265,7.99381828
5669,15,0.41008431,9.38590145
5670,15,0.49052823,10.09331894
5671,15,0.38005376,9.82033920
5672,15,0.46451584,8.37986183
5673,15,0.30966628,10.12932110
5674,15,0.39607665,9.61700439
5675,15,0.32849747,10.36472225
5676,15,0.40179816,14.89042377
5677,15,0.45836374,13.03483295
5678,15,0.28920984,7.52288055
5679,15,0.39945412,11.23690510
5680,15,0.46924442,12.70661259
5681,15,0.30922830,8.02756310
5682,15,0.46473432,9.20009613
5683,15,0.36305714,16.29948807
5684,15,0.52780032,7.44170141
5685,15,0.37148094,6.27536821
5686,15,0.32846099,7.65228081
5687,15,0.51104248,10.46513462
5688,15,0.41667926,9.07155418
5689,15,0.44753182,10.96756935
5690,15,0.35842112,12.21525192
5691,15,0.47551823,7.32026958
5692,15,0.32247770,7.15137434
5693,15,0.44934565,7.31368399
5694,15,0.46552250,9.79305458
5695,15,0.34660894,6.53285551
5696,15,0.32377136,9.70069313
5697,15,0.52146429,8.34263229
5698,15,0.36677626,11.83353138
5699,15,0.58449906,10.78936386
5700,15,0.37460124,13.72142601
5701,15,0.49494889,12.69124794
5702,15,0.36423105,10.46095085
5703,15,0.34682381,8.50788307
5704,15,0.50624084,8.60793877
5705,15,0.59165180,10.53226280
5706,15,0.42271900,9.48367310
5707,15,0.26883781,8.09465218
5708,15,0.43994087,7.74300814
5709,15,0.46058542,11.44260693
5710,15,0.38876510,8.20254326
5711,15,0.46175438,8.66676140
5712,15,0.46391320,10.94457436
5713,15,0.44064307,11.51742744
5714,15,0.37357667,9.63118935
5715,15,0.42722014,19.45922089
5716,15,0.60817802,14.15785027
5717,15,0.46966666,10.68637562
5718,15,0.33630067,7.24788809
5719,15,0.39102888,9.04773426
5720,15,0.29547161,10.34780979
5721,15,0.47269148,13.56716442
5722,15,0.39413986,17.63882446
5723,15,0.40395552,6.96350098
5724,15,0.32155979,8.96772480
5725,15,0.32296661,6.01451969
5726,15,0.37235427,10.86242580
5727,15,0.25013641,10.82330513
5728,15,0.38011909,8.48244286
5729,15,0.39465404,8.08883476
5730,15,0.57303214,11.36354923
5731,15,0.42240191,12.67922497
5732,15,0.50589049,19.96294975
5733,15,0.40630820,7.48763132
5734,15,0.42964101,15.10366726
5735,15,0.47938734,8.35612679
5736,15,0.55262244,10.58864975
5737,15,0.41177747,6.54918528
5738,15,0.30104834,10.76912975
5739,15,0.31621721,13.32969189
5740,15,0.42263702,8.32715988
5741,15,0.33301508,13.08672333
5742,15,0.39031065,13.92766094
5743,15,0.45710570,15.51483631
5744,15,0.36944270,6.70166397
5745,15,0.34612146,7.84715891
5746,15,0.50032818,13.00238991
5747,15,0.43124887,6.88752317
5748,15,0.39038569,7.49608040
5749,15,0.50274336,11.68115711
5750,15,0.37321362,10.96346188
5751,15,0.44344389,6.82201862
5752,15,0.42484921,12.79124069
5753,15,0.39309460,8.22001648
5754,15,0.36767215,14.72270393
5755,15,0.36196423,7.17660046
5756,15,0.39963192,6.72246504
5757,15,0.51851755,7.57937050
5758,15,0.44434756,8.25772667
5759,15,0.39330781,11.24428177
5760,15,0.52942586,8.71928024
5761,15,0.37542999,9.71123886
5762,15,0.56233114,13.84733963
5763,15,0.56246233,15.91001034
5764,15,0.38765633,5.68013668
5765,15,0.53489006,8.59010220
5766,15,0.51949513,8.27040768
5767,15,0.53793508,8.81058693
5768,15,0.49889719,7.21715021
5769,15,0.46378124,7.14015055
5770,15,0.54113525,22.10723495
5771,15,0.40477407,7.91462612
5772,15,0.45176381,10.20644093
5773,15,0.32653087,5.92975426
5774,15,0.45499319,7.66600895
5775,15,0.45464870,14.08643150
5776,15,0.34604216,6.15877771
5777,15,0.40502369,10.26864052
5778,15,0.45413193,6.96840858
5779,15,0.35589713,8.48205948
5780,15,0.40650055,14.09114552
5781,15,0.64866704,7.76408720
5782,15,0.41869634,16.29932213
5783,15,0.41943944,7.80646992
5784,15,0.43911594,11.45729351
5785,15,0.63486874,9.25368309
5786,15,0.47736031,15.13203049
5787,15,0.39402840,6.79680014
5788,15,0.34765309,6.25559664
5789,15,0.30312169,6.22024059
5790,15,0.27382258,6.42647696
5791,15,0.45099658,7.34693623
5792,15,0.48157048,10.62849331
5793,15,0.56709385,11.97028923
5794,15,0.43580815,8.22978878
5795,15,0.41417757,7.47703314
5796,15,0.39555848,5.93406439
5797,15,0.47239017,12.51257133
5798,15,0.45938680,6.64151096
5799,15,0.28695434,7.18536997
5800,15,0.48506328,16.34703827
5801,15,0.50863606,10.93801022
5802,15,0.38002637,6.45328045
5803,15,0.40557575,12.80281353
5804,15,0.30810899,8.12987041
5805,15,0.55418015,11.11355400
5806,15,0.30469126,5.74740219
5807,15,0.38381541,11.71163082
5808,15,0.45336398,8.91810799
5809,15,0.53039980,13.89621544
5810,15,0.32147229,5.42757654
5811,15,0.48501229,8.43287373
5812,15,0.38253534,7.76875687
5813,15,0.44233280,7.03796244
5814,15,0.39354604,10.68891048
5815,15,0.31462222,10.66587067
5816,15,0.44126081,9.09244919
5817,15,0.33368003,7.02374840
5818,15,0.41684902,8.66354370
5819,15,0.33133289,8.32927799
5820,15,0.46875882,8.45703316
5821,15,0.29464102,8.23419189
5822,15,0.31989115,5.35384226
5823,15,0.46441424,6.93878460
5824,15,0.50994837,10.99558353
5825,15,0.35149637,15.27643967
5826,15,0.39450938,8.20871544
5827,15,0.43611443,8.98509693
5828,15,0.45291188,12.50133991
5829,15,0.52415240,13.21927071
5830,15,0.50404930,14.18127918
5831,15,0.34592092,5.63609505
5832,15,0.46130937,12.05099583
5833,15,0.44726211,9.03530121
5834,15,0.38589177,7.43914986
5835,15,0.48587644,10.51682377
5836,15,0.41963959,8.50777149
5837,15,0.59061730,7.55651712
5838,15,0.43718052,9.75248814
5839,15,0.38109124,8.34586620
5840,15,0.36720547,13.44273758
5841,15,0.41691026,8.66093445
5842,15,0.46027157,10.98613453
5843,15,0.31883416,12.50013733
5844,15,0.35460103,6.29876852
5845,15,0.34155011,7.86830139
5846,15,0.51735306,14.48093987
5847,15,0.50283355,11.59002972
5848,15,0.38745749,13.62916470
5849,15,0.40769240,9.24464512
5850,15,0.39573836,10.43595505
5851,15,0.34411123,6.84789705
5852,15,0.46894011,7.56085777
5853,15,0.34904334,6.03275442
5854,15,0.32415205,6.88517237
5855,15,0.36259359,8.45244598
5856,15,0.45377892,13.41666698
5857,15,0.47477561,17.91270447
5858,15,0.41342241,8.91024876
5859,15,0.44149822,14.77653694
5860,15,0.24090910,8.99015903
5861,15,0.46924371,15.06274796
5862,15,0.39970064,6.40706396
5863,15,0.45474678,7.95809412
5864,15,0.31301817,9.30047321
5865,16,0.36605769,7.89703655
5866,16,0.41980132,9.22746658
5867,16,0.39098483,13.29124832
5868,16,0.38831514,12.35476112
5869,16,0.42626649,17.41479874
5870,16,0.37023920,10.39837933
5871,16,0.38688311,11.13411236
5872,16,0.33650666,7.89159012
5873,16,0.46589234,8.92702484
5874,16,0.32761729,10.34435081
5875,16,0.32981470,6.23797131
5876,16,0.35577905,14.55104065
5877,16,0.26892930,6.74893045
5878,16,0.43896085,17.50321770
5879,16,0.40204495,6.73221684
5880,16,0.25947642,7.67975092
5881,16,0.46092868,9.34795189
5882,16,0.39472294,6.88225794
5883,16,0.26101273,8.09597492
5884,16,0.35192800,7.62309408
5885,16,0.40143833,6.94063711
5886,16,0.53590780,10.11909676
5887,16,0.37471652,13.09363556
5888,16,0.30013207,7.11089087
5889,16,0.32686645,7.13060093
5890,16,0.41908741,8.67728996
5891,16,0.54730225,10.09689617
5892,16,0.30956674,6.96442604
5893,16,0.42193329,12.30853462
5894,16,0.37958449,11.33704090
5895,16,0.23603666,9.66942978
5896,16,0.31652978,8.25397968
5897,16,0.31669956,6.43982649
5898,16,0.34929091,12.39866924
5899,16,0.51019812,8.28796196
5900,16,0.32635957,10.78934765
5901,16,0.35908654,7.90209579
5902,16,0.34320301,7.32561111
5903,16,0.29248518,9.23736668
5904,16,0.39893362,6.97727203
5905,16,0.35431650,8.72948074
5906,16,0.34594220,6.92277002
5907,16,0.49578714,7.29165030
5908,16,0.36261654,11.43946838
5909,16,0.33185446,6.64318419
5910,16,0.36947340,8.16787720
5911,16,0.27494866,6.47040844
5912,16,0.44020656,8.53215694
5913,16,0.33320916,7.51569653
5914,16,0.56624603,7.22059345
5915,16,0.38899127,6.17126369
5916,16,0.29027081,7.71856785
5917,16,0.31467211,5.91519880
5918,16,0.41429114,8.06051159
5919,16,0.45088542,15.42160702
5920,16,0.34652078,13.30371761
5921,16,0.34593761,10.36113167
5922,16,0.21963312,5.39018202
5923,16,0.42370823,9.60888004
5924,16,0.51285529,9.73258114
5925,16,0.40928549,11.67036533
5926,16,0.44163606,9.78635788
5927,16,0.35736543,18.43612671
5928,16,0.39326173,11.19703293
5929,16,0.41087884,7.84715796
5930,16,0.39791548,8.42497253
5931,16,0.35080838,6.56717873
5932,16,0.17430463,8.96205997
5933,16,0.54623389,10.79524708
5934,16,0.31631839,11.13193512
5935,16,0.38541573,9.75974846
5936,16,0.45162085,11.62270546
5937,16,0.35094070,7.71261358
5938,16,0.37908855,7.71225452
5939,16,0.36180788,15.98661995
5940,16,0.36607260,8.46301365
5941,16,0.39159283,8.66364861
5942,16,0.31691283,9.81712246
5943,16,0.33939546,9.38082886
5944,16,0.26642358,7.72401762
5945,16,0.41025895,9.40739441
5946,16,0.26488662,6.85299969
5947,16,0.50162458,7.85815668
5948,16,0.35354251,15.11619949
5949,16,0.43680632,8.57600594
5950,16,0.39038098,10.95518684
5951,16,0.39835119,8.85541058
5952,16,0.49189609,10.99100590
5953,16,0.42272294,8.53062534
5954,16,0.40371907,12.81938934
5955,16,0.28606346,5.61870289
5956,16,0.36831275,5.64980459
5957,16,0.43568608,9.66204834
5958,16,0.41980234,8.07308578
5959,16,0.34738824,11.54111958
5960,16,0.47726810,11.38648033
5961,16,0.39842486,12.07347584
5962,16,0.47276944,10.60987759
5963,16,0.35852265,9.06269836
5964,16,0.33032966,8.31435776
5965,16,0.31163198,8.19417286
5966,16,0.26008880,5.93616295
5967,16,0.40752196,9.87724876
5968,16,0.35262316,9.26844501
5969,16,0.43963316,7.15168190
5970,16,0.43982548,15.72316265
5971,16,0.32086930,5.18254757
5972,16,0.42842448,10.64388657
5973,16,0.44202393,6.72269297
5974,16,0.41891626,8.08032990
5975,16,0.27636451,7.56930637
5976,16,0.37247077,8.42270470
5977,16,0.45461604,8.37704372
5978,16,0.34708378,13.83354664
5979,16,0.40539351,12.52473164
5980,16,0.55418396,12.48795891
5981,16,0.46954119,16.30727196
5982,16,0.48153549,13.22111893
5983,16,0.35532409,9.74369907
5984,16,0.30980772,7.60125971
5985,16,0.43398640,11.87984371
5986,16,0.24398474,6.48886728
5987,16,0.39321092,6.20405674
5988,16,0.37162256,6.56135511
5989,16,0.34175506,8.00382805
5990,16,0.40188351,8.15077496
5991,16,0.26976255,7.56023073
5992,16,0.43699101,8.16046047
5993,16,0.38473457,8.21299076
5994,16,0.25871840,7.08047342
5995,16,0.38756657,7.25274611
5996,16,0.38270244,7.88331604
5997,16,0.43440107,8.83524323
5998,16,0.61365467,25.80105209
5999,16,0.27638716,13.36562061
6000,16,0.29379934,10.08468437
6001,16,0.38932094,7.77795458
6002,16,0.31645679,7.98714972
6003,16,0.28761935,9.01111889
6004,16,0.33474371,12.80664253
6005,16,0.38080800,6.88548183
6006,16,0.27106607,7.82529116
6007,16,0.41753221,16.45052910
6008,16,0.50648391,15.16569042
6009,16,0.39200360,12.71204090
6010,16,0.50438666,14.60786533
6011,16,0.27539620,9.60274982
6012,16,0.45597565,12.13411045
6013,16,0.57358849,12.82751465
6014,16,0.40483376,9.98547363
6015,16,0.48206687,9.30919743
6016,16,0.32775506,16.42075157
6017,16,0.46297917,18.27199936
6018,16,0.37899864,12.38123131
6019,16,0.43091947,11.04050350
6020,16,0.47693208,14.55321789
6021,16,0.37344086,6.99944115
6022,16,0.38063997,8.72230530
6023,16,0.33476788,9.31018639
6024,16,0.52615464,11.70316315
6025,16,0.31609598,8.54920387
6026,16,0.45182171,8.64482498
6027,16,0.32660782,11.34201908
6028,16,0.36867979,9.14603424
6029,16,0.45080495,11.23735905
6030,16,0.36627966,8.79062939
6031,16,0.39258081,5.93407965
6032,16,0.35850883,7.06780577
6033,16,0.47719297,7.02702475
6034,16,0.44421452,13.35235023
6035,16,0.29465026,10.71776676
6036,16,0.27178192,6.93181705
6037,16,0.31157237,7.57887602
6038,16,0.39725602,10.71152401
6039,16,0.41088510,7.03356075
6040,16,0.44249010,8.21524334
6041,16,0.41232312,15.04454231
6042,16,0.32806262,8.81048298
6043,16,0.55316931,8.32155323
6044,16,0.25994468,5.23831224
6045,16,0.35918593,8.17068100
6046,16,0.56392974,14.59917831
6047,16,0.50514603,9.05048275
6048,16,0.39070809,8.36865044
6049,16,0.34023049,10.62788010
6050,16,0.34182894,13.95329857
6051,16,0.32272145,7.91343975
6052,16,0.52573609,10.62198162
6053,16,0.43199712,11.15212917
6054,16,0.31119812,8.60562515
6055,16,0.21527097,6.76467800
6056,16,0.44688359,13.07687092
6057,16,0.44746423,10.23088837
6058,16,0.44862849,9.15819550
6059,16,0.46471953,11.13785362
6060,16,0.38712487,11.86113358
6061,16,0.37551963,10.31054783
6062,16,0.37182510,9.40315819
6063,16,0.43016270,6.33335447
6064,16,0.28645647,10.96863174
6065,16,0.44431823,7.17712450
6066,16,0.40960494,12.10345650
6067,16,0.53334737,7.56978083
6068,16,0.30456570,16.72258568
6069,16,0.51117599,9.11520386
6070,16,0.49249738,20.11795616
6071,16,0.33847851,8.54011822
6072,16,0.30031508,7.47217846
6073,16,0.47933906,8.51009369
6074,16,0.37127846,6.84790373
6075,16,0.51213330,10.89833927
6076,16,0.40634444,7.02861023
6077,16,0.49068326,9.08536530
6078,16,0.48425514,11.80211449
6079,16,0.41503245,12.13953972
6080,16,0.40841934,7.05311346
6081,16,0.53598189,9.96629333
6082,16,0.54616863,15.52230930
6083,16,0.55153108,23.10955620
6084,16,0.41323844,9.31952477
6085,16,0.36675215,11.34964275
6086,16,0.32405841,11.84369564
6087,16,0.37980947,9.08932590
6088,16,0.36068162,10.35674953
6089,16,0.36097467,8.37145233
6090,16,0.33965153,10.27871227
6091,16,0.41238540,10.87603569
6092,16,0.40446603,13.12059021
6093,16,0.46591240,6.82229090
6094,16,0.43833983,13.93407154
6095,16,0.48611715,16.48948669
6096,16,0.47701976,10.77378845
6097,16,0.38278186,7.65309811
6098,16,0.36484027,6.23548317
6099,16,0.26442897,7.44699860
6100,16,0.43848941,6.80099726
6101,16,0.39496833,12.68528080
6102,16,0.50464827,11.63514709
6103,16,0.43471318,8.80151844
6104,16,0.28356671,6.84628439
6105,16,0.55574101,14.30632019
6106,16,0.31352949,8.51543236
6107,16,0.20918019,6.49016333
6108,16,0.45699561,14.42330837
6109,16,0.54985058,12.60155392
6110,16,0.40687370,13.26259327
6111,16,0.30218029,7.18764973
6112,16,0.34281647,7.57353592
6113,16,0.29601553,11.04610538
6114,16,0.44573718,7.74665213
6115,16,0.39989197,10.29432487
6116,16,0.36562252,7.71750784
6117,16,0.37694263,8.07678032
6118,16,0.31660748,11.78952312
6119,16,0.41650501,11.81475735
6120,16,0.42432982,8.94960213
6121,16,0.48772532,11.43287086
6122,16,0.45526540,10.03841496
6123,16,0.52194965,9.78155899
6124,16,0.36743349,6.48719358
6125,16,0.43670309,7.80862045
6126,16,0.40906537,8.40277863
6127,16,0.33326226,10.62582874
6128,16,0.31204313,5.43820143
6129,16,0.38759136,12.54724503
6130,16,0.35065973,7.39226294
6131,16,0.38750744,10.91551113
6132,16,0.41115308,8.78274059
6133,16,0.31050318,5.62441444
6134,16,0.39445797,7.93027639
6135,16,0.43091998,14.80928135
6136,16,0.34708595,10.42151642
6137,16,0.47417691,12.10335064
6138,16,0.40142053,7.34170675
6139,16,0.36479706,10.65213203
6140,16,0.45590925,14.21011543
6141,16,0.33795476,8.53045273
6142,16,0.33444315,8.44383049
6143,16,0.35465491,8.12406826
6144,16,0.36529428,6.73961020
6145,16,0.43133748,8.24843597
6146,16,0.23072226,6.41900921
6147,16,0.47035262,8.77418995
6148,16,0.36945167,9.02924538
6149,16,0.34555930,9.96602535
6150,16,0.30790567,10.31427097
6151,16,0.39980459,8.82733727
6152,16,0.36624527,7.81082058
6153,16,0.35901684,11.93836308
6154,16,0.42703879,12.71609402
6155,16,0.39898667,9.86610222
6156,16,0.34678951,11.53853512
6157,16,0.40636599,8.06484318
6158,16,0.44072807,9.87102890
6159,16,0.39885408,8.65824699
6160,16,0.35695115,7.56788540
6161,16,0.43197602,10.20065022
6162,16,0.42303938,8.86784840
6163,16,0.52472329,12.09015656
6164,16,0.47301716,8.56803894
6165,16,0.34054899,14.70591831
6166,16,0.53035378,12.49681759
6167,16,0.48170093,11.98303699
6168,16,0.51461756,15.17373180
6169,16,0.65549457,9.12702942
6170,16,0.41452640,7.55606747
6171,16,0.51466787,18.57946777
6172,16,0.48724589,14.09297085
6173,16,0.38948619,12.18849850
6174,16,0.30222553,10.80226421
6175,16,0.35313421,16.85511589
6176,16,0.53383559,11.90503502
6177,16,0.46008325,14.25931931
6178,16,0.51349884,8.61502934
6179,16,0.44929194,13.85668468
6180,16,0.43017429,9.39379215
6181,16,0.35987100,10.60644054
6182,16,0.34765834,14.86087608
6183,16,0.39242554,19.72261238
6184,16,0.36383075,7.07679415
6185,16,0.36199835,8.77482128
6186,16,0.35857463,7.09415913
6187,16,0.46093923,8.82001972
6188,16,0.36325389,12.65363789
6189,16,0.28589883,6.46971941
6190,16,0.43658966,8.73647022
6191,16,0.36486107,6.86060953
6192,16,0.29692793,7.26772499
6193,16,0.39700735,10.70783615
6194,16,0.44112340,12.10339355
6195,16,0.34605581,6.88272953
6196,16,0.31890905,12.21587372
6197,16,0.38682342,10.10348415
6198,16,0.35480511,8.86414623
6199,16,0.30501175,7.39827299
6200,16,0.35425568,6.88969231
6201,16,0.38085371,7.59724236
6202,16,0.39820516,11.99562073
6203,16,0.44053644,9.76101303
6204,16,0.39343151,7.28994560
6205,16,0.36395854,8.98982811
6206,16,0.37751248,8.40198898
6207,16,0.42761606,15.57226372
6208,16,0.49071029,10.44738579
6209,16,0.38216430,10.84335613
6210,16,0.39573058,10.70419979
6211,16,0.26779094,10.24221134
6212,16,0.34935400,8.80755997
6213,16,0.37886709,9.23557758
6214,16,0.42726445,16.19499016
6215,16,0.43014851,8.16203308
6216,16,0.48619449,7.14899206
6217,16,0.44124722,9.31004238
6218,16,0.30399495,6.58386230
6219,16,0.35913277,8.02028465
6220,16,0.41425496,8.73440361
6221,16,0.29074901,9.81273460
6222,16,0.34287050,6.43912697
6223,16,0.36144251,6.46021795
6224,16,0.38677365,8.15715122
6225,16,0.31689006,6.97052431
6226,16,0.28207707,8.40938187
6227,16,0.30087787,13.22575188
6228,16,0.32685837,7.96011496
6229,16,0.51886171,11.42618752
6230,16,0.54919827,10.72488880
6231,16,0.32967269,7.93227148
6232,16,0.47673807,7.42795992
6233,16,0.54699624,9.82066822
6234,16,0.35602897,11.40902042
6235,16,0.29406887,5.60292578
6236,16,0.29383689,7.37375069
6237,16,0.35689467,6.89362431
6238,16,0.51573229,18.24005508
6239,16,0.39401072,8.25418663
6240,16,0.41211775,10.07368374
6241,16,0.29156405,6.62711191
6242,16,0.34769273,15.35844898
6243,16,0.45575944,8.96939659
6244,16,0.30564731,9.98627853
6245,16,0.41321045,9.52306938
6246,16,0.30760270,6.14072561
6247,16,0.55828667,9.25690842
6248,16,0.40307695,12.94110012
6249,16,0.43194932,9.46807957
6250,16,0.36091951,11.60337830
6251,16,0.32290071,9.73917294
6252,16,0.26873600,7.14942360
6253,16,0.28543225,6.15868855
6254,16,0.44144335,7.67169380
6255,16,0.40900287,10.04003334
6256,17,0.36179170,12.67581272
6257,17,0.32663572,12.07198429
6258,17,0.34338555,8.49350834
6259,17,0.36345959,8.43051720
6260,17,0.55537742,10.28524399
6261,17,0.31116951,9.48644066
6262,17,0.36023644,20.20247459
6263,17,0.38654038,10.75985527
6264,17,0.39846987,11.47252369
6265,17,0.32616323,8.35421085
6266,17,0.42452091,8.28678894
6267,17,0.32759914,16.97448158
6268,17,0.42224720,9.98089409
6269,17,0.30830038,6.24767637
6270,17,0.29429385,16.10642624
6271,17,0.38603097,9.69751549
6272,17,0.43777683,9.78823376
6273,17,0.39950955,9.97162056
6274,17,0.39327058,14.57506180
6275,17,0.38227642,7.74525213
6276,17,0.31750205,14.99672127
6277,17,0.34928027,12.87443447
6278,17,0.38872766,11.94783115
6279,17,0.28568143,5.16088915
6280,17,0.37335265,12.31464672
6281,17,0.29176039,7.73637962
6282,17,0.37858889,10.14021397
6283,17,0.37522265,10.72810268
6284,17,0.38931632,8.40063286
6285,17,0.31796244,12.47799969
6286,17,0.31224376,7.43688822
6287,17,0.37869260,8.27102375
6288,17,0.47000939,12.66222000
6289,17,0.38024729,13.33755684
6290,17,0.29405513,9.34106636
6291,17,0.39885300,12.86716366
6292,17,0.33555579,13.10448360
6293,17,0.39399934,7.04732370
6294,17,0.35484022,7.67581224
6295,17,0.31959635,8.75045967
6296,17,0.46965817,9.29189777
6297,17,0.33355901,8.93870163
6298,17,0.28972715,7.34347296
6299,17,0.33144251,12.34699535
6300,17,0.41810691,9.44127750
6301,17,0.39728817,11.57313347
6302,17,0.48921371,12.03584576
6303,17,0.31887126,13.36638165
6304,17,0.47541022,10.41849136
6305,17,0.28029916,8.69456577
6306,17,0.28784323,6.38803434
6307,17,0.31718022,7.41212368
6308,17,0.33859840,10.54190445
6309,17,0.33828855,7.34166145
6310,17,0.39051110,10.52506351
6311,17,0.47984242,17.66201782
6312,17,0.35363936,7.48556280
6313,17,0.36208755,9.54817104
6314,17,0.33862135,15.59685516
6315,17,0.29535317,5.29178429
6316,17,0.26025844,6.63722944
6317,17,0.31989816,6.79977369
6318,17,0.35023361,8.99074268
6319,17,0.40980572,9.41095448
6320,17,0.45990789,11.86344147
6321,17,0.37393430,10.78457642
6322,17,0.34799051,6.22947454
6323,17,0.29390800,6.89640617
6324,17,0.36790201,6.21282291
6325,17,0.30088004,5.93592834
6326,17,0.29583296,8.33280849
6327,17,0.45302278,10.72066593
6328,17,0.48733157,18.48512268
6329,17,0.29843694,11.53349781
6330,17,0.30494922,6.67615271
6331,17,0.30945483,8.52133560
6332,17,0.39954919,8.25110912
6333,17,0.31198871,10.99024105
6334,17,0.32792410,10.68230247
6335,17,0.40931532,14.02274799
6336,17,0.33926702,7.68920088
6337,17,0.33078209,6.60826826
6338,17,0.35565901,13.12836266
6339,17,0.27949119,7.47250843
6340,17,0.36708856,14.22996330
6341,17,0.43374625,14.60582066
6342,17,0.38574547,12.17875767
6343,17,0.35276222,11.44630718
6344,17,0.32114053,9.26019287
6345,17,0.55351472,11.26320171
6346,17,0.37392581,12.30609512
6347,17,0.38341880,9.23971844
6348,17,0.25764215,10.42272949
6349,17,0.42773163,10.54802227
6350,17,0.29762027,10.12116051
6351,17,0.25289851,7.17268896
6352,17,0.44428250,7.80878973
6353,17,0.40461379,10.16054630
6354,17,0.26996660,5.69604874
6355,17,0.46435803,13.97716522
6356,17,0.28998902,7.95637560
6357,17,0.41370469,8.18852234
6358,17,0.33753812,11.75852013
6359,17,0.55682838,13.34319496
6360,17,0.39220810,14.77134132
6361,17,0.54864025,19.17018890
6362,17,0.43245041,11.91240978
6363,17,0.44288436,8.07056427
6364,17,0.43206063,15.97605324
6365,17,0.33895338,7.52826166
6366,17,0.25854707,7.85987949
6367,17,0.32702881,9.50489712
6368,17,0.39421445,10.98156738
6369,17,0.29691270,8.70001316
6370,17,0.40129468,10.51256847
6371,17,0.23237529,7.88641882
6372,17,0.36460257,7.75843096
6373,17,0.33324832,6.23962069
6374,17,0.51121557,12.71684837
6375,17,0.33421138,8.36574936
6376,17,0.34415466,6.60303640
6377,17,0.29512268,11.04339790
6378,17,0.38306209,7.30192757
6379,17,0.42424783,8.69910431
6380,17,0.24685419,5.73913193
6381,17,0.39677373,10.09280205
6382,17,0.42971173,8.62894154
6383,17,0.31242445,9.10992432
6384,17,0.32730776,10.29144478
6385,17,0.35273778,8.14831066
6386,17,0.38012642,6.34187126
6387,17,0.34991920,9.20283699
6388,17,0.37071276,9.32368660
6389,17,0.43791926,12.38830853
6390,17,0.32859212,9.33051014
6391,17,0.26435667,8.41293716
6392,17,0.31571013,13.95150280
6393,17,0.25148624,6.98590279
6394,17,0.43891084,7.97659731
6395,17,0.26541165,11.13554096
6396,17,0.31207305,8.42773056
6397,17,0.40915424,13.84554195
6398,17,0.36310226,14.15872383
6399,17,0.40981609,9.49791241
6400,17,0.48591262,10.12245369
6401,17,0.39703417,11.34150410
6402,17,0.28880054,9.64253902
6403,17,0.44504821,17.35021210
6404,17,0.46758106,8.07346249
6405,17,0.37061259,6.90552568
6406,17,0.37453362,10.80263138
6407,17,0.48340163,13.59661007
6408,17,0.47699955,11.28222561
6409,17,0.34394878,6.45086718
6410,17,0.35711998,12.73035240
6411,17,0.41344216,15.14405537
6412,17,0.35362560,10.57498169
6413,17,0.35487926,8.28983307
6414,17,0.36926413,13.18072891
6415,17,0.37738460,10.89073563
6416,17,0.37146080,9.16101456
6417,17,0.41271934,23.54459000
6418,17,0.35802150,12.76457977
6419,17,0.41142362,7.52967358
6420,17,0.40995613,9.77338982
6421,17,0.39627784,5.93785381
6422,17,0.35429436,9.26092911
6423,17,0.35510671,6.94878578
6424,17,0.47389174,16.04625511
6425,17,0.45485693,8.61684132
6426,17,0.25781214,6.86306906
6427,17,0.49222407,9.08046246
6428,17,0.47727627,9.64953995
6429,17,0.42584300,9.54040051
6430,17,0.32295835,11.22477245
6431,17,0.57191837,7.67400551
6432,17,0.37401801,8.15653801
6433,17,0.34798145,10.48194885
6434,17,0.24570251,8.16830540
6435,17,0.46314111,8.03207874
6436,17,0.25557065,9.33306122
6437,17,0.36227226,8.58633995
6438,17,0.29919469,9.62299156
6439,17,0.36844832,10.24275017
6440,17,0.40005842,9.30538750
6441,17,0.46689171,9.54362392
6442,17,0.32211941,9.52863026
6443,17,0.39474821,7.70046520
6444,17,0.40796131,10.64080429
6445,17,0.38285610,7.12067795
6446,17,0.37024468,11.04327679
6447,17,0.33020931,7.96606207
6448,17,0.37610626,9.04146862
6449,17,0.40125245,10.85302353
6450,17,0.36378932,7.43807936
6451,17,0.27587444,6.13519049
6452,17,0.31328997,9.31654453
6453,17,0.24012637,7.33592510
6454,17,0.31856161,6.35051775
6455,17,0.46671408,10.56436157
6456,17,0.25065041,8.29180336
6457,17,0.42247722,7.86439371
6458,17,0.40863621,10.63825703
6459,17,0.41095191,10.74639606
6460,17,0.39007050,14.04590893
6461,17,0.30095211,7.22289896
6462,17,0.40599620,11.50385189
6463,17,0.32638472,6.38699579
6464,17,0.39931890,10.33701611
6465,17,0.56490260,9.06907368
6466,17,0.41878313,8.55970192
6467,17,0.44239414,16.24765778
6468,17,0.33238062,10.51457596
6469,17,0.25642186,5.87160110
6470,17,0.35353810,8.10370731
6471,17,0.39894056,9.30372906
6472,17,0.46297038,8.10919380
6473,17,0.21351096,8.52238655
6474,17,0.25491193,8.45913696
6475,17,0.44804698,11.85363007
6476,17,0.42498925,7.88363695
6477,17,0.41197252,6.98850679
6478,17,0.49610552,8.92948437
6479,17,0.36664015,9.85009193
6480,17,0.61881548,15.80121613
6481,17,0.41203690,17.72806168
6482,17,0.37999287,8.32902527
6483,17,0.47632945,11.02467251
6484,17,0.36547181,7.35526180
6485,17,0.26878712,9.61942577
6486,17,0.51735491,16.25402451
6487,17,0.33865601,7.87502050
6488,17,0.43443245,7.81257486
6489,17,0.34687963,7.89655256
6490,17,0.35337675,8.20942688
6491,17,0.31619397,5.98408127
6492,17,0.48134640,9.07213116
6493,17,0.30396533,7.57419825
6494,17,0.46039116,12.27670097
6495,17,0.46782374,8.03434658
6496,17,0.37024233,7.77118969
6497,17,0.33406451,7.11058760
6498,17,0.37335598,8.29865265
6499,17,0.43130767,7.59529734
6500,17,0.37682140,8.30699062
6501,17,0.25669202,11.37006378
6502,17,0.54754567,13.16205215
6503,17,0.35192022,9.34683037
6504,17,0.42710274,12.20422173
6505,17,0.62011051,12.02520657
6506,17,0.39032033,11.80605984
6507,17,0.38754946,7.51973581
6508,17,0.38487071,9.56816292
6509,17,0.37337768,8.09051800
6510,17,0.31583947,7.70743942
6511,17,0.43290794,7.65158987
6512,17,0.34602875,13.95948792
6513,17,0.38967231,6.00785828
6514,17,0.29252502,5.49966240
6515,17,0.32447052,8.37671661
6516,17,0.38921922,6.97911930
6517,17,0.33113998,11.37855816
6518,17,0.53571367,9.93306351
6519,17,0.48142847,8.62154484
6520,17,0.27182707,7.73395014
6521,17,0.40345341,7.32350826
6522,17,0.28759891,9.76616287
6523,17,0.50740027,7.19061232
6524,17,0.32961476,7.48127794
6525,17,0.44340879,10.06408024
6526,17,0.33602810,9.32714272
6527,17,0.34994280,8.34460354
6528,17,0.40852082,6.68522406
6529,17,0.28374219,5.78763914
6530,17,0.25001079,6.97063303
6531,17,0.37270719,10.77139950
6532,17,0.44913474,10.71531200
6533,17,0.38065428,6.09402466
6534,17,0.38449764,6.88339663
6535,17,0.48001385,11.65173721
6536,17,0.41227657,10.48750877
6537,17,0.34965008,10.29761505
6538,17,0.32170546,6.34203196
6539,17,0.25290176,6.21417093
6540,17,0.42413223,7.59686041
6541,17,0.38475108,9.16811657
6542,17,0.24394143,5.74231339
6543,17,0.39310053,16.87832260
6544,17,0.46257246,10.48174381
6545,17,0.24956658,6.55501175
6546,17,0.35192770,8.03684998
6547,17,0.40011358,7.79160357
6548,17,0.47882509,8.51384735
6549,17,0.43535119,7.83489943
6550,17,0.42248553,7.90646029
6551,17,0.33031821,6.11337233
6552,17,0.29455891,6.26766348
6553,17,0.38541669,6.85271835
6554,17,0.37768582,13.85526466
6555,17,0.35117322,9.63324738
6556,17,0.58820891,7.79837608
6557,17,0.30826604,6.45523548
6558,17,0.38040453,6.22759581
6559,17,0.48209947,8.05292511
6560,17,0.35151696,7.96241617
6561,17,0.37379959,8.65626621
6562,17,0.51053524,10.60911274
6563,17,0.52189255,11.85883331
6564,17,0.42907298,9.69502544
6565,17,0.38645232,5.77774954
6566,17,0.27233040,10.59352303
6567,17,0.32238752,10.22813034
6568,17,0.26676506,7.10108185
6569,17,0.49535379,9.99884605
6570,17,0.37107784,8.39009285
6571,17,0.32397217,7.71000576
6572,17,0.33776930,12.84756947
6573,17,0.38428181,10.08384037
6574,17,0.47850010,14.03126049
6575,17,0.38132024,7.24560022
6576,17,0.31830925,7.07549906
6577,17,0.32580602,16.31364250
6578,17,0.39860997,9.22760391
6579,17,0.33292669,8.48818398
6580,17,0.32602245,6.34194708
6581,17,0.37147057,7.63590813
6582,17,0.40976828,11.28301334
6583,17,0.46412420,11.43879604
6584,17,0.41845304,11.97039509
6585,17,0.27589196,10.66709232
6586,17,0.50383842,11.19094181
6587,17,0.38201064,6.52586555
6588,17,0.28648311,6.54458761
6589,17,0.40695804,8.93552017
6590,17,0.47408575,10.82114220
6591,17,0.26531383,9.40177631
6592,17,0.37924767,13.11827374
6593,17,0.23446521,8.09303665
6594,17,0.38430899,12.18874741
6595,17,0.29956874,8.22253132
6596,17,0.49483037,12.52657127
6597,17,0.40047306,10.47937298
6598,17,0.44794124,18.33686829
6599,17,0.56659299,13.12818527
6600,17,0.39898521,7.05603123
6601,17,0.31115627,11.55440235
6602,17,0.38879138,8.84569454
6603,17,0.32186562,8.47943497
6604,17,0.56442863,12.62188435
6605,17,0.52595836,12.92097092
6606,17,0.51341426,9.19056511
6607,17,0.41889435,12.94757271
6608,17,0.38902038,7.38762951
6609,17,0.36031729,9.32526398
6610,17,0.45376027,13.44003677
6611,17,0.45322847,11.21348190
6612,17,0.37265271,8.47081661
6613,17,0.27761623,5.31965446
6614,17,0.38309062,10.60361767
6615,17,0.40896749,7.73742247
6616,17,0.35225600,7.85120058
6617,17,0.40605307,7.61403370
6618,17,0.33899665,7.78709698
6619,17,0.28606847,6.58076715
6620,17,0.24496695,8.14451981
6621,17,0.30729237,7.64941454
6622,17,0.30107784,7.22489309
6623,17,0.41540390,15.32510281
6624,17,0.35397020,9.95648193
6625,17,0.28982270,8.69110870
6626,17,0.53470641,8.91693211
6627,17,0.25771627,7.01730871
6628,17,0.34913874,9.63165188
6629,17,0.47623119,9.02440548
6630,17,0.28825623,6.54236221
6631,17,0.47129810,9.17853928
6632,17,0.37243500,9.62665749
6633,17,0.26183289,9.43670654
6634,17,0.44926244,8.33780479
6635,17,0.45656335,9.93107319
6636,17,0.33740205,12.28611851
6637,17,0.33911920,7.14249468
6638,17,0.32790121,6.68404341
6639,17,0.34837785,5.69828844
6640,17,0.33454901,12.21854687
6641,17,0.34725672,10.33062744
6642,17,0.47401696,12.48919868
6643,17,0.36013573,12.13604736
6644,17,0.34789202,6.49070930
6645,17,0.25500950,10.03869247
6646,17,0.35458755,11.86193275
6647,18,0.39212468,6.79532194
6648,18,0.33166018,12.20540333
6649,18,0.50653231,10.64659023
6650,18,0.31934926,8.84779549
6651,18,0.29599833,5.56887245
6652,18,0.30352759,8.28608418
6653,18,0.35171157,7.53338051
6654,18,0.44277251,7.56968689
6655,18,0.35833889,8.15030193
6656,18,0.29199442,7.10506296
6657,18,0.31214544,13.25635242
6658,18,0.35494649,8.03587151
6659,18,0.40646243,16.65863037
6660,18,0.33626321,6.09482098
6661,18,0.27955794,7.87917137
6662,18,0.34185070,10.28282166
6663,18,0.34434986,7.38723564
6664,18,0.24013044,5.79084110
6665,18,0.36674732,7.53930521
6666,18,0.27695972,7.41210127
6667,18,0.32566196,7.03736734
6668,18,0.20252535,11.56344986
6669,18,0.34414491,11.92591476
6670,18,0.47018981,10.46182251
6671,18,0.29946828,6.76635122
6672,18,0.46489748,10.61977673
6673,18,0.43790448,10.35490227
6674,18,0.31855416,8.89687538
6675,18,0.30798832,6.84281301
6676,18,0.44970199,13.94029236
6677,18,0.25515580,7.44820786
6678,18,0.34419614,8.66269207
6679,18,0.37113824,8.12600803
6680,18,0.34971774,7.61190033
6681,18,0.35027063,12.36826897
6682,18,0.18070289,6.56560564
6683,18,0.23290619,6.52673006
6684,18,0.34199524,11.63758373
6685,18,0.30984947,8.19138622
6686,18,0.37369817,8.32240582
6687,18,0.39528245,10.14713478
6688,18,0.37048888,8.32353497
6689,18,0.43695542,11.22537994
6690,18,0.48702449,8.79883385
6691,18,0.34370357,6.72424126
6692,18,0.30688018,11.40469551
6693,18,0.25286722,8.67606926
6694,18,0.36799404,8.36876678
6695,18,0.25594705,11.47957516
6696,18,0.32314846,11.91832352
6697,18,0.34341460,8.91971111
6698,18,0.30539441,8.47605896
6699,18,0.47944045,11.33539200
6700,18,0.33011252,7.29778671
6701,18,0.49373421,11.97613525
6702,18,0.29043573,12.77175903
6703,18,0.32531238,10.96768379
6704,18,0.25321597,6.82945681
6705,18,0.30375037,6.57238293
6706,18,0.29556489,7.95377254
6707,18,0.41578910,9.93423843
6708,18,0.44400448,7.30306959
6709,18,0.41539797,8.15329456
6710,18,0.35922721,7.44604540
6711,18,0.36576569,7.65967083
6712,18,0.33906874,12.74971962
6713,18,0.47301459,9.52919865
6714,18,0.21636465,8.60435104
6715,18,0.38277048,9.07337475
6716,18,0.27925783,8.66605473
6717,18,0.37693608,13.85806656
6718,18,0.38432598,9.03320885
6719,18,0.25144920,7.15896654
6720,18,0.59968078,10.59360981
6721,18,0.43018359,12.81234646
6722,18,0.32457203,7.81479692
6723,18,0.28905824,8.69780064
6724,18,0.36284220,13.91353416
6725,18,0.30377269,10.62130547
6726,18,0.25192961,11.39916611
6727,18,0.40957510,11.39946175
6728,18,0.26040673,10.85226536
6729,18,0.49329618,11.37068653
6730,18,0.38357705,8.01756287
6731,18,0.22622177,10.44194603
6732,18,0.33356121,8.88100624
6733,18,0.30521169,9.29733086
6734,18,0.33072203,7.45961761
6735,18,0.20429629,9.61965370
6736,18,0.24554366,7.39109182
6737,18,0.29864192,16.77781677
6738,18,0.35062140,21.25727463
6739,18,0.32150137,8.96439266
6740,18,0.40037072,18.63666534
6741,18,0.40708977,9.21359825
6742,18,0.27088115,10.42040539
6743,18,0.31717002,8.19600391
6744,18,0.33302528,13.96175671
6745,18,0.31038731,7.30826521
6746,18,0.43153226,13.08818913
6747,18,0.27047059,5.85516167
6748,18,0.30283505,19.60038376
6749,18,0.29610997,11.52233887
6750,18,0.45199019,16.47323608
6751,18,0.47622734,6.98255396
6752,18,0.29979831,9.71713352
6753,18,0.38974750,10.75397110
6754,18,0.37484431,8.00318909
6755,18,0.35357416,7.02410460
6756,18,0.43030402,10.61994362
6757,18,0.33640310,7.02451372
6758,18,0.27778867,11.82500362
6759,18,0.48317814,10.65783691
6760,18,0.33500028,10.93914890
6761,18,0.46861076,9.51419735
6762,18,0.39471477,6.63101196
6763,18,0.33420426,6.48692274
6764,18,0.46009880,12.19307518
6765,18,0.41620842,9.14841652
6766,18,0.50443476,14.57694244
6767,18,0.28238627,8.65069389
6768,18,0.34639317,13.15271568
6769,18,0.39898768,8.27766800
6770,18,0.39018959,7.30517769
6771,18,0.38773996,9.88115883
6772,18,0.24376279,6.96515989
6773,18,0.37229651,11.41913891
6774,18,0.28313351,9.00901699
6775,18,0.22668456,6.47166586
6776,18,0.31101057,8.46477127
6777,18,0.37732667,7.66745758
6778,18,0.35133424,9.07446575
6779,18,0.38902253,15.18734646
6780,18,0.30961666,8.08117771
6781,18,0.44679710,13.84019566
6782,18,0.25781339,8.35625172
6783,18,0.33580106,6.00988579
6784,18,0.37522784,9.15292931
6785,18,0.22790220,7.22341919
6786,18,0.26475656,6.24380445
6787,18,0.27648425,7.86959124
6788,18,0.37805682,6.34333611
6789,18,0.35690069,11.64367771
6790,18,0.35744664,7.95542765
6791,18,0.50853699,8.28910542
6792,18,0.19341007,6.55191422
6793,18,0.34369367,11.24112892
6794,18,0.31039393,7.76089287
6795,18,0.41640285,8.66880226
6796,18,0.24147220,9.99231815
6797,18,0.23039874,5.77676678
6798,18,0.37377173,13.40769100
6799,18,0.36450994,9.63311577
6800,18,0.40155298,8.82079601
6801,18,0.38382459,7.83339214
6802,18,0.42346531,11.73687553
6803,18,0.33867201,15.72314548
6804,18,0.26295531,5.79202890
6805,18,0.36982173,13.73284817
6806,18,0.28870666,11.38633633
6807,18,0.28655940,11.96779346
6808,18,0.43998826,7.75099373
6809,18,0.28465885,8.34975243
6810,18,0.39450383,7.14416218
6811,18,0.18142356,6.04117584
6812,18,0.39172038,10.13607788
6813,18,0.46984595,12.17197704
6814,18,0.32062232,6.63177204
6815,18,0.34501874,7.10266304
6816,18,0.42442507,9.93455982
6817,18,0.32006240,8.99828434
6818,18,0.37808675,7.71091843
6819,18,0.46399075,7.49941540
6820,18,0.30400920,11.47414398
6821,18,0.45798463,11.78285313
6822,18,0.26239312,6.78115177
6823,18,0.35472012,7.22038555
6824,18,0.37633896,17.52492905
6825,18,0.54817176,10.71251297
6826,18,0.39007115,8.41100407
6827,18,0.37779361,9.84174824
6828,18,0.30498376,11.20425034
6829,18,0.41522074,8.72216988
6830,18,0.46939665,8.17707443
6831,18,0.31343174,8.28130627
6832,18,0.35061359,7.13904095
6833,18,0.31348872,10.73331261
6834,18,0.32353079,10.33796215
6835,18,0.32517308,12.39959717
6836,18,0.24170198,10.42271328
6837,18,0.34023577,9.42029476
6838,18,0.38978249,13.76906776
6839,18,0.31494790,12.68874931
6840,18,0.29702109,7.47596407
6841,18,0.32648903,7.81594419
6842,18,0.39479762,9.82438564
6843,18,0.53836763,10.61500740
6844,18,0.28807822,9.21737957
6845,18,0.41434652,11.38740921
6846,18,0.27880812,7.89569092
6847,18,0.47607893,9.76306343
6848,18,0.31020415,7.70276880
6849,18,0.47028139,10.67809772
6850,18,0.30692357,9.50319862
6851,18,0.29021418,12.22310638
6852,18,0.34015930,6.32154989
6853,18,0.35392457,15.38992596
6854,18,0.42139351,16.33666611
6855,18,0.38165772,9.35654354
6856,18,0.40216708,8.14224911
6857,18,0.25578392,5.69709349
6858,18,0.31834966,8.21632957
6859,18,0.52485281,9.93587112
6860,18,0.32535839,9.25694656
6861,18,0.31619805,10.25869942
6862,18,0.32723892,9.99982643
6863,18,0.26370800,6.93588257
6864,18,0.44119731,11.50420952
6865,18,0.31045040,6.02704382
6866,18,0.36450213,7.46229315
6867,18,0.22598669,6.35866165
6868,18,0.35567033,7.78923082
6869,18,0.37955856,8.82410049
6870,18,0.45412415,10.98262501
6871,18,0.44945377,13.50919437
6872,18,0.38945392,9.07758808
6873,18,0.35651529,7.39407730
6874,18,0.34030017,7.17663670
6875,18,0.29535890,6.54415607
6876,18,0.26635516,6.62337732
6877,18,0.43282926,10.16825676
6878,18,0.33841440,7.67846012
6879,18,0.25690627,8.74229336
6880,18,0.32082826,9.10509491
6881,18,0.41977119,7.46097040
6882,18,0.35905176,10.89571095
6883,18,0.52879345,14.78468704
6884,18,0.50394332,13.71152878
6885,18,0.40952542,11.67857933
6886,18,0.41620150,9.09392929
6887,18,0.46543130,8.44893169
6888,18,0.40295601,11.55206108
6889,18,0.37851459,7.20730352
6890,18,0.43735987,12.03465652
6891,18,0.38079324,10.26282024
6892,18,0.28880560,6.48857403
6893,18,0.45299232,8.91806030
6894,18,0.34543398,5.80565310
6895,18,0.21780792,5.11770344
6896,18,0.39300430,12.11355782
6897,18,0.35671204,8.46452808
6898,18,0.36313409,16.99041748
6899,18,0.31342524,13.65008354
6900,18,0.38588983,11.69084549
6901,18,0.43214753,11.11404037
6902,18,0.37440234,7.87550163
6903,18,0.33595514,10.09265900
6904,18,0.35241985,5.93472672
6905,18,0.43007666,9.87589550
6906,18,0.40244478,16.51758575
6907,18,0.41569501,10.14621449
6908,18,0.40765750,20.06126022
6909,18,0.48685333,6.78358936
6910,18,0.35629717,8.47996426
6911,18,0.25707483,7.14924097
6912,18,0.44035360,11.97059822
6913,18,0.38048118,10.26606941
6914,18,0.34903428,9.09222126
6915,18,0.45607057,12.11546135
6916,18,0.28285918,7.39211655
6917,18,0.37643373,13.35678482
6918,18,0.38372323,9.88229561
6919,18,0.29688206,6.12844944
6920,18,0.33730963,7.86452055
6921,18,0.44193783,12.26882935
6922,18,0.30539724,5.88906813
6923,18,0.36390626,8.90301609
6924,18,0.31280506,8.49432945
6925,18,0.33402330,7.04608202
6926,18,0.27629045,7.19958448
6927,18,0.28639233,9.86912823
6928,18,0.47726715,8.85183048
6929,18,0.31691754,12.76977825
6930,18,0.31826103,5.62685251
6931,18,0.42223185,11.79074383
6932,18,0.31524956,9.25776672
6933,18,0.38260815,10.00339603
6934,18,0.29463205,6.95557213
6935,18,0.45831847,13.47794533
6936,18,0.32276696,7.34217215
6937,18,0.26701659,5.82968903
6938,18,0.45619053,8.85530758
6939,18,0.37227434,8.31847954
6940,18,0.33507407,8.52677250
6941,18,0.33302662,8.96444321
6942,18,0.26306379,6.16315460
6943,18,0.41702229,17.40518761
6944,18,0.43698144,10.66410542
6945,18,0.32014930,9.54083920
6946,18,0.36117166,6.71279907
6947,18,0.28399664,6.49294138
6948,18,0.31585288,9.89694691
6949,18,0.28701729,14.20207119
6950,18,0.28353608,11.52184963
6951,18,0.50987220,9.28003216
6952,18,0.37703183,11.89930725
6953,18,0.35279429,6.69737148
6954,18,0.39114285,9.22314072
6955,18,0.23256421,7.04140186
6956,18,0.40432498,6.60301590
6957,18,0.42625645,11.27114582
6958,18,0.34949762,9.89632320
6959,18,0.44088259,8.11723328
6960,18,0.33788475,7.39805079
6961,18,0.42347220,10.30382919
6962,18,0.32773727,6.91624832
6963,18,0.37866998,9.88683033
6964,18,0.31384158,8.25054264
6965,18,0.31893137,6.78698587
6966,18,0.32938707,6.85328054
6967,18,0.31736556,6.10827637
6968,18,0.33256549,8.61102104
6969,18,0.34244278,12.57510662
6970,18,0.31531909,5.04763985
6971,18,0.45747370,9.59627056
6972,18,0.32925600,6.82768154
6973,18,0.31317315,15.45121384
6974,18,0.35518718,9.13586617
6975,18,0.43549180,8.66968727
6976,18,0.41808423,18.84497261
6977,18,0.51613730,8.52512836
6978,18,0.42327163,7.79690790
6979,18,0.37354422,9.23315525
6980,18,0.25937009,5.91041327
6981,18,0.28474921,16.87754250
6982,18,0.34771678,7.92192650
6983,18,0.39918000,10.96302414
6984,18,0.28840590,6.86954403
6985,18,0.52743739,8.80393124
6986,18,0.43443155,12.54454136
6987,18,0.36524957,15.92934799
6988,18,0.34196639,7.74246311
6989,18,0.41166112,8.10005379
6990,18,0.37714350,9.00800800
6991,18,0.34338361,9.02756214
6992,18,0.37866712,10.68244648
6993,18,0.29809994,9.05039120
6994,18,0.35877994,7.91862822
6995,18,0.31803888,9.07792950
6996,18,0.30198368,9.78205299
6997,18,0.43390495,15.83895874
6998,18,0.44406298,11.18110466
6999,18,0.37226617,8.18738461
7000,18,0.38870651,9.35005093
7001,18,0.33530220,8.73763752
7002,18,0.31217742,12.46072292
7003,18,0.30795342,9.86918640
7004,18,0.32503593,7.72850466
7005,18,0.38561508,7.64347887
7006,18,0.28567564,7.83526278
7007,18,0.27923068,6.00482178
7008,18,0.37039953,7.93793869
7009,18,0.31638217,8.97650623
7010,18,0.36933431,10.46947479
7011,18,0.33084416,7.35449123
7012,18,0.40881163,9.97664833
7013,18,0.34613436,6.91818905
7014,18,0.48936778,9.15614223
7015,18,0.34105116,7.64640284
7016,18,0.50243640,7.81310606
7017,18,0.28505975,6.32125092
7018,18,0.32931411,11.65272236
7019,18,0.28495407,9.08793259
7020,18,0.29514858,8.23263359
7021,18,0.41408071,6.86849689
7022,18,0.36538264,9.17257118
7023,18,0.42379624,6.17684221
7024,18,0.39323866,7.58818436
7025,18,0.37000108,6.02540064
7026,18,0.35706335,8.74161911
7027,18,0.39168304,9.46470070
7028,18,0.44941801,9.13332462
7029,18,0.35227409,10.36847115
7030,18,0.20734520,4.99985027
7031,18,0.37369686,9.63566971
7032,18,0.34145707,7.38252020
7033,18,0.48947710,12.47298145
7034,18,0.25503314,6.05067205
7035,18,0.33410773,6.94421387
7036,18,0.42639130,9.12387466
7037,18,0.51816064,14.55689812
7038,19,0.40427437,9.64862537
7039,19,0.35899776,6.91669369
7040,19,0.34821975,5.94056177
7041,19,0.31378841,7.44321299
7042,19,0.37594247,7.19383860
7043,19,0.30019447,5.94198990
7044,19,0.33739105,7.91274691
7045,19,0.31096184,11.02446747
7046,19,0.25654623,7.49631166
7047,19,0.30482912,6.42183876
7048,19,0.21267265,5.61996603
7049,19,0.32290018,7.99518442
7050,19,0.21514708,5.09576750
7051,19,0.44363892,13.67306805
7052,19,0.36150002,6.58192396
7053,19,0.33954418,9.88527584
7054,19,0.23981988,8.39454746
7055,19,0.27603081,7.57459021
7056,19,0.26092327,16.21583176
7057,19,0.49880913,10.51605415
7058,19,0.38494259,6.36785412
7059,19,0.41700864,8.04062748
7060,19,0.40494448,9.19246483
7061,19,0.38997406,6.70062494
7062,19,0.27130908,5.41564512
7063,19,0.31546801,6.49383307
7064,19,0.41151649,7.57745123
7065,19,0.39429477,17.29198456
7066,19,0.23452596,4.86996460
7067,19,0.24518725,8.23475933
7068,19,0.37503552,10.20336533
7069,19,0.30341876,10.78581142
7070,19,0.41139975,10.09481335
7071,19,0.33226568,9.86725616
7072,19,0.35788879,8.36616325
7073,19,0.49580243,12.81021404
7074,19,0.33573553,8.92939568
7075,19,0.34188503,13.17301083
7076,19,0.20500214,7.06098843
7077,19,0.39631826,15.11708546
7078,19,0.35842034,9.03203011
7079,19,0.20600437,9.21668243
7080,19,0.30980125,8.59228516
7081,19,0.42629248,14.32332039
7082,19,0.28874981,14.46450806
7083,19,0.27535078,9.58574295
7084,19,0.23706962,5.33224964
7085,19,0.35399663,8.36186695
7086,19,0.35017210,6.75053930
7087,19,0.31218389,8.15000248
7088,19,0.34753615,10.79923344
7089,19,0.40862024,8.00646496
7090,19,0.27335250,12.63332844
7091,19,0.33579433,10.47740173
7092,19,0.40684927,15.33262634
7093,19,0.32896960,12.74946594
7094,19,0.24434246,11.78116608
7095,19,0.24176002,13.37495518
7096,19,0.30696434,7.62863779
7097,19,0.31852549,6.88114834
7098,19,0.36635607,11.61099720
7099,19,0.33216166,12.33193684
7100,19,0.42195946,12.25934410
7101,19,0.20575836,8.85663509
7102,19,0.39575821,16.00457191
7103,19,0.35715577,14.59220409
7104,19,0.30388957,8.89646816
7105,19,0.25855523,8.40864372
7106,19,0.24937615,7.03460741
7107,19,0.28811052,8.25560474
7108,19,0.27857777,15.17868614
7109,19,0.33387238,9.67356491
7110,19,0.39429665,8.13837814
7111,19,0.30752698,7.37578106
7112,19,0.25973636,8.80376911
7113,19,0.16866246,5.26070738
7114,19,0.27955127,9.62607288
7115,19,0.29672658,9.06471729
7116,19,0.30999711,10.36946678
7117,19,0.39177752,12.28492737
7118,19,0.40307587,16.34944916
7119,19,0.25460339,7.28994226
7120,19,0.40908673,10.82630348
7121,19,0.33160788,8.47239113
7122,19,0.20876701,8.85485077
7123,19,0.37966043,9.45096493
7124,19,0.42487198,8.14731216
7125,19,0.28464514,5.78153181
7126,19,0.36018011,7.02019167
7127,19,0.43811285,12.23508358
7128,19,0.27143320,7.97234058
7129,19,0.31743360,10.18755722
7130,19,0.35084271,9.50028992
7131,19,0.36134946,10.91448116
7132,19,0.31903011,8.41399479
7133,19,0.23527065,6.09135485
7134,19,0.30926830,10.26808548
7135,19,0.32527530,13.42628002
7136,19,0.38366169,11.55888653
7137,19,0.34258789,9.52142239
7138,19,0.31337237,7.94853592
7139,19,0.38891748,9.12565899
7140,19,0.25413638,8.70051670
7141,19,0.37554970,16.95843887
7142,19,0.31281990,8.59980297
7143,19,0.37050644,12.96538544
7144,19,0.46191296,14.64349174
7145,19,0.27620760,7.17276478
7146,19,0.30452058,12.56600285
7147,19,0.35864729,10.34047508
7148,19,0.29280955,7.44182587
7149,19,0.43940476,10.89917946
7150,19,0.31299824,6.11872149
7151,19,0.27291936,5.96374035
7152,19,0.39542288,12.46842289
7153,19,0.20812221,6.34142733
7154,19,0.43622148,7.58842993
7155,19,0.48789215,12.39037609
7156,19,0.26514965,8.93839455
7157,19,0.27185336,10.16662312
7158,19,0.43144572,13.63411236
7159,19,0.40630189,11.32451534
7160,19,0.48173231,6.96503258
7161,19,0.31847483,8.31790543
7162,19,0.27800637,11.35785103
7163,19,0.39959514,8.44192219
7164,19,0.33309615,8.17668343
7165,19,0.36773524,8.16252995
7166,19,0.27838379,9.78666878
7167,19,0.31920069,6.00124168
7168,19,0.35862994,8.15186119
7169,19,0.45132709,7.90420532
7170,19,0.27213508,6.59143305
7171,19,0.35257876,16.40430069
7172,19,0.42194366,8.43285084
7173,19,0.38991281,8.09111404
7174,19,0.22876815,9.53009033
7175,19,0.31642991,7.52158308
7176,19,0.43077454,12.61276340
7177,19,0.32063183,6.18383169
7178,19,0.24813578,10.93534565
7179,19,0.37782186,9.10993862
7180,19,0.26912764,9.29177666
7181,19,0.42778343,12.57622719
7182,19,0.42374760,9.41392231
7183,19,0.43491998,10.07953072
7184,19,0.41907650,12.47338200
7185,19,0.31518567,6.34455299
7186,19,0.38229451,23.27502632
7187,19,0.32291073,8.13073921
7188,19,0.24817626,8.26030064
7189,19,0.30906594,5.73202705
7190,19,0.41223159,10.05964375
7191,19,0.32454854,12.16756439
7192,19,0.29657042,9.38336658
7193,19,0.38681257,9.26327610
7194,19,0.30203834,8.58480549
7195,19,0.38978651,9.83571148
7196,19,0.20409226,7.23724604
7197,19,0.31402910,12.24594879
7198,19,0.33385524,9.45275593
7199,19,0.39999640,9.44092369
7200,19,0.44080079,10.51233387
7201,19,0.28254563,9.77873516
7202,19,0.25049251,9.10407925
7203,19,0.23688036,6.87195444
7204,19,0.22469798,7.75931740
7205,19,0.31628335,8.60251522
7206,19,0.51015323,10.36411572
7207,19,0.18912193,6.03580713
7208,19,0.26319253,8.32973289
7209,19,0.24745239,10.55588913
7210,19,0.44017488,12.37215805
7211,19,0.37866092,11.71067810
7212,19,0.44650400,11.43501091
7213,19,0.39986104,9.75691128
7214,19,0.27683172,13.31305218
7215,19,0.41751927,11.87861538
7216,19,0.36848280,11.96504593
7217,19,0.32401326,7.90710020
7218,19,0.31921691,12.67734432
7219,19,0.17605293,10.34498787
7220,19,0.24481505,8.64196301
7221,19,0.47368580,6.91128635
7222,19,0.40112841,7.32526493
7223,19,0.33009541,8.63942719
7224,19,0.36610484,8.90640831
7225,19,0.37942272,16.30208015
7226,19,0.32699767,8.32666111
7227,19,0.33489978,9.23925877
7228,19,0.51081365,8.34547234
7229,19,0.32645106,9.36254787
7230,19,0.28882539,10.13785839
7231,19,0.34068298,6.34281588
7232,19,0.35256612,10.09035110
7233,19,0.31607261,12.59871960
7234,19,0.21860036,9.72465229
7235,19,0.37203175,13.18778038
7236,19,0.25363258,12.33312416
7237,19,0.29537106,9.08118916
7238,19,0.37952471,10.68021488
7239,19,0.20199870,5.44064713
7240,19,0.34334016,10.10466957
7241,19,0.34966236,7.50047588
7242,19,0.20469087,6.07698870
7243,19,0.44599521,8.72050476
7244,19,0.28849670,8.60958672
7245,19,0.35799170,17.28384781
7246,19,0.36929500,8.08990002
7247,19,0.32466465,7.66867113
7248,19,0.37669772,12.33560562
7249,19,0.36679733,8.59464264
7250,19,0.32692429,7.18781328
7251,19,0.41035739,11.59204292
7252,19,0.26911801,6.81165600
7253,19,0.29292721,6.50105906
7254,19,0.19680336,6.28111839
7255,19,0.36056376,8.37773418
7256,19,0.39925003,12.83398914
7257,19,0.39470136,7.25905561
7258,19,0.40277338,10.22836685
7259,19,0.22837931,6.30246544
7260,19,0.33980748,8.25524521
7261,19,0.30651253,8.15738010
7262,19,0.32879093,6.52454424
7263,19,0.37086755,8.00740433
7264,19,0.32825992,7.44913960
7265,19,0.30977720,8.40110111
7266,19,0.40669185,10.34485340
7267,19,0.32034269,8.01313305
7268,19,0.30974618,9.11943626
7269,19,0.23342437,7.57144213
7270,19,0.34718174,9.60338306
7271,19,0.32878056,8.26077366
7272,19,0.31943327,7.37231207
7273,19,0.39470455,7.20473719
7274,19,0.38285172,9.82207870
7275,19,0.40472192,8.84500790
7276,19,0.27282023,12.45494556
7277,19,0.35999578,9.52741814
7278,19,0.24510604,6.67208099
7279,19,0.29565567,16.90480423
7280,19,0.31693330,9.72059441
7281,19,0.22898483,6.54927826
7282,19,0.32875344,15.08779526
7283,19,0.48905933,14.23919964
7284,19,0.29020223,11.25814438
7285,19,0.30669534,17.52805519
7286,19,0.37306345,19.01991272
7287,19,0.33591241,7.06130743
7288,19,0.36895967,8.27493095
7289,19,0.45112342,13.39871502
7290,19,0.35106048,8.23429966
7291,19,0.29368597,10.70549583
7292,19,0.28076974,11.21651840
7293,19,0.31422150,11.31684494
7294,19,0.42957154,10.04326439
7295,19,0.26602209,8.00097752
7296,19,0.30112088,6.58700657
7297,19,0.25363675,10.07140446
7298,19,0.42958099,9.82028389
7299,19,0.40116331,9.26552868
7300,19,0.37903988,8.79453087
7301,19,0.34744906,8.85175419
7302,19,0.40004557,17.34531021
7303,19,0.38050541,10.19072914
7304,19,0.48626390,8.85367775
7305,19,0.28237304,9.37205029
7306,19,0.40221158,8.59276104
7307,19,0.30084088,9.32202053
7308,19,0.26661438,5.61874056
7309,19,0.40475515,20.99028778
7310,19,0.36563289,19.26249886
7311,19,0.42140681,7.77963400
7312,19,0.36856204,9.09805775
7313,19,0.37408590,10.40913200
7314,19,0.43801999,9.57408333
7315,19,0.51091713,11.57911777
7316,19,0.46120000,9.27843857
7317,19,0.45162690,13.03968811
7318,19,0.28549585,10.30333042
7319,19,0.45853537,10.90460682
7320,19,0.48353580,8.37778282
7321,19,0.43061349,9.81700897
7322,19,0.41707346,8.47201061
7323,19,0.29880458,8.43741322
7324,19,0.30733466,8.47542763
7325,19,0.27233440,6.72399187
7326,19,0.30658367,10.97643852
7327,19,0.52123570,10.26386833
7328,19,0.38198411,10.18239117
7329,19,0.41411209,11.67067909
7330,19,0.33227527,13.08138752
7331,19,0.36976975,7.21169758
7332,19,0.37807813,7.57154608
7333,19,0.28570139,7.24620914
7334,19,0.31541753,8.24695587
7335,19,0.32401836,15.58711910
7336,19,0.33399725,5.97926235
7337,19,0.50618070,12.28488064
7338,19,0.40868634,9.30205059
7339,19,0.26716298,6.55194330
7340,19,0.31960496,5.65052748
7341,19,0.34742796,7.13104057
7342,19,0.27085686,6.70099354
7343,19,0.49731651,11.72064209
7344,19,0.25742736,6.56198263
7345,19,0.24051812,7.31371498
7346,19,0.35970592,5.43907833
7347,19,0.38696814,11.66812038
7348,19,0.36901665,10.53723335
7349,19,0.48263648,8.43044186
7350,19,0.40978652,6.85935879
7351,19,0.41729885,13.00982857
7352,19,0.30816877,10.91173267
7353,19,0.26766139,7.04665375
7354,19,0.33648029,9.89810371
7355,19,0.31646824,6.24348068
7356,19,0.32213503,8.15016174
7357,19,0.21221620,5.46133232
7358,19,0.31873384,7.40082884
7359,19,0.38706821,8.33160782
7360,19,0.24740049,7.75846052
7361,19,0.34661633,9.83152103
7362,19,0.21338969,6.65387917
7363,19,0.36047763,7.16227722
7364,19,0.37055832,8.85656738
7365,19,0.35314691,14.47879505
7366,19,0.29606420,8.08082867
7367,19,0.23393698,6.70362902
7368,19,0.41775981,11.75776482
7369,19,0.38083059,7.70591736
7370,19,0.40988827,10.71975136
7371,19,0.38291764,10.18148518
7372,19,0.31452525,9.47654152
7373,19,0.29970890,8.65610790
7374,19,0.37983197,7.61647224
7375,19,0.37068558,7.71373606
7376,19,0.34010038,9.13880062
7377,19,0.24048710,7.42379570
7378,19,0.38677165,11.00897694
7379,19,0.38027352,7.95593834
7380,19,0.28676510,7.44282246
7381,19,0.28071800,15.30620861
7382,19,0.29052392,7.42025518
7383,19,0.30110353,10.23375702
7384,19,0.23269603,5.88594246
7385,19,0.23851673,9.24760818
7386,19,0.46162337,9.12151527
7387,19,0.34074473,10.52390099
7388,19,0.38261923,6.47476006
7389,19,0.44272479,11.06537437
7390,19,0.26837474,8.10220528
7391,19,0.43179095,17.75550270
7392,19,0.38588426,8.60178471
7393,19,0.24884382,12.78291702
7394,19,0.32653928,6.75983953
7395,19,0.29664466,12.01207542
7396,19,0.25955382,6.19245768
7397,19,0.36131713,9.82023716
7398,19,0.45635849,14.77531910
7399,19,0.26777115,7.75475788
7400,19,0.31725666,14.53453064
7401,19,0.35631448,7.57024860
7402,19,0.42392677,8.87180996
7403,19,0.24353094,8.61114120
7404,19,0.34236073,5.76993799
7405,19,0.30397975,6.45586872
7406,19,0.20117715,6.25338745
7407,19,0.42875689,8.51438808
7408,19,0.37880570,12.12304974
7409,19,0.38233095,10.08712387
7410,19,0.28705430,8.58714294
7411,19,0.17532051,7.53029633
7412,19,0.29720992,6.24980497
7413,19,0.25046250,10.32725525
7414,19,0.37277943,7.86348534
7415,19,0.22489655,10.38442898
7416,19,0.33480388,8.44621754
7417,19,0.20860824,8.43724728
7418,19,0.31837741,10.76828861
7419,19,0.34936303,7.30047083
7420,19,0.33447981,9.12480354
7421,19,0.43754220,14.37328339
7422,19,0.40648341,9.83757401
7423,19,0.45034587,18.05994987
7424,19,0.46664858,8.19580841
7425,19,0.41624248,11.51108646
7426,19,0.42976329,9.73541546
7427,19,0.38414484,9.73830128
7428,19,0.29097530,11.44813633
7429,20,0.30931348,14.93713951
7430,20,0.29624265,7.91784239
7431,20,0.35835257,9.56515598
7432,20,0.40246820,15.39513588
7433,20,0.24138851,8.33362198
7434,20,0.31505942,9.23233700
7435,20,0.31064457,9.85788059
7436,20,0.24813984,8.55409527
7437,20,0.25178218,9.44771767
7438,20,0.40422457,16.08791351
7439,20,0.39447445,9.27682590
7440,20,0.43832207,9.97589779
7441,20,0.26902831,6.75016212
7442,20,0.39169392,9.02238464
7443,20,0.35920838,9.56412697
7444,20,0.28859258,9.13902283
7445,20,0.20023464,4.63020182
7446,20,0.17933482,7.42534733
7447,20,0.38165212,8.44631004
7448,20,0.42033631,14.71987820
7449,20,0.32132965,11.09818840
7450,20,0.23819210,12.04984760
7451,20,0.30896395,8.28894234
7452,20,0.28772789,6.12892914
7453,20,0.21619940,8.24713421
7454,20,0.35040370,11.60570145
7455,20,0.32168686,10.41540909
7456,20,0.21639442,11.85272503
7457,20,0.44402629,10.46851540
7458,20,0.29026866,10.55626106
7459,20,0.35900021,9.56472492
7460,20,0.33801767,7.12545490
7461,20,0.34305918,9.23041248
7462,20,0.42878282,16.34375763
7463,20,0.26420826,9.44077778
7464,20,0.41088593,15.21432400
7465,20,0.28979418,9.86769867
7466,20,0.33230317,10.15167522
7467,20,0.35919291,10.76060677
7468,20,0.39681417,16.52853584
7469,20,0.32627138,11.80543900
7470,20,0.42172569,10.32559395
7471,20,0.42131472,8.21152592
7472,20,0.31917548,9.80954456
7473,20,0.37418422,11.52402782
7474,20,0.36092997,17.51575089
7475,20,0.41051257,11.22292233
7476,20,0.43591321,13.20201492
7477,20,0.30016363,7.64318991
7478,20,0.40971124,8.93099594
7479,20,0.33967549,6.25510120
7480,20,0.41880515,20.92430115
7481,20,0.39655226,10.11165905
7482,20,0.25852719,6.36109924
7483,20,0.37465975,15.02584839
7484,20,0.38877389,8.08103275
7485,20,0.44749922,8.46203232
7486,20,0.21606584,7.24360228
7487,20,0.28175455,5.81754255
7488,20,0.39329869,11.06874657
7489,20,0.31473058,9.57568455
7490,20,0.24609703,6.17033339
7491,20,0.35585129,11.65015697
7492,20,0.34808645,8.47290611
7493,20,0.26715589,6.76716328
7494,20,0.32907265,9.14113808
7495,20,0.28308439,7.73018360
7496,20,0.26480505,9.03924942
7497,20,0.22781798,6.36420631
7498,20,0.25554767,6.68145847
7499,20,0.40435830,10.49589539
7500,20,0.32202974,7.21786499
7501,20,0.32883206,7.64222431
7502,20,0.18616715,5.54762506
7503,20,0.37367359,12.29484272
7504,20,0.28792578,7.00914860
7505,20,0.45199385,8.47879982
7506,20,0.39016521,8.58262062
7507,20,0.34482557,8.66114235
7508,20,0.31689817,18.52499008
7509,20,0.30519992,7.07738638
7510,20,0.46398103,7.47647285
7511,20,0.21839482,8.94431591
7512,20,0.40884727,10.09344196
7513,20,0.37897420,7.24399233
7514,20,0.40282056,12.26345158
7515,20,0.31160063,10.50588608
7516,20,0.34622902,6.40580797
7517,20,0.35589075,12.43679905
7518,20,0.29708540,6.29516172
7519,20,0.28762934,5.73503208
7520,20,0.28406632,10.42752171
7521,20,0.28558186,12.19854927
7522,20,0.29548648,9.14851093
7523,20,0.35783902,10.34479141
7524,20,0.31519154,9.77233982
7525,20,0.29505521,6.94019508
7526,20,0.25068790,5.50599146
7527,20,0.20559750,14.18925095
7528,20,0.32446009,7.69491339
7529,20,0.27774996,7.24430132
7530,20,0.37034404,9.20112419
7531,20,0.41670576,6.99471951
7532,20,0.37544566,8.91359043
7533,20,0.22217503,6.81103086
7534,20,0.48916420,12.86109734
7535,20,0.32339081,11.50507545
7536,20,0.18649957,6.04367971
7537,20,0.32291025,8.56062508
7538,20,0.37332183,11.86932087
7539,20,0.31320024,6.38614655
7540,20,0.45752716,11.27082253
7541,20,0.42848805,9.06454659
7542,20,0.27104965,8.44089985
7543,20,0.29965976,8.60950756
7544,20,0.35880634,8.57513523
7545,20,0.23472723,7.61355448
7546,20,0.21787551,5.31472015
7547,20,0.26258910,8.55602264
7548,20,0.34219584,10.20221901
7549,20,0.32558686,6.14817381
7550,20,0.38745719,12.58951664
7551,20,0.24425948,7.03939676
7552,20,0.32695055,8.23780060
7553,20,0.28131649,13.86135960
7554,20,0.36163935,7.82036972
7555,20,0.29574248,7.79184389
7556,20,0.33127004,8.21998787
7557,20,0.26905900,6.37687111
7558,20,0.34036899,8.87317944
7559,20,0.28126419,11.45025444
7560,20,0.30438367,7.26684332
7561,20,0.35843188,14.17266846
7562,20,0.35226327,9.37965679
7563,20,0.31788960,12.94475269
7564,20,0.40089819,11.91948414
7565,20,0.23268297,12.60172367
7566,20,0.43431884,9.08332729
7567,20,0.34547597,10.14184666
7568,20,0.35499525,12.37361526
7569,20,0.33773679,9.41679287
7570,20,0.58600718,13.04670525
7571,20,0.28593355,7.77960205
7572,20,0.25405747,10.19136810
7573,20,0.27386856,6.83888483
7574,20,0.44401169,11.88734627
7575,20,0.40990460,7.33165550
7576,20,0.34273121,7.36258936
7577,20,0.24562247,5.89368105
7578,20,0.34129411,8.58611298
7579,20,0.33288339,7.79513311
7580,20,0.21936689,13.08799553
7581,20,0.24556831,8.40846539
7582,20,0.27573070,7.58821726
7583,20,0.33370298,14.43929863
7584,20,0.27904350,8.04153252
7585,20,0.39809889,8.90985584
7586,20,0.25270608,10.57967949
7587,20,0.29700977,5.02223492
7588,20,0.27396667,7.49285841
7589,20,0.25782806,7.36851501
7590,20,0.50094211,9.53754902
7591,20,0.34643751,14.56938171
7592,20,0.31079295,9.16874981
7593,20,0.37529045,14.06819630
7594,20,0.29720277,8.17465401
7595,20,0.24799602,7.77505064
7596,20,0.40793139,9.47472191
7597,20,0.32180643,12.33384895
7598,20,0.23073226,7.28474236
7599,20,0.32935393,9.82835484
7600,20,0.28654498,8.01959705
7601,20,0.43345243,12.59249210
7602,20,0.30307853,10.10349464
7603,20,0.47457612,9.86921120
7604,20,0.32454771,9.01032829
7605,20,0.21090910,7.37618017
7606,20,0.32235467,6.29940701
7607,20,0.31626111,10.75953579
7608,20,0.30860689,11.16830540
7609,20,0.42084292,11.49456120
7610,20,0.26512194,13.07818317
7611,20,0.35515919,13.20313931
7612,20,0.30135095,8.68070221
7613,20,0.27042270,13.07514381
7614,20,0.19437295,8.46135044
7615,20,0.34365878,7.06003714
7616,20,0.41376632,10.67394543
7617,20,0.22370461,5.86550045
7618,20,0.37720686,9.56469536
7619,20,0.32431930,12.59972572
7620,20,0.21854100,5.77360439
7621,20,0.42244995,10.21562767
7622,20,0.40904713,9.16650009
7623,20,0.29487449,14.16550446
7624,20,0.23441720,8.38699532
7625,20,0.36034492,8.20246506
7626,20,0.27913296,15.84983444
7627,20,0.32956550,8.88999557
7628,20,0.34945238,10.16192913
7629,20,0.28462031,8.69038010
7630,20,0.31199348,14.64899731
7631,20,0.44852611,9.19532204
7632,20,0.38688976,11.10918808
7633,20,0.21731329,5.92764330
7634,20,0.33952683,13.55411434
7635,20,0.38729054,7.03797674
7636,20,0.33779991,8.03781128
7637,20,0.32114139,8.04616833
7638,20,0.48282552,13.70512295
7639,20,0.17892556,9.82264328
7640,20,0.33130348,10.32265568
7641,20,0.38339061,10.29696465
7642,20,0.30303410,7.15139627
7643,20,0.37141454,8.27921009
7644,20,0.38928658,13.20824146
7645,20,0.33515212,8.80790997
7646,20,0.37594968,13.97440434
7647,20,0.40553907,8.69437408
7648,20,0.31716344,12.20256329
7649,20,0.33109507,10.14205551
7650,20,0.26877302,4.71220684
7651,20,0.29239571,8.95530033
7652,20,0.34088114,7.14468622
7653,20,0.29922900,7.22808647
7654,20,0.29214090,4.87455177
7655,20,0.27605635,6.28598690
7656,20,0.37761456,8.23321342
7657,20,0.40270495,10.84253788
7658,20,0.33797240,12.16750240
7659,20,0.41205078,7.74551439
7660,20,0.24588093,10.68451023
7661,20,0.42366841,11.26498985
7662,20,0.44174784,13.08486843
7663,20,0.32347107,7.88291216
7664,20,0.33994851,7.16247749
7665,20,0.35274374,9.10896587
7666,20,0.25695416,9.14624119
7667,20,0.34103745,6.21303654
7668,20,0.32027805,7.63265085
7669,20,0.41388041,7.07620907
7670,20,0.38391238,6.83423805
7671,20,0.20163943,10.73905277
7672,20,0.33384866,6.29172039
7673,20,0.28374022,6.65131617
7674,20,0.40305558,7.38558531
7675,20,0.35797426,7.12153482
7676,20,0.43869698,6.83419657
7677,20,0.41314635,11.40997887
7678,20,0.25306827,12.92488098
7679,20,0.33075765,5.92109966
7680,20,0.24440354,9.22349453
7681,20,0.19426477,5.54445696
7682,20,0.41609198,11.67569447
7683,20,0.27665988,7.89767647
7684,20,0.34167218,9.70277977
7685,20,0.26542670,6.43024063
7686,20,0.43154168,11.01551437
7687,20,0.31470823,5.67137957
7688,20,0.29864630,7.50541544
7689,20,0.35577431,11.26706123
7690,20,0.37921804,11.79227161
7691,20,0.38276643,9.44243240
7692,20,0.26726538,8.78630257
7693,20,0.36064720,8.07473183
7694,20,0.30947638,8.19921112
7695,20,0.36180729,9.15922356
7696,20,0.24681200,7.73018074
7697,20,0.25155890,5.55318928
7698,20,0.22398549,5.74065018
7699,20,0.34988320,7.34161186
7700,20,0.42093724,11.20923233
7701,20,0.32316849,9.71911144
7702,20,0.34496519,11.45146179
7703,20,0.28613472,5.76749229
7704,20,0.34158179,8.69094467
7705,20,0.21919030,5.80555010
7706,20,0.26020440,10.49364376
7707,20,0.38984552,12.25811481
7708,20,0.38009068,9.00769043
7709,20,0.44329110,8.40716553
7710,20,0.26789254,9.55751801
7711,20,0.42418185,9.93813896
7712,20,0.39078781,8.28113079
7713,20,0.36332801,9.92156124
7714,20,0.23315154,7.43532658
7715,20,0.31543154,7.83661699
7716,20,0.27540773,8.04807568
7717,20,0.37843794,7.54230976
7718,20,0.28296167,8.83594704
7719,20,0.35720003,9.11403465
7720,20,0.38816321,8.04346752
7721,20,0.49021679,7.84931183
7722,20,0.37375817,12.09319401
7723,20,0.21641880,8.38520622
7724,20,0.30115351,8.63164425
7725,20,0.33245939,8.01413631
7726,20,0.26120314,6.69103527
7727,20,0.17709979,4.88770628
7728,20,0.21322495,10.74151707
7729,20,0.26266786,11.78015041
7730,20,0.33381146,8.96052265
7731,20,0.39299870,11.43476105
7732,20,0.42770523,9.30055809
7733,20,0.38679713,7.40534067
7734,20,0.35081726,7.31936598
7735,20,0.30168214,9.42925072
7736,20,0.39015770,15.16208649
7737,20,0.26636061,8.64065456
7738,20,0.23077267,4.84975052
7739,20,0.28111243,8.09102535
7740,20,0.41575015,11.73179436
7741,20,0.27653360,7.38815832
7742,20,0.20304358,6.72558308
7743,20,0.38643721,12.00576115
7744,20,0.28379601,7.04970407
7745,20,0.31031221,12.55845070
7746,20,0.35135972,8.10536385
7747,20,0.34027526,9.99790382
7748,20,0.33482504,8.49732399
7749,20,0.43584383,11.73962498
7750,20,0.27345246,7.70093393
7751,20,0.27500838,9.42692661
7752,20,0.37364340,6.42087650
7753,20,0.29653546,8.97366428
7754,20,0.47732580,12.04066849
7755,20,0.25464565,7.09063482
7756,20,0.38884449,8.78430653
7757,20,0.26787162,10.47062016
7758,20,0.36265546,7.15546989
7759,20,0.30167907,9.40192223
7760,20,0.21768856,5.68123722
7761,20,0.40709591,12.80926704
7762,20,0.28249955,9.81763458
7763,20,0.33198851,11.30564213
7764,20,0.30971128,9.65011978
7765,20,0.42390972,8.75121880
7766,20,0.26070321,14.93748283
7767,20,0.31809044,7.69385576
7768,20,0.25349623,6.28770494
7769,20,0.44191521,13.11935425
7770,20,0.21426299,6.37495708
7771,20,0.32807413,9.42465496
7772,20,0.30469078,8.72168541
7773,20,0.31822836,7.02084064
7774,20,0.32614756,8.21982670
7775,20,0.32271957,15.74733257
7776,20,0.34654364,16.80527115
7777,20,0.29936278,8.03312397
7778,20,0.27575856,7.85373020
7779,20,0.45033211,8.27643871
7780,20,0.33079082,9.47523880
7781,20,0.31149316,14.50733852
7782,20,0.35141450,8.52320957
7783,20,0.33768737,8.74889946
7784,20,0.34834248,13.71204948
7785,20,0.23859479,8.90584755
7786,20,0.18496466,7.21271563
7787,20,0.37262344,6.30430031
7788,20,0.23790629,11.28752708
7789,20,0.28685993,7.77992058
7790,20,0.33648008,10.20616627
7791,20,0.31295329,6.29586887
7792,20,0.25357234,5.48698807
7793,20,0.31004268,8.34520912
7794,20,0.32829276,7.66026068
7795,20,0.26886114,8.95324516
7796,20,0.36646384,10.28735733
7797,20,0.31840265,12.77650261
7798,20,0.18743664,10.30087662
7799,20,0.34917361,11.38157558
7800,20,0.24671495,10.02184582
7801,20,0.36178881,10.39641762
7802,20,0.36626875,7.61798334
7803,20,0.34394664,14.53038788
7804,20,0.37604678,11.36183071
7805,20,0.30781525,9.60087109
7806,20,0.27787897,8.10336971
7807,20,0.44563800,12.77578449
7808,20,0.20807907,5.47304392
7809,20,0.22880125,8.01480293
7810,20,0.44323456,11.70900536
7811,20,0.29752141,10.87465000
7812,20,0.29074425,5.76254511
7813,20,0.31261981,14.04431629
7814,20,0.31229883,9.64682102
7815,20,0.27839878,8.18794537
7816,20,0.39147276,8.54174232
7817,20,0.27935368,11.59424210
7818,20,0.26737985,9.55555344
7819,20,0.34917778,11.37838364
