global_step,epoch,loss,grad_norm
0,1,2.30287170,0.17318879
1,1,2.36732483,1.50422370
2,1,2.30464172,0.13861777
3,1,2.30410767,0.15848197
4,1,2.30294800,0.13598782
5,1,2.30169678,0.13398409
6,1,2.30674744,0.15804985
7,1,2.30200195,0.09439953
8,1,2.29890442,0.15462086
9,1,2.29525757,0.15695621
10,1,2.27212524,0.26884401
11,1,2.32434464,1.78185260
12,1,2.28942871,0.22499049
13,1,2.29161072,0.23168281
14,1,2.30258179,0.10837609
15,1,2.30171204,0.10336172
16,1,2.30267334,0.06922367
17,1,2.30522156,0.08827832
18,1,2.30349731,0.08223657
19,1,2.30401611,0.12799668
20,1,2.30519104,0.11581622
21,1,2.30273438,0.06402393
22,1,2.30261230,0.09275573
23,1,2.30043030,0.08983732
24,1,2.30461121,0.08839493
25,1,2.30513000,0.15227357
26,1,2.30583191,0.10551227
27,1,2.30735779,0.13912265
28,1,2.29963684,0.14686391
29,1,2.30467224,0.15553042
30,1,2.30693054,0.27451211
31,1,2.30082703,0.15555990
32,1,2.30104065,0.08392195
33,1,2.30154419,0.11893632
34,1,2.30627441,0.13793595
35,1,2.30287170,0.13216442
36,1,2.30242920,0.15364230
37,1,2.29919434,0.08687061
38,1,2.29342651,0.14028817
39,1,2.29666138,0.23399325
40,1,2.28388977,0.17812985
41,1,2.28686523,0.37948883
42,1,2.25764465,0.33392149
43,1,2.26290131,0.45679951
44,1,2.27474213,0.92080492
45,1,2.26898956,0.48386669
46,1,2.27359772,0.77082598
47,1,2.28388977,0.80027324
48,1,2.23472595,0.44623503
49,1,2.21908569,0.66835749
50,1,2.22689819,0.84352368
51,1,2.18091202,0.64869124
52,1,2.16938591,0.55690527
53,1,2.21414185,0.87280911
54,1,2.21472931,0.39477578
55,1,2.26012421,0.61811799
56,1,2.24623871,0.77248788
57,1,2.19445801,0.70575768
58,1,2.20027542,1.03953719
59,1,2.19762039,1.38995993
60,1,2.15042877,0.56223387
61,1,2.30866623,3.88417792
62,1,2.18690491,0.44267851
63,1,2.17407227,0.46391341
64,1,2.23625946,0.99483895
65,1,2.21585846,0.79970348
66,1,2.21737671,0.52066076
67,1,2.19667816,0.63436586
68,1,2.19252777,0.75540102
69,1,2.16172791,0.52017576
70,1,2.19931793,1.14200485
71,1,2.09953690,0.55721194
72,1,2.21422577,1.72702050
73,1,2.15148163,0.46249202
74,1,2.18293762,1.41563129
75,1,2.19418335,1.68369603
76,1,2.07963562,1.39003372
77,1,2.03994751,0.60931081
78,1,2.28710175,4.74690819
79,1,2.09352493,0.98411143
80,1,2.07743835,1.10455883
81,1,2.11644745,1.21942472
82,1,2.08155441,1.25991237
83,1,2.08680725,0.77225125
84,1,2.07933807,0.46344721
85,1,2.15457535,0.62450719
86,1,2.07946777,0.61767226
87,1,2.08535385,0.74530911
88,1,2.08376312,0.54400253
89,1,1.97267151,0.91886067
90,1,2.20435333,1.32240283
91,1,2.03310394,1.00161028
92,1,2.02876282,0.83963585
93,1,2.08018494,1.23961210
94,1,2.00079346,2.16697431
95,1,1.91900253,1.27677929
96,1,2.28582954,4.64757776
97,1,2.06612396,2.06971478
98,1,2.08436394,1.23348272
99,1,2.04013824,1.04963183
100,1,2.06996155,1.10825324
101,1,2.04998016,1.66300237
102,1,2.14447021,1.13323605
103,1,2.12953186,0.78293020
104,1,2.04045868,2.19763470
105,1,2.14071655,1.36187589
106,1,1.95875931,1.13868940
107,1,2.01214981,1.24711776
108,1,2.01355553,2.01142502
109,1,1.94448853,1.93614507
110,1,1.99901962,0.92901611
111,1,2.03267670,0.93943912
112,1,2.01087570,1.52041078
113,1,1.95774460,1.73728633
114,1,1.95121002,1.22370648
115,1,1.98564339,1.43238652
116,1,1.92691612,2.02337360
117,1,2.00394440,2.22942400
118,1,2.00284195,1.66870105
119,1,1.86905956,0.89185941
120,1,1.90195370,2.17895508
121,1,1.85683918,2.08373213
122,1,2.18546939,4.60641432
123,1,1.98645401,2.17962480
124,1,1.98461533,2.41784215
125,1,2.03737640,0.92527950
126,1,1.89766693,1.56292105
127,1,2.00019836,1.53616428
128,1,1.90116501,1.06276786
129,1,2.04427338,3.01151919
130,1,1.99127960,0.95346165
131,1,1.99957275,1.72349250
132,1,2.02404785,4.29399824
133,1,1.93360901,2.35388160
134,1,2.01068878,4.10496712
135,1,1.94770813,4.16832781
136,1,1.91644287,1.31962335
137,1,1.93572235,2.04158878
138,1,1.97660065,3.51147723
139,1,1.81118774,0.93091720
140,1,1.86569214,1.47084355
141,1,1.93601990,1.46377969
142,1,1.96434212,1.81745291
143,1,1.94837570,1.38273835
144,1,1.92850876,1.20698559
145,1,1.95381546,1.40481198
146,1,1.99301338,2.48105764
147,1,1.89158249,1.27113271
148,1,1.88760376,2.92839956
149,1,1.90782166,1.02822816
150,1,1.91217804,1.33684814
151,1,1.98480225,1.82573509
152,1,1.79603958,2.24073887
153,1,1.79428482,1.70278549
154,1,1.88246155,1.90632951
155,1,1.86518478,1.39467883
156,1,1.89281845,2.02429342
157,1,1.81147003,1.85196912
158,1,1.85699081,2.24709368
159,1,1.92281342,3.14316630
160,1,1.94944954,4.22288656
161,1,1.87569427,1.01856017
162,1,1.79202271,1.45580995
163,1,1.75691986,1.81462133
164,1,1.94369316,3.47086835
165,1,1.80609894,1.11987925
166,1,1.86787415,3.88535714
167,1,1.86964035,1.60568893
168,1,1.87411499,3.28171277
169,1,1.91944885,3.39791894
170,1,1.87559891,1.80321729
171,1,1.82103539,1.56629360
172,1,1.90287113,1.77657914
173,1,1.92115402,1.72992837
174,1,1.92528248,2.20349574
175,1,1.90020084,2.21696496
176,1,1.74755096,1.17915678
177,1,1.82771111,1.50289178
178,1,1.86385727,1.79299915
179,1,1.70635223,1.59498835
180,1,1.74320126,2.33320260
181,1,1.84879684,1.72004378
182,1,1.87652731,2.69669223
183,1,1.91117394,2.46326065
184,1,1.93148041,2.73322845
185,1,1.86664581,1.26585293
186,1,1.87835312,2.46412492
187,1,1.83142853,1.46943665
188,1,1.79170990,1.31942105
189,1,1.81867599,1.57853949
190,1,1.81766701,1.51644301
191,1,1.83129692,2.97565651
192,1,1.92909241,7.01728153
193,1,1.81896973,3.51687932
194,1,1.73318863,4.57939243
195,1,1.79492569,2.35986876
196,1,1.92601204,7.38041019
197,1,1.70087218,2.47135258
198,1,1.86069107,2.91455603
199,1,1.91165352,5.46833706
200,1,1.80570030,1.82186472
201,1,1.93889046,3.09834552
202,1,1.91878450,2.45073485
203,1,1.87570190,1.37953329
204,1,1.73418236,1.14512300
205,1,1.88529396,1.38955653
206,1,1.79776764,2.62251687
207,1,1.80748367,2.89399815
208,1,1.82924843,1.55749238
209,1,1.68219376,1.86048687
210,1,1.86523438,2.06964374
211,1,1.77437973,1.82192838
212,1,1.69614410,1.81677938
213,1,1.82169724,1.91388464
214,1,1.81409073,1.59820962
215,1,1.84199905,1.57617486
216,1,1.80781841,1.97134984
217,1,1.75340557,2.24703026
218,1,1.68553925,1.26861274
219,1,1.89364243,2.10694218
220,1,1.69831562,1.30765224
221,1,1.72749519,2.68583727
222,1,1.67562294,1.94797814
223,1,1.69695473,2.45090771
224,1,1.86378300,2.60082078
225,1,1.75735688,4.58451700
226,1,1.78709459,2.08288717
227,1,1.58420849,2.38149333
228,1,1.81571770,6.24304199
229,1,1.65460205,2.12082767
230,1,1.80052948,1.70859623
231,1,1.94346237,4.36956167
232,1,1.72950745,3.63668346
233,1,1.63103294,2.28792620
234,1,1.83108521,5.39762306
235,1,1.80146122,3.55464816
236,1,1.72821617,2.27473783
237,1,1.73738408,3.32683444
238,1,1.78439045,3.22768998
239,1,1.77532363,3.51365280
240,1,1.67519569,1.97396219
241,1,1.62008858,2.79825783
242,1,1.64216042,4.11278629
243,1,1.64121246,2.74398136
244,1,1.70279408,3.47412658
245,1,1.77289581,3.47600508
246,1,1.79548740,2.84601951
247,1,1.74168015,1.73593426
248,1,1.59930897,2.06257629
249,1,1.83451271,1.97882020
250,1,1.66753769,1.32175171
251,1,1.74106598,2.18032217
252,1,1.82465553,1.99001968
253,1,1.59215355,1.60176778
254,1,1.88920808,2.02433038
255,1,1.82269526,1.38872552
256,1,1.65214813,1.85416567
257,1,1.88401318,1.55961657
258,1,1.73885727,1.93509591
259,1,1.67321205,2.79517102
260,1,1.59901810,2.77773905
261,1,1.67359400,2.96677256
262,1,1.68494415,4.16059589
263,1,1.68738723,5.10934019
264,1,1.61076546,2.08662009
265,1,1.97234058,6.22593832
266,1,1.69277573,3.28955197
267,1,1.61009026,2.75461078
268,1,1.83919907,4.79374266
269,1,1.74629784,1.70892358
270,1,1.63451385,5.67818213
271,1,1.61717606,2.61068916
272,1,1.78194237,2.68370223
273,1,1.70515347,3.85536456
274,1,1.80081749,3.01902294
275,1,1.55788755,2.45437241
276,1,1.81656456,3.22058177
277,1,1.68565941,3.01181650
278,1,1.57036877,1.89561069
279,1,1.62580681,1.95817769
280,1,1.79991722,3.76955342
281,1,1.72878599,2.67993259
282,1,1.72198296,2.98976803
283,1,1.69331169,2.23070860
284,1,1.74060440,3.66085958
285,1,1.76164532,2.57931447
286,1,1.77489662,3.04634595
287,1,1.71173859,3.31912756
288,1,1.75562239,3.65771246
289,1,1.72174835,4.00352335
290,1,1.71377683,3.32185149
291,1,1.66577864,3.03066850
292,1,1.66119957,2.63921785
293,1,1.71405029,2.62514234
294,1,1.71542859,5.01225233
295,1,1.76594365,2.33595896
296,1,1.68982220,3.91169190
297,1,1.58859730,2.08682656
298,1,1.79450178,2.64672256
299,1,1.83257675,2.78987265
300,1,1.66925526,2.50537419
301,1,1.78855515,2.22576904
302,1,1.66917706,2.80411887
303,1,1.68824387,2.22875261
304,1,1.62753487,3.22880793
305,1,1.70978355,2.70260453
306,1,1.54338455,2.54057932
307,1,1.63248634,3.97192550
308,1,1.64134121,3.06645203
309,1,1.59425068,2.30718684
310,1,1.52811861,2.89531159
311,1,1.66433191,3.12180042
312,1,1.68299866,2.45657158
313,1,1.69178104,4.86891031
314,1,1.62933087,2.41774392
315,1,1.69267464,3.69121718
316,1,1.68960047,4.49551249
317,1,1.57422829,1.94610894
318,1,1.64389992,1.75673473
319,1,1.67944527,3.16290426
320,1,1.70009518,2.67512965
321,1,1.87151909,2.51770997
322,1,1.63146782,3.26264286
323,1,1.68823528,2.80235314
324,1,1.67307377,2.00170255
325,1,1.57871294,1.76803374
326,1,1.71346760,3.10356736
327,1,1.58322144,3.33444166
328,1,1.76107240,3.48309731
329,1,1.43256760,3.01567578
330,1,1.74069118,3.76256251
331,1,1.61143398,3.82280874
332,1,1.60701656,3.01526260
333,1,1.61913061,3.13327575
334,1,1.62519264,3.65486956
335,1,1.63540125,2.64792085
336,1,1.62198019,2.33445525
337,1,1.59119225,2.30331016
338,1,1.54583359,2.99929738
339,1,1.55334449,2.28484321
340,1,1.61057758,2.31533980
341,1,1.52675819,2.70484924
342,1,1.66779900,3.00484085
343,1,1.52699947,2.45747113
344,1,1.64429474,3.25418591
345,1,1.69525528,3.24194360
346,1,1.68063307,6.12455606
347,1,1.49573040,2.18058228
348,1,1.61804771,4.74718714
349,1,1.51015854,3.92012835
350,1,1.58022785,2.00776601
351,1,1.65285301,3.18922567
352,1,1.56394625,2.50899839
353,1,1.59750581,2.91035533
354,1,1.55509233,2.07277584
355,1,1.60719204,2.10143185
356,1,1.66143084,3.72531247
357,1,1.57753801,2.79089046
358,1,1.53676128,2.74721813
359,1,1.69141054,3.92105913
360,1,1.60019207,2.78470707
361,1,1.62222290,5.69376373
362,1,1.37848854,2.88363576
363,1,1.57765484,2.82301760
364,1,1.58994341,3.10759163
365,1,1.49287128,3.85588574
366,1,1.66178226,4.89361095
367,1,1.44927692,5.32183218
368,1,1.47585392,2.08721519
369,1,1.55049241,3.45904922
370,1,1.53456211,2.39691687
371,1,1.62691283,6.57627773
372,1,1.61100912,3.70325422
373,1,1.55866420,3.41674948
374,1,1.63349700,3.23181844
375,1,1.64394224,3.76028848
376,1,1.68914413,3.60182023
377,1,1.57745647,4.29613590
378,1,1.68677139,2.92876506
379,1,1.51760674,2.99937916
380,1,1.74494553,4.62202120
381,1,1.66462898,4.98816729
382,1,1.44345617,5.04777193
383,1,1.50148582,1.84015632
384,1,1.59841633,4.45573282
385,1,1.51853085,3.92365623
386,1,1.59471786,5.08288050
387,1,1.59730768,4.38432312
388,1,1.47325587,3.91903043
389,1,1.51010513,3.63711309
390,1,1.56989443,5.63042831
391,2,1.68676805,4.91948223
392,2,1.59730339,3.69618678
393,2,1.56945801,4.69970798
394,2,1.49240279,2.77302527
395,2,1.71946526,6.22885227
396,2,1.54803181,2.76198578
397,2,1.57137203,3.28872228
398,2,1.60730016,2.82772160
399,2,1.54228115,2.31298184
400,2,1.53728437,2.14217043
401,2,1.53767478,3.16609335
402,2,1.39144373,3.17188883
403,2,1.54963970,3.15297294
404,2,1.47740555,4.19523668
405,2,1.58055019,2.41765642
406,2,1.55378056,3.59833288
407,2,1.48732376,4.04922676
408,2,1.49967575,4.02439022
409,2,1.45822430,4.42380857
410,2,1.53471088,3.29451299
411,2,1.58444452,3.90819883
412,2,1.44771194,2.67170072
413,2,1.57418334,4.34783411
414,2,1.33571053,3.39859724
415,2,1.28669834,2.15812421
416,2,1.39285111,3.19769812
417,2,1.57018518,3.98550248
418,2,1.44554901,4.47360897
419,2,1.41415882,3.03024077
420,2,1.54512191,3.22742629
421,2,1.64032555,5.68804121
422,2,1.44131947,2.47543049
423,2,1.44572401,3.34112096
424,2,1.63089752,4.30008364
425,2,1.44538832,2.79806995
426,2,1.53683662,2.38307333
427,2,1.54792738,4.54319191
428,2,1.45464611,4.85479355
429,2,1.49947035,4.76583958
430,2,1.49333811,5.02421522
431,2,1.58521557,2.69072342
432,2,1.42262745,2.39879417
433,2,1.45442319,2.38202405
434,2,1.40981698,4.16216183
435,2,1.55419636,4.97310781
436,2,1.82246220,4.71745110
437,2,1.58123159,7.13335323
438,2,1.58361757,2.77632070
439,2,1.51584148,2.35169983
440,2,1.37579465,2.24346876
441,2,1.65343368,2.97829580
442,2,1.59303975,2.84229660
443,2,1.51065981,3.59330225
444,2,1.53412127,3.09863305
445,2,1.53545880,3.07257700
446,2,1.58065879,2.41905975
447,2,1.58602560,4.43265915
448,2,1.41071129,2.07569575
449,2,1.47288227,4.26462412
450,2,1.58602047,2.55645251
451,2,1.46013832,4.62662029
452,2,1.49158883,4.37521172
453,2,1.33333445,3.88191128
454,2,1.45901299,2.65053272
455,2,1.56014156,5.02965927
456,2,1.33680534,4.43651199
457,2,1.63766944,7.30631208
458,2,1.54600835,3.62810111
459,2,1.54395258,5.12513781
460,2,1.30667567,2.90478349
461,2,1.53595352,5.69816923
462,2,1.34013319,3.23743844
463,2,1.54927826,4.38169384
464,2,1.70697784,5.92216825
465,2,1.34679508,3.90532899
466,2,1.33550835,3.54610872
467,2,1.55925655,4.40478706
468,2,1.50639987,3.94084120
469,2,1.47473276,3.59738588
470,2,1.52820206,3.73956203
471,2,1.62223029,3.48345780
472,2,1.54717112,5.58492374
473,2,1.53303480,3.98654437
474,2,1.49791670,2.46816945
475,2,1.49892807,3.12651229
476,2,1.46675014,4.37060547
477,2,1.50587320,6.52796364
478,2,1.58327246,3.07963109
479,2,1.45290089,3.14971328
480,2,1.56056929,4.28415108
481,2,1.51628745,1.97162855
482,2,1.54577112,3.70837808
483,2,1.41415501,3.55516768
484,2,1.53992176,2.83078647
485,2,1.40894461,3.12997460
486,2,1.50954866,2.69056845
487,2,1.44868445,2.41611195
488,2,1.53646016,3.98808789
489,2,1.50395083,3.81501579
490,2,1.51536942,3.47131991
491,2,1.52255368,3.04044032
492,2,1.34345484,2.65169907
493,2,1.54877281,3.63624859
494,2,1.60687709,3.77256465
495,2,1.41006756,3.22931981
496,2,1.58003771,6.33729553
497,2,1.42922843,1.96929634
498,2,1.40222001,3.11201310
499,2,1.40918899,3.23042965
500,2,1.37891126,3.74273300
501,2,1.70755088,7.42633390
502,2,1.45932150,3.37839317
503,2,1.47591066,4.86585140
504,2,1.47850037,4.94241476
505,2,1.48209143,3.12294602
506,2,1.65660274,4.24531460
507,2,1.49705124,4.48808002
508,2,1.48594105,4.03079319
509,2,1.48163509,3.41557312
510,2,1.38427067,4.57734060
511,2,1.47470093,1.79021168
512,2,1.48353434,3.15121841
513,2,1.40636396,2.96016145
514,2,1.50893331,3.37815523
515,2,1.50874567,2.71645975
516,2,1.55169845,4.11213636
517,2,1.81076849,8.49955177
518,2,1.59062219,3.05281663
519,2,1.45958710,3.18374252
520,2,1.46104240,3.11638165
521,2,1.50986671,3.27584505
522,2,1.47015572,2.45694351
523,2,1.47974968,2.58283305
524,2,1.46951962,3.03895760
525,2,1.42639542,3.16898704
526,2,1.49759579,2.90799880
527,2,1.39205670,2.50287843
528,2,1.29240894,4.45548439
529,2,1.44564784,4.75275135
530,2,1.44817758,3.91652417
531,2,1.37271667,3.20934796
532,2,1.50911820,3.04698443
533,2,1.35866737,3.80430579
534,2,1.31350553,4.87498188
535,2,1.50557137,3.84679103
536,2,1.36193764,6.07073927
537,2,1.42057085,4.66274071
538,2,1.34025753,2.77753854
539,2,1.38846493,3.94951487
540,2,1.47921777,6.10970736
541,2,1.32731628,5.33327675
542,2,1.38110924,2.68171692
543,2,1.42413366,3.88174367
544,2,1.32198083,3.55395985
545,2,1.44302833,3.67069030
546,2,1.44472122,3.07538342
547,2,1.46083927,3.55646253
548,2,1.47270870,3.03943658
549,2,1.38682842,6.63755655
550,2,1.43150616,3.66848254
551,2,1.36581802,2.92420101
552,2,1.42674351,4.03050852
553,2,1.37290430,4.26924038
554,2,1.43845844,3.37927866
555,2,1.41168284,7.33300161
556,2,1.46538615,5.21992207
557,2,1.61854696,4.71421385
558,2,1.42092466,4.24669123
559,2,1.34439397,3.68581033
560,2,1.35197496,2.69125533
561,2,1.47674894,3.08747578
562,2,1.35810781,3.07631421
563,2,1.39203119,3.05157495
564,2,1.43437171,3.22322512
565,2,1.50626242,4.18467712
566,2,1.29517937,5.86373615
567,2,1.26914573,4.20758152
568,2,1.45736790,4.29603529
569,2,1.47638714,4.00822544
570,2,1.52482879,4.34186459
571,2,1.42245412,2.70466709
572,2,1.32115984,4.79326630
573,2,1.47614050,4.46999502
574,2,1.29711199,3.25971365
575,2,1.44488597,4.65966845
576,2,1.38595700,4.23145628
577,2,1.55645609,3.44415307
578,2,1.41355276,4.38509226
579,2,1.46521711,7.38301039
580,2,1.39038467,2.91285396
581,2,1.39594293,3.94057584
582,2,1.42875850,4.12986374
583,2,1.39901912,8.24426365
584,2,1.30683088,3.57832098
585,2,1.55063820,4.71851397
586,2,1.56119049,4.24346828
587,2,1.43075705,5.68329144
588,2,1.42632329,4.56955194
589,2,1.43399000,4.64196348
590,2,1.41696739,3.59304571
591,2,1.52753544,5.14399672
592,2,1.49258864,6.74798489
593,2,1.54737651,5.44459963
594,2,1.31691718,3.62273312
595,2,1.41882157,3.73190188
596,2,1.37080026,4.66270638
597,2,1.35908246,3.58415604
598,2,1.29341722,3.43485808
599,2,1.37799954,4.75979710
600,2,1.40860033,5.11087894
601,2,1.41079283,3.63082647
602,2,1.41164708,4.65754414
603,2,1.53777838,4.42157412
604,2,1.33250499,2.75869226
605,2,1.58856678,4.06008577
606,2,1.43763542,1.89657748
607,2,1.44599056,3.17234182
608,2,1.50019681,3.81640339
609,2,1.54087591,3.36684203
610,2,1.45258474,3.26247954
611,2,1.32589197,3.93250728
612,2,1.29913616,2.68085504
613,2,1.34085929,2.00227809
614,2,1.41323590,2.72732353
615,2,1.52081513,4.12010479
616,2,1.28767848,3.72657681
617,2,1.49958467,4.10065174
618,2,1.38694727,3.86328697
619,2,1.28333676,3.45986009
620,2,1.50945616,4.80642843
621,2,1.24469614,3.35347891
622,2,1.44414914,4.06004000
623,2,1.33283794,5.64059877
624,2,1.56904459,3.38732409
625,2,1.43689156,4.06250429
626,2,1.52583718,3.76185250
627,2,1.39247894,3.38955498
628,2,1.38667226,4.22554302
629,2,1.38191772,4.35949945
630,2,1.36656857,2.94748235
631,2,1.34171629,2.80287051
632,2,1.39427400,4.54193497
633,2,1.47676826,6.90178585
634,2,1.46750402,5.46990490
635,2,1.32482886,2.97205329
636,2,1.28336298,5.80818081
637,2,1.33492422,3.84493065
638,2,1.57168412,8.03843594
639,2,1.47984946,3.42487526
640,2,1.40458107,2.74776387
641,2,1.48123097,5.55920601
642,2,1.39083254,3.16609931
643,2,1.39473927,2.70027113
644,2,1.50436199,4.29437208
645,2,1.43068004,4.15341139
646,2,1.51750422,4.05807209
647,2,1.27723765,2.32861853
648,2,1.38132143,3.24568629
649,2,1.54540014,4.92330980
650,2,1.35349071,4.77838898
651,2,1.42829370,2.68055415
652,2,1.49681735,6.41174746
653,2,1.22354460,3.60524654
654,2,1.25040901,4.04620457
655,2,1.53700376,4.09586048
656,2,1.40999401,8.22033310
657,2,1.36440253,3.76145411
658,2,1.28562188,2.38639474
659,2,1.37747025,3.64894009
660,2,1.36375880,5.25313187
661,2,1.37982178,3.06442547
662,2,1.11872077,3.23810315
663,2,1.50442100,4.84225082
664,2,1.41708755,5.34141207
665,2,1.34727252,2.49512815
666,2,1.31690598,4.13930035
667,2,1.42910814,4.16752291
668,2,1.29539919,3.85040116
669,2,1.34648335,6.44420099
670,2,1.22308314,4.13725758
671,2,1.38330424,3.35327220
672,2,1.42622423,5.38518190
673,2,1.34927440,4.30327034
674,2,1.38140416,4.44031000
675,2,1.28953958,2.68982315
676,2,1.25669241,3.48058319
677,2,1.30296278,5.16964531
678,2,1.34017372,3.50174832
679,2,1.52273905,3.53363800
680,2,1.33369696,3.17578864
681,2,1.29271388,3.96274734
682,2,1.37567770,5.06396437
683,2,1.57505751,5.11433554
684,2,1.37698221,3.21132350
685,2,1.25680482,3.80227494
686,2,1.36833227,3.45063090
687,2,1.43105912,3.72890997
688,2,1.21641386,3.28144741
689,2,1.42415512,3.77584481
690,2,1.36463797,4.13774061
691,2,1.13873494,3.03736377
692,2,1.26193762,7.72572947
693,2,1.27629697,3.05149174
694,2,1.40586460,4.94215345
695,2,1.29413807,3.75564623
696,2,1.28161514,4.33233547
697,2,1.47012734,4.81027555
698,2,1.37702537,2.83194709
699,2,1.15669167,3.92016482
700,2,1.42176175,3.86036944
701,2,1.30687022,2.40425849
702,2,1.18324554,3.51425290
703,2,1.22543383,3.36105943
704,2,1.42772937,3.41735721
705,2,1.21514845,3.19040871
706,2,1.21348941,3.77271008
707,2,1.25758588,3.79143143
708,2,1.27918088,5.12815475
709,2,1.31121588,3.81491780
710,2,1.38202453,4.81124306
711,2,1.11292195,3.74165416
712,2,1.38586438,2.70903349
713,2,1.37835670,5.20906401
714,2,1.10419977,4.66878462
715,2,1.50130916,6.30846024
716,2,1.28428292,3.53493047
717,2,1.12142873,2.42614603
718,2,1.25375628,4.52030230
719,2,1.31332839,4.16840696
720,2,1.48716688,4.35254574
721,2,1.34472501,4.71398592
722,2,1.14435720,3.73742723
723,2,1.37770641,4.67770863
724,2,1.24681044,2.77813435
725,2,1.35899806,3.55105996
726,2,1.18317080,4.75107098
727,2,1.15415668,3.59805965
728,2,1.15218282,2.85466480
729,2,1.31572783,4.07635689
730,2,1.41744709,6.69704866
731,2,1.24008203,4.00236130
732,2,1.30420828,4.30745840
733,2,1.18856859,2.74256134
734,2,1.23863530,3.88164353
735,2,1.28790605,5.23229551
736,2,1.32063842,4.51030636
737,2,1.15019190,4.69905043
738,2,1.25169468,4.41293526
739,2,1.25797057,4.39798594
740,2,1.26426625,4.63359833
741,2,1.29259634,4.41986370
742,2,1.32374191,4.07154131
743,2,1.17163897,2.89730287
744,2,1.18373001,3.91037941
745,2,1.45112491,4.30101824
746,2,1.44161177,3.74153996
747,2,1.17810881,3.02356243
748,2,1.31892657,6.42962408
749,2,1.29116273,3.16566038
750,2,1.30270469,4.86844921
751,2,1.32021630,4.14153576
752,2,1.40924418,3.79011106
753,2,1.16221201,3.32126236
754,2,1.12380755,2.95191765
755,2,1.46914411,3.56705642
756,2,1.32008493,2.88233948
757,2,1.44377351,5.11467314
758,2,1.38037086,3.93501353
759,2,1.14720118,3.13849831
760,2,1.14949799,3.35294461
761,2,1.15427804,2.68944716
762,2,1.08563161,2.80083799
763,2,1.21346605,3.54303670
764,2,1.28085649,4.38435507
765,2,1.17339492,3.91617250
766,2,1.28062057,8.64301586
767,2,1.17246222,6.78665924
768,2,1.22865307,4.04796124
769,2,1.45331717,7.28604841
770,2,1.41338193,4.06772661
771,2,1.40155268,4.96809912
772,2,1.37074852,5.24271917
773,2,1.28940511,3.23751569
774,2,1.27079558,3.74726391
775,2,1.18183255,3.53883410
776,2,1.23761511,2.60646939
777,2,1.21862614,5.19215775
778,2,1.08686411,3.05756330
779,2,1.17066205,4.37511396
780,2,1.28132176,5.92108870
781,2,1.12804437,4.14099360
782,3,1.34699559,6.78964567
783,3,1.38833475,5.90883541
784,3,1.14876795,4.33533382
785,3,1.44830000,6.56413507
786,3,1.30088413,3.84953451
787,3,1.32363427,5.62456417
788,3,1.23689270,5.85458994
789,3,1.25140703,5.41653490
790,3,1.25004125,4.98524475
791,3,1.29476392,4.42793846
792,3,1.29838586,3.89357400
793,3,1.30526280,3.97497392
794,3,1.36292243,3.72372127
795,3,1.17252910,3.09950042
796,3,1.24065995,3.91809583
797,3,1.38394380,4.12057638
798,3,1.16083860,3.66792297
799,3,1.32975316,6.04724169
800,3,1.20625818,3.18275571
801,3,1.18896806,5.75053883
802,3,1.21042097,3.35043955
803,3,1.07855415,3.52873945
804,3,1.23391652,6.46275616
805,3,1.17905974,2.86126685
806,3,1.36113262,4.92780685
807,3,1.15023136,6.08721113
808,3,1.18075824,4.61595488
809,3,1.21943831,6.17941713
810,3,1.25710201,4.17382717
811,3,1.30286622,3.70689416
812,3,1.24630094,4.52110529
813,3,1.41493630,4.45575857
814,3,1.23827219,4.26898670
815,3,1.30037820,3.51317334
816,3,1.28022075,4.48550081
817,3,1.21466136,5.20762873
818,3,1.16897142,4.08056545
819,3,1.43368435,3.69092059
820,3,1.32015407,7.05152321
821,3,1.26944804,4.90723848
822,3,1.18356121,4.18991947
823,3,1.01353133,3.22590566
824,3,1.15522540,3.55432296
825,3,1.23748338,4.29345703
826,3,1.24174988,5.87290716
827,3,1.15910757,5.53865385
828,3,1.18371987,4.94264460
829,3,1.10397732,6.17559242
830,3,1.29357350,4.14996243
831,3,1.41589737,5.26431084
832,3,1.30272746,6.10274029
833,3,1.15355778,3.95419192
834,3,1.15011406,2.57278156
835,3,1.04616189,4.70977020
836,3,1.18084610,3.34114313
837,3,1.21611392,3.87017751
838,3,1.06248188,3.31089783
839,3,1.14437294,2.41729736
840,3,1.31125855,3.43506742
841,3,1.26692867,3.32633758
842,3,1.18332648,5.71309090
843,3,1.18397593,3.29788661
844,3,1.19275534,3.76993418
845,3,1.01939845,5.49721384
846,3,1.33289409,6.93683720
847,3,1.12185335,2.85820508
848,3,1.07248867,3.01529408
849,3,1.19956040,5.41537142
850,3,1.23979557,8.36608124
851,3,1.25343513,4.65248108
852,3,1.34087801,4.84717798
853,3,1.34897304,5.75852346
854,3,1.20394063,5.24883461
855,3,1.27386236,4.11783361
856,3,1.23213410,3.59043789
857,3,1.02830529,3.43751764
858,3,1.03833854,3.10267425
859,3,1.09238601,4.38380575
860,3,1.11943150,4.29868031
861,3,1.09330463,5.27690983
862,3,1.02633953,3.30233836
863,3,1.13460016,3.04033446
864,3,1.12266457,5.70075655
865,3,1.10586238,5.58549166
866,3,1.13121963,7.32006788
867,3,1.23030615,5.28494930
868,3,1.19774222,3.91376400
869,3,1.32495236,7.23385906
870,3,1.14161181,4.10388899
871,3,1.30836248,4.41083717
872,3,1.00967503,2.93558717
873,3,1.14409542,5.06015396
874,3,1.18401694,3.57649064
875,3,1.36562586,6.68360424
876,3,1.23247230,4.89497137
877,3,1.21118760,4.12337208
878,3,1.13113785,4.00271082
879,3,1.13253963,5.01633024
880,3,1.01472259,3.61519289
881,3,1.08017886,4.51820517
882,3,1.25892735,5.46896267
883,3,1.00362349,4.58384562
884,3,1.11511779,4.10966396
885,3,1.19478083,5.23438025
886,3,1.18151081,4.09691238
887,3,1.19177294,5.24610138
888,3,1.35984826,8.26343155
889,3,1.09677529,4.93175316
890,3,1.19342899,4.31185865
891,3,1.35053325,5.63079262
892,3,1.15040255,5.57444763
893,3,1.30480599,4.99618340
894,3,1.10132718,4.58333969
895,3,1.22125518,3.74466658
896,3,1.16677785,4.31144619
897,3,1.42127156,4.47142792
898,3,1.25956059,5.42388201
899,3,1.15497339,4.15634298
900,3,1.22315884,3.19394970
901,3,1.20228696,5.77653170
902,3,1.20376492,3.60753369
903,3,1.16163683,4.99746466
904,3,1.15590954,4.27376842
905,3,1.21436739,4.11410093
906,3,1.12223434,4.19669342
907,3,1.54133761,10.02072239
908,3,1.40028381,6.03255606
909,3,1.10198450,4.68780184
910,3,1.20334721,4.47756004
911,3,1.14501834,2.76670647
912,3,1.25319922,4.73521328
913,3,1.10338140,3.47630525
914,3,1.40152240,4.20143747
915,3,1.13712800,4.06949854
916,3,1.12040186,3.84869099
917,3,1.30615997,5.18065786
918,3,1.18439913,4.55224752
919,3,1.08633494,3.84182048
920,3,1.15335512,3.07833219
921,3,1.20446134,4.32904196
922,3,1.00211251,3.30582285
923,3,1.14711308,4.52409649
924,3,0.98323786,3.94823456
925,3,1.07955217,4.41851044
926,3,1.32201076,5.51127195
927,3,1.14233923,6.45000315
928,3,1.19585848,6.41132355
929,3,1.20327401,5.56444645
930,3,1.06580210,3.58858991
931,3,1.18269515,3.84984064
932,3,1.08891273,3.04117489
933,3,1.15567958,3.00659800
934,3,1.16401899,3.14402843
935,3,1.12115431,3.43200135
936,3,1.05803418,4.22866058
937,3,1.02707207,2.66884518
938,3,1.11882651,3.43257594
939,3,1.16322637,5.44927406
940,3,1.09420311,4.52591848
941,3,1.04153955,5.93053484
942,3,1.12594974,4.58227301
943,3,1.19120049,5.28381300
944,3,1.32195568,9.20132542
945,3,1.02335143,5.05583620
946,3,1.01765418,3.90534663
947,3,1.03494918,5.00137138
948,3,1.15336752,4.11709785
949,3,1.07836413,4.33074808
950,3,1.01739120,5.28342056
951,3,1.17067695,4.97370005
952,3,0.93926769,4.92229080
953,3,1.04214859,4.60706711
954,3,1.02222443,3.40382409
955,3,1.09437227,6.27285957
956,3,1.22056365,7.52068138
957,3,1.07363820,3.65713978
958,3,1.26049864,3.72105861
959,3,1.09522712,7.35513258
960,3,1.16239238,5.60179043
961,3,1.07524443,4.52355289
962,3,1.24645233,3.36358929
963,3,1.19343340,7.58301306
964,3,1.10110116,5.62209225
965,3,1.18783998,7.21897459
966,3,1.09899640,3.74812627
967,3,1.01646709,3.96909165
968,3,1.16706002,3.92262411
969,3,1.11900640,4.12533760
970,3,1.14140177,3.25268960
971,3,1.13032782,4.08423805
972,3,1.15249825,4.86869097
973,3,1.08023930,3.88144565
974,3,1.03723431,6.13373899
975,3,1.08656931,3.98436403
976,3,1.16181564,5.28298330
977,3,1.14122474,5.05763721
978,3,1.15390658,4.58278275
979,3,1.14552164,4.83500528
980,3,0.95567918,3.20445061
981,3,1.14749038,4.74730396
982,3,1.17672014,5.58452892
983,3,1.00808430,6.38905668
984,3,0.95151556,5.11903763
985,3,1.10222244,5.99292517
986,3,1.05564058,3.43839288
987,3,1.28875148,4.68851328
988,3,1.14111757,5.71657038
989,3,1.00420880,4.97057199
990,3,0.90936100,3.66153526
991,3,1.16086960,5.45974207
992,3,0.97540504,4.96474838
993,3,1.22283506,4.02278709
994,3,1.09836864,7.71482754
995,3,1.15455163,4.29104185
996,3,0.98914254,5.70017195
997,3,1.13575625,3.42202497
998,3,1.21944880,4.40229559
999,3,1.35839868,7.61572647
1000,3,1.14218593,4.43240452
1001,3,1.07747245,5.10385036
1002,3,1.22636747,4.88926172
1003,3,1.03327560,3.54818630
1004,3,1.07492518,3.82827091
1005,3,1.11272693,6.84116364
1006,3,1.05227399,3.26600218
1007,3,1.17615831,5.33332825
1008,3,1.44420719,7.08095121
1009,3,1.20721889,5.46985865
1010,3,1.13362288,4.52367258
1011,3,1.10325003,3.48107648
1012,3,1.08767915,4.98419714
1013,3,1.30954802,6.36297417
1014,3,1.15590858,6.46806288
1015,3,1.15730762,3.27434134
1016,3,1.28843081,2.65642071
1017,3,1.05126715,3.27265644
1018,3,1.08000445,5.03484964
1019,3,1.22070730,4.75189114
1020,3,1.34319758,4.42745924
1021,3,0.99127930,3.11809158
1022,3,1.17329574,5.17987728
1023,3,1.20666134,3.37258816
1024,3,1.28638983,7.84353304
1025,3,1.01710153,6.32161999
1026,3,1.18688703,6.03197241
1027,3,1.23620391,7.04955244
1028,3,1.04592955,5.63058138
1029,3,1.37468243,5.45601320
1030,3,1.31589484,5.15496159
1031,3,1.11246002,3.03516078
1032,3,1.05224109,3.33395886
1033,3,1.12966681,5.64009285
1034,3,1.04987669,4.17847109
1035,3,1.09359848,3.67240548
1036,3,1.26880240,3.52095103
1037,3,1.08040881,4.22123003
1038,3,1.16774249,4.33439016
1039,3,1.00310445,3.06627774
1040,3,1.02085304,5.25071335
1041,3,1.06231070,5.77523851
1042,3,1.03285587,3.35239148
1043,3,1.17123961,4.08231068
1044,3,1.22187185,4.78963566
1045,3,1.11008644,4.07715702
1046,3,1.15259457,5.85649490
1047,3,1.30038452,4.03105736
1048,3,0.95674592,4.10517359
1049,3,1.29886091,5.40478754
1050,3,1.05729139,5.73044252
1051,3,1.08928204,4.50722313
1052,3,1.01866150,2.59375525
1053,3,1.06991863,3.20412898
1054,3,0.95175111,2.74157119
1055,3,1.19355750,4.13445282
1056,3,1.23942316,4.70789909
1057,3,1.15663218,3.62804437
1058,3,0.95929515,3.03226495
1059,3,0.92167926,3.16976714
1060,3,1.09946418,5.74204350
1061,3,1.09099746,7.40065432
1062,3,0.91562450,2.51157522
1063,3,1.09836793,3.44170237
1064,3,1.22340608,6.09650803
1065,3,1.12788558,4.43764448
1066,3,1.12250030,6.24510574
1067,3,1.19744611,7.04377460
1068,3,1.08547080,4.15355682
1069,3,1.07924294,6.40268612
1070,3,0.99554133,5.15530777
1071,3,1.07641840,4.89628458
1072,3,0.91151035,5.13608170
1073,3,1.18566787,4.45454025
1074,3,1.14754415,3.63402390
1075,3,0.98829722,4.01590204
1076,3,1.07968998,2.63237309
1077,3,1.38258326,5.60458946
1078,3,1.17180765,3.91501260
1079,3,1.10244560,3.47247696
1080,3,1.02321351,3.31754422
1081,3,1.06575012,4.44534779
1082,3,0.97577477,3.03894281
1083,3,1.10602379,3.90971708
1084,3,1.19650602,4.87673664
1085,3,1.22592998,4.59375715
1086,3,1.20700204,3.84178138
1087,3,1.10284495,5.58069420
1088,3,1.08378160,6.47160387
1089,3,0.97533476,4.46533346
1090,3,1.10511398,6.32947826
1091,3,1.19383645,10.35522938
1092,3,1.12228501,7.36397314
1093,3,1.04967654,4.53272104
1094,3,1.20611072,5.18238974
1095,3,0.99262136,4.79980135
1096,3,1.04461122,4.50522900
1097,3,1.13354540,4.40940952
1098,3,1.14849830,4.93758678
1099,3,1.08840108,5.50383854
1100,3,1.14838111,5.86649275
1101,3,1.05514264,3.95702100
1102,3,1.17638016,5.39981651
1103,3,1.19924951,4.50982618
1104,3,1.13814890,3.41668510
1105,3,1.10799587,3.20012188
1106,3,1.02474403,2.91157341
1107,3,0.95544827,3.75894189
1108,3,1.18695199,4.64471006
1109,3,1.20080245,4.25969934
1110,3,1.15330148,5.00379133
1111,3,0.99788165,4.86906147
1112,3,1.15645313,4.53939581
1113,3,1.02356935,4.22205591
1114,3,1.01756799,4.97323513
1115,3,0.94928759,3.84368801
1116,3,1.05057943,5.34326267
1117,3,0.94712424,2.98719192
1118,3,0.99052572,4.88409328
1119,3,1.20544136,4.52418566
1120,3,1.01038456,3.89305592
1121,3,0.96129572,5.05625629
1122,3,0.82556069,3.09827971
1123,3,0.85875750,4.08528900
1124,3,0.92897010,3.92551684
1125,3,1.17108667,4.46049547
1126,3,1.10379374,5.98246002
1127,3,1.35987234,5.94718170
1128,3,1.04643941,5.54120588
1129,3,1.01244199,5.10714197
1130,3,1.01582539,6.41220713
1131,3,1.07648635,8.78645515
1132,3,1.02007306,3.94170094
1133,3,1.14443147,4.43162346
1134,3,0.90417027,4.73070049
1135,3,1.05235267,6.63718653
1136,3,1.02772379,4.51605415
1137,3,0.99703991,4.22630978
1138,3,0.94012463,4.74389076
1139,3,1.11634803,5.62262440
1140,3,0.93747032,4.72998810
1141,3,1.03058565,3.99768424
1142,3,1.08142400,4.16839457
1143,3,1.10553992,3.20560479
1144,3,0.90717721,3.81258583
1145,3,1.20609057,5.82028341
1146,3,1.01524651,4.59607267
1147,3,1.00650835,4.85528517
1148,3,1.18883145,8.74700165
1149,3,1.30081105,5.80816603
1150,3,0.97200161,4.72375059
1151,3,0.92375934,4.80893469
1152,3,1.28768086,6.29748535
1153,3,0.98510921,3.80812883
1154,3,1.14033031,3.92329168
1155,3,1.06434107,6.40578318
1156,3,1.02595544,3.60357952
1157,3,1.28983784,5.25030231
1158,3,0.95420527,4.98908567
1159,3,0.92787027,3.13641119
1160,3,1.13589859,5.80615520
1161,3,1.01646805,4.13427019
1162,3,1.15034699,2.86617637
1163,3,1.21177912,5.27312565
1164,3,1.11627364,5.20668793
1165,3,1.19047821,5.72368431
1166,3,1.14207458,3.18073249
1167,3,0.98579663,4.13163137
1168,3,1.31292033,4.99531889
1169,3,1.02897739,3.58017731
1170,3,0.92199385,3.49848628
1171,3,0.99566042,3.96334052
1172,3,1.02283549,4.19757843
1173,4,0.95571172,4.47053576
1174,4,0.85042268,3.79029322
1175,4,1.05406308,3.99871755
1176,4,0.88474143,3.92124677
1177,4,0.81717342,3.36340547
1178,4,0.90761876,4.39282370
1179,4,0.94729793,4.97070456
1180,4,0.99422312,4.47075701
1181,4,1.11559176,6.68460846
1182,4,1.01877499,4.79282427
1183,4,1.03789210,4.67984247
1184,4,1.30194283,4.55601406
1185,4,1.04058862,4.22250652
1186,4,0.98948544,4.02300119
1187,4,1.18204308,6.01942110
1188,4,1.11958706,5.24288225
1189,4,0.84917879,4.94943142
1190,4,0.92853618,4.60555792
1191,4,0.83412123,3.75897026
1192,4,0.92476034,3.09924054
1193,4,0.95269859,3.53872013
1194,4,0.91442055,5.14956570
1195,4,0.91870195,2.84436870
1196,4,1.06067753,4.85203600
1197,4,1.00536180,4.17264318
1198,4,1.03958464,4.25579882
1199,4,1.05094767,3.04200220
1200,4,1.12449515,8.17258453
1201,4,1.28274643,6.75872707
1202,4,0.94182068,4.39025450
1203,4,1.08733535,5.00534534
1204,4,0.97578567,4.91861725
1205,4,1.21046710,6.94866228
1206,4,0.95437026,4.21764660
1207,4,1.01154733,6.11804771
1208,4,1.10698187,5.94378901
1209,4,0.88824093,4.09202051
1210,4,0.96232945,4.37227726
1211,4,1.11665571,5.82860088
1212,4,1.13530326,5.48523951
1213,4,1.05424917,4.30841541
1214,4,0.94401479,4.28287220
1215,4,1.00835478,4.52882242
1216,4,1.13522077,5.56026459
1217,4,1.00424194,3.70857167
1218,4,1.14241147,8.40721798
1219,4,1.11254334,5.02713346
1220,4,1.21332264,5.74382734
1221,4,0.90042347,5.67260361
1222,4,1.04350233,3.39147830
1223,4,1.03701949,5.72495842
1224,4,0.97400945,4.65223122
1225,4,1.04400885,4.64359951
1226,4,0.92641282,3.25538898
1227,4,1.03210270,4.48381901
1228,4,1.06248617,3.32352591
1229,4,1.12720847,4.42860794
1230,4,1.06549466,5.28112507
1231,4,1.12835324,3.32861042
1232,4,1.05302227,4.25566435
1233,4,0.89131075,5.59995508
1234,4,1.22442234,5.00859737
1235,4,0.98294383,3.54762983
1236,4,0.93066907,2.77862954
1237,4,0.99161166,4.60206032
1238,4,0.86964190,6.78713322
1239,4,0.99960995,3.54635382
1240,4,1.09514761,5.06466484
1241,4,1.02348280,3.97331619
1242,4,0.99787772,6.93263483
1243,4,0.99686491,4.28021431
1244,4,0.96132648,4.18339872
1245,4,1.11476529,5.33779383
1246,4,1.02195585,4.99579287
1247,4,1.09565330,3.84289980
1248,4,1.22163439,5.42884350
1249,4,1.00880432,3.45377970
1250,4,1.23942637,4.74711084
1251,4,1.04957509,3.24419308
1252,4,1.08450258,5.31343031
1253,4,1.05470538,3.27289152
1254,4,1.06428635,3.43480372
1255,4,1.07858646,2.82957554
1256,4,1.11330605,5.24002457
1257,4,1.02437794,3.86438298
1258,4,1.35953152,5.39751816
1259,4,0.89763492,3.03024673
1260,4,0.93512022,3.86661768
1261,4,0.86770380,4.60899687
1262,4,0.91784346,4.75146341
1263,4,0.89476269,2.55463147
1264,4,1.13565683,4.46587706
1265,4,0.99609786,3.68428802
1266,4,1.01476157,7.18941498
1267,4,1.01645684,4.73007059
1268,4,1.13983250,7.59348249
1269,4,1.30947125,4.66801214
1270,4,0.93715298,3.52151203
1271,4,0.88670498,3.91237807
1272,4,1.09605861,5.00828981
1273,4,1.04586172,5.76550102
1274,4,1.08820343,4.97094584
1275,4,0.96080947,3.21629024
1276,4,0.77303022,3.02797365
1277,4,1.00589490,5.07066774
1278,4,1.22827101,4.78367996
1279,4,1.03001070,3.54369259
1280,4,0.86228085,2.82829022
1281,4,0.89497632,3.79018188
1282,4,0.87821901,3.31906986
1283,4,1.06458569,4.38212252
1284,4,0.74501914,2.80538177
1285,4,1.13780904,4.44720364
1286,4,1.01221013,3.56149936
1287,4,1.00195754,5.77445555
1288,4,0.77612811,3.12342072
1289,4,0.89723611,4.95676136
1290,4,1.09896398,4.42490292
1291,4,0.94751042,3.79841709
1292,4,1.11035490,5.07586527
1293,4,0.86399329,3.20751715
1294,4,0.96726215,3.60873389
1295,4,0.85721314,3.49867439
1296,4,0.94569075,2.84209609
1297,4,0.88232070,4.48792028
1298,4,0.94026345,4.50706196
1299,4,0.99615991,4.82227373
1300,4,0.96004486,4.32411861
1301,4,0.97968745,4.00114822
1302,4,1.08131063,4.71416426
1303,4,0.95580554,4.08366585
1304,4,0.90025783,5.49294090
1305,4,1.00703025,5.15162754
1306,4,0.84464628,3.41196370
1307,4,0.90786850,5.97921324
1308,4,1.02527940,4.98805141
1309,4,1.00673902,5.43457222
1310,4,0.92659414,4.09121990
1311,4,1.10559809,6.16841316
1312,4,0.82289791,4.59958363
1313,4,1.07167220,4.47447538
1314,4,0.99378520,5.37544250
1315,4,0.86344790,3.92172956
1316,4,0.94916391,4.64527512
1317,4,1.23124599,8.67105961
1318,4,0.93042696,3.45272160
1319,4,0.87799013,3.75836802
1320,4,0.94495374,5.53568411
1321,4,0.87207353,3.98639631
1322,4,0.80981195,6.13086319
1323,4,1.10455465,inf
1324,4,0.75718153,5.26039600
1325,4,0.95697701,5.22095490
1326,4,1.00799155,5.69643736
1327,4,0.93984759,3.89833999
1328,4,0.96459490,4.68561888
1329,4,0.90881395,5.05924082
1330,4,0.92175865,2.95141602
1331,4,1.01170182,4.32294703
1332,4,0.91699743,3.18483186
1333,4,1.24946809,6.05742168
1334,4,0.91702235,3.22053456
1335,4,0.96654391,3.25481534
1336,4,0.85852706,4.64121723
1337,4,0.80682421,4.27594566
1338,4,1.05298924,4.17266273
1339,4,0.88257790,4.36666489
1340,4,0.81669390,3.97681785
1341,4,0.89924711,3.06568193
1342,4,0.87306613,4.14507055
1343,4,0.99810767,7.94199181
1344,4,1.07732964,4.98479605
1345,4,0.90539342,4.67750978
1346,4,0.89592165,6.33434486
1347,4,0.83118027,4.44605398
1348,4,0.91431749,4.48351431
1349,4,0.85881400,3.47372222
1350,4,0.81123805,3.75003386
1351,4,0.93050206,4.74480295
1352,4,1.02401102,4.85507488
1353,4,0.87916756,3.92447424
1354,4,0.80219913,5.02289200
1355,4,0.87679958,4.69460487
1356,4,0.97362602,4.04083252
1357,4,0.94732141,4.96534777
1358,4,1.17850280,4.01693058
1359,4,0.97691262,3.23021674
1360,4,0.93938935,3.75177121
1361,4,0.90235817,4.65463209
1362,4,1.01051843,4.59379959
1363,4,1.05953491,5.76292753
1364,4,0.87021732,3.43841648
1365,4,1.18584812,7.08456993
1366,4,1.03319895,3.67744875
1367,4,0.90200520,3.43569708
1368,4,1.01643240,4.80501890
1369,4,0.94022858,4.92962074
1370,4,0.93477607,3.63144040
1371,4,0.90952057,4.97116280
1372,4,1.04505718,5.61789751
1373,4,0.96982408,6.04603720
1374,4,0.80347747,2.63898230
1375,4,1.11308527,3.52348304
1376,4,0.92838454,4.09607172
1377,4,0.85612559,4.16074085
1378,4,0.97816890,4.87406015
1379,4,0.99882782,7.06086874
1380,4,1.09804571,6.69037104
1381,4,0.86641741,5.40351915
1382,4,1.08066261,4.54694366
1383,4,0.82702625,5.63105392
1384,4,0.78135073,3.06454587
1385,4,1.02467740,6.90792131
1386,4,0.94273746,5.86558962
1387,4,1.04705191,5.28332567
1388,4,1.01234019,7.15719461
1389,4,0.86699980,4.51509809
1390,4,0.95332915,5.10880423
1391,4,0.90625548,5.82591534
1392,4,0.96407610,5.04417229
1393,4,0.95968735,4.23883533
1394,4,0.99227667,7.77229738
1395,4,0.72336358,4.09580231
1396,4,0.90979725,6.62631893
1397,4,0.84445202,3.37996531
1398,4,0.89572549,4.31337833
1399,4,0.71174502,4.50406504
1400,4,0.81897783,4.97067451
1401,4,0.93771029,4.99214268
1402,4,0.90430272,4.05130243
1403,4,0.99676436,4.19754314
1404,4,1.09454346,5.77384233
1405,4,0.92990923,3.30550313
1406,4,0.86770606,3.48479342
1407,4,0.95761198,5.17402744
1408,4,0.98903513,4.77637529
1409,4,0.85024285,4.54166269
1410,4,0.87761211,5.04365778
1411,4,1.11397552,6.21778011
1412,4,1.05162323,5.50251150
1413,4,0.93546534,3.81191540
1414,4,0.91651171,5.15945864
1415,4,1.24738264,5.45788956
1416,4,0.94127268,5.04742670
1417,4,1.14742994,6.49379349
1418,4,1.03115988,5.13099527
1419,4,0.84680808,6.46380568
1420,4,1.09023106,6.51108742
1421,4,0.98024583,4.10910225
1422,4,1.08222413,6.23544550
1423,4,1.16980708,6.34924078
1424,4,1.04339242,3.16688895
1425,4,0.90734029,3.72852683
1426,4,0.86626506,5.89263105
1427,4,1.00075960,4.85936832
1428,4,0.95403886,3.31838822
1429,4,0.92247468,5.81549692
1430,4,1.07144845,4.23687601
1431,4,1.05173874,3.79095387
1432,4,0.83465642,4.22190428
1433,4,1.02951407,6.00571585
1434,4,0.97934908,4.59800673
1435,4,0.80069208,4.77747774
1436,4,1.02973294,4.72387934
1437,4,0.82219261,4.16362143
1438,4,0.78331327,4.31571484
1439,4,0.85851026,5.39263773
1440,4,0.86282367,2.82944489
1441,4,0.98203033,4.80619144
1442,4,0.86763155,4.95065212
1443,4,1.02335548,5.93232632
1444,4,1.02904010,4.80762959
1445,4,0.73002541,5.21626234
1446,4,1.15619290,6.96324301
1447,4,0.88619965,3.75908256
1448,4,1.06314981,5.13447380
1449,4,0.76539111,3.89427495
1450,4,0.98644543,4.08827353
1451,4,0.91049612,3.62900901
1452,4,0.90387321,3.50869083
1453,4,0.80951154,3.08179617
1454,4,0.78464818,4.75682402
1455,4,0.80151331,5.31056738
1456,4,1.04749537,4.33102560
1457,4,1.09960830,5.61040401
1458,4,0.92169738,5.94291306
1459,4,0.93306476,3.70183754
1460,4,0.83065754,3.54355741
1461,4,1.15770352,5.31278944
1462,4,0.88115835,5.96532154
1463,4,0.83797717,4.85423136
1464,4,0.83354545,3.58131099
1465,4,0.94615805,4.24487591
1466,4,1.07755113,6.11273098
1467,4,0.68508917,3.66362786
1468,4,0.76424181,4.19203186
1469,4,0.81668329,3.09956908
1470,4,0.95547068,3.45375514
1471,4,1.01808953,3.88532877
1472,4,0.91960800,4.68693924
1473,4,0.88188004,3.13476014
1474,4,0.91729021,4.09398365
1475,4,0.88698375,4.63035107
1476,4,0.90276462,2.98187971
1477,4,0.93239653,3.28857923
1478,4,0.80299199,4.72177553
1479,4,0.87924939,4.31387472
1480,4,0.81086373,4.83726215
1481,4,0.78587371,2.79967403
1482,4,0.99959022,3.69872618
1483,4,0.90230286,4.21274996
1484,4,0.93180609,4.66266203
1485,4,0.90818673,4.09277105
1486,4,0.82908887,3.32043862
1487,4,0.92234528,4.34323168
1488,4,0.94815278,4.23261261
1489,4,0.95107305,3.22590733
1490,4,0.91926724,5.86810112
1491,4,0.83147442,3.71428275
1492,4,0.85122484,3.59116960
1493,4,1.02135551,4.39567232
1494,4,0.94571590,9.33887672
1495,4,1.00178242,5.47527933
1496,4,0.90367723,3.60092115
1497,4,0.80408686,5.37370014
1498,4,0.89855576,7.33113861
1499,4,1.06356716,5.36997509
1500,4,0.93920785,4.92570877
1501,4,0.91924500,4.88406372
1502,4,1.01960182,4.58377743
1503,4,1.07856369,3.95395112
1504,4,0.97127116,4.97663689
1505,4,1.04601634,5.06960678
1506,4,0.94663227,4.04339647
1507,4,1.02726924,3.83053803
1508,4,1.12206304,5.14715767
1509,4,0.88049734,3.46114039
1510,4,0.93134797,4.01715994
1511,4,0.94231737,3.99349093
1512,4,0.85561752,4.06104469
1513,4,0.96057451,3.85071754
1514,4,0.91123152,5.01056242
1515,4,0.85453695,3.75230742
1516,4,0.94933212,4.48182487
1517,4,1.05649638,4.38901520
1518,4,0.87327766,7.64456034
1519,4,0.99100608,5.48974180
1520,4,0.86897337,4.52107906
1521,4,1.13395214,4.52127123
1522,4,0.94564176,4.60670614
1523,4,0.90980959,5.16438675
1524,4,1.26169896,5.74014902
1525,4,0.94149816,4.02202702
1526,4,1.01459646,7.06580925
1527,4,0.92498595,4.08328390
1528,4,0.89155948,3.52954078
1529,4,0.84872222,2.86117911
1530,4,0.97034925,4.37016535
1531,4,0.84809291,3.57510376
1532,4,0.94510031,4.92812681
1533,4,0.96617687,5.64326048
1534,4,1.00180840,4.54754305
1535,4,0.81152683,3.37977815
1536,4,0.83981538,4.51625156
1537,4,0.89667618,4.11820507
1538,4,0.93706369,5.34384346
1539,4,0.92818314,4.67790842
1540,4,0.92072803,4.56065989
1541,4,0.82143879,5.40692711
1542,4,1.25588763,8.71982002
1543,4,0.69395638,4.45594120
1544,4,0.96550745,5.75039053
1545,4,0.92934054,5.67731857
1546,4,1.06452167,7.26699114
1547,4,0.95948923,5.57136631
1548,4,0.91641700,3.63870120
1549,4,1.06769693,3.92413998
1550,4,0.91739774,5.41137457
1551,4,1.08703923,4.91546869
1552,4,0.91652429,4.27349949
1553,4,0.91528153,3.85253978
1554,4,0.91414833,6.27301598
1555,4,0.83858758,6.37389326
1556,4,0.97244281,6.14315605
1557,4,0.88431972,4.54996538
1558,4,0.81838489,3.25067592
1559,4,1.02698374,5.45309925
1560,4,0.94125175,5.44273901
1561,4,0.97101927,5.10685396
1562,4,1.01479292,3.79163051
1563,4,0.89026135,4.51641607
1564,5,0.80318880,5.20632172
1565,5,0.69261229,3.01562762
1566,5,0.78563160,3.58116126
1567,5,0.84711689,3.05922127
1568,5,0.94644153,4.83916283
1569,5,0.93309546,5.27886057
1570,5,0.81454206,2.74330187
1571,5,0.89620262,3.73893452
1572,5,0.92679650,5.89127684
1573,5,0.93980479,4.79707432
1574,5,1.01995933,6.23738432
1575,5,0.77681196,3.85360003
1576,5,0.88945615,3.59705782
1577,5,0.94417697,7.54345226
1578,5,1.07496333,7.45844269
1579,5,0.93052441,4.36608934
1580,5,0.95075774,8.87607574
1581,5,0.78452122,5.42185307
1582,5,1.09375107,6.86714077
1583,5,0.84018046,4.51841784
1584,5,1.09368634,3.94455028
1585,5,0.84575897,5.10287333
1586,5,0.72679466,3.96830273
1587,5,0.80352539,3.91013670
1588,5,0.91493762,6.02328682
1589,5,0.84553421,5.86042786
1590,5,0.90013778,7.34092093
1591,5,0.95247620,8.04672909
1592,5,0.78448355,6.25074053
1593,5,0.96346110,4.07836914
1594,5,1.07481241,4.05970144
1595,5,1.14517093,5.37925243
1596,5,1.08603728,4.63619900
1597,5,0.88015175,5.58527422
1598,5,0.97301823,5.89834976
1599,5,1.05498791,4.84916067
1600,5,0.88609302,4.22717524
1601,5,0.88215923,5.27622318
1602,5,0.68444300,4.34597301
1603,5,0.67840874,3.46481228
1604,5,1.14814496,4.95536470
1605,5,0.90113497,3.31848264
1606,5,0.82674086,3.81854653
1607,5,0.90307868,4.15382099
1608,5,0.87300754,8.09680748
1609,5,0.88973069,4.71846294
1610,5,1.04665768,5.56824112
1611,5,0.80697650,5.93299723
1612,5,0.86378276,4.95986366
1613,5,0.80101562,5.45392370
1614,5,0.89183611,5.29387712
1615,5,0.86473507,4.08807755
1616,5,0.89282346,4.93938255
1617,5,0.85823119,3.94833612
1618,5,0.93755817,4.61446238
1619,5,0.80885482,4.46276903
1620,5,0.86343932,5.50227165
1621,5,0.88859606,5.55232382
1622,5,0.84268552,4.44674921
1623,5,1.14488256,6.50287008
1624,5,0.89479530,4.17447758
1625,5,0.94883746,4.07235909
1626,5,0.89638293,5.01970625
1627,5,0.81770504,5.85815096
1628,5,0.90198153,3.78190923
1629,5,0.91781014,6.24101305
1630,5,0.85693628,4.89168119
1631,5,0.81623876,3.27531004
1632,5,0.77176851,6.62609959
1633,5,0.90967011,5.41424608
1634,5,0.69459754,2.84338713
1635,5,1.12044859,6.94805431
1636,5,0.93950033,4.92319536
1637,5,0.86818767,4.45512152
1638,5,0.88001430,3.51977730
1639,5,0.90441310,6.07251692
1640,5,0.99094915,8.07379436
1641,5,1.00126970,3.08914733
1642,5,0.98877150,3.80721521
1643,5,0.69567317,3.51961994
1644,5,1.07303941,6.52938128
1645,5,0.84364653,4.08361626
1646,5,0.87917054,6.54226255
1647,5,0.85726178,3.64073420
1648,5,0.95321947,3.90395784
1649,5,0.85800350,5.94663620
1650,5,0.84922767,5.74162102
1651,5,1.02064204,2.92771864
1652,5,1.03679013,6.29556513
1653,5,0.87412882,3.74775195
1654,5,0.84496760,4.63619328
1655,5,0.76520610,2.68186378
1656,5,0.88504744,2.99718690
1657,5,0.86574841,4.29817438
1658,5,0.74180388,4.16535282
1659,5,0.74387485,3.02353263
1660,5,0.84583700,4.66301870
1661,5,0.88713646,4.65406275
1662,5,0.81128651,3.55242300
1663,5,0.91781092,4.18469286
1664,5,0.80816418,4.96056271
1665,5,0.92792976,3.54837179
1666,5,0.97429204,6.83426142
1667,5,0.64736336,4.33566666
1668,5,1.03785062,6.30292511
1669,5,0.84183848,6.70810366
1670,5,1.05203176,6.77841663
1671,5,0.89262116,3.33674622
1672,5,0.86773503,3.78651857
1673,5,0.91106820,4.43967247
1674,5,0.92047679,8.47772408
1675,5,0.95023036,5.16854763
1676,5,0.73625147,4.59094238
1677,5,1.01221597,5.37186623
1678,5,0.95263642,6.22993565
1679,5,1.09135532,5.61308527
1680,5,0.84536755,4.08618879
1681,5,0.93542469,5.38558531
1682,5,0.95828450,6.59669495
1683,5,1.02313757,4.04785824
1684,5,1.14657044,6.47954798
1685,5,0.69373667,4.19056702
1686,5,0.96834928,5.14555359
1687,5,1.00763106,4.46880054
1688,5,1.00694752,4.18110514
1689,5,0.74976277,3.58696890
1690,5,0.79908299,5.24679756
1691,5,0.77818835,3.59037590
1692,5,0.78234786,4.32672405
1693,5,0.75787789,4.99178457
1694,5,0.82269937,3.99818182
1695,5,0.97722208,4.26342201
1696,5,0.78367865,3.78706074
1697,5,0.85159099,3.97237349
1698,5,0.83547091,4.01576853
1699,5,0.89873248,4.58232069
1700,5,0.92556822,4.26160431
1701,5,0.81577629,4.50222111
1702,5,0.67189044,4.25441694
1703,5,0.87817299,4.27378273
1704,5,0.91448563,5.90862560
1705,5,0.81650996,4.94026423
1706,5,0.91632688,4.17784739
1707,5,0.77131253,5.92806625
1708,5,0.94369245,4.86714220
1709,5,0.92625558,4.07985830
1710,5,0.75674474,4.00047970
1711,5,0.79681206,6.93861961
1712,5,0.84243166,7.18565416
1713,5,0.72549963,3.53749132
1714,5,0.90285629,3.42680287
1715,5,0.98350871,4.08177805
1716,5,0.97018605,5.67842722
1717,5,0.92521596,5.06462288
1718,5,0.78158933,4.54059601
1719,5,1.02788377,5.72348928
1720,5,0.80367941,4.95845318
1721,5,1.01968789,7.92879915
1722,5,0.81068796,4.57002306
1723,5,0.76946080,3.38355732
1724,5,0.79029202,3.93981099
1725,5,0.80739176,6.03842354
1726,5,0.89145982,6.96659756
1727,5,0.96412647,5.28909969
1728,5,0.77868748,4.69172812
1729,5,0.91340786,4.28531885
1730,5,0.73829985,3.29238939
1731,5,0.84110165,4.22736406
1732,5,0.81796527,5.97226095
1733,5,0.80619133,4.29825640
1734,5,0.86877972,3.17564750
1735,5,0.95186126,4.77794266
1736,5,0.76900542,3.86510944
1737,5,0.97355455,4.63751173
1738,5,0.77981031,4.04210424
1739,5,0.85702020,3.92927790
1740,5,0.79960656,4.26132250
1741,5,0.69088608,2.96863508
1742,5,0.64576221,3.59067154
1743,5,0.78109574,4.32848644
1744,5,0.87036788,4.33189869
1745,5,0.88168484,4.73899555
1746,5,0.71770412,4.34206963
1747,5,0.71418589,3.70273709
1748,5,0.94237971,5.56499147
1749,5,0.71671879,6.87639761
1750,5,0.83784890,3.67913890
1751,5,0.58250296,3.68049431
1752,5,0.72878927,4.50243235
1753,5,0.80959707,4.87175083
1754,5,0.84272343,5.42705631
1755,5,0.77090436,3.37185860
1756,5,0.97894990,5.60238361
1757,5,0.81663001,6.34853077
1758,5,0.98255467,5.31107283
1759,5,0.78365850,5.69114399
1760,5,0.99619603,4.46145678
1761,5,0.90009141,4.20766020
1762,5,1.01887107,4.33152676
1763,5,0.80357301,5.14416742
1764,5,0.79978007,4.43298340
1765,5,0.92762351,3.36616993
1766,5,0.87503821,3.03996754
1767,5,0.83206689,2.95991492
1768,5,0.86887956,4.53368568
1769,5,0.82442391,4.09147501
1770,5,0.97275311,4.97028303
1771,5,0.86554676,3.31349325
1772,5,0.72963494,3.40711951
1773,5,0.65496582,3.96698761
1774,5,0.99339014,6.02095604
1775,5,0.87344372,5.71251869
1776,5,0.81114721,4.35314417
1777,5,0.77919662,3.70598960
1778,5,0.90971136,4.26017380
1779,5,1.05433321,7.88234043
1780,5,0.85022146,5.56572008
1781,5,0.76293421,4.70150137
1782,5,0.87362695,4.52171803
1783,5,1.00920808,5.33732033
1784,5,0.91471469,5.78968191
1785,5,1.04209626,6.30893373
1786,5,0.91966927,7.37305069
1787,5,1.05830216,4.69956255
1788,5,1.04881823,5.05395460
1789,5,0.93710279,5.88979292
1790,5,0.97301638,5.23926449
1791,5,0.78238267,3.44971323
1792,5,1.01792741,4.09160423
1793,5,0.88297820,2.67389941
1794,5,0.77240139,4.14334774
1795,5,0.90323007,4.03634262
1796,5,1.00435114,3.92269754
1797,5,0.79186475,3.49683213
1798,5,0.85795832,3.90618062
1799,5,0.92681944,6.03965664
1800,5,0.91488206,5.23222733
1801,5,0.77827239,2.81860042
1802,5,0.89535469,3.61090803
1803,5,0.88185704,5.39234638
1804,5,0.82037383,5.20863819
1805,5,0.75816846,2.92511201
1806,5,0.73591590,3.99310136
1807,5,0.81880283,4.77598667
1808,5,0.78844064,5.50083923
1809,5,0.79055423,4.80225897
1810,5,0.73450124,4.56824827
1811,5,0.75421774,3.03596449
1812,5,0.91050100,4.56998062
1813,5,1.05672717,6.21035719
1814,5,0.73873222,4.11905003
1815,5,0.77382571,4.53515625
1816,5,0.85855716,6.58153725
1817,5,1.00299942,3.66983151
1818,5,0.75343186,3.06823444
1819,5,0.88202846,6.01220560
1820,5,0.69262326,4.92049456
1821,5,0.83904839,4.18750525
1822,5,0.83639944,3.11402178
1823,5,0.79568040,4.12307787
1824,5,0.91166341,6.26550817
1825,5,0.82921946,3.70901704
1826,5,0.99061584,3.95836639
1827,5,0.74876589,3.84756422
1828,5,0.63145745,3.55614185
1829,5,0.95434785,3.89366961
1830,5,1.06145716,5.44081306
1831,5,0.84226346,4.49586868
1832,5,0.79822260,4.29340410
1833,5,0.88427222,4.20223331
1834,5,0.69794393,3.80328584
1835,5,0.68253160,4.25243521
1836,5,0.84587801,4.77851200
1837,5,0.78699481,5.53795147
1838,5,0.82126820,4.70631266
1839,5,0.79278135,4.02222586
1840,5,0.92685246,4.30654240
1841,5,0.93814677,3.93899918
1842,5,0.83027768,4.18235111
1843,5,0.87731957,3.72510052
1844,5,0.94195074,5.08145046
1845,5,0.96256423,5.22308826
1846,5,0.79806590,3.69159889
1847,5,0.74407732,4.10709620
1848,5,0.81200796,4.83408928
1849,5,0.89343679,7.21829891
1850,5,1.05738926,4.70705509
1851,5,0.86051559,6.42671156
1852,5,0.80143166,6.03129244
1853,5,0.92042726,5.25012064
1854,5,0.96014822,4.27625990
1855,5,0.88805896,4.64762115
1856,5,0.93790668,4.52152014
1857,5,1.01027393,6.81003618
1858,5,0.73885715,4.35106277
1859,5,0.84256721,4.38136435
1860,5,0.98623776,3.93721771
1861,5,0.75757128,3.94006109
1862,5,0.72908300,3.61281991
1863,5,0.79182571,4.11621904
1864,5,0.84854263,2.88088679
1865,5,0.97239661,5.68125629
1866,5,0.95467043,3.94728112
1867,5,0.72055900,2.77778602
1868,5,0.78468776,3.52396178
1869,5,0.90537488,4.98329830
1870,5,0.93403900,4.88200760
1871,5,0.80538970,3.38983703
1872,5,0.93582726,3.83099127
1873,5,0.95927560,6.06705189
1874,5,0.78316271,4.90368271
1875,5,0.86438060,4.72583437
1876,5,0.80185872,5.10890150
1877,5,0.76359051,3.94238377
1878,5,0.77466965,3.77865553
1879,5,0.84965289,4.45870543
1880,5,1.05859661,5.05117321
1881,5,0.91600204,4.24569178
1882,5,0.80497390,3.39216900
1883,5,0.72697842,3.33265424
1884,5,0.79225713,4.28037119
1885,5,0.78402203,4.49769354
1886,5,0.71117163,3.52359319
1887,5,0.80963540,5.17535448
1888,5,0.81861806,4.16142082
1889,5,0.96190250,4.96406317
1890,5,0.91507983,4.03311872
1891,5,0.83524823,4.35162497
1892,5,1.04652071,5.38903522
1893,5,0.82967335,3.02604032
1894,5,0.90137649,3.58697176
1895,5,0.68924826,3.98364258
1896,5,0.82112837,4.65117741
1897,5,0.75700974,5.59612608
1898,5,0.91395372,4.61759377
1899,5,0.65174502,3.86573911
1900,5,0.83692569,4.03914976
1901,5,0.91187823,5.15405130
1902,5,0.81396872,3.69607425
1903,5,0.94037211,6.53691578
1904,5,0.85844648,8.75557613
1905,5,0.82999468,5.76755857
1906,5,0.83503973,4.79941511
1907,5,0.82153630,4.77447033
1908,5,0.93039656,3.64462829
1909,5,0.78917587,3.95288301
1910,5,0.85071331,4.08453894
1911,5,0.92169768,4.38174915
1912,5,0.69124734,3.10058284
1913,5,0.90493989,7.05420923
1914,5,0.77917957,4.51647949
1915,5,0.79260492,4.30468750
1916,5,0.88109493,6.86228704
1917,5,0.77878523,5.57055473
1918,5,0.96436852,9.31924438
1919,5,0.87682700,8.87991142
1920,5,0.82343417,5.43538094
1921,5,0.85105330,4.68336582
1922,5,0.74304277,4.85356808
1923,5,0.94666934,6.96719503
1924,5,0.88555413,11.43559933
1925,5,0.96415102,6.85053873
1926,5,0.98725939,5.43316460
1927,5,0.81874567,4.74277449
1928,5,0.79443824,3.98639512
1929,5,0.72908044,5.35516500
1930,5,0.84809804,4.66958570
1931,5,0.90478432,7.15588236
1932,5,0.97326684,4.72336006
1933,5,0.81116831,4.17190504
1934,5,0.91329890,4.89954090
1935,5,0.76925248,3.36022234
1936,5,0.78116930,3.85528874
1937,5,0.96722972,5.56540155
1938,5,0.78804350,4.42669249
1939,5,0.80219150,7.52003384
1940,5,0.82780206,4.13883734
1941,5,0.98709023,7.71501541
1942,5,1.00038588,4.86897945
1943,5,0.93304455,4.60403442
1944,5,0.91804588,4.39855433
1945,5,0.67633307,3.07753420
1946,5,0.84969068,3.35291529
1947,5,0.64831948,4.47038031
1948,5,0.83040309,3.74449944
1949,5,0.94086194,4.83170891
1950,5,0.73263907,2.65512276
1951,5,0.88136268,4.48194551
1952,5,0.81021249,5.38697433
1953,5,0.61225152,2.81018066
1954,5,0.79352319,5.33629942
1955,6,0.72486317,3.44569707
1956,6,0.70719028,3.55369759
1957,6,0.90898949,5.03142929
1958,6,0.82836831,5.14787865
1959,6,0.85676855,6.34282351
1960,6,0.81132412,4.95478630
1961,6,0.79760617,5.87748003
1962,6,0.75162810,3.92143178
1963,6,0.95913857,4.13925982
1964,6,0.96337271,4.74798822
1965,6,0.82745385,6.02334642
1966,6,0.76476300,5.28177452
1967,6,0.86815488,5.60162830
1968,6,0.80730844,5.12969112
1969,6,0.88488984,5.30242157
1970,6,0.82059872,6.19594812
1971,6,0.80065316,4.10235548
1972,6,0.88679123,6.32429028
1973,6,0.75016093,4.27163792
1974,6,0.80861235,4.17322779
1975,6,0.80977833,3.32105970
1976,6,0.72658390,3.42561722
1977,6,0.77379543,3.64881754
1978,6,0.79150653,4.26588726
1979,6,0.56681108,3.04713392
1980,6,0.84273100,4.23754787
1981,6,0.73423028,7.78350353
1982,6,0.72805190,4.68774462
1983,6,0.74533784,4.83029699
1984,6,0.88844877,5.28169155
1985,6,0.81196070,4.88654995
1986,6,0.71662664,4.35357618
1987,6,0.82563782,4.02830076
1988,6,0.72485197,3.40733480
1989,6,0.68759614,3.94143748
1990,6,0.86702955,5.09819174
1991,6,0.82669652,4.92517519
1992,6,0.75178921,4.53941679
1993,6,0.59814453,3.63649321
1994,6,0.78447527,6.35866690
1995,6,0.79380345,5.49543142
1996,6,0.88290805,8.71311283
1997,6,0.85208237,4.36013508
1998,6,0.81580222,3.54842043
1999,6,0.74720562,3.75236249
2000,6,0.73516309,4.50082970
2001,6,0.90704632,6.66420841
2002,6,0.78531277,4.07609987
2003,6,0.88872230,4.08295202
2004,6,0.75130939,4.88754225
2005,6,0.86381602,4.65037584
2006,6,0.72667265,3.56820393
2007,6,0.65165782,4.27665186
2008,6,0.69087386,4.52285433
2009,6,0.85905737,4.69074059
2010,6,0.69207597,3.28584599
2011,6,0.64797556,3.06738806
2012,6,0.74018300,5.21862268
2013,6,0.85544896,5.59618282
2014,6,0.85029995,4.61096287
2015,6,0.69434679,4.05175829
2016,6,0.71816617,4.21232653
2017,6,0.87012291,4.69589996
2018,6,0.97055757,7.33151627
2019,6,0.75018919,4.57121372
2020,6,0.81127143,5.01144171
2021,6,0.78170276,4.08192158
2022,6,0.81252509,4.24096632
2023,6,0.95805764,4.65565681
2024,6,0.86143577,5.88540554
2025,6,0.82676530,3.84811687
2026,6,0.79514849,4.42222595
2027,6,0.70462549,3.70684505
2028,6,0.75849223,4.29888773
2029,6,0.67564964,4.84743023
2030,6,0.88586342,5.21357918
2031,6,0.91055095,4.44140387
2032,6,0.88566542,5.79558563
2033,6,0.99249262,5.44793844
2034,6,0.81060278,4.41280079
2035,6,0.87023729,3.88783026
2036,6,0.79879761,4.54300833
2037,6,0.72348160,5.41697216
2038,6,0.99506414,3.86531472
2039,6,0.85691637,3.10062170
2040,6,0.73421061,4.18693686
2041,6,0.92069745,4.19400835
2042,6,0.66367471,2.69548655
2043,6,0.63401604,4.12465525
2044,6,0.77519464,4.01984072
2045,6,0.76468951,3.05907178
2046,6,0.97149611,4.97578764
2047,6,0.79512274,3.76456785
2048,6,0.83539313,4.84242916
2049,6,0.89228481,4.82733488
2050,6,0.77643716,5.39816713
2051,6,0.70408821,4.25502014
2052,6,0.87555516,6.84909344
2053,6,0.86052787,3.86299586
2054,6,0.59618676,5.63652372
2055,6,0.59909666,3.52921486
2056,6,0.69295657,6.60625935
2057,6,0.92848915,4.18743896
2058,6,0.74839592,6.78735733
2059,6,0.92716944,5.51689529
2060,6,0.77489084,4.92302370
2061,6,0.78376621,5.89195395
2062,6,0.87721276,5.39731026
2063,6,0.65003717,4.51881123
2064,6,0.81867790,5.00408936
2065,6,0.82572532,5.18925571
2066,6,0.77078712,5.72498894
2067,6,0.79984033,4.14126778
2068,6,0.91434109,6.03444433
2069,6,0.81647015,3.81236005
2070,6,0.78834248,3.12197566
2071,6,0.80985558,3.45952559
2072,6,0.76824474,3.80942774
2073,6,0.70731914,5.28896713
2074,6,0.68589008,4.51755142
2075,6,0.70476437,4.77869940
2076,6,0.94626331,4.12628222
2077,6,0.77000427,4.84354925
2078,6,0.67453182,4.83953428
2079,6,0.81365454,4.16584301
2080,6,0.85731399,4.11187220
2081,6,0.75860614,5.35605383
2082,6,0.75514382,4.89216089
2083,6,0.88625485,4.70705795
2084,6,0.73054719,4.23481941
2085,6,0.81076670,4.03697491
2086,6,0.69234866,4.53113747
2087,6,0.77456737,3.99077487
2088,6,0.79427749,4.09619188
2089,6,0.75688380,4.02174616
2090,6,0.88443339,3.46365404
2091,6,0.58080089,2.82938910
2092,6,0.66773117,3.89452076
2093,6,0.76685566,3.89334130
2094,6,0.97408730,5.33424377
2095,6,0.83665431,4.50465393
2096,6,0.76547617,4.15044355
2097,6,0.76548815,3.79494619
2098,6,0.70698279,3.61035872
2099,6,0.70909703,3.93774271
2100,6,0.82124203,3.71974087
2101,6,0.58579624,3.64556146
2102,6,0.80249083,3.50420094
2103,6,0.83478147,5.69038010
2104,6,0.76145309,4.37497044
2105,6,0.63839781,2.93254256
2106,6,0.78766537,5.52973175
2107,6,0.80592781,4.34296417
2108,6,0.77789474,4.59017706
2109,6,0.64464206,3.80451941
2110,6,0.70412451,5.22089052
2111,6,0.67973816,3.32972717
2112,6,0.71467888,3.65941930
2113,6,0.54009366,3.71484876
2114,6,0.60309219,3.89368558
2115,6,0.83727694,4.36314964
2116,6,0.70062542,4.94564581
2117,6,0.91432095,4.38170147
2118,6,0.86283302,4.47949886
2119,6,0.69653308,3.87970638
2120,6,0.74592638,3.76983809
2121,6,0.60876632,4.36846972
2122,6,0.79940331,3.33596206
2123,6,0.84159040,3.57804513
2124,6,0.88168156,3.72870207
2125,6,0.99316037,4.20116138
2126,6,0.78224671,5.94216728
2127,6,0.77137536,5.94472361
2128,6,0.63933265,4.62281895
2129,6,0.82726288,5.16393948
2130,6,0.67264330,3.33115482
2131,6,0.78744411,6.12712049
2132,6,0.82673192,4.17262125
2133,6,0.79537988,7.33370495
2134,6,0.95172954,10.56993389
2135,6,0.65576768,4.12550640
2136,6,0.79737282,3.25465345
2137,6,0.75929314,3.61593795
2138,6,0.64821929,3.98143601
2139,6,0.91725516,6.09101820
2140,6,0.95561802,6.76271200
2141,6,0.92544025,4.74615145
2142,6,0.70634711,3.81924510
2143,6,0.78322685,5.11396027
2144,6,0.74268270,4.62071705
2145,6,0.74586570,4.53741884
2146,6,0.85558957,4.51141453
2147,6,0.82363319,4.75575972
2148,6,0.88296652,3.68882823
2149,6,1.01018310,5.37187243
2150,6,0.86449611,5.77031898
2151,6,0.74255085,4.24195433
2152,6,0.79166996,3.01619673
2153,6,0.81363022,3.96090293
2154,6,0.64167136,4.97070074
2155,6,0.98415196,5.97802162
2156,6,0.81880683,4.20346260
2157,6,0.73517060,4.19005156
2158,6,0.98514247,4.83461857
2159,6,0.90215135,4.14180279
2160,6,0.93888301,4.68414640
2161,6,0.63928866,4.80583906
2162,6,0.76522660,4.76068401
2163,6,1.02394509,6.06236267
2164,6,0.75771791,3.97236276
2165,6,0.71767294,3.61672735
2166,6,0.79984778,3.43057156
2167,6,0.74263930,4.69826031
2168,6,0.69734597,5.72894621
2169,6,0.85332030,4.03045559
2170,6,0.75092399,4.28734446
2171,6,0.79160482,4.31013775
2172,6,0.74927235,3.35753894
2173,6,0.66120052,4.58896828
2174,6,0.71736187,3.46078491
2175,6,0.75711262,5.23880196
2176,6,0.71938205,4.68177223
2177,6,0.87358344,4.43631124
2178,6,0.68452388,3.93769836
2179,6,1.10108066,5.51178980
2180,6,0.67196202,5.86231089
2181,6,0.52543175,4.25682116
2182,6,0.76704574,3.67760277
2183,6,0.88899237,4.82210016
2184,6,0.86526203,4.61472416
2185,6,0.84246451,4.25286150
2186,6,0.86423522,4.73265696
2187,6,0.82697016,6.20385122
2188,6,0.67108226,5.43079329
2189,6,0.72324193,3.97045636
2190,6,0.80517662,4.86119032
2191,6,0.78827757,5.00206566
2192,6,0.83241045,6.49445057
2193,6,0.70343864,5.82989120
2194,6,0.78533840,4.20969486
2195,6,0.66753101,5.04620886
2196,6,0.73629999,4.93407297
2197,6,0.72698653,5.23065329
2198,6,0.76901293,4.51909542
2199,6,0.63795626,4.87870789
2200,6,0.89235401,3.52385807
2201,6,0.88942963,5.04025269
2202,6,0.96876895,7.10882235
2203,6,0.66107333,4.19746542
2204,6,0.70127308,5.70054674
2205,6,0.66236961,4.78558779
2206,6,0.61697972,3.42768025
2207,6,0.82707065,3.90992975
2208,6,0.68751138,4.62163019
2209,6,0.83636826,2.78414464
2210,6,0.75623226,5.06850147
2211,6,0.83848000,3.43096995
2212,6,0.82726896,5.47546148
2213,6,0.91356432,4.80904198
2214,6,0.73943377,4.33992958
2215,6,0.88236260,3.33971763
2216,6,0.63370323,4.00244093
2217,6,0.74534684,4.27757835
2218,6,0.67084026,3.27087998
2219,6,0.71827519,3.75503635
2220,6,0.70865917,4.03868437
2221,6,0.73779929,3.58861041
2222,6,0.63268667,3.11528993
2223,6,0.69565451,3.84280491
2224,6,0.72096163,4.63141727
2225,6,0.72950006,5.36673880
2226,6,0.74100578,4.12192345
2227,6,0.83448470,5.29657030
2228,6,0.71931601,4.64464855
2229,6,0.72043478,4.27489758
2230,6,0.74570620,4.74974680
2231,6,0.76761305,5.37779570
2232,6,0.63668585,5.13678169
2233,6,0.98982769,4.59289694
2234,6,0.82747328,5.52478409
2235,6,0.57301110,3.97542644
2236,6,0.72848248,5.07162523
2237,6,0.75886792,4.67764330
2238,6,0.84116590,3.75709271
2239,6,0.61000514,2.92503691
2240,6,0.71403039,3.50014186
2241,6,0.96986419,5.94120741
2242,6,0.78992850,3.15686154
2243,6,0.96262121,6.03152180
2244,6,0.69300538,3.05522323
2245,6,1.00725746,4.79306602
2246,6,0.90048677,3.55991793
2247,6,0.81730676,4.32878447
2248,6,0.71146965,4.64408302
2249,6,0.68208849,3.37634254
2250,6,0.76250339,4.59857798
2251,6,0.89612454,4.96749687
2252,6,0.83169663,4.43038130
2253,6,0.69778156,3.67978740
2254,6,0.81342423,4.13482141
2255,6,0.93740547,5.60479784
2256,6,0.87978619,4.19485664
2257,6,0.63881767,4.48938370
2258,6,0.73690701,4.26987839
2259,6,0.77985442,3.83865619
2260,6,0.85381061,4.49870253
2261,6,0.68480420,4.74566269
2262,6,0.74988985,3.44355202
2263,6,0.86991000,5.41312885
2264,6,0.98600531,4.45633888
2265,6,1.02323580,6.43662453
2266,6,0.76037377,4.63796329
2267,6,0.83135772,7.77214050
2268,6,0.70000923,4.28889179
2269,6,0.82014358,5.23468542
2270,6,0.83074152,4.84055567
2271,6,0.85356009,3.98383284
2272,6,0.71610379,4.31753635
2273,6,0.79700643,4.30929852
2274,6,0.62400174,3.35697436
2275,6,0.73241907,4.83977795
2276,6,0.73358572,4.29546785
2277,6,0.80321670,3.41059422
2278,6,0.73670447,3.81037188
2279,6,0.73045349,5.72339249
2280,6,0.92548615,5.45623064
2281,6,0.80758429,3.86626911
2282,6,0.76369643,3.38788891
2283,6,0.68803692,4.04029465
2284,6,0.72627020,3.53638911
2285,6,0.73741663,3.72880363
2286,6,0.69274312,4.04480982
2287,6,0.70315373,4.04754066
2288,6,0.93490219,4.56186914
2289,6,0.78198051,4.65209579
2290,6,0.60261524,4.24234867
2291,6,0.87927186,3.85871005
2292,6,0.83145618,5.49270868
2293,6,0.72013617,8.66566944
2294,6,0.88869476,4.62227011
2295,6,0.69925743,3.69097424
2296,6,0.77216625,3.52574301
2297,6,0.66144216,3.97831249
2298,6,0.76877630,3.01937222
2299,6,0.62293440,3.13483810
2300,6,0.78838503,4.38854361
2301,6,0.90441585,3.82400894
2302,6,0.77751648,5.27829695
2303,6,0.89496166,5.01254416
2304,6,0.64317536,4.33255243
2305,6,0.81769335,4.91396475
2306,6,0.83932948,4.40964365
2307,6,0.72262073,4.77457523
2308,6,0.68019223,4.16757822
2309,6,0.62505579,3.34896445
2310,6,0.66180146,3.52951646
2311,6,0.76039624,4.63850451
2312,6,0.74145222,5.62939644
2313,6,0.73932421,3.44039130
2314,6,0.68615913,3.77589917
2315,6,0.68891978,3.57125831
2316,6,0.79294550,3.92097616
2317,6,0.66384900,2.82724547
2318,6,0.85543370,3.71193123
2319,6,0.83222598,4.95639133
2320,6,0.73054349,3.69167590
2321,6,0.67003721,5.15415573
2322,6,0.86040199,4.58247995
2323,6,0.72318912,5.13144445
2324,6,0.83091182,3.84884214
2325,6,0.85113800,5.64618206
2326,6,0.81591654,3.77367783
2327,6,0.74377525,3.38879371
2328,6,0.83342862,5.47347641
2329,6,0.78562665,3.04610157
2330,6,0.76387638,4.38461351
2331,6,0.57804799,3.71711898
2332,6,0.72873145,4.41633511
2333,6,0.63448012,6.42038250
2334,6,0.74919462,3.82522893
2335,6,0.68367946,4.91133070
2336,6,0.85632110,5.20468950
2337,6,0.65826613,5.98282766
2338,6,0.72215724,6.48723173
2339,6,0.61138022,3.52894258
2340,6,0.90956914,5.05692673
2341,6,0.73215711,4.77585220
2342,6,0.84140825,4.15108871
2343,6,0.60360789,3.54855323
2344,6,0.69440567,3.85456681
2345,6,0.97606480,6.60993147
2346,7,0.66187501,4.75600624
2347,7,0.62562841,3.85410500
2348,7,0.79155838,4.08088827
2349,7,0.70719242,2.91075206
2350,7,0.71106064,3.68395543
2351,7,0.65162909,3.60453701
2352,7,0.63336384,3.20994306
2353,7,0.60721493,3.20904136
2354,7,0.67815733,3.17251062
2355,7,0.67633843,3.83546543
2356,7,0.86920667,5.42805433
2357,7,0.54188299,3.85111308
2358,7,0.77802205,4.71867990
2359,7,0.72320151,4.29705763
2360,7,0.65758139,4.54920626
2361,7,0.55820757,3.24466205
2362,7,0.79527605,5.70640182
2363,7,0.78534794,3.75875068
2364,7,0.64897895,3.79895282
2365,7,0.64949524,3.19465065
2366,7,0.71746421,4.14850473
2367,7,0.68789947,3.97317624
2368,7,0.80492979,3.54594707
2369,7,0.92665744,5.53592873
2370,7,0.67275500,4.20531702
2371,7,0.71413285,3.97339392
2372,7,0.68952650,3.57470083
2373,7,0.60702753,3.28700948
2374,7,0.72292376,4.04700565
2375,7,0.80994415,5.25187445
2376,7,0.62074345,4.70659637
2377,7,0.75453794,3.70222569
2378,7,0.68404424,4.93086624
2379,7,0.64955533,5.64865112
2380,7,0.64866918,4.16726446
2381,7,0.70157933,5.40299845
2382,7,0.64083689,4.43525314
2383,7,0.98792225,4.61731434
2384,7,0.68143135,3.39192271
2385,7,0.83500409,4.44340134
2386,7,0.85845995,5.85825396
2387,7,0.71876729,5.65557384
2388,7,0.75372469,3.27208114
2389,7,0.93466949,4.62273169
2390,7,0.73858368,4.53327370
2391,7,0.67086279,3.67374134
2392,7,0.85858059,5.96322346
2393,7,0.73521984,3.42088175
2394,7,0.73746115,4.47653294
2395,7,0.85421485,5.16911650
2396,7,0.67310631,3.89115238
2397,7,0.83221889,6.88398361
2398,7,0.66632450,3.95260072
2399,7,0.74591941,5.14519644
2400,7,0.69594014,3.78181982
2401,7,0.71874321,3.56136703
2402,7,0.80708659,4.43423748
2403,7,1.02443743,7.43799257
2404,7,0.86946565,5.19108438
2405,7,0.68559450,5.90630865
2406,7,0.75564402,4.05663919
2407,7,0.83434355,5.19699907
2408,7,0.90708041,5.82095957
2409,7,0.72612047,4.14608383
2410,7,0.84701806,5.22697639
2411,7,0.64934176,4.04587126
2412,7,0.77936864,3.74055910
2413,7,0.75943553,4.17376566
2414,7,0.77156025,5.54681444
2415,7,0.80392253,4.85133886
2416,7,0.82044107,4.51099062
2417,7,0.68498266,5.75153017
2418,7,0.71220982,3.07197499
2419,7,0.75453150,5.49913263
2420,7,0.57419217,2.85646605
2421,7,0.63566613,3.54898739
2422,7,0.76219428,5.65122509
2423,7,0.83854514,4.60854721
2424,7,0.80745411,5.59416103
2425,7,0.75335538,5.22553825
2426,7,0.62562871,4.85589552
2427,7,0.80247116,4.39080095
2428,7,0.70587885,4.12974548
2429,7,0.83059496,4.44167185
2430,7,0.64136350,4.65998697
2431,7,0.70744985,3.71541333
2432,7,0.83712232,6.10018301
2433,7,0.68595165,4.50421858
2434,7,0.87275559,5.56283474
2435,7,0.80109215,3.58232331
2436,7,0.74145126,4.26543999
2437,7,0.80238527,5.67285204
2438,7,0.73881412,5.55621004
2439,7,0.64295650,3.47717500
2440,7,0.74854302,3.66264915
2441,7,0.67287195,4.10670948
2442,7,0.73679256,3.41163278
2443,7,0.73963988,4.18272543
2444,7,0.76210093,5.28562355
2445,7,0.71268368,5.09976768
2446,7,0.73355031,2.65746450
2447,7,0.90949273,5.34491873
2448,7,0.61937439,4.37277889
2449,7,0.69555414,5.17192316
2450,7,0.75330251,4.15165091
2451,7,0.80413580,3.80568409
2452,7,0.88112348,5.15001154
2453,7,0.74379313,5.66837883
2454,7,0.84543121,5.71351004
2455,7,0.67872483,4.35834646
2456,7,0.80115235,4.97230387
2457,7,0.64352107,4.47072649
2458,7,0.80413383,5.99259186
2459,7,0.66716433,3.04347372
2460,7,0.73136133,4.33287811
2461,7,0.74401253,3.76156759
2462,7,0.64011890,3.87056398
2463,7,0.80059898,4.18457365
2464,7,0.66071182,3.04519153
2465,7,0.70799303,4.61920691
2466,7,0.62605500,5.11424923
2467,7,0.74498379,7.79223251
2468,7,0.86988568,6.48245287
2469,7,0.63347495,4.01660204
2470,7,0.75568974,4.75778818
2471,7,0.71822369,3.76080871
2472,7,1.05092883,6.31728697
2473,7,0.87778163,6.01560163
2474,7,0.65741134,3.51946497
2475,7,0.81257784,5.39698315
2476,7,0.78329480,4.50151443
2477,7,0.66653371,3.13282704
2478,7,0.68994635,4.68794203
2479,7,0.63821375,3.19690418
2480,7,0.63860726,3.51930356
2481,7,0.73752594,4.97603178
2482,7,0.72179842,6.25971508
2483,7,0.68149483,2.66179347
2484,7,0.67396140,3.70027184
2485,7,0.84847671,4.03528404
2486,7,0.69797516,4.47921753
2487,7,0.65868801,5.43637323
2488,7,0.69765019,3.91343546
2489,7,0.77180064,5.06391382
2490,7,0.72463107,4.70053053
2491,7,0.70570135,5.52138186
2492,7,0.89666682,4.00643396
2493,7,0.58049321,4.89750481
2494,7,0.67056590,4.59560728
2495,7,0.81532800,5.32683325
2496,7,0.63324451,4.57506990
2497,7,0.75269437,6.65299082
2498,7,0.81763566,6.73048735
2499,7,0.59792900,3.18411469
2500,7,0.73583949,5.50818491
2501,7,0.57663250,4.83829403
2502,7,0.70165873,4.34751320
2503,7,0.74097562,5.65229940
2504,7,0.71168184,5.95299435
2505,7,0.85908514,5.49906301
2506,7,0.74174255,3.49792290
2507,7,0.62444961,2.62632275
2508,7,0.59095037,4.70081043
2509,7,0.67838180,5.25974607
2510,7,0.84410012,3.76849389
2511,7,0.81458342,5.67997980
2512,7,0.88096225,5.85714006
2513,7,0.63159394,5.57505751
2514,7,0.58424568,4.08037567
2515,7,0.51583505,5.88545322
2516,7,0.85943282,7.25049400
2517,7,0.59914923,4.17065668
2518,7,0.69021636,3.38945913
2519,7,0.74214560,6.77492189
2520,7,0.90743846,7.75049400
2521,7,0.75994682,4.72008038
2522,7,0.88086784,5.34684420
2523,7,0.69734895,6.73881721
2524,7,0.86454928,8.41740704
2525,7,0.73980814,7.72370291
2526,7,0.87859654,6.89283276
2527,7,0.89115405,6.35303068
2528,7,0.78169596,5.04431391
2529,7,0.75175673,5.30896187
2530,7,0.76404631,3.34536600
2531,7,0.78869736,5.66904068
2532,7,0.66078222,3.97508597
2533,7,0.75028002,4.13140154
2534,7,0.79285747,8.00132751
2535,7,0.69437253,3.43890834
2536,7,0.70990074,3.57519627
2537,7,0.67149085,7.22642994
2538,7,0.65307724,3.81912374
2539,7,0.76779407,4.31349134
2540,7,0.73462474,4.68380690
2541,7,0.74008232,4.06659651
2542,7,0.88881069,5.84614849
2543,7,0.62219822,6.04591370
2544,7,0.81836224,5.09404469
2545,7,0.66777015,3.69394374
2546,7,0.67867696,4.44738340
2547,7,0.73837304,5.79050970
2548,7,0.68389851,4.51034498
2549,7,0.56334722,4.17587042
2550,7,0.90110779,5.42564487
2551,7,0.70098448,5.03910398
2552,7,0.60813087,4.51609898
2553,7,0.80308586,5.13796806
2554,7,0.95373356,9.71938038
2555,7,0.74389613,5.93617535
2556,7,0.88065755,7.35617447
2557,7,0.68656141,5.69760609
2558,7,0.62712020,3.41731834
2559,7,0.65864372,4.31179285
2560,7,0.79701215,5.77185011
2561,7,0.71945703,4.02367830
2562,7,0.85044158,6.09484625
2563,7,0.70262617,4.13016176
2564,7,0.49019289,2.61068678
2565,7,0.75646210,3.66352367
2566,7,0.78408140,4.48735428
2567,7,0.79655439,5.77238274
2568,7,0.76462406,4.71341801
2569,7,0.67666471,6.11431932
2570,7,0.71360826,3.75983810
2571,7,0.88930690,5.21164751
2572,7,0.81347305,3.77799010
2573,7,0.83403504,7.02049637
2574,7,0.71722388,5.78706551
2575,7,0.79081190,7.20653629
2576,7,0.80617934,5.27969265
2577,7,0.88074625,6.75362825
2578,7,0.66147923,4.52214384
2579,7,0.90580571,4.91718197
2580,7,0.80786872,4.36482430
2581,7,0.78379130,4.02664471
2582,7,0.82296854,4.56070089
2583,7,0.87138027,4.96856642
2584,7,0.65343487,4.80349588
2585,7,0.73071551,3.18455172
2586,7,0.69895607,4.02066755
2587,7,0.56263149,3.19913173
2588,7,0.79205227,5.66654968
2589,7,0.69709134,3.61591363
2590,7,0.76826221,3.72487187
2591,7,0.76303506,4.48205805
2592,7,0.62727964,3.63503551
2593,7,0.76813966,4.41541672
2594,7,0.61241794,3.91842294
2595,7,0.61418998,4.75174427
2596,7,0.70550203,5.12859488
2597,7,0.64276701,4.55236197
2598,7,0.86016130,5.16084194
2599,7,0.78586411,4.30974436
2600,7,0.77080601,4.89754343
2601,7,0.58663058,3.76209474
2602,7,0.77435970,4.83775616
2603,7,0.77880442,7.59079885
2604,7,0.77071869,5.65395069
2605,7,0.50415826,4.40703917
2606,7,0.67738158,3.71343875
2607,7,0.95523888,5.15809107
2608,7,0.78007030,3.99660945
2609,7,0.66062719,4.12004566
2610,7,0.61850232,4.43353319
2611,7,0.88288963,5.10244179
2612,7,0.82909602,5.46290398
2613,7,0.89669704,4.34591627
2614,7,0.95717841,3.91668773
2615,7,0.78166002,4.23845148
2616,7,0.65440005,3.24335504
2617,7,0.85594046,3.94475651
2618,7,0.76622957,5.16568089
2619,7,0.64077890,3.22934389
2620,7,0.77614635,5.10281515
2621,7,0.66174835,3.10482025
2622,7,0.67999232,3.10932255
2623,7,0.71428227,3.76153994
2624,7,0.69181883,3.45936680
2625,7,0.73446381,3.83745694
2626,7,0.80648267,2.85191035
2627,7,0.69466043,3.50769973
2628,7,0.74017501,4.96539688
2629,7,0.68932277,4.05329704
2630,7,0.62481582,4.18916988
2631,7,0.66702241,3.04839468
2632,7,0.67726564,4.60809612
2633,7,0.56036556,4.03503609
2634,7,0.82618308,4.66763020
2635,7,0.62604773,3.86412287
2636,7,0.63184536,4.90755129
2637,7,0.87217665,3.70178723
2638,7,0.57571816,3.23929739
2639,7,0.57745653,3.18436575
2640,7,0.77103376,4.67810726
2641,7,0.79872704,4.79276466
2642,7,0.74304628,7.77876425
2643,7,0.81590819,5.45923662
2644,7,0.61391801,4.71461773
2645,7,0.64368451,3.68412042
2646,7,0.79477489,6.43862724
2647,7,0.64491671,3.83241153
2648,7,0.80408883,5.13989258
2649,7,0.61916435,3.62256122
2650,7,0.83331883,4.46191359
2651,7,0.63459516,4.33840609
2652,7,0.74806929,3.30384803
2653,7,0.87521118,5.16535568
2654,7,0.63499242,3.87150979
2655,7,0.62157077,5.30184603
2656,7,0.59777057,5.11352110
2657,7,0.70823479,4.31725931
2658,7,0.61312652,3.54648757
2659,7,0.67615038,4.20374537
2660,7,0.66893649,4.49369335
2661,7,0.66730475,3.59412074
2662,7,0.67909873,5.79988623
2663,7,0.62219775,7.11057806
2664,7,0.80523586,4.09014988
2665,7,0.74959981,6.16077614
2666,7,0.77550614,5.12121058
2667,7,0.70699555,3.90475702
2668,7,0.50256056,3.63926578
2669,7,0.74099970,3.83880329
2670,7,0.64722461,3.54588032
2671,7,0.76705968,3.61045742
2672,7,0.77425516,5.33031702
2673,7,0.68814135,6.09891081
2674,7,0.73414284,5.05699682
2675,7,0.79453075,3.18864036
2676,7,0.78381234,4.98659325
2677,7,0.68870097,4.18402529
2678,7,0.68753785,7.37530088
2679,7,0.79928452,5.62432432
2680,7,0.72234166,4.69175386
2681,7,0.77368522,5.26122570
2682,7,0.58505911,3.38863587
2683,7,0.69111848,4.45572281
2684,7,0.61464185,4.10904455
2685,7,0.78233981,4.09989119
2686,7,0.99843228,7.16464615
2687,7,0.84685892,5.70679235
2688,7,0.72263229,7.23288393
2689,7,0.75156039,5.02671957
2690,7,0.70346993,5.47494698
2691,7,0.73247695,3.28268170
2692,7,0.64749825,2.66786146
2693,7,0.88853884,4.91991949
2694,7,0.83587396,6.80054045
2695,7,0.77956200,4.95545959
2696,7,0.71523476,5.68579960
2697,7,0.68153358,3.86396480
2698,7,0.66835243,4.52944803
2699,7,0.80284816,6.50420952
2700,7,0.87500107,7.59888411
2701,7,0.83023381,4.86372042
2702,7,0.70389366,4.43621254
2703,7,0.86983168,4.12856293
2704,7,0.70429075,5.39927530
2705,7,0.76377869,6.40774918
2706,7,0.63766158,3.28810573
2707,7,0.71662271,2.95531106
2708,7,0.68519044,3.46419668
2709,7,0.70455706,3.87687325
2710,7,0.64370412,3.68080592
2711,7,0.89407653,5.33132505
2712,7,0.81880534,5.40944529
2713,7,0.71346629,3.45697188
2714,7,0.62592673,3.04061747
2715,7,0.85688782,5.79697514
2716,7,0.94885880,5.32205820
2717,7,0.58073550,3.00220823
2718,7,0.70879650,3.63428783
2719,7,0.66824245,2.96144915
2720,7,0.75043428,3.54379344
2721,7,0.87787628,4.06489277
2722,7,0.82089663,3.69056010
2723,7,0.79911858,6.22432899
2724,7,0.67454004,5.43810272
2725,7,0.65116930,4.01786804
2726,7,0.60990262,3.38732147
2727,7,0.77688038,5.10121393
2728,7,0.78299505,3.61536002
2729,7,0.70051032,4.13555288
2730,7,0.82493180,4.42309713
2731,7,0.60507166,3.48219514
2732,7,0.71200621,3.73140955
2733,7,0.81598943,4.76472569
2734,7,0.55630219,3.41902208
2735,7,0.60294789,4.08979321
2736,7,0.77716637,6.40158224
2737,8,0.65757763,4.39262772
2738,8,0.65387636,3.78130126
2739,8,0.74806803,3.50469065
2740,8,0.59427989,3.13937879
2741,8,0.65974748,3.38135004
2742,8,0.62806171,4.24592638
2743,8,0.78441608,4.92157745
2744,8,0.62278348,4.32853746
2745,8,0.74449110,4.66473818
2746,8,0.70684862,4.31632996
2747,8,0.82339835,3.67159820
2748,8,0.61128885,4.82097626
2749,8,0.54127020,4.60577679
2750,8,0.72412336,3.73069835
2751,8,0.58013743,3.82515574
2752,8,0.72697020,5.04798365
2753,8,0.66019416,4.23826933
2754,8,0.66716266,3.60554409
2755,8,0.64757842,5.36083746
2756,8,0.71685159,6.13923645
2757,8,0.67996633,3.48991442
2758,8,0.79014653,3.79164076
2759,8,0.68286443,3.61838460
2760,8,0.72589630,4.23978567
2761,8,0.68217689,4.31416082
2762,8,0.81214797,5.20000553
2763,8,0.68119699,5.01689386
2764,8,0.52836919,3.87559199
2765,8,0.68736506,4.90771008
2766,8,0.82065749,6.57076311
2767,8,0.77147877,6.53171301
2768,8,0.69103330,4.24486113
2769,8,0.68335521,4.78392076
2770,8,0.48330164,3.99285603
2771,8,0.69573593,3.38931394
2772,8,0.71223044,4.90033436
2773,8,0.70645756,3.78597283
2774,8,0.67901927,3.78268981
2775,8,0.83351696,4.38311005
2776,8,0.60792243,5.85059738
2777,8,0.65934330,4.65126657
2778,8,0.88388294,3.91876245
2779,8,0.86602479,5.95811319
2780,8,0.66511768,3.04576278
2781,8,0.65818405,3.41101408
2782,8,0.57869041,3.03366971
2783,8,0.69807148,4.84325647
2784,8,0.55402303,3.67661047
2785,8,0.50023288,3.84772182
2786,8,0.53911734,4.59878445
2787,8,0.57992935,2.99730301
2788,8,0.71881771,4.59878302
2789,8,0.67267638,5.31701660
2790,8,0.67952383,2.95088434
2791,8,0.68517083,4.34322023
2792,8,0.61725867,4.03888512
2793,8,0.56137478,6.51992846
2794,8,0.54520792,4.41869068
2795,8,0.62037355,4.21023130
2796,8,0.66550553,3.86718917
2797,8,0.59126699,4.07105732
2798,8,0.66525930,4.17646360
2799,8,0.73030257,9.49517155
2800,8,0.67578518,4.53169441
2801,8,0.70807827,4.37252808
2802,8,0.62126029,4.86116982
2803,8,0.65042567,3.75092363
2804,8,0.63815296,5.09170198
2805,8,0.66379118,4.65988207
2806,8,0.67303067,6.29282761
2807,8,0.71862328,3.40051460
2808,8,0.77432531,5.92502260
2809,8,0.67488682,4.31077671
2810,8,0.70916557,3.78715587
2811,8,0.85965222,4.87395620
2812,8,0.64934909,3.71960378
2813,8,0.62428820,3.07844877
2814,8,0.62214541,4.39735651
2815,8,0.77315199,3.63229752
2816,8,0.56985545,3.68354440
2817,8,0.68701124,3.77557611
2818,8,0.58288801,3.25841069
2819,8,0.49801892,2.99085712
2820,8,0.76146436,4.24469185
2821,8,0.53285706,4.34066343
2822,8,0.49168184,4.23548317
2823,8,0.69952631,4.62807322
2824,8,0.70037210,3.23990798
2825,8,0.60576051,5.50341034
2826,8,0.52566445,5.68224859
2827,8,0.91200435,5.64497042
2828,8,0.55948222,3.64725518
2829,8,0.65243387,5.65101337
2830,8,0.56023794,3.42380619
2831,8,0.61495990,4.33924961
2832,8,0.52197766,3.32519412
2833,8,0.73573345,4.71144962
2834,8,0.81804997,3.83134174
2835,8,0.70368934,4.33384037
2836,8,0.66500294,4.66696072
2837,8,0.78895450,4.73848295
2838,8,0.61134559,4.08194208
2839,8,0.54187799,3.53195977
2840,8,0.78745490,5.53888226
2841,8,0.83997750,5.74902725
2842,8,0.67387784,3.38987684
2843,8,0.58887076,2.85929561
2844,8,0.56926286,3.92281222
2845,8,0.64644051,4.13175774
2846,8,0.62520623,6.28125525
2847,8,0.57469666,4.21227503
2848,8,0.59011650,3.28764701
2849,8,0.60833895,6.22582912
2850,8,0.66813064,4.48555422
2851,8,0.77285707,5.81065893
2852,8,0.70220256,5.68245554
2853,8,0.65585518,5.33318758
2854,8,0.84377742,7.20062447
2855,8,0.79415059,6.39993715
2856,8,0.60480696,2.90851164
2857,8,0.68644637,3.81138563
2858,8,0.58064568,4.03644848
2859,8,0.64652711,3.83040214
2860,8,0.61298573,3.85445571
2861,8,0.65276504,4.62504101
2862,8,0.57476819,4.84932613
2863,8,0.68432021,4.29922676
2864,8,0.73434919,3.96680188
2865,8,0.69596434,6.65926552
2866,8,0.73767149,6.69249439
2867,8,0.57954621,4.66339159
2868,8,0.63999569,4.93900156
2869,8,0.69473201,3.88197398
2870,8,0.65190351,3.40967846
2871,8,0.73377556,3.16697288
2872,8,0.63102412,3.99286985
2873,8,0.53977525,2.58650994
2874,8,0.54569346,3.57969499
2875,8,0.74803835,5.37841702
2876,8,0.56931269,4.52511835
2877,8,0.65956593,4.59922695
2878,8,0.65850013,5.22724342
2879,8,0.93137634,6.47005320
2880,8,0.59433150,4.42866468
2881,8,0.74355638,5.17888832
2882,8,0.67136103,4.35940647
2883,8,0.78656471,4.68926668
2884,8,0.58083421,4.31158829
2885,8,0.74948907,5.51732874
2886,8,0.64834678,5.06120539
2887,8,0.73590928,4.89335871
2888,8,0.48088896,2.75393796
2889,8,0.74780965,4.35181570
2890,8,0.69985759,4.34967661
2891,8,0.77183646,3.96693206
2892,8,0.65473264,4.10956717
2893,8,0.68727100,3.57059836
2894,8,0.67943490,4.44881678
2895,8,0.72291476,3.73236370
2896,8,0.78737909,5.58104181
2897,8,0.69552863,4.42046881
2898,8,0.65316880,3.65832710
2899,8,0.49078542,4.48156166
2900,8,0.65970832,3.00767398
2901,8,0.68249547,3.33892751
2902,8,0.84442121,4.43409729
2903,8,0.76865941,4.47048473
2904,8,0.64243007,5.15401888
2905,8,0.93868399,5.01013088
2906,8,0.81277871,4.09793997
2907,8,0.61018610,3.70292163
2908,8,0.75000477,4.04423428
2909,8,0.67846948,3.43273330
2910,8,0.60747665,4.53053665
2911,8,0.82333899,6.05877304
2912,8,0.91374731,6.69100237
2913,8,0.51177657,3.86747098
2914,8,0.61196136,3.18106008
2915,8,0.70503992,4.84846735
2916,8,0.60203910,3.85354471
2917,8,0.62493116,4.08876991
2918,8,0.79418558,4.80836105
2919,8,0.83781427,6.80363178
2920,8,0.65594536,3.90065551
2921,8,0.73988760,7.31119251
2922,8,0.76638508,5.64423466
2923,8,0.59109879,3.11716199
2924,8,0.70870280,4.55207825
2925,8,0.64076352,3.55711150
2926,8,0.75651664,4.76760483
2927,8,0.70026207,3.64055514
2928,8,0.64341152,5.92980528
2929,8,0.58238822,4.65341330
2930,8,0.61243486,3.24504304
2931,8,0.78329271,4.00964117
2932,8,0.64500570,4.71166945
2933,8,0.46199158,3.25097418
2934,8,0.71517777,3.68982506
2935,8,0.58083528,4.36908817
2936,8,0.67179579,4.45134354
2937,8,0.72949362,4.38892794
2938,8,0.73312271,5.33839083
2939,8,0.71031237,2.91183782
2940,8,0.59969276,3.99146438
2941,8,0.67033559,4.72782564
2942,8,0.42314136,2.78943372
2943,8,0.60790879,3.91430163
2944,8,0.56573302,3.14115453
2945,8,0.59575319,3.83907127
2946,8,0.63820964,5.18481112
2947,8,0.73961473,5.58940220
2948,8,0.46705496,4.13784075
2949,8,0.62149990,5.81909513
2950,8,0.58429229,3.61526752
2951,8,0.75261533,5.65084934
2952,8,0.57825369,4.52264833
2953,8,0.83001691,5.11017513
2954,8,0.54648602,3.16532063
2955,8,0.75233763,6.14427471
2956,8,0.91253710,4.52809429
2957,8,0.78252983,4.76601028
2958,8,0.58654213,2.73556447
2959,8,0.57804430,3.38704062
2960,8,0.53365415,3.46439505
2961,8,0.58705759,3.40499139
2962,8,0.50070322,3.22574711
2963,8,0.74844235,4.20212889
2964,8,0.61465091,6.02471018
2965,8,0.54781866,4.18489170
2966,8,0.62130809,3.70698810
2967,8,0.62056679,3.87138033
2968,8,0.63672847,3.03544497
2969,8,0.43818858,2.94326925
2970,8,0.70505512,3.92308187
2971,8,0.64946437,4.41318083
2972,8,0.62520432,4.67681742
2973,8,0.74203682,5.48562717
2974,8,0.67384672,2.90089631
2975,8,0.61504811,4.76365709
2976,8,0.88881075,3.95100665
2977,8,0.65477896,3.55665636
2978,8,0.56962788,3.83312964
2979,8,0.84138453,6.10416985
2980,8,0.85840166,4.43946028
2981,8,0.64697295,3.79920626
2982,8,0.58018053,2.95434022
2983,8,0.69973886,4.86595583
2984,8,0.70735621,4.27956867
2985,8,0.60311973,4.19557619
2986,8,0.70076203,4.88104534
2987,8,0.56446815,3.54200149
2988,8,0.64266568,4.37104940
2989,8,0.78266698,4.21578169
2990,8,0.72348571,3.33244967
2991,8,0.71463668,4.13767195
2992,8,0.53832853,3.16626406
2993,8,0.59126115,3.24408507
2994,8,0.70806050,3.42153454
2995,8,0.68274999,4.45369768
2996,8,0.49915117,4.73457241
2997,8,0.58377492,4.15935755
2998,8,0.63571590,4.62222624
2999,8,0.65558940,3.69884586
3000,8,0.79700065,4.01146412
3001,8,0.89667934,5.03543043
3002,8,0.77280736,5.09236860
3003,8,1.03563738,6.53162622
3004,8,0.58329254,4.37676048
3005,8,0.80574334,5.79728174
3006,8,0.89203680,6.43088722
3007,8,0.77899832,4.69055557
3008,8,0.51131362,3.18391824
3009,8,0.67641646,3.78499413
3010,8,0.71789992,3.34967089
3011,8,0.78452992,3.14955306
3012,8,0.73104769,4.41514254
3013,8,0.86403072,4.94794989
3014,8,0.73770118,4.63691568
3015,8,0.64702874,3.62848568
3016,8,0.58190644,3.50583386
3017,8,0.77277595,3.88282704
3018,8,0.63994688,4.45633698
3019,8,0.64057171,4.77108574
3020,8,0.72388363,4.82560635
3021,8,0.66093343,3.27643323
3022,8,0.63619614,4.36207676
3023,8,0.79380888,4.82078648
3024,8,0.80040896,4.61516380
3025,8,0.92612380,3.91153860
3026,8,0.74993503,3.93470645
3027,8,0.49989095,3.11105204
3028,8,0.73169565,4.96140957
3029,8,0.64636666,4.38697481
3030,8,0.61506253,3.65559745
3031,8,0.66425043,3.98111677
3032,8,0.64325756,4.50569916
3033,8,0.57879829,3.94834828
3034,8,0.89623559,4.62102604
3035,8,0.54753685,2.59931087
3036,8,0.58360291,3.20408630
3037,8,0.63770211,4.16607857
3038,8,0.66933906,4.49401188
3039,8,0.91138470,10.07776737
3040,8,0.65945888,3.81281137
3041,8,0.52881050,2.94404817
3042,8,0.61382782,3.47083139
3043,8,0.60717809,3.57610083
3044,8,0.71179539,4.56882477
3045,8,0.81690669,6.80361938
3046,8,0.65708601,3.60447264
3047,8,0.69066846,3.40322399
3048,8,0.51721162,3.90206289
3049,8,0.79089010,5.19111490
3050,8,0.74083668,8.31821346
3051,8,0.59074152,4.03619385
3052,8,0.73070240,5.29592943
3053,8,0.73970568,4.18077707
3054,8,0.51138139,3.65318799
3055,8,0.67560065,4.00626659
3056,8,0.83336490,5.68117809
3057,8,0.79307055,5.77754879
3058,8,0.53318119,3.19793200
3059,8,0.85182649,4.71879530
3060,8,0.67796522,5.56990147
3061,8,0.59859359,3.04288411
3062,8,0.67354280,3.95293236
3063,8,0.67560691,6.45350218
3064,8,0.63394141,4.36629677
3065,8,0.68716109,3.92093277
3066,8,0.57892317,4.00689602
3067,8,0.80070221,5.22203541
3068,8,0.59312505,2.85614181
3069,8,0.59244931,5.00188160
3070,8,0.69841838,4.66707993
3071,8,0.76465619,5.27837467
3072,8,0.62356615,4.49132538
3073,8,0.72213775,6.12803984
3074,8,0.57925546,4.30981398
3075,8,0.55136722,5.29718828
3076,8,0.58960491,4.24509382
3077,8,0.65134823,3.71113253
3078,8,0.62395889,4.93500853
3079,8,0.54820979,4.02278614
3080,8,0.61083138,6.09153509
3081,8,0.56547642,3.47594786
3082,8,0.60613143,6.50585270
3083,8,0.55428588,3.71764541
3084,8,0.98636842,5.92323780
3085,8,0.88605803,6.77056074
3086,8,0.74398404,5.51440477
3087,8,0.71995318,5.51509428
3088,8,0.76256090,3.77589965
3089,8,0.76806450,4.58369303
3090,8,0.64670217,6.30606890
3091,8,0.67788029,5.57360220
3092,8,0.73644412,5.08257818
3093,8,0.83049214,7.28706932
3094,8,0.77027160,4.17544794
3095,8,0.75534374,4.36981916
3096,8,0.71457672,3.36503172
3097,8,0.76018310,6.58490896
3098,8,0.63305622,4.32900143
3099,8,0.57528341,5.05586910
3100,8,0.69427609,4.45066547
3101,8,0.58100569,4.25312662
3102,8,0.75689340,4.17915487
3103,8,0.83541632,4.76115799
3104,8,0.72673535,6.78952312
3105,8,0.70436615,4.10873508
3106,8,0.64540797,2.92117047
3107,8,0.74437535,5.20902872
3108,8,0.77997732,6.33559847
3109,8,0.76609373,4.45033693
3110,8,0.60381752,3.39779830
3111,8,0.88383663,5.21189070
3112,8,0.45931554,4.51944065
3113,8,0.62754065,3.73146868
3114,8,0.62212563,5.62838078
3115,8,0.88141203,6.10252953
3116,8,0.72497630,5.38621569
3117,8,0.81325877,4.71280718
3118,8,0.76067507,5.00997353
3119,8,0.69783127,4.47339392
3120,8,0.73437619,6.01774454
3121,8,0.69907862,3.89563298
3122,8,0.65408075,5.02348375
3123,8,0.80861783,3.79303885
3124,8,0.79346943,6.14276075
3125,8,0.72932661,3.17584658
3126,8,0.51743609,4.11755753
3127,8,0.66837525,7.54138231
3128,9,0.65577221,3.67831397
3129,9,0.59929466,2.36188054
3130,9,0.70981175,3.75614452
3131,9,0.73480189,3.04575181
3132,9,0.72812545,4.04031038
3133,9,0.65073073,5.52183771
3134,9,0.55513567,3.66335130
3135,9,0.77490091,3.12982392
3136,9,0.63228440,3.41368055
3137,9,0.64227211,3.94561291
3138,9,0.45327005,3.51840425
3139,9,0.60656834,3.53775311
3140,9,0.58777130,3.83816886
3141,9,0.72047019,3.44662285
3142,9,0.75979346,4.56631899
3143,9,0.64729315,5.44439363
3144,9,0.50775862,2.95659804
3145,9,0.63894653,4.66089821
3146,9,0.48255035,3.37211156
3147,9,0.53697896,2.89530134
3148,9,0.68693417,4.15695906
3149,9,0.69495344,5.88901329
3150,9,0.53439343,5.37444258
3151,9,0.41589624,4.07241058
3152,9,0.80100113,5.22608948
3153,9,0.60360825,4.92833757
3154,9,0.61473167,4.01674509
3155,9,0.49282885,4.53889608
3156,9,0.65253806,4.05325985
3157,9,0.71197748,5.23268652
3158,9,0.73086464,4.32619286
3159,9,0.66124618,4.85595751
3160,9,0.57891905,4.86919117
3161,9,0.63544893,4.20691013
3162,9,0.55098748,4.26204062
3163,9,0.76369488,4.42250967
3164,9,0.61942255,3.11077690
3165,9,0.80825531,5.85016012
3166,9,0.52329421,2.75032091
3167,9,0.62972528,4.21706104
3168,9,0.50966620,4.47401524
3169,9,0.92758691,5.01170826
3170,9,0.66246355,5.66637897
3171,9,0.59585792,5.57738590
3172,9,0.48215675,2.88921499
3173,9,0.63641214,3.46085787
3174,9,0.68871927,5.97469378
3175,9,0.58810645,5.61162996
3176,9,0.63131285,4.44186974
3177,9,0.52722776,3.38448572
3178,9,0.56079447,3.82879758
3179,9,0.64414781,4.54280615
3180,9,0.61087418,3.89256573
3181,9,0.51678669,5.68529081
3182,9,0.58447903,4.21463728
3183,9,0.73907226,4.55815983
3184,9,0.76459640,5.36447287
3185,9,0.65364718,3.76577711
3186,9,0.70068592,5.22735214
3187,9,0.80057287,5.28607035
3188,9,0.54403800,3.37321830
3189,9,0.70369530,6.04145145
3190,9,0.57801533,3.04541206
3191,9,0.49904466,4.05667877
3192,9,0.59462857,3.31896281
3193,9,0.70833743,3.98807812
3194,9,0.59766173,10.73129463
3195,9,0.58280253,3.48164058
3196,9,0.62432182,5.65058184
3197,9,0.70073867,3.83412576
3198,9,0.55783463,4.92398024
3199,9,0.61707622,5.79593229
3200,9,0.57769549,5.09349632
3201,9,0.47401994,2.57757854
3202,9,0.62494940,4.81231213
3203,9,0.75037313,6.82158613
3204,9,0.73220444,6.52475643
3205,9,0.60933077,3.90941477
3206,9,0.89665055,4.63179207
3207,9,0.66689885,5.39641953
3208,9,0.55042911,3.24286270
3209,9,0.65984654,5.09545851
3210,9,0.73957139,5.31576204
3211,9,0.61932552,4.68790150
3212,9,0.46559024,3.67007136
3213,9,0.72537088,4.52234364
3214,9,0.71029115,6.11759520
3215,9,0.65427047,4.58153582
3216,9,0.73397207,4.78927088
3217,9,0.66751492,2.84032464
3218,9,0.52730155,4.14168787
3219,9,0.61252522,4.20039701
3220,9,0.75970364,5.47574282
3221,9,0.52357721,3.87831163
3222,9,0.51849347,2.91500664
3223,9,0.63587940,5.43234301
3224,9,0.65070713,5.24516106
3225,9,0.68249583,4.26678848
3226,9,0.49679211,3.06193018
3227,9,0.60914838,4.05270720
3228,9,0.64751840,6.70579529
3229,9,0.77427500,3.28206468
3230,9,0.78492427,4.51732779
3231,9,0.74404061,6.46609449
3232,9,0.68786126,5.18000364
3233,9,0.60784370,4.52447891
3234,9,0.65962112,4.55872297
3235,9,0.56433165,3.85301185
3236,9,0.53802752,3.81846356
3237,9,0.59104341,4.47092342
3238,9,0.45919120,3.79361129
3239,9,0.72563672,5.20299292
3240,9,0.83754551,4.24153709
3241,9,0.63848180,3.33405662
3242,9,0.84889364,5.12383986
3243,9,0.65653205,3.25334311
3244,9,0.55882472,3.44141889
3245,9,0.55552506,5.13111305
3246,9,0.57209969,3.29325461
3247,9,0.69797873,4.36487436
3248,9,0.50824082,3.04276967
3249,9,0.51295590,2.95416427
3250,9,0.68545902,4.64923716
3251,9,0.60376716,4.39761305
3252,9,0.43693450,4.17199850
3253,9,0.59561634,3.66569281
3254,9,0.69071901,4.17988682
3255,9,0.75929093,4.43211031
3256,9,0.76849389,4.56753683
3257,9,0.57009649,5.92592239
3258,9,0.58860052,5.76420975
3259,9,0.60912549,4.21517515
3260,9,0.63140053,4.01611471
3261,9,0.70905948,3.79448605
3262,9,0.67711365,6.06802416
3263,9,0.51283979,5.16351128
3264,9,0.67640913,6.41506481
3265,9,0.70551634,4.90691900
3266,9,0.84639847,3.84761453
3267,9,0.70484978,3.76367927
3268,9,0.64420056,3.69481111
3269,9,0.76679838,4.29550886
3270,9,0.66578025,4.06202936
3271,9,0.58337510,3.13675666
3272,9,0.69048858,3.32559228
3273,9,0.68928969,3.62086082
3274,9,0.71081144,4.44119835
3275,9,0.73058772,3.47723818
3276,9,0.57301456,3.86113596
3277,9,0.61065614,4.80052996
3278,9,0.66883087,3.22631669
3279,9,0.64162254,4.38683701
3280,9,0.73872054,4.45122766
3281,9,0.64473152,3.90715933
3282,9,0.63664681,4.47260427
3283,9,0.56453115,3.93189740
3284,9,0.75909913,3.90884423
3285,9,0.62609148,4.54989719
3286,9,0.52466989,4.01897717
3287,9,0.61625361,4.64295435
3288,9,0.59661913,5.69246435
3289,9,0.57519901,3.57776999
3290,9,0.66880947,4.73167467
3291,9,0.59691954,4.02129793
3292,9,0.64745951,3.89432216
3293,9,0.53356433,4.37323999
3294,9,0.66327077,6.31183243
3295,9,0.65683365,4.44803858
3296,9,0.59063065,5.01198196
3297,9,0.76905894,5.23678350
3298,9,0.64352357,5.39823866
3299,9,0.46092999,6.88298750
3300,9,0.61455131,3.64761949
3301,9,0.55898225,3.75633502
3302,9,0.67861366,4.00918913
3303,9,0.96448606,5.01942301
3304,9,0.51538384,4.86647320
3305,9,0.80473256,3.55008912
3306,9,0.60355836,3.42323375
3307,9,0.64217073,3.94380689
3308,9,0.65910578,3.74531150
3309,9,0.75969249,3.94756413
3310,9,0.75539267,3.64251089
3311,9,0.64441049,4.52974796
3312,9,0.62231302,5.00970507
3313,9,0.51651800,4.44468164
3314,9,0.71200287,4.93761969
3315,9,0.72466218,4.23966837
3316,9,0.55781609,4.38186169
3317,9,0.41749927,2.75128055
3318,9,0.51092911,3.66829252
3319,9,0.88715184,5.43542814
3320,9,0.62109852,4.72731113
3321,9,0.65354395,5.54701233
3322,9,0.52470851,4.14860821
3323,9,0.76423496,6.79216385
3324,9,0.66527641,5.04025412
3325,9,0.54386091,3.49059653
3326,9,0.62127560,3.91946912
3327,9,0.65760517,5.29925585
3328,9,0.68328106,4.96125221
3329,9,0.63602531,5.64832067
3330,9,0.75401431,4.42018890
3331,9,0.56127989,3.54526734
3332,9,0.83310896,3.41537237
3333,9,0.70681494,5.27312756
3334,9,0.69697964,3.93096781
3335,9,0.58837956,3.99402380
3336,9,0.74547744,4.88794279
3337,9,0.71458209,4.09338903
3338,9,0.61612201,5.16203117
3339,9,0.66683865,2.73621392
3340,9,0.74770802,4.51642895
3341,9,0.59970784,4.45440483
3342,9,0.58975685,3.37427831
3343,9,0.55423152,4.32856655
3344,9,0.77322114,4.23247528
3345,9,0.54462576,3.32730198
3346,9,0.59386706,4.00748062
3347,9,0.61505669,3.38600683
3348,9,0.83235943,5.73591328
3349,9,0.71173781,4.69383526
3350,9,0.57675093,2.50589681
3351,9,0.58026576,4.45612383
3352,9,0.63221729,3.89868140
3353,9,0.57397163,4.42197227
3354,9,0.51109016,3.68759704
3355,9,0.65447676,4.89424229
3356,9,0.62510633,3.66015792
3357,9,0.63622797,3.67760062
3358,9,0.51758695,4.87196159
3359,9,0.58380103,4.17774391
3360,9,0.70094550,4.15506458
3361,9,0.68693519,5.19873428
3362,9,0.58070099,4.90014839
3363,9,0.63709730,3.69470096
3364,9,0.58236086,4.12127686
3365,9,0.59381914,3.17955399
3366,9,0.60247171,3.89800620
3367,9,0.58595479,3.71147537
3368,9,0.73368448,6.80410194
3369,9,0.75918686,4.87550402
3370,9,0.74507046,4.96725368
3371,9,0.83022940,5.38267136
3372,9,0.60972214,4.28268194
3373,9,0.73979872,4.00450373
3374,9,0.79053617,4.08623600
3375,9,0.69758397,5.11762381
3376,9,0.66233945,4.02398062
3377,9,0.65962750,4.99284935
3378,9,0.75951034,4.87460470
3379,9,0.54545099,3.45303679
3380,9,0.55009282,3.23338556
3381,9,0.69342554,3.25965190
3382,9,0.62842286,5.20591593
3383,9,0.80191314,4.52486324
3384,9,0.59098512,3.55970216
3385,9,0.62376314,3.49828696
3386,9,0.66328692,5.17221785
3387,9,0.58850700,4.84604120
3388,9,0.67532861,5.20286608
3389,9,0.64815551,3.93772292
3390,9,0.64016134,3.75274181
3391,9,0.78847992,5.32079935
3392,9,0.57266986,5.24878979
3393,9,0.59529352,3.56664252
3394,9,0.63250625,5.05710649
3395,9,0.61126107,3.66837716
3396,9,0.61014110,4.88560820
3397,9,0.53887224,3.89092422
3398,9,0.82425058,5.06508732
3399,9,0.58690822,4.22471762
3400,9,0.74916387,4.64695311
3401,9,0.65969718,5.40913439
3402,9,0.63696200,4.31761551
3403,9,0.41275063,3.70745564
3404,9,0.53587437,4.98921299
3405,9,0.70758903,4.78647804
3406,9,0.68271071,3.91051173
3407,9,0.70177698,4.15423536
3408,9,0.72930264,5.71526766
3409,9,0.57349515,3.41790104
3410,9,0.46838748,5.65664625
3411,9,0.71223521,4.54361629
3412,9,0.62245965,3.71335173
3413,9,0.62157708,3.59847212
3414,9,0.71185529,4.09213257
3415,9,0.75930226,4.66194010
3416,9,0.61039340,3.83358598
3417,9,0.62981957,3.86105657
3418,9,0.43697929,3.16322923
3419,9,0.51622111,5.89282751
3420,9,0.52177286,4.47963381
3421,9,0.67300022,3.94735980
3422,9,0.65120959,4.87326479
3423,9,0.72299510,5.07172441
3424,9,0.78193653,6.41807556
3425,9,0.64369810,5.01522207
3426,9,0.52633572,4.86512709
3427,9,0.52949142,3.35788894
3428,9,0.68755966,7.12322140
3429,9,0.68319267,4.19208527
3430,9,0.52421033,5.04513884
3431,9,0.52620566,4.21285629
3432,9,0.68770742,3.31633925
3433,9,0.67026263,4.03266954
3434,9,0.63996768,3.59108686
3435,9,0.55563676,3.38800025
3436,9,0.60085487,4.68821049
3437,9,0.96284366,5.38886547
3438,9,0.78720635,7.50142288
3439,9,0.57172251,4.33022928
3440,9,0.59923661,4.63844109
3441,9,0.52140379,5.00305510
3442,9,0.69602275,4.45623064
3443,9,0.64069676,4.94313383
3444,9,0.72331953,3.85087299
3445,9,0.48709407,2.79923534
3446,9,0.60214430,3.17026138
3447,9,0.69439173,5.13789940
3448,9,0.58098149,4.22264528
3449,9,0.67457283,7.35592842
3450,9,0.57626772,4.09897089
3451,9,0.47232294,3.33538294
3452,9,0.53315794,3.32909846
3453,9,0.53281301,3.74876928
3454,9,0.75154591,8.07465458
3455,9,0.64100516,4.51363945
3456,9,0.55967867,5.68558455
3457,9,0.68440139,4.83506823
3458,9,0.40139252,4.10193491
3459,9,0.60336322,4.73238325
3460,9,0.67792284,5.91649961
3461,9,0.56062865,4.74627018
3462,9,0.60786927,5.61528540
3463,9,0.69253159,5.74965286
3464,9,0.67917490,5.33308983
3465,9,0.85991049,5.16768503
3466,9,0.58565599,4.85340738
3467,9,0.67025709,5.64730263
3468,9,0.57735348,4.20971775
3469,9,0.55752903,4.68082666
3470,9,0.58587080,4.53272533
3471,9,0.79493922,6.21360922
3472,9,0.50925970,4.73017120
3473,9,0.53116059,3.49665093
3474,9,0.62616342,5.61572742
3475,9,0.68389857,3.35574222
3476,9,0.66629863,3.90221882
3477,9,0.88505167,5.59631681
3478,9,0.77262157,4.20279121
3479,9,0.66926467,3.98997998
3480,9,0.71322227,3.67507410
3481,9,0.67801893,4.10728741
3482,9,0.65405476,4.47696066
3483,9,0.68427730,5.46067667
3484,9,0.56239754,3.75448155
3485,9,0.68323791,4.29568100
3486,9,0.74599051,4.25722408
3487,9,0.53458327,3.17978024
3488,9,0.52915418,4.43823862
3489,9,0.63972574,4.26265335
3490,9,0.71650732,3.57291055
3491,9,0.79460269,4.08236742
3492,9,0.61316115,4.65925741
3493,9,0.38399518,2.94030523
3494,9,0.74054241,6.18101501
3495,9,0.47515461,3.36068225
3496,9,0.56047797,5.33245707
3497,9,0.73417306,4.82417583
3498,9,0.63165849,3.37352276
3499,9,0.66106594,6.11617613
3500,9,0.61199075,2.98342967
3501,9,0.67945147,3.72799277
3502,9,0.44554883,2.72089672
3503,9,0.63000393,4.40061855
3504,9,0.64341021,5.03686762
3505,9,0.74758315,4.74335718
3506,9,0.65743846,3.70828819
3507,9,0.67556852,5.34469223
3508,9,0.66178596,5.02004862
3509,9,0.62497938,4.24782896
3510,9,0.62947363,3.35730147
3511,9,0.55148447,3.11329412
3512,9,0.64558303,4.21731138
3513,9,0.57819521,3.86887145
3514,9,0.78915501,5.94315863
3515,9,0.67967772,5.33760452
3516,9,0.58394325,3.30769062
3517,9,0.65526748,4.57281160
3518,9,0.41882983,4.97640371
3519,10,0.52538109,3.27391267
3520,10,0.65677416,6.02449894
3521,10,0.67783254,4.41669798
3522,10,0.65975416,4.57018375
3523,10,0.45291200,3.90588713
3524,10,0.59699821,4.17678022
3525,10,0.65630388,4.48758507
3526,10,0.56003910,2.75752497
3527,10,0.65068710,4.56729078
3528,10,0.66079813,6.21830606
3529,10,0.44020528,3.69412279
3530,10,0.51121163,3.08424211
3531,10,0.70020401,7.13402557
3532,10,0.61087584,6.27672672
3533,10,0.56642449,4.58470631
3534,10,0.79625899,5.37708235
3535,10,0.66951704,4.68348932
3536,10,0.62439156,5.55575943
3537,10,0.50806665,4.56001759
3538,10,0.41036826,3.52126527
3539,10,0.48873028,4.64538383
3540,10,0.47057629,3.70840788
3541,10,0.57946801,4.22725868
3542,10,0.61118758,5.72951412
3543,10,0.44477361,3.46404839
3544,10,0.65096503,3.45208478
3545,10,0.51529860,4.07625341
3546,10,0.60050601,4.99809885
3547,10,0.54558432,5.61582136
3548,10,0.59851646,4.03081083
3549,10,0.62473500,5.12829494
3550,10,0.57566899,3.22315431
3551,10,0.68305594,4.42790270
3552,10,0.65796888,3.88184094
3553,10,0.54468423,4.37116194
3554,10,0.63128352,3.55769324
3555,10,0.71246862,4.95599890
3556,10,0.62670195,6.99749947
3557,10,0.55765057,3.69431210
3558,10,0.54724836,4.06128025
3559,10,0.46841484,4.07944250
3560,10,0.56572849,4.51347113
3561,10,0.52377403,3.48776484
3562,10,0.47158253,3.22643638
3563,10,0.69477558,5.03022528
3564,10,0.59606993,3.61841702
3565,10,0.56688911,3.97390628
3566,10,0.44109648,3.48157334
3567,10,0.52378851,6.64795685
3568,10,0.51705074,3.81902122
3569,10,0.63226736,5.07623339
3570,10,0.64065647,5.51491404
3571,10,0.45670795,3.75868297
3572,10,0.79242462,5.58312511
3573,10,0.56561285,4.16878366
3574,10,0.57256287,3.43580222
3575,10,0.56547076,3.70646572
3576,10,0.54520047,4.21350622
3577,10,0.60352635,4.03040934
3578,10,0.64117932,4.78879118
3579,10,0.49602684,3.37565923
3580,10,0.59922653,3.55014467
3581,10,0.68571675,4.41398335
3582,10,0.39709330,3.64897394
3583,10,0.41161212,4.60137844
3584,10,0.59438807,7.15887690
3585,10,0.63106906,4.16311407
3586,10,0.72459614,6.10169840
3587,10,0.57702041,4.04127789
3588,10,0.66139227,6.75022030
3589,10,0.52124584,5.39535475
3590,10,0.55717027,3.55201793
3591,10,0.50127423,3.23233700
3592,10,0.60910803,5.54800177
3593,10,0.67685449,3.98914647
3594,10,0.56226295,3.87395930
3595,10,0.76787150,4.71512556
3596,10,0.69223857,4.05358934
3597,10,0.59105033,5.09381485
3598,10,0.66344953,3.68228531
3599,10,0.70008647,3.61188507
3600,10,0.47935918,4.16498613
3601,10,0.65553546,5.06741762
3602,10,0.54965329,4.76700640
3603,10,0.64431471,3.74133301
3604,10,0.62336230,4.27761269
3605,10,0.62908697,4.27529860
3606,10,0.66244346,3.57944655
3607,10,0.76507324,4.50199318
3608,10,0.62362552,4.40971279
3609,10,0.52621418,2.89159751
3610,10,0.64541209,4.91697741
3611,10,0.56475949,4.44527626
3612,10,0.75778544,5.22644520
3613,10,0.50228012,3.34956431
3614,10,0.57657188,6.94280243
3615,10,0.53061545,4.14567518
3616,10,0.64385432,2.83487225
3617,10,0.61258316,4.25612688
3618,10,0.72754574,6.27317524
3619,10,0.60757804,4.13544369
3620,10,0.74891764,4.18422890
3621,10,0.59705716,5.23224306
3622,10,0.67010748,6.19669151
3623,10,0.61205220,3.77036333
3624,10,0.64842898,4.01893044
3625,10,0.62647879,5.10539389
3626,10,0.65147841,6.03305101
3627,10,0.37992829,2.75307536
3628,10,0.86706030,7.88411617
3629,10,0.57412517,3.54375648
3630,10,0.58733058,4.38143682
3631,10,0.53832835,2.77906322
3632,10,0.51601171,2.74025869
3633,10,0.67265701,4.24641943
3634,10,0.62933183,3.92583942
3635,10,0.62856877,4.63520193
3636,10,0.62838382,4.15624619
3637,10,0.83294231,6.28344727
3638,10,0.55066109,3.20660472
3639,10,0.66145366,6.78290606
3640,10,0.67413074,5.56636000
3641,10,0.52873772,3.30419731
3642,10,0.46105015,2.71465039
3643,10,0.65236175,4.17126560
3644,10,0.71996498,4.69943476
3645,10,0.70445377,4.85761547
3646,10,0.44765162,4.37396431
3647,10,0.55444312,3.28181696
3648,10,0.59228861,3.62374711
3649,10,0.46846211,5.61579657
3650,10,0.62161672,5.52020025
3651,10,0.84322000,6.34384871
3652,10,0.59659111,5.57926464
3653,10,0.52434123,4.23047876
3654,10,0.51522291,3.22402310
3655,10,0.50923264,3.76692176
3656,10,0.69464898,6.00556231
3657,10,0.45046496,3.37626719
3658,10,0.61674196,5.01801586
3659,10,0.67572325,4.46931410
3660,10,0.63085431,3.21883583
3661,10,0.73510313,3.51684046
3662,10,0.69028449,4.10532951
3663,10,0.52948767,4.51961184
3664,10,0.55554724,5.53268385
3665,10,0.62938589,4.40063572
3666,10,0.78497159,4.55444479
3667,10,0.65645123,4.27858210
3668,10,0.49077940,4.02263546
3669,10,0.58995545,3.77010131
3670,10,0.55725253,3.05973577
3671,10,0.52044821,6.00691509
3672,10,0.66205621,3.71479392
3673,10,0.58924198,3.14515996
3674,10,0.67690837,4.41625643
3675,10,0.58127666,4.55984879
3676,10,0.57309252,4.05124331
3677,10,0.68414378,4.18352699
3678,10,0.60466522,4.03372526
3679,10,0.62500262,3.09212685
3680,10,0.58944082,3.09519482
3681,10,0.47373492,2.96294951
3682,10,0.79581773,4.44432497
3683,10,0.50814247,3.89230919
3684,10,0.58238477,3.74029064
3685,10,0.62776756,3.21012616
3686,10,0.59841025,5.35225439
3687,10,0.71768218,5.95296049
3688,10,0.43397313,4.54298830
3689,10,0.58785468,4.01714420
3690,10,0.60981625,9.42363358
3691,10,0.54736400,6.34980202
3692,10,0.65031505,3.90629292
3693,10,0.54569399,5.30530930
3694,10,0.59540129,4.46772480
3695,10,0.68703586,6.08042526
3696,10,0.74199867,6.15633535
3697,10,0.62747389,4.62260294
3698,10,0.63131475,4.77470016
3699,10,0.62708914,5.28076982
3700,10,0.69213462,3.72012258
3701,10,0.57702649,5.03413820
3702,10,0.72158521,6.23713064
3703,10,0.79873699,5.61157179
3704,10,0.58292824,2.70892167
3705,10,0.53055489,3.49381351
3706,10,0.59043384,2.88896561
3707,10,0.66045880,3.57925844
3708,10,0.68334442,5.08801413
3709,10,0.56175798,3.91854215
3710,10,0.73834956,6.13965511
3711,10,0.62533420,4.64186478
3712,10,0.49581134,3.92281771
3713,10,0.71773857,4.12297344
3714,10,0.75839406,4.71689367
3715,10,0.63246971,3.24058247
3716,10,0.73291254,4.21213198
3717,10,0.49748954,3.54406643
3718,10,0.56389773,3.99087882
3719,10,0.47844756,3.36315751
3720,10,0.43266749,2.52999640
3721,10,0.51215696,3.37791610
3722,10,0.52135432,4.42262125
3723,10,0.61850542,4.34476376
3724,10,0.57865578,3.03444624
3725,10,0.64749098,3.83842635
3726,10,0.67906666,3.56739092
3727,10,0.44261050,3.18872666
3728,10,0.52972525,4.02508307
3729,10,0.50987113,4.90869284
3730,10,0.72468215,4.41424847
3731,10,0.73802853,4.48063183
3732,10,0.62584412,4.47417927
3733,10,0.50966090,4.43691969
3734,10,0.71761900,3.38394904
3735,10,0.49154961,4.67697096
3736,10,0.58431315,4.09406185
3737,10,0.53623074,3.61209559
3738,10,0.59244561,4.61692142
3739,10,0.48825127,3.64038181
3740,10,0.64839911,4.76464701
3741,10,0.64683652,4.52153444
3742,10,0.65860903,6.79531717
3743,10,0.62262440,3.32213807
3744,10,0.47475338,5.22296762
3745,10,0.64154524,5.54785490
3746,10,0.53017867,4.40662336
3747,10,0.94834310,7.43955326
3748,10,0.69338357,7.87125063
3749,10,0.71878505,4.68756008
3750,10,0.74360353,4.55592918
3751,10,0.73089814,6.79246759
3752,10,0.61095679,7.16647148
3753,10,0.62060332,3.49257064
3754,10,0.58422852,3.66909528
3755,10,0.74406660,4.96659088
3756,10,0.68286413,3.75124002
3757,10,0.56662238,2.95708179
3758,10,0.73646009,3.64857793
3759,10,0.79348749,4.08896637
3760,10,0.79368651,5.35053396
3761,10,0.55033743,3.74251842
3762,10,0.66465014,4.66248369
3763,10,0.55192727,6.24426746
3764,10,0.58365679,2.74479890
3765,10,0.61231816,4.13678312
3766,10,0.74028158,5.09156656
3767,10,0.55545264,2.72811437
3768,10,0.52463973,4.34488344
3769,10,0.60886979,6.11076927
3770,10,0.63346308,4.77329826
3771,10,0.56323075,5.61385679
3772,10,0.56827456,4.26650190
3773,10,0.49131605,3.43322587
3774,10,0.56276071,4.64611959
3775,10,0.62531173,4.18717527
3776,10,0.58213031,5.92272520
3777,10,0.66122192,4.40326738
3778,10,0.57008553,3.79331326
3779,10,0.49254149,4.57992601
3780,10,0.67115426,4.18405342
3781,10,0.47292277,4.04739761
3782,10,0.57700711,5.08118153
3783,10,0.61048174,7.54298353
3784,10,0.57649666,4.49821758
3785,10,0.57190561,4.51997423
3786,10,0.64465541,4.28791618
3787,10,0.51749003,6.31082582
3788,10,0.60878074,4.09730196
3789,10,0.40414816,4.20162296
3790,10,0.66818446,3.75767684
3791,10,0.62150401,4.16496086
3792,10,0.48337638,3.77116609
3793,10,0.37581977,3.07732797
3794,10,0.49564549,5.06928968
3795,10,0.50901175,5.35545969
3796,10,0.49697673,4.14888763
3797,10,0.62049520,5.09365177
3798,10,0.66337055,4.39870548
3799,10,0.80762148,4.32144451
3800,10,0.63657069,4.42280817
3801,10,0.62747514,5.00168133
3802,10,0.56926590,3.68118501
3803,10,0.49354014,4.16611719
3804,10,0.49889147,3.78406596
3805,10,0.69173419,4.29639196
3806,10,0.72077894,4.64897823
3807,10,0.70891380,4.71999502
3808,10,0.53664720,4.49927902
3809,10,0.51476276,3.31550097
3810,10,0.60142815,4.16915607
3811,10,0.49987781,4.15144396
3812,10,0.57039958,2.89454412
3813,10,0.64256722,3.04591155
3814,10,0.50886095,3.78803372
3815,10,0.43709958,3.69869399
3816,10,0.61396885,6.18598986
3817,10,0.45744750,4.11272192
3818,10,0.66273594,4.53392172
3819,10,0.48123264,6.92492676
3820,10,0.55229372,4.15934086
3821,10,0.50513387,6.68022394
3822,10,0.75322717,5.64211369
3823,10,0.61419523,5.39947414
3824,10,0.62382448,4.25315619
3825,10,0.42973506,3.67976475
3826,10,0.68854403,5.14436960
3827,10,0.49397764,4.66326141
3828,10,0.57094193,4.99012852
3829,10,0.51179045,4.54680061
3830,10,0.57252717,3.60014582
3831,10,0.55291426,3.44487000
3832,10,0.75082135,5.87976217
3833,10,0.63758773,3.80961347
3834,10,0.60563689,5.37820530
3835,10,0.63680011,4.01588964
3836,10,0.60327679,4.01819658
3837,10,0.73077583,5.31585121
3838,10,0.67437172,4.00229597
3839,10,0.74014187,4.92920208
3840,10,0.55340862,4.38039875
3841,10,0.50904649,3.48293328
3842,10,0.49215180,4.80551338
3843,10,0.55949044,4.46139431
3844,10,0.79116505,5.41524363
3845,10,0.57201308,5.31697273
3846,10,0.63512111,4.44085264
3847,10,0.63450730,5.06815481
3848,10,0.51476604,3.74612498
3849,10,0.60250413,5.89891052
3850,10,0.69640493,5.62024403
3851,10,0.66016239,4.56096554
3852,10,0.60346961,3.71989369
3853,10,0.62199378,3.97075748
3854,10,0.55150908,3.50229430
3855,10,0.45493031,2.95976949
3856,10,0.65690947,4.35206890
3857,10,0.66876054,4.97044277
3858,10,0.74337310,3.84292912
3859,10,0.62191224,4.26388931
3860,10,0.52273250,3.71674895
3861,10,0.76490992,4.49735069
3862,10,0.54185927,2.61446166
3863,10,0.49759483,3.81867933
3864,10,0.58221179,3.66765213
3865,10,0.64856821,3.31658578
3866,10,0.76445138,4.48152208
3867,10,0.57626492,4.09582710
3868,10,0.49021009,4.74140978
3869,10,0.63191867,3.59367275
3870,10,0.42394587,4.09962845
3871,10,0.57674527,4.24469185
3872,10,0.57079458,3.95967078
3873,10,0.81390429,5.99358845
3874,10,0.76164436,5.48675299
3875,10,0.68184471,5.29881096
3876,10,0.44222355,3.42894983
3877,10,0.83793128,9.42894268
3878,10,0.68991220,5.11039591
3879,10,0.59535265,4.96941566
3880,10,0.49518445,3.80692267
3881,10,0.55122828,4.10590315
3882,10,0.47430152,4.69918013
3883,10,0.44216788,3.23110318
3884,10,0.51835996,3.41364384
3885,10,0.70507634,5.65728283
3886,10,0.51007986,3.44568372
3887,10,0.61013198,4.58678579
3888,10,0.59230244,3.95086122
3889,10,0.67542720,3.51558208
3890,10,0.59335876,4.31593895
3891,10,0.54498065,4.40004635
3892,10,0.54787207,4.03529119
3893,10,0.66435212,4.15473557
3894,10,0.46841791,4.97766781
3895,10,0.48705184,5.42264986
3896,10,0.57751310,4.57329988
3897,10,0.47583684,3.12919497
3898,10,0.67219794,4.51767778
3899,10,0.67257738,3.94502640
3900,10,0.48727295,3.09280396
3901,10,0.69352740,4.72432709
3902,10,0.50945222,3.38554645
3903,10,0.90406585,5.44409323
3904,10,0.55407560,3.85336065
3905,10,0.53642094,3.20230675
3906,10,0.64167583,5.79350758
3907,10,0.66470754,3.80039048
3908,10,0.54359663,4.93488598
3909,10,0.64032596,3.68991327
3910,11,0.59520662,3.71580124
3911,11,0.79101026,5.25164461
3912,11,0.50744903,3.08827305
3913,11,0.47861755,3.55321455
3914,11,0.68429917,3.76369333
3915,11,0.60550511,3.78437829
3916,11,0.66784769,5.31351995
3917,11,0.69884777,4.94384432
3918,11,0.63215089,4.23785639
3919,11,0.76659566,3.98964882
3920,11,0.49345657,3.61845756
3921,11,0.66203880,5.68661594
3922,11,0.60317886,3.09657073
3923,11,0.67918342,4.99431849
3924,11,0.65103769,5.87677860
3925,11,0.57023174,4.77585030
3926,11,0.61030179,4.92103243
3927,11,0.61349738,3.91843891
3928,11,0.44882280,4.69825792
3929,11,0.52916777,3.89827967
3930,11,0.68971497,4.73824692
3931,11,0.56335652,3.18902588
3932,11,0.52829272,4.42098856
3933,11,0.73915368,5.12650537
3934,11,0.54063249,3.90000963
3935,11,0.59349465,3.84594917
3936,11,0.53918529,3.63020015
3937,11,0.73636091,4.32958221
3938,11,0.47778147,4.46518373
3939,11,0.51659644,4.35246468
3940,11,0.57793576,5.33479071
3941,11,0.53503823,4.66305256
3942,11,0.85720432,5.56189537
3943,11,0.71013236,4.47412109
3944,11,0.66892308,3.80865312
3945,11,0.69793832,6.04931068
3946,11,0.72023332,6.89959955
3947,11,0.65616012,5.65179110
3948,11,0.52452141,4.63033915
3949,11,0.59711003,5.42351580
3950,11,0.42212820,5.75329971
3951,11,0.55835485,3.97686815
3952,11,0.56275177,2.61545873
3953,11,0.55461216,3.17593980
3954,11,0.54644418,3.30000353
3955,11,0.53884667,3.63818336
3956,11,0.58068180,4.27371025
3957,11,0.87730503,6.62619448
3958,11,0.62889189,5.36880779
3959,11,0.46450943,3.62264800
3960,11,0.59881020,4.28935099
3961,11,0.64961576,4.84100819
3962,11,0.63563335,4.15475035
3963,11,0.71918428,4.62003803
3964,11,0.55721813,4.22685623
3965,11,0.61308670,5.85510921
3966,11,0.65771997,3.24827981
3967,11,0.52685475,2.97439051
3968,11,0.48386648,3.03495097
3969,11,0.47679317,5.51027632
3970,11,0.58201385,4.10987949
3971,11,0.52466929,2.80135727
3972,11,0.57117373,4.43339062
3973,11,0.54171300,3.21702433
3974,11,0.52484131,4.17643642
3975,11,0.34382999,2.61125088
3976,11,0.60946435,4.51821184
3977,11,0.40372595,2.87623620
3978,11,0.58443069,7.26735973
3979,11,0.79446375,5.00596905
3980,11,0.53111750,5.13654566
3981,11,0.47205269,5.71887827
3982,11,0.70024294,5.71910334
3983,11,0.54372835,3.79058433
3984,11,0.49734277,3.55160499
3985,11,0.54945809,3.96868682
3986,11,0.73952347,4.12008667
3987,11,0.79869896,5.66370201
3988,11,0.59871781,3.87616849
3989,11,0.51604313,3.53348327
3990,11,0.70125759,5.14440966
3991,11,0.57595634,4.05950356
3992,11,0.56858224,3.62608385
3993,11,0.55624676,3.44594479
3994,11,0.58474493,4.39359522
3995,11,0.52027524,3.16568327
3996,11,0.61448944,4.64710045
3997,11,0.47991565,3.64597130
3998,11,0.54213983,4.86587429
3999,11,0.46821412,2.69323087
4000,11,0.45549810,2.88954568
4001,11,0.59313536,3.55777264
4002,11,0.63402569,4.65947199
4003,11,0.55711746,3.15202212
4004,11,0.64617383,4.46866512
4005,11,0.67386937,5.39238882
4006,11,0.60652518,7.07107019
4007,11,0.60593343,7.45874882
4008,11,0.47476441,3.43515825
4009,11,0.41306606,4.43852091
4010,11,0.47994596,4.92479563
4011,11,0.55250436,3.39753270
4012,11,0.39405158,2.76620054
4013,11,0.37155461,4.43009996
4014,11,0.53480399,3.72022963
4015,11,0.58923721,3.21079564
4016,11,0.66011596,4.59268379
4017,11,0.61396992,4.27368164
4018,11,0.50646484,3.26265883
4019,11,0.46887174,5.27824736
4020,11,0.64535153,3.82470679
4021,11,0.53648525,5.15610170
4022,11,0.60524130,5.23380709
4023,11,0.60988367,3.96503234
4024,11,0.61977088,5.66308117
4025,11,0.79381442,5.98896456
4026,11,0.56466562,5.77860022
4027,11,0.70980328,4.76244068
4028,11,0.52439815,3.70501494
4029,11,0.73507631,4.41505384
4030,11,0.57787204,3.83171320
4031,11,0.52747774,3.89218330
4032,11,0.52044845,3.59237719
4033,11,0.50543898,5.00997639
4034,11,0.57831979,5.83316278
4035,11,0.73331475,3.65632892
4036,11,0.79384750,5.78246880
4037,11,0.59759653,4.73874426
4038,11,0.52819937,3.64899588
4039,11,0.50703084,3.50727916
4040,11,0.52231175,2.95007777
4041,11,0.58154625,3.53671813
4042,11,0.67904508,4.10378122
4043,11,0.54144508,3.56736684
4044,11,0.60850161,3.87203598
4045,11,0.64617646,4.38329411
4046,11,0.79475784,5.93724632
4047,11,0.46533662,2.73612905
4048,11,0.65351892,4.45800114
4049,11,0.54995942,5.29568195
4050,11,0.74005604,4.83722591
4051,11,0.64098048,4.21039534
4052,11,0.46564835,3.31237888
4053,11,0.42972881,3.48641753
4054,11,0.51521617,4.16685486
4055,11,0.62371552,3.32815099
4056,11,0.68193287,4.40694714
4057,11,0.69110262,4.83185244
4058,11,0.50971252,3.05173945
4059,11,0.60042703,3.99512339
4060,11,0.46712369,3.12239099
4061,11,0.54588866,3.70647001
4062,11,0.49136966,3.03518128
4063,11,0.67525458,4.56561089
4064,11,0.55947578,4.20389223
4065,11,0.53229195,3.22771645
4066,11,0.55709451,5.12743664
4067,11,0.60536844,4.03526163
4068,11,0.51404637,3.55259156
4069,11,0.43153694,3.68581581
4070,11,0.48883229,2.91892982
4071,11,0.58561003,5.11636162
4072,11,0.67436123,5.28739262
4073,11,0.47830117,3.83223438
4074,11,0.44294018,3.99204803
4075,11,0.66450524,4.22760773
4076,11,0.74158609,5.73373032
4077,11,0.65197802,4.20546722
4078,11,0.68713737,4.94483566
4079,11,0.63747543,5.05216455
4080,11,0.55969346,4.04415512
4081,11,0.52454191,4.19889832
4082,11,0.49922836,3.58218956
4083,11,0.63018370,5.32620573
4084,11,0.53790724,3.56031513
4085,11,0.45997894,4.90215206
4086,11,0.65270698,5.30333948
4087,11,0.65346181,5.27340508
4088,11,0.47728509,5.15227985
4089,11,0.60735691,5.58632708
4090,11,0.76365256,5.94035244
4091,11,0.46038887,3.85858536
4092,11,0.54701853,5.13194942
4093,11,0.51504958,5.84893894
4094,11,0.58393043,3.89584184
4095,11,0.58460510,4.74429560
4096,11,0.55210477,4.11219120
4097,11,0.59682274,5.44222832
4098,11,0.48705119,4.99618959
4099,11,0.68179268,5.06318903
4100,11,0.56761485,6.37923384
4101,11,0.47522008,3.03680086
4102,11,0.59215826,3.03121972
4103,11,0.64072609,5.73694563
4104,11,0.65410823,3.57235622
4105,11,0.59641641,4.69316006
4106,11,0.48775345,3.34869051
4107,11,0.55271530,4.17690611
4108,11,0.60275513,3.62064624
4109,11,0.57203543,3.83327746
4110,11,0.60903579,3.92193222
4111,11,0.47339368,5.00564623
4112,11,0.48039174,3.65451956
4113,11,0.58549953,3.84689927
4114,11,0.55582088,4.02444887
4115,11,0.56454468,3.72502995
4116,11,0.44648695,4.09775352
4117,11,0.44608551,3.27017236
4118,11,0.73335576,5.37672329
4119,11,0.54761976,5.24032831
4120,11,0.57593852,3.97112513
4121,11,0.60878539,4.10791731
4122,11,0.55494452,3.71905160
4123,11,0.52299058,5.38786173
4124,11,0.76057643,4.61913729
4125,11,0.54552579,3.49407411
4126,11,0.57469463,3.75421667
4127,11,0.65415382,5.28773308
4128,11,0.51024246,5.16353607
4129,11,0.46227479,5.53170347
4130,11,0.39729747,3.70370102
4131,11,0.52291107,4.99068832
4132,11,0.55682707,3.30770397
4133,11,0.86605537,5.73444223
4134,11,0.61240822,3.93962336
4135,11,0.62918854,3.97411060
4136,11,0.58142734,4.75504732
4137,11,0.62040675,3.77482939
4138,11,0.63408035,4.07611799
4139,11,0.51595569,4.70567989
4140,11,0.64285612,4.98043728
4141,11,0.59098482,3.06407428
4142,11,0.57548332,3.50090361
4143,11,0.55346000,4.16888285
4144,11,0.60829687,4.23931265
4145,11,0.41426325,3.63988519
4146,11,0.56538451,2.83109713
4147,11,0.45275748,3.13300681
4148,11,0.56815588,2.80810857
4149,11,0.59999478,3.36934090
4150,11,0.54522932,3.41512752
4151,11,0.55269951,5.08815527
4152,11,0.51167935,3.48205376
4153,11,0.49073589,3.74897265
4154,11,0.54306340,4.20599985
4155,11,0.44322890,2.89037728
4156,11,0.61166286,4.79706669
4157,11,0.52454227,4.77281332
4158,11,0.49758238,3.16565585
4159,11,0.52115142,3.82496548
4160,11,0.50727546,4.33458328
4161,11,0.76232660,4.83137751
4162,11,0.60957563,4.22269869
4163,11,0.57590759,2.92322326
4164,11,0.45673209,3.46785140
4165,11,0.62098837,6.60736752
4166,11,0.69093931,4.31423950
4167,11,0.54495716,4.10412693
4168,11,0.77262014,4.73354530
4169,11,0.53569829,5.19675064
4170,11,0.51892745,4.90167665
4171,11,0.62722278,4.33631563
4172,11,0.62844408,3.84680009
4173,11,0.49270874,3.53960657
4174,11,0.57512796,3.96032596
4175,11,0.55159694,3.48761296
4176,11,0.55291963,4.07371759
4177,11,0.48007712,3.61355591
4178,11,0.58473420,3.94940162
4179,11,0.56170535,3.65243626
4180,11,0.80502987,6.31205559
4181,11,0.62612021,2.93577337
4182,11,0.66439813,4.93664551
4183,11,0.56510001,4.28806400
4184,11,0.53533494,4.73184633
4185,11,0.59616989,5.57960129
4186,11,0.68324399,5.08396244
4187,11,0.64059901,4.97795582
4188,11,0.50895250,3.08248734
4189,11,0.57969403,3.16770887
4190,11,0.56062442,5.26623440
4191,11,0.67186874,4.64567995
4192,11,0.63521725,3.75620508
4193,11,0.54016018,5.27743053
4194,11,0.50208437,3.92185378
4195,11,0.50432533,3.42572355
4196,11,0.43449455,4.74525547
4197,11,0.66834456,4.32131672
4198,11,0.84692085,4.96132612
4199,11,0.59541404,4.03800631
4200,11,0.37381375,2.93856287
4201,11,0.52899748,3.53658104
4202,11,0.65831387,3.51119685
4203,11,0.62017858,5.32533026
4204,11,0.55583405,5.28948498
4205,11,0.50144857,4.37692451
4206,11,0.54254079,6.19166088
4207,11,0.61674285,4.19217730
4208,11,0.76614118,6.80356312
4209,11,0.71334946,4.16101742
4210,11,0.75966233,3.92414451
4211,11,0.70951617,4.03252888
4212,11,0.53319150,3.83994174
4213,11,0.53414190,4.54155111
4214,11,0.56242061,4.00578356
4215,11,0.57139128,6.07288456
4216,11,0.58229750,3.39300036
4217,11,0.48512602,4.85204935
4218,11,0.61556846,2.81129336
4219,11,0.60688549,4.19445705
4220,11,0.65454978,5.11268616
4221,11,0.63901210,4.82069588
4222,11,0.45601916,4.09551096
4223,11,0.70390284,5.85878134
4224,11,0.63632441,4.57136869
4225,11,0.38958180,2.80222583
4226,11,0.65208519,4.86105108
4227,11,0.52100790,4.04319811
4228,11,0.57901907,3.23428631
4229,11,0.50297564,3.33617401
4230,11,0.66489983,4.57905006
4231,11,0.62442517,3.89927387
4232,11,0.38668031,2.96199512
4233,11,0.65150815,4.32380009
4234,11,0.66587800,4.27125692
4235,11,0.49678278,3.46451998
4236,11,0.62895453,3.53905606
4237,11,0.74493277,5.98659897
4238,11,0.81130767,5.15410519
4239,11,0.65309727,4.88027668
4240,11,0.57542217,3.03262949
4241,11,0.72116983,6.44117212
4242,11,0.59646702,6.48560572
4243,11,0.91196668,4.63437319
4244,11,0.64542663,3.80550599
4245,11,0.55107164,4.54840851
4246,11,0.72763950,5.77928352
4247,11,0.54583079,4.10597277
4248,11,0.50178838,4.01254034
4249,11,0.64681441,4.48477459
4250,11,0.58495259,3.25806999
4251,11,0.64887440,4.57333994
4252,11,0.58056211,5.11479616
4253,11,0.62740588,5.39973450
4254,11,0.60300195,2.92887783
4255,11,0.48732787,3.23201227
4256,11,0.50322741,3.84892631
4257,11,0.44583452,3.70456815
4258,11,0.46431258,4.21143866
4259,11,0.73442882,4.13326025
4260,11,0.50317478,2.56021762
4261,11,0.45881292,3.55203462
4262,11,0.71463239,5.53308678
4263,11,0.67180902,2.94411683
4264,11,0.40425292,3.23640013
4265,11,0.63371646,4.76739550
4266,11,0.51760471,3.90826702
4267,11,0.48676974,3.36381412
4268,11,0.40847406,4.72649384
4269,11,0.57567722,3.98007035
4270,11,0.54463887,3.34454036
4271,11,0.65669441,4.52628946
4272,11,0.54034811,4.04689026
4273,11,0.51592624,3.39180708
4274,11,0.50742543,4.13102198
4275,11,0.57114995,3.75615406
4276,11,0.59698462,4.48058748
4277,11,0.45666969,4.35911083
4278,11,0.81448311,5.19226217
4279,11,0.65530229,5.55748272
4280,11,0.63970268,4.07726240
4281,11,0.53307188,3.95753908
4282,11,0.56401169,5.28920650
4283,11,0.61832124,5.45073462
4284,11,0.61178339,4.48791456
4285,11,0.52621186,5.01297426
4286,11,0.71231985,5.16139030
4287,11,0.60559517,4.16798353
4288,11,0.53491902,5.33981228
4289,11,0.64283693,5.17020082
4290,11,0.54128951,4.02323818
4291,11,0.50904238,3.77461934
4292,11,0.54702795,4.13977671
4293,11,0.53970623,5.14327812
4294,11,0.57082236,4.11788607
4295,11,0.54802096,3.69015956
4296,11,0.78796828,4.71365929
4297,11,0.63501292,4.16212034
4298,11,0.76530898,4.63953686
4299,11,0.72532880,5.12021542
4300,11,0.86660576,4.72388601
4301,12,0.54995590,4.72533798
4302,12,0.55207634,4.97462130
4303,12,0.49949408,4.27522850
4304,12,0.56279421,2.64804554
4305,12,0.52647001,3.38990593
4306,12,0.54698479,3.30255699
4307,12,0.58687079,3.86657119
4308,12,0.68889749,6.83142090
4309,12,0.48318869,3.99531078
4310,12,0.42839390,2.68449402
4311,12,0.55595821,3.97215390
4312,12,0.53276515,4.23815203
4313,12,0.56066656,4.78100491
4314,12,0.36755693,4.14928961
4315,12,0.63669908,4.26891327
4316,12,0.44988650,4.37364721
4317,12,0.52573407,5.68749619
4318,12,0.68081278,7.05006170
4319,12,0.62443638,4.90965414
4320,12,0.54696804,3.89846015
4321,12,0.57581562,3.76536298
4322,12,0.48812479,2.80158019
4323,12,0.68343800,4.33432770
4324,12,0.62896335,3.71178651
4325,12,0.60432088,4.51839113
4326,12,0.61082351,5.91846609
4327,12,0.47983143,5.53151321
4328,12,0.72908747,8.45356274
4329,12,0.57636005,2.92977738
4330,12,0.61747444,2.90515113
4331,12,0.49363106,3.09867620
4332,12,0.51957387,4.65357161
4333,12,0.67833525,5.36250353
4334,12,0.51793122,3.57242227
4335,12,0.62289566,3.77162910
4336,12,0.36712360,2.86462855
4337,12,0.59393942,4.49626684
4338,12,0.46508074,3.57874846
4339,12,0.62664568,4.85664701
4340,12,0.51113856,6.04616404
4341,12,0.54432499,3.00602174
4342,12,0.53193009,3.85160184
4343,12,0.65235639,3.93922210
4344,12,0.51786160,4.72425747
4345,12,0.46230838,3.71830058
4346,12,0.57240725,3.50174308
4347,12,0.51325560,4.18850517
4348,12,0.73839104,3.91833448
4349,12,0.74019861,3.32184744
4350,12,0.52740031,3.96488118
4351,12,0.56623256,4.56023979
4352,12,0.53714156,3.14333105
4353,12,0.46613428,4.40619326
4354,12,0.53037584,6.99993992
4355,12,0.46714890,3.13654327
4356,12,0.51861036,3.27144551
4357,12,0.54618931,4.42666483
4358,12,0.57880902,5.11331320
4359,12,0.50858521,2.73342729
4360,12,0.52785796,4.09425735
4361,12,0.44519156,3.36921668
4362,12,0.42153925,3.34244251
4363,12,0.49514464,5.20454311
4364,12,0.56020534,4.65030003
4365,12,0.59253091,4.92362261
4366,12,0.47487998,3.73927045
4367,12,0.45428973,3.71251702
4368,12,0.53628552,3.23647523
4369,12,0.49406672,4.80884790
4370,12,0.59910160,4.66251421
4371,12,0.48693234,5.01412344
4372,12,0.78057516,5.68708563
4373,12,0.49696881,3.28359485
4374,12,0.49372536,4.64897871
4375,12,0.56813145,4.27267456
4376,12,0.60804290,4.25038433
4377,12,0.53032577,3.61130095
4378,12,0.43872330,4.49989748
4379,12,0.78371596,5.00876760
4380,12,0.52946752,5.38894844
4381,12,0.43664861,4.11574984
4382,12,0.72504526,3.64233065
4383,12,0.57392979,4.28788900
4384,12,0.40913785,3.64148355
4385,12,0.60936564,3.42203093
4386,12,0.45629448,3.46941090
4387,12,0.74419242,3.91560888
4388,12,0.51942229,4.15117741
4389,12,0.59768105,4.45209980
4390,12,0.48355505,3.24713612
4391,12,0.59812623,3.39298391
4392,12,0.40038377,3.14473128
4393,12,0.41068178,3.17113709
4394,12,0.47137049,2.94793653
4395,12,0.62956911,4.99315023
4396,12,0.58240008,2.85521865
4397,12,0.59971428,4.49750757
4398,12,0.58607459,4.41178799
4399,12,0.58814943,4.79428720
4400,12,0.50834846,4.77673626
4401,12,0.36034423,5.66316319
4402,12,0.47541380,3.01066828
4403,12,0.52599955,3.80831075
4404,12,0.48511314,3.19934368
4405,12,0.55477321,3.37373924
4406,12,0.45754194,3.98771453
4407,12,0.67326140,4.42573166
4408,12,0.63809252,4.47033501
4409,12,0.60833716,5.25597382
4410,12,0.57527250,6.04399300
4411,12,0.72991431,5.39080429
4412,12,0.45884711,3.52243376
4413,12,0.56332552,4.39223957
4414,12,0.65976864,4.71154785
4415,12,0.63123471,3.82534647
4416,12,0.72643232,4.83039522
4417,12,0.55440867,3.55082035
4418,12,0.52388710,4.16419125
4419,12,0.52321529,3.37658453
4420,12,0.56907845,4.29525709
4421,12,0.53017181,5.96648693
4422,12,0.48217303,2.59787250
4423,12,0.64539647,5.71073532
4424,12,0.46420938,4.05042744
4425,12,0.52595019,3.31659007
4426,12,0.46754211,4.79910040
4427,12,0.51866907,4.76401711
4428,12,0.59990972,5.17144680
4429,12,0.51933157,3.08766460
4430,12,0.61053193,5.36678123
4431,12,0.58232224,3.99530435
4432,12,0.59484196,4.79612207
4433,12,0.61503673,4.11056662
4434,12,0.48089540,5.21227312
4435,12,0.59444863,6.08105230
4436,12,0.55626386,3.77636051
4437,12,0.48332006,5.79258728
4438,12,0.56576365,3.98489594
4439,12,0.48345402,4.76409245
4440,12,0.63589132,4.08062267
4441,12,0.52907509,4.44819307
4442,12,0.52687770,3.10884833
4443,12,0.64317030,5.92343473
4444,12,0.53235173,4.37606144
4445,12,0.52898300,3.32744312
4446,12,0.52106583,3.78418231
4447,12,0.53922540,4.40440798
4448,12,0.57567894,4.07160234
4449,12,0.52058947,4.58739138
4450,12,0.53366029,4.65905428
4451,12,0.50455821,4.53990316
4452,12,0.42186922,2.98915052
4453,12,0.73290122,3.98801398
4454,12,0.55252206,4.39399910
4455,12,0.53780520,3.79852843
4456,12,0.59634382,4.72524691
4457,12,0.70322025,7.43824577
4458,12,0.66945469,3.65836883
4459,12,0.63575298,4.36220884
4460,12,0.54701471,4.21589231
4461,12,0.74465179,5.92165613
4462,12,0.62402654,5.47491884
4463,12,0.48909059,3.16580796
4464,12,0.62210751,5.17334795
4465,12,0.55799246,4.33833408
4466,12,0.51825398,3.07623935
4467,12,0.68356210,3.40105534
4468,12,0.47219741,3.66914392
4469,12,0.55376846,3.02014327
4470,12,0.57793355,3.67022491
4471,12,0.44287607,3.50228786
4472,12,0.45507377,3.66865563
4473,12,0.49944925,3.89154458
4474,12,0.63652396,4.61401939
4475,12,0.73382401,4.33326674
4476,12,0.38365644,2.80727458
4477,12,0.45181414,3.76456738
4478,12,0.65135068,4.34049368
4479,12,0.52181768,4.15596056
4480,12,0.56673616,3.11959863
4481,12,0.52012742,3.36064100
4482,12,0.50004619,4.01626539
4483,12,0.65561736,3.99579644
4484,12,0.50008011,6.59614325
4485,12,0.50277644,3.73789072
4486,12,0.69516492,6.15616131
4487,12,0.41457713,3.35521007
4488,12,0.60568368,6.13321781
4489,12,0.61084455,6.29810238
4490,12,0.52628779,3.18920159
4491,12,0.50655097,3.44964147
4492,12,0.58568347,4.80900145
4493,12,0.62669140,4.07577848
4494,12,0.65384465,5.89675331
4495,12,0.48424378,3.34186268
4496,12,0.68591869,3.53360462
4497,12,0.62185985,3.89361382
4498,12,0.65120220,5.03443623
4499,12,0.55734265,4.95561790
4500,12,0.49329817,4.65227032
4501,12,0.60191685,4.75493526
4502,12,0.54002142,4.15065002
4503,12,0.61822975,3.25904059
4504,12,0.51059318,3.33707619
4505,12,0.64779919,3.77999687
4506,12,0.54732120,4.19095039
4507,12,0.53245866,3.68654418
4508,12,0.39523703,3.62131619
4509,12,0.50874031,5.54142857
4510,12,0.55557001,5.62062073
4511,12,0.33717781,2.61891699
4512,12,0.60885495,3.42518139
4513,12,0.44727355,4.60105610
4514,12,0.60370708,3.49451447
4515,12,0.37692863,3.60694432
4516,12,0.59763658,5.60153437
4517,12,0.57510692,3.87364674
4518,12,0.61034048,5.08031750
4519,12,0.44884193,3.85176253
4520,12,0.63297606,3.78135133
4521,12,0.50290060,4.37854338
4522,12,0.41701931,4.27734900
4523,12,0.41231394,4.89843941
4524,12,0.42971206,3.63658881
4525,12,0.59345299,4.17685556
4526,12,0.65263981,5.73698425
4527,12,0.51384741,4.35358286
4528,12,0.35753655,3.65850830
4529,12,0.60799801,5.29274273
4530,12,0.32845929,3.40784812
4531,12,0.51962727,5.69520950
4532,12,0.44336334,3.69945145
4533,12,0.42064363,3.53236365
4534,12,0.61812037,3.39164972
4535,12,0.62277192,5.54653645
4536,12,0.48201609,3.14590526
4537,12,0.47871637,5.21511221
4538,12,0.56812835,6.98331642
4539,12,0.56050456,4.16777468
4540,12,0.60317111,5.80565262
4541,12,0.69916332,6.02369356
4542,12,0.71628606,5.31908703
4543,12,0.46047992,3.84785199
4544,12,0.60983634,3.43114209
4545,12,0.66379488,4.49856663
4546,12,0.49662656,4.64995956
4547,12,0.66235852,5.82688951
4548,12,0.54559124,3.98132586
4549,12,0.55123591,3.86648583
4550,12,0.51152939,3.66103601
4551,12,0.59036505,4.21314144
4552,12,0.54101604,3.40618110
4553,12,0.44637138,3.83189154
4554,12,0.54767251,4.47873402
4555,12,0.52031189,5.45741987
4556,12,0.54432946,3.91229463
4557,12,0.51311970,4.11718559
4558,12,0.48684052,3.45527101
4559,12,0.49021029,3.30764294
4560,12,0.62972450,5.45271063
4561,12,0.54279053,4.06158924
4562,12,0.48053634,3.19775867
4563,12,0.48832804,4.50163603
4564,12,0.84371018,4.12469959
4565,12,0.53317797,3.90560770
4566,12,0.52863240,inf
4567,12,0.60058498,5.15299559
4568,12,0.55285549,5.22947788
4569,12,0.63775754,3.76825571
4570,12,0.74676830,8.09155464
4571,12,0.65033114,4.61088896
4572,12,0.50602937,3.07432246
4573,12,0.53790021,4.26636839
4574,12,0.62063253,4.50120735
4575,12,0.68209732,5.64759302
4576,12,0.39941937,3.31921506
4577,12,0.54464847,4.13598108
4578,12,0.55297643,3.08917165
4579,12,0.49863213,3.04438424
4580,12,0.58894140,3.85967731
4581,12,0.47714239,3.48381090
4582,12,0.73623765,4.63046741
4583,12,0.54506838,3.58261323
4584,12,0.49304816,2.76665115
4585,12,0.53028381,4.27821541
4586,12,0.41206527,3.45557165
4587,12,0.65313685,4.25726557
4588,12,0.49816048,4.37531805
4589,12,0.33886984,2.63324928
4590,12,0.47157112,4.26527691
4591,12,0.55150443,3.12943053
4592,12,0.50832343,4.05336380
4593,12,0.50611627,4.45231628
4594,12,0.53347677,6.16509724
4595,12,0.61002898,4.38798189
4596,12,0.57739353,3.39825845
4597,12,0.52762055,3.34159017
4598,12,0.55362463,4.65242672
4599,12,0.37763000,2.90355968
4600,12,0.60728854,5.57182169
4601,12,0.57112312,4.22667599
4602,12,0.49357051,3.49660492
4603,12,0.67345995,5.47553778
4604,12,0.64794141,4.54033995
4605,12,0.73461443,4.06906271
4606,12,0.51580954,3.43402386
4607,12,0.47668058,3.46469116
4608,12,0.55592984,3.33750343
4609,12,0.53354400,3.77411580
4610,12,0.48165399,3.66115737
4611,12,0.70330989,5.61895227
4612,12,0.52212191,3.62762332
4613,12,0.51463795,4.74242640
4614,12,0.56913906,3.18432331
4615,12,0.57770586,4.29501724
4616,12,0.61912942,4.40094280
4617,12,0.56073725,3.22075415
4618,12,0.53553629,4.38206768
4619,12,0.72208881,5.10605192
4620,12,0.45475125,2.60672975
4621,12,0.54555851,3.82169104
4622,12,0.56934232,3.75150728
4623,12,0.44166207,2.68795776
4624,12,0.48632437,4.39846563
4625,12,0.48716640,2.85776806
4626,12,0.53874505,4.94893074
4627,12,0.47372597,3.84228730
4628,12,0.44618720,4.90226793
4629,12,0.47992933,3.38280582
4630,12,0.55358911,3.41018391
4631,12,0.47275746,4.52651691
4632,12,0.45471576,4.60468292
4633,12,0.58214927,5.09418344
4634,12,0.60071146,4.43371248
4635,12,0.45329186,3.06594038
4636,12,0.52156174,4.12190533
4637,12,0.66466528,4.01559544
4638,12,0.59957051,5.74272966
4639,12,0.50448012,4.19321394
4640,12,0.42986348,3.42268634
4641,12,0.58301866,5.56155634
4642,12,0.57687557,4.35548449
4643,12,0.46582446,3.42476106
4644,12,0.57961047,3.86142802
4645,12,0.45912662,3.45345068
4646,12,0.46060598,4.80417061
4647,12,0.54933459,5.14766502
4648,12,0.73377228,5.35818291
4649,12,0.59159911,5.82612705
4650,12,0.55426949,3.93372393
4651,12,0.48824117,3.43390894
4652,12,0.62275398,3.54446054
4653,12,0.46604127,4.46029377
4654,12,0.71602207,4.83257532
4655,12,0.61504263,4.42435360
4656,12,0.55710554,3.48471117
4657,12,0.50684023,3.78350711
4658,12,0.50299597,3.26407909
4659,12,0.57377928,3.16330266
4660,12,0.53867733,4.10907459
4661,12,0.52502954,3.56253099
4662,12,0.44580436,3.62227273
4663,12,0.61582780,4.87879705
4664,12,0.65070242,3.42137766
4665,12,0.66352230,4.39500952
4666,12,0.57409751,2.93200302
4667,12,0.60349321,5.34852886
4668,12,0.57348794,4.68387079
4669,12,0.58585310,4.95521069
4670,12,0.65441072,4.27909136
4671,12,0.55488330,5.63753128
4672,12,0.56929958,2.70264745
4673,12,0.55969352,7.35686207
4674,12,0.49420261,3.46303296
4675,12,0.38361469,3.18315244
4676,12,0.65036124,4.73181295
4677,12,0.58852530,4.26814604
4678,12,0.52704370,3.20305848
4679,12,0.59163630,3.55656719
4680,12,0.52787727,3.97036767
4681,12,0.50357974,3.50892949
4682,12,0.44230980,3.50234723
4683,12,0.55747157,3.61494350
4684,12,0.56897235,3.80634999
4685,12,0.50268614,3.64589238
4686,12,0.45652008,4.62397909
4687,12,0.61929214,4.19755507
4688,12,0.56309748,4.09202671
4689,12,0.61720753,5.64586687
4690,12,0.53796697,4.60563278
4691,12,0.51440012,6.47556162
4692,13,0.38784143,2.77949739
4693,13,0.45859045,3.24963331
4694,13,0.56294590,3.67945814
4695,13,0.43949446,2.78497100
4696,13,0.43700957,3.52637100
4697,13,0.48275721,3.52129483
4698,13,0.49336013,3.53450251
4699,13,0.51044160,4.69918060
4700,13,0.54005891,5.57182932
4701,13,0.45152289,3.00611901
4702,13,0.60525382,3.93568635
4703,13,0.49358538,4.21552372
4704,13,0.54835981,5.17857742
4705,13,0.53114372,4.13681793
4706,13,0.45289880,3.72043991
4707,13,0.44011801,4.14314508
4708,13,0.50434399,3.40244770
4709,13,0.72040856,3.56505108
4710,13,0.40524444,5.29039907
4711,13,0.60574186,3.70209384
4712,13,0.46773139,2.91134405
4713,13,0.34338605,3.56459188
4714,13,0.38093114,3.22902107
4715,13,0.33094352,3.46641064
4716,13,0.42633584,3.87548614
4717,13,0.65144616,5.29390764
4718,13,0.40378106,2.76264906
4719,13,0.57913357,5.10239649
4720,13,0.57830989,3.94413114
4721,13,0.60118371,4.23202848
4722,13,0.55250305,5.91832304
4723,13,0.50969732,3.43679380
4724,13,0.53402925,3.52715874
4725,13,0.68642712,4.08231449
4726,13,0.51725715,3.60773993
4727,13,0.60099590,3.94946814
4728,13,0.49715197,4.22744322
4729,13,0.42840704,3.39886928
4730,13,0.54075146,3.75486493
4731,13,0.54713780,5.43873549
4732,13,0.57860863,3.99980688
4733,13,0.35298836,3.33702683
4734,13,0.43994644,2.95631886
4735,13,0.51066917,3.50491548
4736,13,0.48310262,4.42557287
4737,13,0.56879282,6.04566717
4738,13,0.57526618,2.89005208
4739,13,0.51440972,3.95180035
4740,13,0.71947229,4.47204590
4741,13,0.50095868,3.85709977
4742,13,0.72469068,5.94505787
4743,13,0.47000685,4.26869631
4744,13,0.50874633,3.49248195
4745,13,0.44407398,3.02672243
4746,13,0.45467687,3.49769783
4747,13,0.56096822,5.41333437
4748,13,0.58262920,5.61631346
4749,13,0.48713860,3.06733751
4750,13,0.38278517,5.40827417
4751,13,0.62017709,6.03692007
4752,13,0.46180141,3.08134079
4753,13,0.43410456,4.01717234
4754,13,0.44837505,2.95608640
4755,13,0.50220269,4.94029808
4756,13,0.44709912,3.71153927
4757,13,0.59445405,4.24416256
4758,13,0.45257300,4.07026863
4759,13,0.60336089,6.65683651
4760,13,0.52732068,5.83478260
4761,13,0.45131290,3.38679743
4762,13,0.61053008,5.34447193
4763,13,0.53122735,5.37359428
4764,13,0.52074707,3.04554796
4765,13,0.49884725,3.60396886
4766,13,0.61701852,4.43384552
4767,13,0.60472262,6.00574541
4768,13,0.76653659,4.93949890
4769,13,0.57372963,3.25811577
4770,13,0.48055321,3.70505810
4771,13,0.42456517,4.91030741
4772,13,0.42648801,2.48611116
4773,13,0.50875854,3.90144563
4774,13,0.53222209,4.26085615
4775,13,0.63084912,4.62678242
4776,13,0.51882797,4.05793619
4777,13,0.55563259,4.09821844
4778,13,0.68056947,5.42389107
4779,13,0.40713060,3.91347742
4780,13,0.61029488,4.99613380
4781,13,0.52947378,3.30616522
4782,13,0.70480090,5.72482538
4783,13,0.50183666,3.21962309
4784,13,0.59270990,3.09411192
4785,13,0.51312965,3.90771580
4786,13,0.54545116,4.55321264
4787,13,0.47027934,4.47952509
4788,13,0.54239583,2.64007235
4789,13,0.58808029,3.54585481
4790,13,0.50193340,4.12169218
4791,13,0.51447082,3.96116042
4792,13,0.65579820,4.31525993
4793,13,0.61583376,4.43422604
4794,13,0.30419749,2.85842204
4795,13,0.43418139,2.51299047
4796,13,0.48183239,4.02976274
4797,13,0.46615568,3.98722768
4798,13,0.65990174,3.81346679
4799,13,0.43640494,3.61670470
4800,13,0.42786452,3.14999652
4801,13,0.51119828,3.76505375
4802,13,0.50748622,5.09587479
4803,13,0.49824935,3.80223536
4804,13,0.60795861,4.41476059
4805,13,0.56195664,5.59019899
4806,13,0.46481866,4.51027346
4807,13,0.51131403,3.75625181
4808,13,0.34204811,3.53839040
4809,13,0.43923789,2.88343239
4810,13,0.42940381,3.59474087
4811,13,0.44158360,4.65747213
4812,13,0.48118460,3.28758454
4813,13,0.54200888,5.26612806
4814,13,0.45419049,4.54981995
4815,13,0.47052339,4.36532593
4816,13,0.48784733,5.89945126
4817,13,0.58101338,4.07465839
4818,13,0.66151434,4.91178989
4819,13,0.51714599,3.72064042
4820,13,0.53292942,3.86237669
4821,13,0.33761260,3.16462255
4822,13,0.70628154,6.06850767
4823,13,0.46547365,4.43349028
4824,13,0.79442173,7.51559544
4825,13,0.57586408,4.99857616
4826,13,0.33172756,4.36846495
4827,13,0.42041826,3.62008739
4828,13,0.60499972,3.78702807
4829,13,0.47331733,3.17101097
4830,13,0.71640188,7.58449650
4831,13,0.60265034,3.69798112
4832,13,0.63726169,3.98993707
4833,13,0.64146394,4.81687212
4834,13,0.47827318,4.84480762
4835,13,0.51344812,3.73000884
4836,13,0.57949150,3.14841557
4837,13,0.40661699,2.48473048
4838,13,0.49011514,3.03941154
4839,13,0.60223794,5.78107500
4840,13,0.54370290,6.96043730
4841,13,0.54060781,3.10307789
4842,13,0.48505417,4.62478161
4843,13,0.50114501,3.68221283
4844,13,0.56507784,5.41385603
4845,13,0.54180723,5.76731348
4846,13,0.38333091,3.15652943
4847,13,0.54508245,3.38593364
4848,13,0.64666438,3.94157529
4849,13,0.48829681,4.20617580
4850,13,0.44238785,3.41420197
4851,13,0.59524143,4.61597919
4852,13,0.52589339,5.05100346
4853,13,0.46752530,2.72540712
4854,13,0.48873183,3.72551131
4855,13,0.64092314,4.23506880
4856,13,0.54347277,4.73591185
4857,13,0.79925144,3.63839412
4858,13,0.59496272,3.58544302
4859,13,0.49803185,3.58085084
4860,13,0.58564520,4.18626738
4861,13,0.56083632,4.36389780
4862,13,0.54464424,4.04384565
4863,13,0.54411614,4.26613617
4864,13,0.39517856,3.28275299
4865,13,0.57180488,3.24056363
4866,13,0.62509471,4.46048117
4867,13,0.52541482,4.15802240
4868,13,0.52667749,3.55676579
4869,13,0.46449289,4.26198721
4870,13,0.52991521,2.89762425
4871,13,0.51047796,3.38545513
4872,13,0.56887269,3.56645775
4873,13,0.49662134,3.19047832
4874,13,0.48126262,5.98501158
4875,13,0.47576490,3.11031008
4876,13,0.54791778,2.92268276
4877,13,0.50995553,5.01687574
4878,13,0.48601186,4.02374077
4879,13,0.40859485,3.64954448
4880,13,0.48027888,4.31830788
4881,13,0.55026728,4.75301075
4882,13,0.35831076,5.06163788
4883,13,0.41775283,5.73684740
4884,13,0.60541463,4.29964209
4885,13,0.61147767,4.59450912
4886,13,0.50371516,4.00487566
4887,13,0.58511889,5.58148003
4888,13,0.48241454,4.19114733
4889,13,0.49394494,3.05420971
4890,13,0.64493597,4.23740292
4891,13,0.49517292,3.33481669
4892,13,0.55921346,4.39227724
4893,13,0.41380772,2.96011496
4894,13,0.57494581,3.20107341
4895,13,0.52643871,3.62684226
4896,13,0.43662137,3.08360934
4897,13,0.50728732,6.52810907
4898,13,0.47977674,3.38768840
4899,13,0.52945852,2.89349627
4900,13,0.54032683,4.47975397
4901,13,0.49814302,5.84274673
4902,13,0.61940771,5.19459724
4903,13,0.47479069,3.43276644
4904,13,0.43012530,3.96802211
4905,13,0.58612448,4.44880438
4906,13,0.55684131,3.90559983
4907,13,0.67677569,4.32645559
4908,13,0.56073558,3.64289403
4909,13,0.61824638,5.38204384
4910,13,0.64430189,7.40479851
4911,13,0.56707281,5.49770164
4912,13,0.64947098,4.66205502
4913,13,0.56330264,4.60098886
4914,13,0.66517872,3.38945222
4915,13,0.54569286,3.54084396
4916,13,0.49050149,7.41475916
4917,13,0.50556314,3.76689315
4918,13,0.79552627,5.24952459
4919,13,0.51446402,3.70125461
4920,13,0.50470430,4.76481724
4921,13,0.42809480,4.13314152
4922,13,0.56163621,5.68323612
4923,13,0.55111337,4.80405712
4924,13,0.46500909,2.58659410
4925,13,0.40871546,3.58938670
4926,13,0.57828605,3.45760036
4927,13,0.54948705,3.46271229
4928,13,0.66882730,4.45429134
4929,13,0.45324987,3.19716716
4930,13,0.50267208,3.69663453
4931,13,0.44504887,3.80717897
4932,13,0.41838995,3.26343918
4933,13,0.50578892,4.17053652
4934,13,0.58099812,4.49022627
4935,13,0.47205031,3.27042627
4936,13,0.44965720,3.24295235
4937,13,0.54251432,4.73601341
4938,13,0.40538114,4.17368746
4939,13,0.48906410,5.10187292
4940,13,0.55287838,5.54496193
4941,13,0.65755141,4.87212753
4942,13,0.50867331,6.52611113
4943,13,0.48993710,5.20709991
4944,13,0.42798677,4.86724281
4945,13,0.49709111,4.22996473
4946,13,0.64253795,4.03056240
4947,13,0.61471599,4.23791409
4948,13,0.50259107,4.62269640
4949,13,0.47278792,4.74296522
4950,13,0.56724030,3.77553272
4951,13,0.58456033,5.49683380
4952,13,0.45661098,3.61625385
4953,13,0.57299650,4.51336336
4954,13,0.60567272,5.85027361
4955,13,0.48194876,2.53579545
4956,13,0.36946163,3.55761552
4957,13,0.52437305,3.99799180
4958,13,0.60705888,3.60177660
4959,13,0.53504980,3.71397209
4960,13,0.52349234,4.17625523
4961,13,0.48261961,3.97253561
4962,13,0.61119771,4.90535450
4963,13,0.47656107,3.34243298
4964,13,0.50608778,4.79314423
4965,13,0.60215271,3.61547971
4966,13,0.61910552,4.33766508
4967,13,0.57770079,5.41104746
4968,13,0.57375801,3.63845205
4969,13,0.54345393,4.10308313
4970,13,0.59318781,5.48365545
4971,13,0.36346716,4.61413813
4972,13,0.53084141,4.33907795
4973,13,0.46787676,3.34650207
4974,13,0.42416337,3.72143579
4975,13,0.52753568,3.88555336
4976,13,0.56688082,3.88947129
4977,13,0.55292940,4.45892954
4978,13,0.58074975,3.73153067
4979,13,0.47484529,3.29976630
4980,13,0.47994363,3.92073536
4981,13,0.46494734,3.50029349
4982,13,0.64394689,4.82754946
4983,13,0.49871325,3.20182538
4984,13,0.68926060,4.43261957
4985,13,0.44491899,2.28590202
4986,13,0.48323193,4.06561232
4987,13,0.44297969,3.29544878
4988,13,0.55027616,4.23939514
4989,13,0.79261464,5.05227613
4990,13,0.64486760,3.31624746
4991,13,0.62016320,4.39733696
4992,13,0.50258064,4.95632648
4993,13,0.43458521,3.19006848
4994,13,0.68279743,4.64985037
4995,13,0.36997801,2.59014058
4996,13,0.57230252,3.60680223
4997,13,0.60693717,4.71096230
4998,13,0.55608875,5.12344170
4999,13,0.45115441,2.97752380
5000,13,0.45170516,4.08186102
5001,13,0.50393176,6.48334026
5002,13,0.56970459,4.10525608
5003,13,0.43960023,3.70457840
5004,13,0.61622232,3.50274229
5005,13,0.47683501,3.93293476
5006,13,0.51636034,4.41741037
5007,13,0.47063404,3.82197595
5008,13,0.42265332,4.91177702
5009,13,0.38210183,4.29329967
5010,13,0.49062139,5.71177101
5011,13,0.48260006,4.12822962
5012,13,0.50748348,3.47395015
5013,13,0.47164157,3.48702264
5014,13,0.35616767,3.40874124
5015,13,0.42439681,2.97432327
5016,13,0.51155490,4.47422981
5017,13,0.54305476,5.29331493
5018,13,0.49069527,3.33628941
5019,13,0.51761985,7.10182333
5020,13,0.45190397,5.24448586
5021,13,0.59214038,5.70829535
5022,13,0.58780313,3.99345827
5023,13,0.49874833,4.62566662
5024,13,0.47969937,4.29963303
5025,13,0.47788894,3.34834695
5026,13,0.48152006,4.62480068
5027,13,0.48943391,4.76104355
5028,13,0.73273385,5.13326120
5029,13,0.42379835,4.24249029
5030,13,0.52072531,3.52165246
5031,13,0.64650422,5.52576876
5032,13,0.55986762,4.60888243
5033,13,0.55647087,4.57750320
5034,13,0.42032897,3.37113881
5035,13,0.49140686,4.86236191
5036,13,0.51780671,4.10690641
5037,13,0.48488975,3.95782638
5038,13,0.69814003,3.17787910
5039,13,0.54826844,3.26867533
5040,13,0.54455405,4.56374025
5041,13,0.57092142,4.51593256
5042,13,0.65807009,3.69514441
5043,13,0.54110992,4.83954191
5044,13,0.55461466,3.78057671
5045,13,0.49081159,4.87641573
5046,13,0.54657257,3.33597898
5047,13,0.63093400,3.28218985
5048,13,0.42509049,3.01646233
5049,13,0.47431475,4.32086372
5050,13,0.73070955,5.07199430
5051,13,0.40383536,4.59149599
5052,13,0.46178570,4.40908813
5053,13,0.66545099,5.27223396
5054,13,0.52387750,4.73222113
5055,13,0.56333631,3.90866232
5056,13,0.57879752,4.34273529
5057,13,0.48769593,3.66595316
5058,13,0.54026818,2.88607955
5059,13,0.54536372,2.83440304
5060,13,0.55770057,4.22731686
5061,13,0.59044170,4.74784803
5062,13,0.51988101,3.61548948
5063,13,0.59357417,4.40518999
5064,13,0.42129993,2.90040350
5065,13,0.50157529,5.76743174
5066,13,0.46526134,4.26670980
5067,13,0.46536672,2.77078819
5068,13,0.59017432,4.27156258
5069,13,0.34466201,2.18058419
5070,13,0.69857788,5.47301865
5071,13,0.45651674,4.04310083
5072,13,0.66025668,5.85906076
5073,13,0.54907787,6.89397955
5074,13,0.45377412,5.17961073
5075,13,0.47498855,3.69372773
5076,13,0.58030891,4.63968468
5077,13,0.58049262,5.91234255
5078,13,0.59006923,4.17326784
5079,13,0.51365268,5.28379440
5080,13,0.52409458,3.33616138
5081,13,0.55788177,3.00983906
5082,13,0.58429611,5.89486504
5083,14,0.58057821,3.55077171
5084,14,0.38182291,3.55268455
5085,14,0.43002474,2.83225608
5086,14,0.71118999,5.28882313
5087,14,0.75920165,4.49723625
5088,14,0.39017218,4.44067049
5089,14,0.50160968,4.60138130
5090,14,0.62540960,5.34390497
5091,14,0.63740563,3.88028526
5092,14,0.43875927,3.45874143
5093,14,0.37027684,4.66872263
5094,14,0.45628065,3.98933053
5095,14,0.43839848,3.96974778
5096,14,0.45568854,3.64940858
5097,14,0.47179052,4.77502728
5098,14,0.48583788,3.74045992
5099,14,0.57276309,5.31080532
5100,14,0.64010054,5.17164040
5101,14,0.51994115,4.72357559
5102,14,0.45626903,4.96557570
5103,14,0.54330748,3.72027016
5104,14,0.51029354,4.56244278
5105,14,0.48226184,4.91165876
5106,14,0.38106674,3.87552428
5107,14,0.45661101,4.76786995
5108,14,0.46134850,3.14754581
5109,14,0.56563532,4.34697819
5110,14,0.53946769,3.44528508
5111,14,0.66238129,5.53352213
5112,14,0.32958388,3.63364220
5113,14,0.48180580,4.18629265
5114,14,0.54671299,3.68970895
5115,14,0.64166516,4.95849037
5116,14,0.35834345,2.63709235
5117,14,0.42565665,5.85950994
5118,14,0.46954441,3.55203962
5119,14,0.42192191,3.65176010
5120,14,0.37482229,2.74789190
5121,14,0.47670418,3.01759338
5122,14,0.34101510,4.00772524
5123,14,0.53053701,3.97929859
5124,14,0.52887291,4.00685692
5125,14,0.46345726,3.37710500
5126,14,0.39093035,4.92677021
5127,14,0.51520371,5.20612478
5128,14,0.57439601,6.70703173
5129,14,0.61077613,4.48895359
5130,14,0.50287241,4.43183708
5131,14,0.50795662,3.85910439
5132,14,0.55434895,6.04702091
5133,14,0.53359818,3.84019756
5134,14,0.64493686,4.54241323
5135,14,0.58546805,3.60023689
5136,14,0.51842797,3.42053270
5137,14,0.54824758,4.36989975
5138,14,0.47563612,2.76155281
5139,14,0.70694602,4.40993881
5140,14,0.60035837,3.64043808
5141,14,0.57003099,3.79513550
5142,14,0.43333256,4.88198137
5143,14,0.57490301,4.99196100
5144,14,0.42594498,2.70289755
5145,14,0.60625648,3.38400626
5146,14,0.55246812,4.03576899
5147,14,0.61700565,4.26003838
5148,14,0.46837091,4.36280298
5149,14,0.51300293,3.78673005
5150,14,0.57021773,4.02580118
5151,14,0.51810217,4.77429867
5152,14,0.52815145,3.56340194
5153,14,0.45570830,4.58592844
5154,14,0.38600701,3.84786987
5155,14,0.44002241,4.99655867
5156,14,0.58888006,3.79755282
5157,14,0.46493709,5.93598795
5158,14,0.74297446,5.43979645
5159,14,0.57332504,5.14414120
5160,14,0.55806249,4.18155193
5161,14,0.55536491,3.34100604
5162,14,0.36755621,2.55479836
5163,14,0.44794756,4.05842113
5164,14,0.43531740,4.76053858
5165,14,0.64347160,8.07271194
5166,14,0.48782444,4.17812586
5167,14,0.48098475,3.87832451
5168,14,0.43599528,3.17794967
5169,14,0.53766602,4.60058117
5170,14,0.44044968,5.39142323
5171,14,0.50353730,5.95668077
5172,14,0.49735349,3.73876500
5173,14,0.34653273,3.26475358
5174,14,0.70052791,4.44246531
5175,14,0.51812875,5.01069212
5176,14,0.55097842,5.59935427
5177,14,0.50596964,3.70645452
5178,14,0.52429610,4.59151173
5179,14,0.60305309,4.51689720
5180,14,0.43854433,3.87508202
5181,14,0.40194595,3.11239481
5182,14,0.49534684,4.54286861
5183,14,0.60095358,3.29703617
5184,14,0.55530661,4.80779076
5185,14,0.64371401,6.24762487
5186,14,0.54686928,4.07953548
5187,14,0.65380478,5.78579998
5188,14,0.56479812,3.37675667
5189,14,0.47743022,3.49079943
5190,14,0.53469527,3.05441761
5191,14,0.66819829,4.85069180
5192,14,0.56179917,3.95781898
5193,14,0.61380905,4.65552759
5194,14,0.40114015,3.92162752
5195,14,0.55158985,5.38115025
5196,14,0.59559190,3.83346963
5197,14,0.39452034,4.30437708
5198,14,0.52867997,5.41785336
5199,14,0.72128105,3.75558567
5200,14,0.46629742,4.50203133
5201,14,0.57579911,3.68053603
5202,14,0.45411152,3.03399658
5203,14,0.45883358,4.49126339
5204,14,0.59030759,6.34887266
5205,14,0.46784472,4.04034567
5206,14,0.48722449,6.60371113
5207,14,0.45960343,3.71194434
5208,14,0.45033044,3.56395793
5209,14,0.54759669,4.40183306
5210,14,0.44339827,5.65754938
5211,14,0.46650320,3.79960442
5212,14,0.57245970,4.49377108
5213,14,0.52557838,4.61303377
5214,14,0.61833799,4.56510305
5215,14,0.39878437,3.99031472
5216,14,0.36600035,2.39239287
5217,14,0.48862076,4.39475393
5218,14,0.65915489,5.01690054
5219,14,0.55284369,5.45701313
5220,14,0.47072327,3.44966245
5221,14,0.49482772,3.98139668
5222,14,0.72420812,5.34274960
5223,14,0.43156540,3.49791646
5224,14,0.64716685,10.75894737
5225,14,0.72874022,4.99428701
5226,14,0.48173639,3.37386394
5227,14,0.50685662,4.54220009
5228,14,0.48883975,5.79716492
5229,14,0.40799141,3.37969923
5230,14,0.38355398,3.94374180
5231,14,0.49673727,4.02752113
5232,14,0.47434878,4.64132452
5233,14,0.48739657,5.38906240
5234,14,0.60944521,3.81400561
5235,14,0.39466876,3.41639924
5236,14,0.72580326,5.49424744
5237,14,0.40936270,2.82670999
5238,14,0.44230703,4.53223372
5239,14,0.65395975,4.62059402
5240,14,0.53696871,2.86236191
5241,14,0.54019713,6.30083704
5242,14,0.50056970,4.51103020
5243,14,0.44586062,3.74421453
5244,14,0.44285208,3.50728059
5245,14,0.41478086,2.58290339
5246,14,0.54217225,3.84494543
5247,14,0.47435406,3.71108484
5248,14,0.48398545,4.08768320
5249,14,0.45841968,4.61629200
5250,14,0.40651995,2.86008596
5251,14,0.50475442,4.79627466
5252,14,0.59454226,4.30331564
5253,14,0.48590750,4.56159115
5254,14,0.47417116,3.67475867
5255,14,0.48000896,3.94424415
5256,14,0.54720420,3.95261240
5257,14,0.34170979,5.68370056
5258,14,0.65705943,4.98317814
5259,14,0.46485174,4.21684122
5260,14,0.48839891,3.39552069
5261,14,0.50909519,3.72234488
5262,14,0.62278855,5.64754009
5263,14,0.48106048,3.80400419
5264,14,0.47958019,4.03152132
5265,14,0.63067353,5.57094288
5266,14,0.46047714,4.39034986
5267,14,0.39702463,3.83460355
5268,14,0.71178979,5.83018398
5269,14,0.40355492,4.34405136
5270,14,0.39738858,3.24654341
5271,14,0.35531723,3.94379520
5272,14,0.50340891,3.37124228
5273,14,0.76869655,6.71856022
5274,14,0.43615666,5.36382246
5275,14,0.45287818,8.60973358
5276,14,0.59191787,3.95549440
5277,14,0.63374609,4.88360167
5278,14,0.52635169,3.38118005
5279,14,0.41570041,4.31170559
5280,14,0.42389429,4.27398205
5281,14,0.48471558,3.26416683
5282,14,0.55012631,5.79141665
5283,14,0.51268637,3.50897765
5284,14,0.61679018,4.83398390
5285,14,0.36980641,2.48214054
5286,14,0.56491476,4.67237186
5287,14,0.63069206,5.40116215
5288,14,0.51793408,4.45647907
5289,14,0.63447142,4.36807919
5290,14,0.55861837,3.13429546
5291,14,0.60747027,3.39619899
5292,14,0.58448446,3.55612445
5293,14,0.68677485,5.13459826
5294,14,0.54371554,7.13007879
5295,14,0.57071245,4.96132898
5296,14,0.46303803,4.15420580
5297,14,0.62299675,3.69425988
5298,14,0.55363089,4.25338602
5299,14,0.80171454,5.48438025
5300,14,0.64596367,4.64649963
5301,14,0.41039640,2.90824318
5302,14,0.52168751,8.04826260
5303,14,0.56242579,4.21721458
5304,14,0.40636143,3.54616427
5305,14,0.53310591,3.65477681
5306,14,0.47483894,3.63964248
5307,14,0.40344286,2.56525064
5308,14,0.49206248,3.76976418
5309,14,0.57527333,4.50392962
5310,14,0.58180517,4.93252230
5311,14,0.54624164,4.89562511
5312,14,0.62435603,7.13195419
5313,14,0.59993774,4.13667727
5314,14,0.46169877,3.38995314
5315,14,0.40529794,3.00276208
5316,14,0.49401972,3.56574512
5317,14,0.54001331,3.67318773
5318,14,0.54439616,3.87907982
5319,14,0.60203898,3.23106933
5320,14,0.58161664,3.97409701
5321,14,0.55392486,4.33809614
5322,14,0.65905464,7.71040630
5323,14,0.58496511,3.52049613
5324,14,0.56810707,3.35857964
5325,14,0.53087121,4.49220657
5326,14,0.43609655,3.59983349
5327,14,0.56467187,3.24249697
5328,14,0.49119925,3.02515268
5329,14,0.64708805,4.83711338
5330,14,0.48293152,2.89469123
5331,14,0.41357493,4.60695934
5332,14,0.44006431,3.99250388
5333,14,0.42154932,4.31855774
5334,14,0.52729958,4.22262096
5335,14,0.47493511,3.79062176
5336,14,0.51626432,4.83172989
5337,14,0.53859407,3.66680551
5338,14,0.56054503,3.16778946
5339,14,0.62537372,4.53351164
5340,14,0.48067650,5.82983208
5341,14,0.47162703,4.27402449
5342,14,0.43018720,2.09722376
5343,14,0.41820604,3.95364046
5344,14,0.55917108,4.00773048
5345,14,0.43926015,3.80803561
5346,14,0.41405952,4.34350872
5347,14,0.51114130,4.21653557
5348,14,0.37087560,3.04129839
5349,14,0.36439931,2.44812727
5350,14,0.55518556,3.34585500
5351,14,0.64111781,3.32369661
5352,14,0.49969018,4.73260212
5353,14,0.39567059,3.79166985
5354,14,0.49311197,2.96487236
5355,14,0.39395130,2.64663219
5356,14,0.50058055,4.53652382
5357,14,0.57192177,3.93123388
5358,14,0.53241479,4.08932638
5359,14,0.55831325,3.91950274
5360,14,0.62059331,4.43396425
5361,14,0.48208359,3.53655100
5362,14,0.48393035,3.08887815
5363,14,0.37796217,3.52505755
5364,14,0.45693356,2.61348319
5365,14,0.44229496,3.49369383
5366,14,0.55766541,3.57961321
5367,14,0.39536181,3.50754118
5368,14,0.41528881,2.94922543
5369,14,0.40238982,2.51605940
5370,14,0.51640481,3.27968168
5371,14,0.56859958,3.40350866
5372,14,0.46188813,3.62311530
5373,14,0.52464056,5.09145069
5374,14,0.43617344,4.27706242
5375,14,0.54563129,3.78217006
5376,14,0.46486473,3.87667990
5377,14,0.43965936,3.80982113
5378,14,0.50068486,5.15117025
5379,14,0.49616349,2.57604051
5380,14,0.63226140,4.81645679
5381,14,0.46684164,3.32271504
5382,14,0.54908097,4.23451900
5383,14,0.54420555,5.05658245
5384,14,0.61152327,4.52554798
5385,14,0.48974407,3.48212600
5386,14,0.49468535,4.42875719
5387,14,0.47058415,3.51202106
5388,14,0.56796145,4.92020702
5389,14,0.58142555,5.67105818
5390,14,0.59952676,4.89676714
5391,14,0.63443345,5.87302303
5392,14,0.42802656,4.33213043
5393,14,0.46078032,3.68760800
5394,14,0.53580475,3.82856822
5395,14,0.55429554,3.35329151
5396,14,0.47653431,2.96113729
5397,14,0.37026605,3.09218764
5398,14,0.51736999,5.87460804
5399,14,0.56327736,3.00709844
5400,14,0.47915804,4.77857208
5401,14,0.39304981,4.07855701
5402,14,0.33838177,3.09746623
5403,14,0.52657706,4.36785936
5404,14,0.54271674,2.95352817
5405,14,0.30879575,3.51011944
5406,14,0.66650414,5.48817921
5407,14,0.45910096,3.73688912
5408,14,0.52433294,4.82506227
5409,14,0.50100178,4.10759544
5410,14,0.54700673,3.27151990
5411,14,0.65915763,4.52133751
5412,14,0.50580895,3.33608079
5413,14,0.52511537,3.45163250
5414,14,0.53931469,3.60376263
5415,14,0.51328433,3.87719393
5416,14,0.31578264,3.62360406
5417,14,0.70612091,3.84142447
5418,14,0.59136599,5.03697491
5419,14,0.59383702,4.31875181
5420,14,0.55694139,3.21950936
5421,14,0.50292635,3.17475629
5422,14,0.57553136,5.48390722
5423,14,0.54162931,3.96474552
5424,14,0.45170742,4.28437424
5425,14,0.48917639,3.13758421
5426,14,0.44199735,4.19708157
5427,14,0.48569277,4.19870090
5428,14,0.39302948,5.06606197
5429,14,0.34950766,3.92083812
5430,14,0.67786247,5.36618519
5431,14,0.45587832,2.85220575
5432,14,0.52208835,7.03135872
5433,14,0.57163322,5.77615118
5434,14,0.41328913,3.38799024
5435,14,0.52946609,5.05718470
5436,14,0.44046056,4.08639288
5437,14,0.43143079,3.25233579
5438,14,0.49080455,4.95712566
5439,14,0.59685832,3.35545588
5440,14,0.58936650,4.40268421
5441,14,0.41029280,4.64377785
5442,14,0.63860726,3.46731544
5443,14,0.65312397,5.27797270
5444,14,0.48505050,3.86435080
5445,14,0.56792068,5.07645512
5446,14,0.49712050,4.47605419
5447,14,0.46917850,2.92386031
5448,14,0.61189830,3.04837728
5449,14,0.40132147,3.36147833
5450,14,0.39232266,3.83808613
5451,14,0.48424336,4.37134361
5452,14,0.46419328,3.73344159
5453,14,0.52859902,4.46279621
5454,14,0.50259846,3.75600076
5455,14,0.52196658,3.63957691
5456,14,0.47390145,2.77152395
5457,14,0.51138818,3.64996219
5458,14,0.58097035,3.35793519
5459,14,0.48056525,4.52548981
5460,14,0.55434084,7.20554638
5461,14,0.44706598,4.03730249
5462,14,0.45290637,4.23139381
5463,14,0.61314929,3.31846452
5464,14,0.52256393,4.21982861
5465,14,0.63657874,4.12526751
5466,14,0.50231469,3.93313599
5467,14,0.41533256,4.10588312
5468,14,0.56646991,4.36551523
5469,14,0.57794702,3.52356791
5470,14,0.46757263,3.56809950
5471,14,0.54310441,3.72996235
5472,14,0.53185570,4.62549543
5473,14,0.56676441,4.08424234
5474,15,0.79097658,4.71895170
5475,15,0.40868965,3.38428092
5476,15,0.57845557,3.18775511
5477,15,0.44129753,3.60930109
5478,15,0.50873744,4.94245434
5479,15,0.45062745,3.73473358
5480,15,0.45747820,3.40281200
5481,15,0.46237004,3.74291468
5482,15,0.45174992,4.90843058
5483,15,0.46319503,3.10845184
5484,15,0.43214202,3.23471808
5485,15,0.44423583,3.96467280
5486,15,0.40946692,3.53531575
5487,15,0.53349060,4.98088455
5488,15,0.62547863,6.81565619
5489,15,0.37671629,5.64430761
5490,15,0.38363039,3.29616141
5491,15,0.62484342,4.83706141
5492,15,0.40249595,4.34622288
5493,15,0.41378528,5.51146650
5494,15,0.43465412,3.67499208
5495,15,0.45456854,3.42747498
5496,15,0.70006394,5.30985117
5497,15,0.48441675,4.45992184
5498,15,0.42907271,3.63584638
5499,15,0.59054244,5.93240166
5500,15,0.44784498,3.56572676
5501,15,0.41775846,3.93058348
5502,15,0.43155003,4.06230879
5503,15,0.51742768,5.15805817
5504,15,0.35849160,3.87862444
5505,15,0.42191297,3.08908415
5506,15,0.51556438,3.46185780
5507,15,0.49798733,2.81238699
5508,15,0.39770588,3.28750229
5509,15,0.62892753,5.16125345
5510,15,0.40823030,3.62724304
5511,15,0.42492187,2.62281871
5512,15,0.53043967,3.70228195
5513,15,0.60900712,5.01927090
5514,15,0.41122085,2.92926121
5515,15,0.40684104,3.56827354
5516,15,0.42320657,4.46250296
5517,15,0.34481722,4.05801487
5518,15,0.41136587,4.35556650
5519,15,0.58932322,4.87189150
5520,15,0.47617856,3.40030670
5521,15,0.76119983,4.47304296
5522,15,0.58428431,8.10535336
5523,15,0.51797771,4.30891705
5524,15,0.61961150,4.72619200
5525,15,0.36185411,3.49336624
5526,15,0.49273637,3.95638323
5527,15,0.57596815,4.19374895
5528,15,0.47400656,3.95326567
5529,15,0.49150500,4.40411091
5530,15,0.60983109,4.36189604
5531,15,0.47698605,4.76721001
5532,15,0.44191244,3.18128037
5533,15,0.43529728,4.35675335
5534,15,0.35830158,2.79510045
5535,15,0.43782800,3.97694016
5536,15,0.50414050,3.53161049
5537,15,0.47689590,4.14548397
5538,15,0.50219667,4.63579369
5539,15,0.45555222,3.20923662
5540,15,0.43153709,5.44897079
5541,15,0.55661041,4.66414738
5542,15,0.54649508,6.44672108
5543,15,0.56235635,4.14774132
5544,15,0.31452850,2.76534176
5545,15,0.38415757,4.32958317
5546,15,0.43855995,3.90603852
5547,15,0.34179997,2.41220713
5548,15,0.42255861,3.96976972
5549,15,0.58573335,9.22464848
5550,15,0.65788245,6.70572662
5551,15,0.56665337,4.39971399
5552,15,0.54449970,7.16019869
5553,15,0.43822563,5.07172871
5554,15,0.45006925,4.37976646
5555,15,0.48439607,4.89052105
5556,15,0.53849435,4.97083092
5557,15,0.55515844,4.65731716
5558,15,0.58021212,3.53713274
5559,15,0.52939498,5.01882744
5560,15,0.43949020,4.06184483
5561,15,0.55314767,4.62053728
5562,15,0.46049109,3.85344839
5563,15,0.39738485,2.75818181
5564,15,0.41159552,4.23570299
5565,15,0.45350057,5.01367569
5566,15,0.45319545,3.62319446
5567,15,0.54987234,3.37679672
5568,15,0.50420725,4.07374191
5569,15,0.55485356,5.87767315
5570,15,0.59237528,4.31059265
5571,15,0.57324576,4.14312267
5572,15,0.47944525,3.09522176
5573,15,0.43080938,2.58000088
5574,15,0.44692057,4.13925028
5575,15,0.48537025,3.48763847
5576,15,0.44036490,2.87564111
5577,15,0.43684214,3.03657150
5578,15,0.46039605,4.08256435
5579,15,0.54487962,4.53052187
5580,15,0.55684900,3.61662674
5581,15,0.62261188,6.44664955
5582,15,0.34600466,2.98438811
5583,15,0.50816095,3.96557808
5584,15,0.48376936,4.10437059
5585,15,0.41596523,3.90278172
5586,15,0.46090680,3.88658047
5587,15,0.56676906,5.15883827
5588,15,0.69130337,6.45151138
5589,15,0.51982445,4.41646290
5590,15,0.36720103,2.41873980
5591,15,0.34943989,2.49800801
5592,15,0.57495594,4.21399021
5593,15,0.43667361,2.95537972
5594,15,0.55913287,4.51502323
5595,15,0.49717480,4.97676659
5596,15,0.33652472,3.24836540
5597,15,0.58624798,4.01988554
5598,15,0.61077631,3.93778086
5599,15,0.43897077,2.84745646
5600,15,0.44365090,3.88502097
5601,15,0.42889816,2.99302793
5602,15,0.47403985,3.10655999
5603,15,0.57105893,6.54772043
5604,15,0.58128732,5.46581459
5605,15,0.35891086,3.66308355
5606,15,0.49873394,3.42376566
5607,15,0.53212273,5.58742332
5608,15,0.52579999,4.53729343
5609,15,0.41087672,3.99711704
5610,15,0.47956079,3.74217486
5611,15,0.30002195,3.08431005
5612,15,0.33417737,3.81123734
5613,15,0.61931509,5.35404015
5614,15,0.48001456,5.10647583
5615,15,0.80011261,6.62791681
5616,15,0.54447472,5.16711092
5617,15,0.40989494,3.17366028
5618,15,0.56260526,5.06110668
5619,15,0.60033607,6.82154417
5620,15,0.49049404,4.91358995
5621,15,0.44010490,3.57220483
5622,15,0.49477181,2.72056460
5623,15,0.55481386,4.91590643
5624,15,0.59420896,5.40189600
5625,15,0.47348368,4.34714222
5626,15,0.60674238,4.04347038
5627,15,0.58255959,4.13266039
5628,15,0.48683006,3.06184077
5629,15,0.48826957,4.31941128
5630,15,0.47976220,4.36782742
5631,15,0.36177817,2.92324281
5632,15,0.54537761,3.94610381
5633,15,0.53340101,3.69563770
5634,15,0.54129696,5.28229094
5635,15,0.51124835,4.63042450
5636,15,0.31821099,2.71403193
5637,15,0.43685591,2.49276423
5638,15,0.67250711,5.46291351
5639,15,0.54541737,4.94042015
5640,15,0.45359907,3.44553494
5641,15,0.61767238,3.81287503
5642,15,0.55777395,5.15308762
5643,15,0.39313409,2.88649106
5644,15,0.42869800,3.64951038
5645,15,0.43921089,3.09329820
5646,15,0.42230216,2.71572900
5647,15,0.38092941,4.94276762
5648,15,0.31098914,2.96444798
5649,15,0.57829320,4.78417158
5650,15,0.35832787,3.05577087
5651,15,0.48928165,3.38151813
5652,15,0.57530284,5.08599043
5653,15,0.53420955,5.01176977
5654,15,0.48856175,3.79593730
5655,15,0.35534489,3.97242928
5656,15,0.48379090,3.64859366
5657,15,0.47808254,5.20364523
5658,15,0.58087826,5.95727253
5659,15,0.38893697,3.57684469
5660,15,0.53936613,5.85473585
5661,15,0.50137192,5.05845261
5662,15,0.38839224,2.90015888
5663,15,0.64111006,4.80243492
5664,15,0.59272850,4.86068583
5665,15,0.42293644,5.08627558
5666,15,0.45972663,3.83228064
5667,15,0.64615893,5.19424915
5668,15,0.34387189,2.92431426
5669,15,0.54651833,5.39678192
5670,15,0.61270934,6.09874916
5671,15,0.49365371,3.42069054
5672,15,0.61365384,5.00906992
5673,15,0.45448348,4.19524479
5674,15,0.42855752,3.41119456
5675,15,0.53330630,5.62750530
5676,15,0.55866885,3.50794744
5677,15,0.44667420,3.34609365
5678,15,0.42182976,2.93563294
5679,15,0.58966935,5.25358295
5680,15,0.43629712,4.49274349
5681,15,0.59981889,5.90740156
5682,15,0.44273269,3.30268168
5683,15,0.34867072,2.38375354
5684,15,0.45893234,3.83074141
5685,15,0.52955234,3.12617850
5686,15,0.49612084,4.39021778
5687,15,0.44204515,3.25788641
5688,15,0.49692687,6.01440811
5689,15,0.39375770,4.09118748
5690,15,0.46539864,4.56422234
5691,15,0.54272413,3.58641553
5692,15,0.46528074,4.02271414
5693,15,0.44163075,4.34788895
5694,15,0.41079852,3.41184640
5695,15,0.36406037,3.99096084
5696,15,0.36349750,3.59301329
5697,15,0.51808274,4.46989298
5698,15,0.46233150,4.10404396
5699,15,0.55778122,7.05954933
5700,15,0.44421631,5.31277943
5701,15,0.53871143,5.21801424
5702,15,0.56779033,5.32711172
5703,15,0.70574975,4.90539312
5704,15,0.44694936,3.56482100
5705,15,0.62096870,4.05534124
5706,15,0.54133236,4.55104923
5707,15,0.63635123,5.64468813
5708,15,0.45485163,4.04978418
5709,15,0.40986210,4.00966930
5710,15,0.37160355,3.93730044
5711,15,0.44984418,3.88557601
5712,15,0.61731994,4.26687527
5713,15,0.45193228,2.75394034
5714,15,0.51564348,3.81738377
5715,15,0.47098869,3.20265865
5716,15,0.37627703,3.53901863
5717,15,0.53025556,4.65012550
5718,15,0.59787536,4.54963636
5719,15,0.47212693,4.41480350
5720,15,0.41418055,2.92988849
5721,15,0.41484058,2.66120505
5722,15,0.54655468,4.63685036
5723,15,0.54989481,4.01477766
5724,15,0.45917732,5.99618578
5725,15,0.67744374,4.79392338
5726,15,0.32208541,3.12604547
5727,15,0.59958589,5.16670799
5728,15,0.46050316,4.56371403
5729,15,0.46758696,3.42009020
5730,15,0.50463635,4.09722233
5731,15,0.51164222,4.07852554
5732,15,0.34618449,3.06222224
5733,15,0.45244473,3.75811648
5734,15,0.50651753,4.38718605
5735,15,0.75554299,4.93680382
5736,15,0.58215004,4.13239431
5737,15,0.58049244,6.03413677
5738,15,0.63161337,5.17960596
5739,15,0.46555158,2.69807100
5740,15,0.54644728,3.37893939
5741,15,0.56105357,3.58987713
5742,15,0.59442371,3.65524220
5743,15,0.45117936,3.17998648
5744,15,0.60297978,3.87354064
5745,15,0.56972015,3.17979312
5746,15,0.49826685,4.31181955
5747,15,0.43220881,2.34066892
5748,15,0.55476809,3.96124768
5749,15,0.31554699,2.12716675
5750,15,0.60082006,3.46218705
5751,15,0.55995786,4.30201101
5752,15,0.42681652,3.41505837
5753,15,0.38521737,3.89975834
5754,15,0.33980531,3.10146999
5755,15,0.51854157,3.73163152
5756,15,0.47603232,3.26719594
5757,15,0.51847291,3.99977779
5758,15,0.55932510,3.63456130
5759,15,0.58954275,3.90489125
5760,15,0.31095469,2.30938387
5761,15,0.34654772,3.03566694
5762,15,0.44733793,6.49785662
5763,15,0.57776839,4.72886372
5764,15,0.64629740,4.92028618
5765,15,0.49047270,5.24308443
5766,15,0.36852109,3.60175800
5767,15,0.54243857,2.94301128
5768,15,0.52406067,3.97987914
5769,15,0.65878284,4.21769857
5770,15,0.56575227,4.55025578
5771,15,0.39464051,2.68222046
5772,15,0.51676452,3.14190865
5773,15,0.56428075,4.99736166
5774,15,0.49397972,4.21548939
5775,15,0.46121579,4.17931032
5776,15,0.53884172,3.70981717
5777,15,0.52978957,4.24655056
5778,15,0.39272434,3.84192610
5779,15,0.41765422,3.69195962
5780,15,0.46604049,3.85806704
5781,15,0.52060521,5.00873423
5782,15,0.51284045,4.85095358
5783,15,0.43396002,3.92949152
5784,15,0.52250803,4.55034971
5785,15,0.63103187,4.09359550
5786,15,0.47032276,3.39929748
5787,15,0.52589518,3.94743228
5788,15,0.54907715,3.47792530
5789,15,0.47405678,4.21838379
5790,15,0.43984935,4.52688789
5791,15,0.62916040,6.07182074
5792,15,0.51432884,3.97490573
5793,15,0.40311986,4.10986328
5794,15,0.72450823,4.83404875
5795,15,0.66650689,7.08719349
5796,15,0.51537681,4.79855347
5797,15,0.51600164,4.07794094
5798,15,0.48832327,5.01844883
5799,15,0.43936723,4.57429218
5800,15,0.47941834,4.12759256
5801,15,0.53575784,4.25490761
5802,15,0.66342914,5.03672218
5803,15,0.56906366,3.81663394
5804,15,0.61553234,4.56107140
5805,15,0.58462203,6.47278404
5806,15,0.44765094,3.38994002
5807,15,0.44651139,3.49653244
5808,15,0.54329801,3.80712867
5809,15,0.51866299,3.35500908
5810,15,0.56442356,3.60461116
5811,15,0.65547341,4.03795433
5812,15,0.47929472,3.48963571
5813,15,0.53016567,4.36524582
5814,15,0.30866009,3.60867238
5815,15,0.62261015,3.59486794
5816,15,0.52245879,4.07503176
5817,15,0.52024508,4.68557596
5818,15,0.38071829,2.80007958
5819,15,0.55114454,5.24560690
5820,15,0.46422243,3.02798533
5821,15,0.43785691,3.13167715
5822,15,0.58484936,5.69640255
5823,15,0.47637165,3.77753615
5824,15,0.60265136,3.72916603
5825,15,0.51734525,5.86345816
5826,15,0.54922986,4.45760250
5827,15,0.59302783,4.15742826
5828,15,0.48815328,4.56288528
5829,15,0.47131699,3.15063596
5830,15,0.54141116,4.83500433
5831,15,0.61867523,5.76993179
5832,15,0.58563471,6.36352396
5833,15,0.53679407,4.32657814
5834,15,0.49852696,3.38302517
5835,15,0.43991488,3.04559493
5836,15,0.39786345,3.04400945
5837,15,0.44625565,3.69708014
5838,15,0.66873586,3.63023376
5839,15,0.64355445,3.98806787
5840,15,0.57027692,4.92926455
5841,15,0.68729037,3.91820931
5842,15,0.39413637,2.69675708
5843,15,0.42805535,3.81505823
5844,15,0.51096070,4.23726749
5845,15,0.45018023,3.52461648
5846,15,0.41846463,3.64520240
5847,15,0.40444648,3.31421280
5848,15,0.49031055,3.15204096
5849,15,0.55177343,4.10201979
5850,15,0.42439365,5.34809303
5851,15,0.46825284,4.18656969
5852,15,0.60808718,5.81287003
5853,15,0.46707442,3.92087030
5854,15,0.57474983,5.68062162
5855,15,0.39100957,3.79014111
5856,15,0.58597320,4.76809216
5857,15,0.50248480,3.23391438
5858,15,0.51707762,3.85075498
5859,15,0.46239561,5.42741966
5860,15,0.63598597,5.23887348
5861,15,0.54077506,4.85520601
5862,15,0.37727588,4.20164108
5863,15,0.54880518,3.70746589
5864,15,0.60333049,7.16289425
5865,16,0.52856785,4.20384932
5866,16,0.45324075,3.25102806
5867,16,0.44797266,2.70941281
5868,16,0.51814461,3.13489437
5869,16,0.60937369,3.83557820
5870,16,0.41127098,3.41315126
5871,16,0.45155281,3.55631900
5872,16,0.41754949,2.81797099
5873,16,0.44627512,3.30547094
5874,16,0.45005509,2.96310663
5875,16,0.64863908,4.38963509
5876,16,0.45593560,2.97834349
5877,16,0.46613014,2.81201768
5878,16,0.43981278,2.86721277
5879,16,0.51072848,4.07368898
5880,16,0.34942633,2.73604393
5881,16,0.39699519,3.26618314
5882,16,0.47618937,3.32674980
5883,16,0.40822464,3.44428730
5884,16,0.51485193,4.03888369
5885,16,0.61833012,6.33602428
5886,16,0.38799274,3.03804040
5887,16,0.39031753,4.35245228
5888,16,0.34728312,2.53924012
5889,16,0.46803346,5.35189629
5890,16,0.34987205,3.64514661
5891,16,0.47334528,3.42459154
5892,16,0.38550693,3.08659220
5893,16,0.45127904,3.61343217
5894,16,0.40400204,3.65060234
5895,16,0.36957920,3.61703610
5896,16,0.46269357,4.56308508
5897,16,0.38150024,4.06492472
5898,16,0.47142333,3.50610232
5899,16,0.45133421,4.56966591
5900,16,0.38567692,3.90382338
5901,16,0.30299675,3.13296390
5902,16,0.48698685,4.46124697
5903,16,0.41085023,4.81639242
5904,16,0.45188344,3.14449024
5905,16,0.52908838,3.87598038
5906,16,0.66642070,6.02645016
5907,16,0.42561999,4.85479546
5908,16,0.33036408,3.02590322
5909,16,0.40001699,3.82397366
5910,16,0.55995846,3.93209100
5911,16,0.44536585,4.08817720
5912,16,0.47430396,3.90259933
5913,16,0.51852930,4.74996519
5914,16,0.52894986,3.70883799
5915,16,0.45565408,4.62875652
5916,16,0.57875168,4.36671019
5917,16,0.52552438,4.15785265
5918,16,0.53885013,3.72988820
5919,16,0.48138404,5.90677071
5920,16,0.45884037,3.38444710
5921,16,0.54418540,4.30383825
5922,16,0.47026587,3.20728683
5923,16,0.40386620,4.07183266
5924,16,0.49758846,4.23135519
5925,16,0.39477324,2.57513309
5926,16,0.38142571,4.01339531
5927,16,0.59002090,6.11704540
5928,16,0.34396756,3.73618126
5929,16,0.60591745,4.27736044
5930,16,0.47640693,3.36556077
5931,16,0.43545628,4.07766294
5932,16,0.36351430,2.48674321
5933,16,0.55718845,4.98112440
5934,16,0.31645614,3.27581811
5935,16,0.41930774,3.40463042
5936,16,0.45063770,4.20171881
5937,16,0.41498685,2.80448198
5938,16,0.38083994,4.60653830
5939,16,0.50112540,3.95237517
5940,16,0.67263138,6.37479210
5941,16,0.50437540,3.78434181
5942,16,0.45597512,4.67269611
5943,16,0.40994453,4.18024492
5944,16,0.57832408,5.28544474
5945,16,0.48405412,3.77650142
5946,16,0.45101050,3.74441671
5947,16,0.50260603,4.16204405
5948,16,0.64080524,4.68246126
5949,16,0.42191136,2.94410539
5950,16,0.46385691,3.70047522
5951,16,0.47545505,4.09793901
5952,16,0.51699036,5.15652132
5953,16,0.46988463,4.39586163
5954,16,0.48413181,3.32370090
5955,16,0.60361463,3.45901895
5956,16,0.59879637,4.97331190
5957,16,0.47282428,4.13615894
5958,16,0.41505957,3.29871678
5959,16,0.40392801,2.84923983
5960,16,0.56525540,3.35452962
5961,16,0.37884840,4.28240728
5962,16,0.47646427,5.66035366
5963,16,0.53072131,6.15513372
5964,16,0.51342344,3.62516832
5965,16,0.55708241,3.47379827
5966,16,0.58132160,5.85873079
5967,16,0.48025408,4.61188507
5968,16,0.45304996,3.49797153
5969,16,0.39646971,2.97284508
5970,16,0.44107491,3.26336837
5971,16,0.41939327,4.05282688
5972,16,0.44279292,2.79678369
5973,16,0.46267724,2.70618963
5974,16,0.48247230,3.58923411
5975,16,0.49789333,4.01287317
5976,16,0.51404309,4.29268503
5977,16,0.44391212,4.15480661
5978,16,0.60132372,3.70505095
5979,16,0.40822953,3.16707301
5980,16,0.49594435,4.47039461
5981,16,0.50103736,3.54096437
5982,16,0.52110356,3.26494002
5983,16,0.55505240,6.29651928
5984,16,0.31772843,3.57163978
5985,16,0.41235954,3.26227045
5986,16,0.49979424,4.49142170
5987,16,0.42840591,3.68002629
5988,16,0.53858805,3.82588816
5989,16,0.29059225,3.50606370
5990,16,0.49022296,4.31594753
5991,16,0.36770543,3.76309419
5992,16,0.47079575,4.28105593
5993,16,0.48059839,3.10087299
5994,16,0.34151578,4.05098486
5995,16,0.51511985,4.26351309
5996,16,0.54566121,4.81909990
5997,16,0.47953019,3.82130837
5998,16,0.61447060,5.20852137
5999,16,0.53370363,3.71799302
6000,16,0.44732809,3.39431500
6001,16,0.38194960,3.06460547
6002,16,0.33975309,5.61285734
6003,16,0.58249807,7.20060825
6004,16,0.44474956,5.24118423
6005,16,0.51239264,4.00740671
6006,16,0.42907095,3.18180299
6007,16,0.44958842,4.17033386
6008,16,0.58272266,3.87049890
6009,16,0.69489664,5.35267782
6010,16,0.51662517,4.10162830
6011,16,0.53872538,3.85657692
6012,16,0.39707178,3.25067019
6013,16,0.48019421,4.35030031
6014,16,0.38978460,4.66302919
6015,16,0.65891445,5.51950359
6016,16,0.44733697,4.39843035
6017,16,0.55056053,5.34877539
6018,16,0.49328542,5.54739666
6019,16,0.55373526,8.14082241
6020,16,0.54899299,4.50002480
6021,16,0.56905228,4.92571449
6022,16,0.46586892,3.62970519
6023,16,0.60523093,4.60306120
6024,16,0.53740597,3.22538567
6025,16,0.44345984,2.86149645
6026,16,0.44174817,3.06547379
6027,16,0.38322455,3.53238606
6028,16,0.48370364,3.30862403
6029,16,0.42916918,3.01664305
6030,16,0.45911106,3.88909698
6031,16,0.43815607,4.19873524
6032,16,0.61615747,3.61185360
6033,16,0.41905653,3.85768509
6034,16,0.41347900,3.30350757
6035,16,0.40304774,2.03223228
6036,16,0.51002616,3.19023275
6037,16,0.45074871,3.78547668
6038,16,0.46879718,4.67367029
6039,16,0.41755188,3.65731812
6040,16,0.40641963,5.77522326
6041,16,0.40621933,3.76225781
6042,16,0.67213678,5.98007441
6043,16,0.38050205,4.55548763
6044,16,0.51259816,5.11386633
6045,16,0.52501142,4.50667286
6046,16,0.52826095,4.35003233
6047,16,0.49339879,3.29989743
6048,16,0.41796583,3.85889006
6049,16,0.45416933,7.61865044
6050,16,0.54888499,6.68007374
6051,16,0.37808582,2.96251702
6052,16,0.50924969,3.94475770
6053,16,0.54936379,4.09617233
6054,16,0.45664006,4.12349033
6055,16,0.50229180,4.31724596
6056,16,0.43455243,3.96372962
6057,16,0.30781013,2.04752541
6058,16,0.50377673,4.96959829
6059,16,0.52360570,3.25640893
6060,16,0.43166652,4.09018660
6061,16,0.57019138,3.32941747
6062,16,0.42693090,3.90070367
6063,16,0.48571342,4.20204782
6064,16,0.37677220,3.11685371
6065,16,0.58231765,4.24382019
6066,16,0.49002466,5.05064583
6067,16,0.55388808,5.15974855
6068,16,0.59341717,3.37452745
6069,16,0.53724158,4.88556671
6070,16,0.57807648,4.33702230
6071,16,0.54475528,5.20737171
6072,16,0.53482854,3.83234930
6073,16,0.59655297,5.20434141
6074,16,0.59381700,4.36080647
6075,16,0.49410564,3.55008864
6076,16,0.43448645,4.23757982
6077,16,0.31967580,2.45045328
6078,16,0.51418102,4.95497799
6079,16,0.48512980,5.17686987
6080,16,0.40325636,3.83762836
6081,16,0.50372440,3.61220002
6082,16,0.39618599,3.64717388
6083,16,0.49472740,3.60633945
6084,16,0.49347812,3.63082743
6085,16,0.37856540,3.61006665
6086,16,0.52769947,4.53348541
6087,16,0.48176181,3.67355442
6088,16,0.57373142,6.88518047
6089,16,0.41317648,6.24493790
6090,16,0.54646313,4.05059338
6091,16,0.33404982,3.83519268
6092,16,0.52943873,5.65787029
6093,16,0.44763166,4.31229591
6094,16,0.37272364,3.90584469
6095,16,0.45107895,4.36388206
6096,16,0.53373235,3.58460855
6097,16,0.49888834,5.66227198
6098,16,0.55277348,5.77104139
6099,16,0.49501759,3.46019959
6100,16,0.39977187,3.51711845
6101,16,0.44282904,3.11949587
6102,16,0.46706328,7.03260422
6103,16,0.58896285,5.75987959
6104,16,0.45954704,3.93523574
6105,16,0.55165732,3.19056201
6106,16,0.54036653,5.29050779
6107,16,0.37379789,3.04162478
6108,16,0.54862475,4.47131872
6109,16,0.47705039,3.79326415
6110,16,0.45284116,4.80352259
6111,16,0.42745978,3.88164783
6112,16,0.53547037,3.95990920
6113,16,0.42556208,2.71718693
6114,16,0.67942280,3.48308659
6115,16,0.44019336,3.99027491
6116,16,0.49393001,4.17284250
6117,16,0.59791106,4.70069170
6118,16,0.51042956,3.20431709
6119,16,0.51445389,3.40049195
6120,16,0.43236074,4.32678366
6121,16,0.36747742,2.80755901
6122,16,0.39634287,3.22525239
6123,16,0.52979922,3.81897950
6124,16,0.53378111,5.84520674
6125,16,0.57775629,5.69912529
6126,16,0.48694843,2.96192527
6127,16,0.62603700,4.67502069
6128,16,0.47410855,3.26657915
6129,16,0.42090866,3.83896875
6130,16,0.36193597,3.51384521
6131,16,0.37375671,2.83384275
6132,16,0.53464675,6.43100071
6133,16,0.48345274,4.46700382
6134,16,0.55463970,5.18274546
6135,16,0.50289333,3.65792680
6136,16,0.42389759,4.24926567
6137,16,0.50244242,6.68694782
6138,16,0.55808532,3.97286153
6139,16,0.38093257,3.15496564
6140,16,0.45000666,3.63770294
6141,16,0.40962517,4.38199568
6142,16,0.46930075,3.65077734
6143,16,0.73351896,4.72234774
6144,16,0.60474986,3.67884994
6145,16,0.42126459,3.59858465
6146,16,0.43917379,4.27904749
6147,16,0.32151836,2.84241247
6148,16,0.38162988,3.69866586
6149,16,0.51733238,4.22510290
6150,16,0.49679965,3.55714440
6151,16,0.31078929,2.76882148
6152,16,0.47761196,5.44103193
6153,16,0.42816520,2.91915226
6154,16,0.29404539,2.58555698
6155,16,0.51137555,2.86557508
6156,16,0.44797450,4.69462252
6157,16,0.60084403,4.14316797
6158,16,0.43174952,5.17954588
6159,16,0.50560343,4.29423618
6160,16,0.42915493,2.90810895
6161,16,0.38320175,3.02488804
6162,16,0.49696958,4.43671179
6163,16,0.46793944,3.42269015
6164,16,0.50551915,3.38221931
6165,16,0.45755425,3.59773469
6166,16,0.40384948,3.22441769
6167,16,0.50322044,4.87952900
6168,16,0.55056608,4.18402529
6169,16,0.60710061,4.40632772
6170,16,0.54707825,4.35352564
6171,16,0.60689753,6.11864758
6172,16,0.40862852,3.61677432
6173,16,0.52786839,4.59217787
6174,16,0.37861305,2.87368917
6175,16,0.47149596,3.34919858
6176,16,0.62734318,5.22056437
6177,16,0.43648991,3.61405849
6178,16,0.42202130,4.32758379
6179,16,0.45564026,3.03929996
6180,16,0.33545220,2.70178366
6181,16,0.46044794,4.05763388
6182,16,0.43533748,4.00603056
6183,16,0.46422467,4.25096035
6184,16,0.51171714,4.88094807
6185,16,0.42568570,3.39185500
6186,16,0.36332726,3.29434919
6187,16,0.40369353,3.68207455
6188,16,0.49840349,4.54090309
6189,16,0.56583488,3.71956587
6190,16,0.49989140,3.85943961
6191,16,0.34229094,2.62056684
6192,16,0.49425071,3.41258955
6193,16,0.38576013,2.58876967
6194,16,0.44854489,3.74412012
6195,16,0.69293833,4.85359335
6196,16,0.46894157,4.30277205
6197,16,0.38347760,3.38671899
6198,16,0.36659712,3.64199257
6199,16,0.41063035,3.34319592
6200,16,0.45658785,3.94636583
6201,16,0.52119464,5.32258081
6202,16,0.64433479,4.84871674
6203,16,0.37092859,2.49470472
6204,16,0.41773820,5.73066235
6205,16,0.49558085,4.04052067
6206,16,0.43109140,4.28916264
6207,16,0.48974675,4.85282564
6208,16,0.56764102,3.56910968
6209,16,0.35762745,3.15240145
6210,16,0.42532074,4.30309296
6211,16,0.39842337,3.47254562
6212,16,0.38102445,4.71577692
6213,16,0.49575216,2.98426843
6214,16,0.48122752,5.64181137
6215,16,0.52131176,3.98043156
6216,16,0.47573811,4.35589981
6217,16,0.40751940,4.10314894
6218,16,0.39521992,3.85404825
6219,16,0.52886790,3.98502398
6220,16,0.37848032,3.93997407
6221,16,0.52177006,5.28806734
6222,16,0.45548591,3.32428956
6223,16,0.42385328,4.58854437
6224,16,0.59600997,4.43753815
6225,16,0.39181501,2.95639348
6226,16,0.35816222,3.52284002
6227,16,0.45167011,4.51719522
6228,16,0.48058492,3.55707407
6229,16,0.53932524,5.81665087
6230,16,0.43022585,4.40108585
6231,16,0.55973625,4.66309261
6232,16,0.53312361,4.49613810
6233,16,0.23416010,2.25464058
6234,16,0.45552135,5.39027786
6235,16,0.53951859,4.30432844
6236,16,0.57741213,4.56978941
6237,16,0.42357779,4.22545195
6238,16,0.35319728,3.04269767
6239,16,0.39483148,3.19087362
6240,16,0.39357936,2.92877936
6241,16,0.49196106,5.86952305
6242,16,0.55434215,4.79979467
6243,16,0.57631636,5.29433393
6244,16,0.35944161,3.33957124
6245,16,0.56734455,4.37300158
6246,16,0.45026931,3.29023910
6247,16,0.47084463,3.46199942
6248,16,0.42845941,3.72648001
6249,16,0.43937081,3.67862034
6250,16,0.67165220,6.93796778
6251,16,0.48034835,3.41001654
6252,16,0.57686031,5.39582253
6253,16,0.55680263,4.62124491
6254,16,0.38158205,3.38317919
6255,16,0.66993678,6.27117062
6256,17,0.49452266,3.91212153
6257,17,0.47615469,3.61274457
6258,17,0.52454472,4.81275225
6259,17,0.43085587,4.21807146
6260,17,0.51224595,4.72127628
6261,17,0.28645504,3.48520613
6262,17,0.54951972,4.75783730
6263,17,0.42336231,3.74553514
6264,17,0.47145239,3.38600969
6265,17,0.35041755,3.23192048
6266,17,0.53660822,3.46424007
6267,17,0.53573346,4.43942690
6268,17,0.41896614,4.47897482
6269,17,0.53520459,3.27747917
6270,17,0.46875066,3.96660709
6271,17,0.41924977,4.11419725
6272,17,0.42077222,3.35032630
6273,17,0.66430336,5.63561630
6274,17,0.40327936,3.68511295
6275,17,0.28779665,3.40179944
6276,17,0.54688293,3.80900860
6277,17,0.44797149,3.28307223
6278,17,0.44086957,5.56445932
6279,17,0.40971804,5.17904758
6280,17,0.51504946,4.26621532
6281,17,0.39366794,5.90419388
6282,17,0.29199210,3.59426618
6283,17,0.39695373,4.09381104
6284,17,0.46157274,3.93488216
6285,17,0.38506961,3.46260262
6286,17,0.37998211,3.50705004
6287,17,0.42637992,6.08076620
6288,17,0.32450074,2.62435102
6289,17,0.47586593,3.66757464
6290,17,0.42203629,4.41881704
6291,17,0.45836991,4.19515038
6292,17,0.36174464,5.99839735
6293,17,0.49121386,2.84598088
6294,17,0.57984620,4.83314896
6295,17,0.50560218,3.37940216
6296,17,0.38606110,5.81340647
6297,17,0.41662198,3.85132670
6298,17,0.52447987,4.85051966
6299,17,0.46526861,3.28141022
6300,17,0.57915449,8.14992428
6301,17,0.41242832,4.45319080
6302,17,0.42263272,2.57393765
6303,17,0.37255487,3.02407265
6304,17,0.49992985,3.66671848
6305,17,0.49269241,5.05111074
6306,17,0.46553582,5.59494734
6307,17,0.38890406,3.85261893
6308,17,0.40039575,2.94873261
6309,17,0.48203501,3.18234921
6310,17,0.34617165,2.63612270
6311,17,0.52120972,3.40278673
6312,17,0.53841174,4.15296268
6313,17,0.43902189,4.96319151
6314,17,0.54523998,5.49928951
6315,17,0.49183381,5.94668818
6316,17,0.49910265,3.62005377
6317,17,0.40615463,3.03051758
6318,17,0.57096863,4.96441078
6319,17,0.39424461,4.39987183
6320,17,0.41572648,3.59726286
6321,17,0.27511251,3.06192327
6322,17,0.53836358,5.55370235
6323,17,0.48119244,4.77378416
6324,17,0.47063679,3.78052664
6325,17,0.62849295,6.37131882
6326,17,0.50300598,5.06930447
6327,17,0.43099740,5.21092939
6328,17,0.48922640,4.09168625
6329,17,0.38937992,3.18778419
6330,17,0.25050539,3.11510253
6331,17,0.41860288,4.83064032
6332,17,0.44868517,3.94591451
6333,17,0.47264093,3.00173640
6334,17,0.45888856,3.58332038
6335,17,0.54687738,3.55663776
6336,17,0.43380249,3.98434305
6337,17,0.45536560,3.72764659
6338,17,0.52859849,3.33404827
6339,17,0.43297195,3.13054538
6340,17,0.50329143,4.10427952
6341,17,0.49685335,4.71033239
6342,17,0.51322287,4.76053619
6343,17,0.49887490,2.94155788
6344,17,0.59511971,3.64644766
6345,17,0.50334257,4.56481266
6346,17,0.33236653,2.99014449
6347,17,0.43260407,3.92332959
6348,17,0.45084488,3.98619103
6349,17,0.37751752,3.13313055
6350,17,0.50643611,4.25358009
6351,17,0.30446982,4.41735458
6352,17,0.54019338,4.27875614
6353,17,0.44949579,5.49629974
6354,17,0.51136839,4.03859043
6355,17,0.37468988,2.57912326
6356,17,0.35685113,4.14733934
6357,17,0.37642133,3.23165202
6358,17,0.42992002,4.59109020
6359,17,0.51132631,4.77793360
6360,17,0.34150094,3.03150034
6361,17,0.37597638,2.49202323
6362,17,0.31893384,4.03996420
6363,17,0.36500731,3.88735318
6364,17,0.47980404,3.92211938
6365,17,0.64497715,5.42207766
6366,17,0.44168070,3.51305318
6367,17,0.51937449,5.13190365
6368,17,0.51064968,3.98906446
6369,17,0.46811378,3.37974381
6370,17,0.56051695,5.94841957
6371,17,0.48288774,5.39684725
6372,17,0.43751591,4.74413919
6373,17,0.45602605,5.64143276
6374,17,0.74375230,6.65787268
6375,17,0.42032909,3.82298422
6376,17,0.50034076,5.18718958
6377,17,0.67127764,5.82135725
6378,17,0.42560959,3.98405576
6379,17,0.42586550,3.99774981
6380,17,0.47056022,3.19213414
6381,17,0.54585612,3.98367119
6382,17,0.39108616,4.01724052
6383,17,0.40159526,2.61906838
6384,17,0.58369941,4.53028917
6385,17,0.60754865,4.17932177
6386,17,0.45836353,3.79512310
6387,17,0.40484926,5.15690660
6388,17,0.46010032,4.59084892
6389,17,0.61643422,3.53951931
6390,17,0.58739156,3.72958374
6391,17,0.57133722,5.85839176
6392,17,0.39739990,3.49863553
6393,17,0.46737325,3.44744444
6394,17,0.51122677,5.87738466
6395,17,0.57270992,4.07237101
6396,17,0.33521098,2.34828210
6397,17,0.59347647,8.35235596
6398,17,0.59007144,5.28505707
6399,17,0.55535877,4.32868576
6400,17,0.44925675,3.10526729
6401,17,0.34988403,3.39751101
6402,17,0.40200555,3.29675913
6403,17,0.53832304,3.41149497
6404,17,0.35135573,3.20997024
6405,17,0.43565840,4.40240860
6406,17,0.52978253,4.57219696
6407,17,0.41278046,5.89356899
6408,17,0.44041654,3.57067060
6409,17,0.42629230,3.71793675
6410,17,0.48524037,2.80231857
6411,17,0.41122866,3.87725663
6412,17,0.51778728,3.55722737
6413,17,0.53258443,3.52561545
6414,17,0.47380477,3.84162378
6415,17,0.33277172,3.15997219
6416,17,0.22025490,3.03364182
6417,17,0.54340005,4.65537882
6418,17,0.43027559,4.96220255
6419,17,0.43624622,5.33447886
6420,17,0.57482445,4.87295198
6421,17,0.47504494,3.98817801
6422,17,0.67199552,5.18349791
6423,17,0.38872942,3.63414955
6424,17,0.46901530,3.75930882
6425,17,0.54809594,5.95725060
6426,17,0.48684174,4.79754114
6427,17,0.36354685,3.54371190
6428,17,0.36924732,3.80135465
6429,17,0.57451129,7.77074242
6430,17,0.60395479,4.82417965
6431,17,0.55319202,3.57385945
6432,17,0.44428253,4.25210190
6433,17,0.37665209,2.68657327
6434,17,0.62487078,3.89521646
6435,17,0.63967288,4.71362972
6436,17,0.41043854,4.16000271
6437,17,0.44838798,5.97657013
6438,17,0.45654026,4.22178555
6439,17,0.41134581,3.03949952
6440,17,0.50390542,3.76693344
6441,17,0.38495442,3.71175218
6442,17,0.42450625,2.85349965
6443,17,0.52573091,3.47222853
6444,17,0.51625103,6.49628401
6445,17,0.47314507,6.05626345
6446,17,0.55931842,4.79496622
6447,17,0.57317013,4.44379807
6448,17,0.44363862,3.93603182
6449,17,0.51950717,3.32065535
6450,17,0.33202174,3.61620998
6451,17,0.48545080,6.04199553
6452,17,0.67166108,5.63214254
6453,17,0.36968851,3.16057563
6454,17,0.39566827,5.29591656
6455,17,0.49787140,4.64150095
6456,17,0.45549160,3.96758103
6457,17,0.38331789,3.51338530
6458,17,0.35660902,4.01733112
6459,17,0.38234484,3.25502491
6460,17,0.37627289,2.69259143
6461,17,0.61535430,5.26337099
6462,17,0.37898713,4.18874693
6463,17,0.52060366,4.44910908
6464,17,0.40575808,5.75234699
6465,17,0.45454356,3.25965905
6466,17,0.49648201,4.23752499
6467,17,0.38935196,3.84242868
6468,17,0.60473013,4.76765633
6469,17,0.61841309,4.64001131
6470,17,0.52543151,5.78717375
6471,17,0.48963273,4.62957096
6472,17,0.46441787,3.33124518
6473,17,0.43437070,2.92174911
6474,17,0.37103775,3.56107950
6475,17,0.48443508,5.67650747
6476,17,0.50319612,3.99388838
6477,17,0.38568884,2.97485232
6478,17,0.33154494,3.44136667
6479,17,0.31447852,2.55347729
6480,17,0.53563243,4.32983255
6481,17,0.58563614,4.37666845
6482,17,0.43076783,2.89035320
6483,17,0.32323050,2.18719053
6484,17,0.30350083,2.80767918
6485,17,0.56163633,4.31562471
6486,17,0.46342409,3.62401032
6487,17,0.37174654,3.60565925
6488,17,0.51161110,6.20777369
6489,17,0.44184083,4.26090574
6490,17,0.43804443,4.19000626
6491,17,0.52419543,4.29840374
6492,17,0.53163016,3.91547656
6493,17,0.62690532,6.41673756
6494,17,0.54134244,2.83613849
6495,17,0.49940708,4.02901077
6496,17,0.38340306,3.32457280
6497,17,0.55976462,5.11378193
6498,17,0.42871439,3.33709359
6499,17,0.49138939,4.03019476
6500,17,0.49357918,4.43761587
6501,17,0.52274299,4.39969635
6502,17,0.56940186,5.06639862
6503,17,0.39340669,2.61777973
6504,17,0.54310417,3.77040172
6505,17,0.57697850,4.45905066
6506,17,0.69539219,4.45924473
6507,17,0.43192273,4.31983805
6508,17,0.45289963,5.61494112
6509,17,0.41548032,3.30653906
6510,17,0.49541575,3.78814793
6511,17,0.82638115,4.41645145
6512,17,0.40550545,3.33706331
6513,17,0.57404900,3.63507676
6514,17,0.53114027,3.66645050
6515,17,0.32021707,2.86240220
6516,17,0.44478649,3.07513762
6517,17,0.36871427,2.56421471
6518,17,0.44017223,3.12055182
6519,17,0.37992862,3.09546661
6520,17,0.47153488,3.24938655
6521,17,0.43952793,2.68451524
6522,17,0.49529546,3.26001859
6523,17,0.43384814,3.12534523
6524,17,0.33927038,2.10216665
6525,17,0.34886688,4.23055601
6526,17,0.51679158,4.17825031
6527,17,0.36641800,2.87975883
6528,17,0.46150559,3.57567763
6529,17,0.33129799,3.63396144
6530,17,0.30820146,3.09868240
6531,17,0.34027725,3.80149269
6532,17,0.46343067,3.72026777
6533,17,0.54602599,4.09358692
6534,17,0.42840308,4.91749239
6535,17,0.37263632,3.76393867
6536,17,0.48407790,4.33569765
6537,17,0.47314397,4.55542898
6538,17,0.58124095,7.36573458
6539,17,0.51175416,4.02885866
6540,17,0.44297883,3.65600133
6541,17,0.47751850,4.41406488
6542,17,0.46520945,4.43284130
6543,17,0.43761760,3.05819893
6544,17,0.44445872,4.54494333
6545,17,0.34189016,2.62198830
6546,17,0.54415369,4.14931917
6547,17,0.50468636,4.56238604
6548,17,0.37049469,2.67778516
6549,17,0.47565067,4.09873486
6550,17,0.49996674,3.63996291
6551,17,0.43222481,2.75660205
6552,17,0.41278565,3.01343608
6553,17,0.47610721,4.84216833
6554,17,0.48139817,4.20119667
6555,17,0.50683963,5.04345226
6556,17,0.43412375,3.84682369
6557,17,0.39001128,3.63732028
6558,17,0.49705398,8.49195290
6559,17,0.50711882,4.92916918
6560,17,0.50298256,3.36310053
6561,17,0.41519070,3.56508493
6562,17,0.49463663,4.24167585
6563,17,0.50493211,2.98971009
6564,17,0.42361158,3.43538594
6565,17,0.50088853,4.28977299
6566,17,0.39148009,3.88645887
6567,17,0.51377779,5.59781551
6568,17,0.61485207,5.06067896
6569,17,0.51220256,4.53253460
6570,17,0.61940420,3.71495318
6571,17,0.45107025,3.32065964
6572,17,0.42513964,2.79032397
6573,17,0.57532597,3.51977253
6574,17,0.50814629,3.88681340
6575,17,0.43344617,3.25929856
6576,17,0.63934433,4.21269131
6577,17,0.44272095,3.46064806
6578,17,0.45482278,4.59067583
6579,17,0.57055509,4.59742022
6580,17,0.56846607,3.14281678
6581,17,0.33232936,2.43764830
6582,17,0.48676527,3.21799159
6583,17,0.40646547,4.45684719
6584,17,0.55594987,4.12991714
6585,17,0.41848803,3.46743083
6586,17,0.44612238,4.00922918
6587,17,0.37979361,3.99306989
6588,17,0.50145906,3.84028602
6589,17,0.46759492,5.22833776
6590,17,0.47533938,3.66878510
6591,17,0.45440236,3.88144875
6592,17,0.35513121,3.43295217
6593,17,0.25217760,3.17666698
6594,17,0.43587384,3.19519830
6595,17,0.50383466,3.76300764
6596,17,0.37644029,4.89876842
6597,17,0.35836458,3.47681165
6598,17,0.45522407,5.52223158
6599,17,0.56345308,4.60739613
6600,17,0.68204117,6.54705572
6601,17,0.40956113,3.60553384
6602,17,0.41777879,4.44632196
6603,17,0.40329880,4.00266409
6604,17,0.45134577,3.79049730
6605,17,0.52253878,6.09881163
6606,17,0.45392609,3.69551921
6607,17,0.63394511,4.53735256
6608,17,0.57378680,4.34348297
6609,17,0.33811337,2.44776464
6610,17,0.43435213,7.74005604
6611,17,0.51776218,3.79603910
6612,17,0.58567888,3.56350136
6613,17,0.62746626,4.05079222
6614,17,0.37202972,3.60913038
6615,17,0.46684724,4.35274649
6616,17,0.44649875,3.79889941
6617,17,0.57291889,6.89740658
6618,17,0.59555608,5.35963249
6619,17,0.41020525,3.22678900
6620,17,0.54542387,4.67207909
6621,17,0.50938821,3.60775948
6622,17,0.47058749,5.49527216
6623,17,0.57185864,5.07187843
6624,17,0.35293102,3.17015910
6625,17,0.63506258,4.80154753
6626,17,0.35581449,3.21673584
6627,17,0.52683693,4.40275574
6628,17,0.45244893,3.50674963
6629,17,0.42655915,3.87417841
6630,17,0.42854801,4.09238958
6631,17,0.40522546,2.85122466
6632,17,0.39879650,3.06258106
6633,17,0.48158860,4.99865246
6634,17,0.49693525,3.56227279
6635,17,0.51730430,3.39304161
6636,17,0.43244764,3.53296494
6637,17,0.48050925,3.27800059
6638,17,0.44908470,3.66699743
6639,17,0.37670416,3.23198867
6640,17,0.43236929,3.08281255
6641,17,0.37908447,3.91349053
6642,17,0.42517754,3.38859200
6643,17,0.41116861,3.62005782
6644,17,0.42489320,3.63094354
6645,17,0.55843830,3.38119173
6646,17,0.68644869,8.98331165
6647,18,0.52352804,4.26053858
6648,18,0.36634517,3.15770841
6649,18,0.49662256,3.75525331
6650,18,0.59254742,8.47027683
6651,18,0.42401639,3.64937472
6652,18,0.44416919,5.59630108
6653,18,0.45846629,3.80023432
6654,18,0.46827126,4.86332750
6655,18,0.39934999,4.84160280
6656,18,0.46290180,3.86955237
6657,18,0.36005941,3.08462596
6658,18,0.47676453,4.10950470
6659,18,0.36314920,6.02211714
6660,18,0.31327504,3.74291825
6661,18,0.38485259,4.47058392
6662,18,0.53758991,4.74006414
6663,18,0.45031440,3.19865990
6664,18,0.46380192,3.98880267
6665,18,0.50458717,4.97553825
6666,18,0.58408928,4.99856997
6667,18,0.40878385,3.71868348
6668,18,0.53662425,5.46107769
6669,18,0.46581727,4.45262766
6670,18,0.57247907,4.79479980
6671,18,0.47085923,3.86762834
6672,18,0.32963240,3.74904013
6673,18,0.33247331,3.97024345
6674,18,0.32649052,3.13427281
6675,18,0.52576268,4.49523306
6676,18,0.38071468,2.82402706
6677,18,0.53628987,4.68946886
6678,18,0.50923568,3.33658242
6679,18,0.44628513,3.74065757
6680,18,0.30287328,2.40174842
6681,18,0.46044785,3.35308242
6682,18,0.40484554,5.33821201
6683,18,0.37480831,2.82923698
6684,18,0.48187467,3.05191994
6685,18,0.56822693,2.90024471
6686,18,0.36072528,2.67665148
6687,18,0.34206539,3.05400133
6688,18,0.35588568,3.70950627
6689,18,0.47682622,4.66711664
6690,18,0.41858631,2.74056458
6691,18,0.50695050,4.66100311
6692,18,0.56296444,5.11242342
6693,18,0.42095798,3.63085222
6694,18,0.35588169,4.20065594
6695,18,0.62408340,4.27971363
6696,18,0.34803066,4.22884417
6697,18,0.42026925,3.55801249
6698,18,0.47918382,5.69819450
6699,18,0.51368469,3.76544547
6700,18,0.45941564,4.40505600
6701,18,0.34270513,2.62334704
6702,18,0.50020516,5.22867632
6703,18,0.44644260,4.78650999
6704,18,0.44010457,5.51384878
6705,18,0.36746588,5.47778082
6706,18,0.54284120,5.88292599
6707,18,0.48488247,3.69084787
6708,18,0.53437167,3.15630293
6709,18,0.53986764,3.81647229
6710,18,0.51562244,3.70918465
6711,18,0.35132134,2.55386758
6712,18,0.39600620,3.87839699
6713,18,0.47853452,3.40056109
6714,18,0.39609951,3.02343225
6715,18,0.49931175,4.27509785
6716,18,0.59116781,4.14712048
6717,18,0.42913923,3.71983433
6718,18,0.36330682,2.50919437
6719,18,0.36234787,3.57531595
6720,18,0.42731404,3.78050303
6721,18,0.58387226,4.90567875
6722,18,0.48912805,3.20056367
6723,18,0.33899468,2.62895679
6724,18,0.44850647,3.56103563
6725,18,0.37426460,3.09218669
6726,18,0.35182735,2.99915624
6727,18,0.41280028,4.67569017
6728,18,0.57655060,4.56518936
6729,18,0.51369214,3.12296724
6730,18,0.33977544,3.55266857
6731,18,0.60505271,5.09574842
6732,18,0.41937131,3.20148253
6733,18,0.43878150,4.78620529
6734,18,0.30700654,3.29614997
6735,18,0.60016954,4.03825092
6736,18,0.36230594,4.31541014
6737,18,0.45632887,5.23319626
6738,18,0.33973664,3.62202096
6739,18,0.32099891,3.15912914
6740,18,0.30615568,2.57580876
6741,18,0.52934396,3.65370989
6742,18,0.42289704,4.37269497
6743,18,0.41583210,4.83413267
6744,18,0.35848773,3.79684663
6745,18,0.54308355,4.03560114
6746,18,0.44700509,4.89823961
6747,18,0.45059004,4.34901142
6748,18,0.39513478,2.90875840
6749,18,0.49881488,4.26553154
6750,18,0.46759456,3.55760813
6751,18,0.54325193,6.71669245
6752,18,0.35398161,3.96065521
6753,18,0.37464529,3.75469208
6754,18,0.43281227,3.88078475
6755,18,0.41613641,4.53026962
6756,18,0.45252267,3.87932515
6757,18,0.47779632,3.52104354
6758,18,0.33831382,3.89026785
6759,18,0.61764371,6.67102766
6760,18,0.32676858,3.29340386
6761,18,0.43828243,3.59081173
6762,18,0.52948070,3.84849787
6763,18,0.45490259,3.46450233
6764,18,0.48511133,3.34125996
6765,18,0.39038163,3.51350737
6766,18,0.29401809,2.23432803
6767,18,0.48124796,4.41472006
6768,18,0.44153374,3.22079754
6769,18,0.37729806,3.03692031
6770,18,0.32270455,3.66145825
6771,18,0.53320551,3.88463688
6772,18,0.59223878,4.28897381
6773,18,0.34884274,4.12968254
6774,18,0.41283137,2.97641373
6775,18,0.41821840,3.12900949
6776,18,0.59555840,4.17033672
6777,18,0.60699785,5.24561834
6778,18,0.37536600,3.29761028
6779,18,0.59078264,5.38770008
6780,18,0.44199848,3.58456087
6781,18,0.36447412,3.42576075
6782,18,0.35851598,2.64265108
6783,18,0.57394540,4.36319447
6784,18,0.55367637,4.33800650
6785,18,0.46272337,3.33705878
6786,18,0.50371850,3.89863443
6787,18,0.55177855,5.67775631
6788,18,0.46212357,4.52797270
6789,18,0.43341586,4.09032726
6790,18,0.48664564,3.98288155
6791,18,0.35158509,3.15061164
6792,18,0.44415492,3.65620112
6793,18,0.33238155,3.82184815
6794,18,0.45073709,3.73278546
6795,18,0.50622559,4.30388641
6796,18,0.32261950,3.40541053
6797,18,0.39119256,3.58970165
6798,18,0.38991454,4.24929333
6799,18,0.45982182,4.93955660
6800,18,0.70871019,4.91599178
6801,18,0.30966857,3.28193903
6802,18,0.40476567,3.72014475
6803,18,0.37975863,2.43075585
6804,18,0.44790587,3.45861626
6805,18,0.66564733,4.40157557
6806,18,0.35006544,5.56444407
6807,18,0.47701550,3.42820716
6808,18,0.41701365,4.02622652
6809,18,0.44315428,3.43548417
6810,18,0.64176345,6.19644213
6811,18,0.58889830,5.80099583
6812,18,0.45060855,4.43746662
6813,18,0.39271986,3.55761766
6814,18,0.46192065,4.50982666
6815,18,0.47903976,3.83156466
6816,18,0.59618795,5.05597544
6817,18,0.47461104,4.64351034
6818,18,0.52040601,3.83469987
6819,18,0.54007602,6.53983641
6820,18,0.37262321,3.07456326
6821,18,0.37002930,3.55421400
6822,18,0.30295822,3.04690695
6823,18,0.47046417,3.57803416
6824,18,0.42638898,3.28564382
6825,18,0.49683475,7.43561077
6826,18,0.54309708,4.86305046
6827,18,0.44181067,4.19551182
6828,18,0.39174184,2.92166471
6829,18,0.38700208,2.97815847
6830,18,0.44312400,4.81893301
6831,18,0.52100527,6.10135412
6832,18,0.52236915,3.12287402
6833,18,0.44675699,4.70848846
6834,18,0.33178562,2.31360102
6835,18,0.36571541,3.06114602
6836,18,0.40008080,3.15144110
6837,18,0.60541791,6.72897530
6838,18,0.48075566,3.86488748
6839,18,0.25894517,3.19394040
6840,18,0.39630908,4.80400038
6841,18,0.42930728,3.08451891
6842,18,0.51949453,4.28750992
6843,18,0.45898530,4.65384102
6844,18,0.39233428,5.69300079
6845,18,0.62448514,3.68659449
6846,18,0.36122066,3.97146368
6847,18,0.38461459,5.06508112
6848,18,0.46726638,4.48078918
6849,18,0.48269722,4.78739882
6850,18,0.33293074,6.61047983
6851,18,0.48223904,3.84555221
6852,18,0.45950490,5.85985565
6853,18,0.38967356,3.47825074
6854,18,0.41196543,4.21616220
6855,18,0.38363522,4.19524908
6856,18,0.61496353,4.81786156
6857,18,0.43918103,3.47225642
6858,18,0.44310132,3.39140701
6859,18,0.48980442,3.75185061
6860,18,0.36551040,6.02400160
6861,18,0.45931706,3.26123285
6862,18,0.39376515,4.82814980
6863,18,0.51074600,4.99235058
6864,18,0.56086719,4.39661884
6865,18,0.51696002,4.72748947
6866,18,0.56707668,6.04931545
6867,18,0.43121159,4.49639654
6868,18,0.35073677,3.27146125
6869,18,0.45559287,4.29604769
6870,18,0.45797485,3.82855344
6871,18,0.52323031,3.68273187
6872,18,0.40553051,4.17863989
6873,18,0.47589368,3.97112083
6874,18,0.29982448,2.87589312
6875,18,0.56068754,7.34552956
6876,18,0.30199152,3.37886524
6877,18,0.29113615,3.27843428
6878,18,0.49143311,5.98377419
6879,18,0.53774798,4.26799202
6880,18,0.42943820,3.67456937
6881,18,0.41523436,4.08661318
6882,18,0.41335475,3.46855140
6883,18,0.52201593,4.47080755
6884,18,0.33563155,3.38015771
6885,18,0.34150076,3.78430033
6886,18,0.31273729,3.30506182
6887,18,0.49284595,3.80498171
6888,18,0.42424649,3.47664857
6889,18,0.62816072,8.29117489
6890,18,0.50483882,3.96698761
6891,18,0.34766096,3.29251862
6892,18,0.28412598,3.50615168
6893,18,0.55363226,3.93422389
6894,18,0.51883411,5.62686014
6895,18,0.53041804,5.16680145
6896,18,0.33685255,3.11359072
6897,18,0.45798194,4.40954876
6898,18,0.40550920,3.61083913
6899,18,0.38570338,4.34393358
6900,18,0.41592672,3.36286259
6901,18,0.44852573,4.20398617
6902,18,0.36860549,4.08489943
6903,18,0.52951860,3.38954020
6904,18,0.50212437,3.70602274
6905,18,0.47250938,4.10564041
6906,18,0.51427662,3.65002656
6907,18,0.31030038,3.36383557
6908,18,0.53334641,5.04333973
6909,18,0.45302600,3.57157016
6910,18,0.61381108,4.58194923
6911,18,0.48493955,2.80075407
6912,18,0.50400269,3.57591057
6913,18,0.44998670,3.50826144
6914,18,0.51678193,3.33055305
6915,18,0.49361873,4.86666012
6916,18,0.48717821,3.33564639
6917,18,0.34259626,2.45704103
6918,18,0.36991450,4.43166924
6919,18,0.50598633,5.47506905
6920,18,0.34614056,2.49019623
6921,18,0.51382536,3.45786381
6922,18,0.50193518,2.96136570
6923,18,0.53926188,3.57690692
6924,18,0.57104230,5.00047874
6925,18,0.44525725,3.57415462
6926,18,0.42779508,2.58971858
6927,18,0.43153551,3.92060709
6928,18,0.58501256,3.70528412
6929,18,0.45069855,3.55657840
6930,18,0.45535907,3.08493137
6931,18,0.65040916,4.60707188
6932,18,0.38103157,2.61256218
6933,18,0.42234343,3.54070067
6934,18,0.32180655,2.76453495
6935,18,0.42627540,3.99757838
6936,18,0.62411892,5.43232632
6937,18,0.48771492,5.89269161
6938,18,0.55014032,4.14197063
6939,18,0.47589585,3.70583582
6940,18,0.47972232,5.64701605
6941,18,0.56770784,3.84255362
6942,18,0.40217847,3.31575060
6943,18,0.41859579,3.52254081
6944,18,0.33894274,3.30474901
6945,18,0.48618633,4.89884138
6946,18,0.49766493,4.81269073
6947,18,0.43527910,6.81552219
6948,18,0.66222852,5.35344076
6949,18,0.48969853,4.80233240
6950,18,0.44157490,4.11268330
6951,18,0.40976793,3.59197044
6952,18,0.30123228,2.18429780
6953,18,0.46305764,3.27230120
6954,18,0.56817734,3.24987411
6955,18,0.32670456,3.62150741
6956,18,0.52334976,3.95518112
6957,18,0.59607494,4.49389076
6958,18,0.49998289,4.37390423
6959,18,0.40905768,3.67751026
6960,18,0.45705122,4.24634695
6961,18,0.39492416,4.13640833
6962,18,0.54157865,8.31488705
6963,18,0.48457405,3.90460420
6964,18,0.54529154,4.90917873
6965,18,0.47123340,3.46891332
6966,18,0.40195480,3.55913687
6967,18,0.55451119,3.78055978
6968,18,0.41942003,3.06362343
6969,18,0.24504784,2.56380868
6970,18,0.51600546,4.51242685
6971,18,0.57691491,4.45805407
6972,18,0.43938166,4.48879099
6973,18,0.31086755,2.38856220
6974,18,0.45743990,3.79823804
6975,18,0.37724024,2.62728357
6976,18,0.37710202,2.90195966
6977,18,0.56641781,4.03499842
6978,18,0.49417648,2.73824787
6979,18,0.43018496,4.01847553
6980,18,0.35479209,4.31852341
6981,18,0.44670510,4.48021793
6982,18,0.49573034,3.70446444
6983,18,0.49883202,5.85756493
6984,18,0.48045206,3.88433909
6985,18,0.38178736,2.82627106
6986,18,0.46125874,7.27319002
6987,18,0.37782505,5.40657473
6988,18,0.40563408,3.52032232
6989,18,0.47016311,5.20721054
6990,18,0.47391185,3.98297954
6991,18,0.41617018,3.70590138
6992,18,0.47948888,4.62053776
6993,18,0.38774550,3.81208086
6994,18,0.47558945,5.96515656
6995,18,0.54723799,4.74555159
6996,18,0.38825566,3.70871782
6997,18,0.57075614,4.71382952
6998,18,0.42274496,3.56916499
6999,18,0.44652110,4.50383854
7000,18,0.50300300,4.26489592
7001,18,0.43152452,3.64293218
7002,18,0.49603724,3.49096060
7003,18,0.42500663,3.07803297
7004,18,0.33710670,2.50280643
7005,18,0.43470812,3.26648879
7006,18,0.37313396,3.24852729
7007,18,0.51493210,5.07258177
7008,18,0.54110903,5.43358374
7009,18,0.48901495,4.05228615
7010,18,0.38091439,4.21621704
7011,18,0.53350055,4.57395315
7012,18,0.42839801,3.16811872
7013,18,0.47192937,4.28088856
7014,18,0.55446547,5.80066824
7015,18,0.41688001,5.09222984
7016,18,0.32401189,3.52793813
7017,18,0.41056406,3.37203765
7018,18,0.45356470,5.10655642
7019,18,0.45397642,4.74458122
7020,18,0.48054433,3.70670009
7021,18,0.46373120,4.23685312
7022,18,0.45070672,3.62610531
7023,18,0.51050389,4.32387543
7024,18,0.36861196,5.08363676
7025,18,0.49150923,3.77140069
7026,18,0.46587020,3.67429233
7027,18,0.59598821,3.90304899
7028,18,0.39456922,3.18501735
7029,18,0.50208747,4.01579809
7030,18,0.51049042,3.83609533
7031,18,0.48862982,4.50616217
7032,18,0.45569563,4.14627790
7033,18,0.48890394,2.90206432
7034,18,0.49612466,3.79194427
7035,18,0.37673968,4.71314144
7036,18,0.38190430,2.65510225
7037,18,0.43608728,5.40629768
7038,19,0.34732246,3.37700510
7039,19,0.32282799,2.98028612
7040,19,0.42125556,2.68550563
7041,19,0.43830615,4.25866508
7042,19,0.39072376,4.03851509
7043,19,0.41794252,4.28370142
7044,19,0.53171945,3.67126870
7045,19,0.35787657,2.46509838
7046,19,0.35856891,2.92340422
7047,19,0.42888850,3.89203143
7048,19,0.34044549,2.85441828
7049,19,0.31432450,2.72228694
7050,19,0.30885828,2.69176054
7051,19,0.36117762,3.99462008
7052,19,0.28621146,3.32233882
7053,19,0.45187703,3.63447881
7054,19,0.39819801,3.48347259
7055,19,0.49348092,5.20438480
7056,19,0.42678815,3.29126740
7057,19,0.46670020,5.42625523
7058,19,0.46729738,4.33709669
7059,19,0.45976195,4.37478638
7060,19,0.27226040,2.75789833
7061,19,0.53714335,4.43482494
7062,19,0.51631010,5.71503115
7063,19,0.53726208,3.96513820
7064,19,0.37159294,5.33184528
7065,19,0.43386334,3.41668844
7066,19,0.51820862,5.07711601
7067,19,0.30400640,2.91317129
7068,19,0.55720365,3.44347191
7069,19,0.39510351,4.82761097
7070,19,0.43505073,5.19793224
7071,19,0.41729617,3.32642341
7072,19,0.57142240,3.40779328
7073,19,0.35561833,2.59978652
7074,19,0.38190061,4.04193449
7075,19,0.43936360,3.05405331
7076,19,0.36038458,4.57862663
7077,19,0.48978806,2.56969786
7078,19,0.56370902,4.25708580
7079,19,0.51765037,4.55867434
7080,19,0.43128586,3.52485633
7081,19,0.50371647,2.64794683
7082,19,0.46311790,3.55644464
7083,19,0.44153756,4.21675444
7084,19,0.50610000,3.79122329
7085,19,0.41532931,2.79935956
7086,19,0.53331620,4.25467300
7087,19,0.46077257,5.32320642
7088,19,0.43316883,6.20646191
7089,19,0.34499890,2.48913169
7090,19,0.31692564,3.17376947
7091,19,0.46287876,3.45797253
7092,19,0.38799080,3.01604748
7093,19,0.39685249,4.49964523
7094,19,0.36728168,3.05055833
7095,19,0.52483487,4.74758577
7096,19,0.44076413,4.67803049
7097,19,0.31126866,3.56576967
7098,19,0.38126603,2.90430665
7099,19,0.44056743,4.18528223
7100,19,0.43955204,4.53191662
7101,19,0.50208771,3.39864016
7102,19,0.56850857,4.02396202
7103,19,0.29415482,3.68729115
7104,19,0.44005835,7.50012541
7105,19,0.55814439,4.26450872
7106,19,0.35330343,4.60146856
7107,19,0.54901379,4.20869493
7108,19,0.31521219,3.52282357
7109,19,0.38512447,3.43359327
7110,19,0.46235365,4.03857660
7111,19,0.41139898,4.25846672
7112,19,0.31629211,3.65430188
7113,19,0.31081322,2.70593476
7114,19,0.44071728,3.87975335
7115,19,0.36935979,3.55307508
7116,19,0.39251018,3.18174291
7117,19,0.49698126,4.19785452
7118,19,0.33693832,3.35874367
7119,19,0.40129566,2.56445098
7120,19,0.27574611,3.66202497
7121,19,0.40791652,3.48723102
7122,19,0.35104853,2.95782876
7123,19,0.35805887,2.81584954
7124,19,0.30167717,2.57083988
7125,19,0.31485069,3.06562877
7126,19,0.41100848,3.42305470
7127,19,0.44038743,4.42509747
7128,19,0.39770398,4.83400822
7129,19,0.45098090,3.71146894
7130,19,0.40298653,2.61117649
7131,19,0.32933748,3.82510042
7132,19,0.31249446,2.59637618
7133,19,0.41702873,3.24233961
7134,19,0.30944738,3.57055783
7135,19,0.51395333,4.94544220
7136,19,0.43484017,4.73586035
7137,19,0.58939743,4.62623692
7138,19,0.49024844,4.20797157
7139,19,0.42514431,5.36049604
7140,19,0.40896767,3.71064234
7141,19,0.39512515,2.90897655
7142,19,0.27001339,2.59966898
7143,19,0.43675852,4.80817127
7144,19,0.41599458,4.95420694
7145,19,0.34286964,3.45604038
7146,19,0.57050741,4.86480665
7147,19,0.51548523,4.13502884
7148,19,0.57444137,5.08082581
7149,19,0.49389631,4.84430265
7150,19,0.35122114,4.06013107
7151,19,0.40892971,3.28234053
7152,19,0.51512933,5.22877550
7153,19,0.41833395,4.14064074
7154,19,0.41547695,3.91369796
7155,19,0.53720039,3.67998505
7156,19,0.25004774,2.26999354
7157,19,0.36504731,3.09648204
7158,19,0.40149820,4.52899933
7159,19,0.39499879,3.62535334
7160,19,0.41040397,2.93765068
7161,19,0.28453803,2.25171590
7162,19,0.36695680,4.82160139
7163,19,0.51235795,4.37548447
7164,19,0.46324801,5.88680029
7165,19,0.43528461,3.61528611
7166,19,0.41990626,4.80287123
7167,19,0.34975988,3.27556396
7168,19,0.42067769,3.70189166
7169,19,0.35900107,2.90931582
7170,19,0.37249926,3.27597499
7171,19,0.36411840,4.33266830
7172,19,0.41645181,3.85944891
7173,19,0.34877270,2.69013977
7174,19,0.59705353,4.19698954
7175,19,0.46671456,3.08270669
7176,19,0.47400394,4.03518677
7177,19,0.60386986,4.78504944
7178,19,0.30904371,2.89400983
7179,19,0.50963950,4.59552526
7180,19,0.42183769,3.39804578
7181,19,0.48258132,3.64515257
7182,19,0.47455132,3.84843040
7183,19,0.37292910,4.37932444
7184,19,0.39945611,4.31701183
7185,19,0.46742347,6.61411810
7186,19,0.47042289,4.55502462
7187,19,0.41891259,3.20902634
7188,19,0.63461232,3.96616459
7189,19,0.50043273,3.26444888
7190,19,0.35866830,3.10333610
7191,19,0.52559143,3.65919662
7192,19,0.40544283,3.16376114
7193,19,0.47077382,4.61328697
7194,19,0.44876778,3.96691227
7195,19,0.40307784,4.70657539
7196,19,0.51352668,4.47705841
7197,19,0.43659472,2.68818474
7198,19,0.40498912,3.81564617
7199,19,0.35504094,3.28176856
7200,19,0.43220890,3.89050245
7201,19,0.42042905,3.69067907
7202,19,0.29469436,2.21244860
7203,19,0.49337846,3.13925076
7204,19,0.29690424,3.18830347
7205,19,0.50286460,3.68682623
7206,19,0.29457501,2.73230958
7207,19,0.40530026,4.14743996
7208,19,0.38900888,2.86563683
7209,19,0.44555101,6.71646929
7210,19,0.34046191,3.21146870
7211,19,0.59491169,5.38612604
7212,19,0.28711691,4.05090141
7213,19,0.56387037,4.32729530
7214,19,0.54210585,4.46921587
7215,19,0.39545399,4.05378628
7216,19,0.55092442,4.14063644
7217,19,0.50690347,5.01689625
7218,19,0.45935184,4.39877844
7219,19,0.40544546,4.33202028
7220,19,0.34349614,4.31145287
7221,19,0.41609842,3.28977346
7222,19,0.39000297,3.45207047
7223,19,0.49389383,3.27419853
7224,19,0.47286993,4.78306246
7225,19,0.63728607,5.80396366
7226,19,0.36441872,4.40260124
7227,19,0.41336307,4.95458269
7228,19,0.49213684,4.87360716
7229,19,0.23279350,3.46879673
7230,19,0.30629504,3.99962258
7231,19,0.42687917,5.25915432
7232,19,0.59225392,4.28096247
7233,19,0.45667192,3.68331766
7234,19,0.57074863,4.19698000
7235,19,0.48397687,3.27547121
7236,19,0.46253139,5.75600338
7237,19,0.41210440,3.84207344
7238,19,0.43264186,2.94047952
7239,19,0.38017082,3.25786567
7240,19,0.47727144,2.69143343
7241,19,0.54449970,2.53163147
7242,19,0.43939063,6.92634583
7243,19,0.52372724,3.15571404
7244,19,0.34350488,3.67906809
7245,19,0.36549342,3.22673225
7246,19,0.44126248,2.69767118
7247,19,0.36299849,3.03539753
7248,19,0.44573987,4.08625793
7249,19,0.44619381,4.11601305
7250,19,0.47604305,3.48385382
7251,19,0.41543144,3.33277178
7252,19,0.46085346,4.08897400
7253,19,0.39213455,2.94199848
7254,19,0.43418032,2.67223644
7255,19,0.46298277,3.61452389
7256,19,0.35716420,2.95717502
7257,19,0.48965803,3.35914087
7258,19,0.43153125,2.60658622
7259,19,0.50890738,4.76964378
7260,19,0.36437497,3.17544985
7261,19,0.42379016,4.57488298
7262,19,0.51542091,4.59230280
7263,19,0.37248507,3.79110289
7264,19,0.45732325,3.83223295
7265,19,0.64625561,7.12275839
7266,19,0.43123478,3.70474458
7267,19,0.37411976,2.93584442
7268,19,0.42989099,4.74219894
7269,19,0.36895946,3.49331999
7270,19,0.45157808,3.36413145
7271,19,0.37371436,3.52868199
7272,19,0.49016848,3.48585534
7273,19,0.40316173,4.56296253
7274,19,0.41112772,3.51565504
7275,19,0.33040005,2.60037947
7276,19,0.72792602,4.37995720
7277,19,0.46046221,3.28154588
7278,19,0.46641639,2.97532964
7279,19,0.48038906,3.59898996
7280,19,0.50917566,4.35458469
7281,19,0.41775882,4.74321127
7282,19,0.45521075,4.19649744
7283,19,0.34898216,2.90270853
7284,19,0.47946477,3.77576828
7285,19,0.35121885,3.25099611
7286,19,0.52326405,3.52101207
7287,19,0.42159170,3.95741844
7288,19,0.36900380,2.88707328
7289,19,0.42289606,4.63742065
7290,19,0.26689166,3.21541691
7291,19,0.46860453,4.05745411
7292,19,0.48377955,3.37424874
7293,19,0.34469998,3.11139512
7294,19,0.27361351,3.28107572
7295,19,0.38650084,2.58881330
7296,19,0.31426269,3.24049711
7297,19,0.45363069,4.72324562
7298,19,0.46480998,6.06070518
7299,19,0.40877640,4.37279463
7300,19,0.37874687,3.33805323
7301,19,0.41489679,4.00516129
7302,19,0.60884857,4.91006470
7303,19,0.49229372,3.45725441
7304,19,0.45742309,4.71943998
7305,19,0.58602953,4.56398153
7306,19,0.44015020,5.20787621
7307,19,0.35546517,5.38979864
7308,19,0.43075249,5.27254629
7309,19,0.59672004,3.98345423
7310,19,0.55779725,3.29909706
7311,19,0.55523872,6.74247074
7312,19,0.54688007,5.15864229
7313,19,0.50328422,4.79599714
7314,19,0.34083915,4.37574816
7315,19,0.36055267,2.81945038
7316,19,0.32736111,2.91743016
7317,19,0.46082449,5.13185072
7318,19,0.48490271,2.60106683
7319,19,0.45231766,4.06471443
7320,19,0.37767461,4.21268892
7321,19,0.34911969,2.94199133
7322,19,0.32298830,3.20869207
7323,19,0.38497460,4.97230291
7324,19,0.50212276,4.29663897
7325,19,0.63390702,6.11117506
7326,19,0.45530218,5.48889589
7327,19,0.49177790,4.87533951
7328,19,0.65383208,4.38290787
7329,19,0.29940477,3.78132725
7330,19,0.49733597,4.51361084
7331,19,0.53260851,6.51991367
7332,19,0.35050359,2.62239647
7333,19,0.44777086,2.63351631
7334,19,0.38766712,4.29113674
7335,19,0.36080089,5.16550446
7336,19,0.46817103,4.55677414
7337,19,0.44207913,3.82869005
7338,19,0.37586871,2.86751962
7339,19,0.61107326,4.13769531
7340,19,0.49459517,3.51206636
7341,19,0.41127712,3.64721727
7342,19,0.51311827,3.25400805
7343,19,0.43704274,3.73972011
7344,19,0.54913545,3.54919767
7345,19,0.44152457,3.57218361
7346,19,0.40087080,4.71283197
7347,19,0.53618741,3.85304570
7348,19,0.43326977,4.07359791
7349,19,0.62442505,3.73667789
7350,19,0.50354725,3.98993826
7351,19,0.66678274,4.51479912
7352,19,0.50502336,3.43809676
7353,19,0.36951989,4.01948214
7354,19,0.46385112,4.07193947
7355,19,0.50542158,3.36890364
7356,19,0.45512286,4.27356100
7357,19,0.46778062,3.86045718
7358,19,0.49114004,4.14416933
7359,19,0.43211058,4.04781342
7360,19,0.51611137,4.84188509
7361,19,0.55748963,3.58326888
7362,19,0.42255777,4.27100039
7363,19,0.56518358,5.29379225
7364,19,0.54507297,4.23807859
7365,19,0.40922526,3.22435021
7366,19,0.43238270,3.53042984
7367,19,0.36725897,3.63140583
7368,19,0.52115202,3.98023486
7369,19,0.39260018,3.38505769
7370,19,0.43234867,3.19914532
7371,19,0.38011587,3.23227763
7372,19,0.48023468,3.52658176
7373,19,0.34203923,2.71680450
7374,19,0.50637722,3.91712499
7375,19,0.52444112,3.80077314
7376,19,0.54298085,5.06018686
7377,19,0.48449269,3.33101296
7378,19,0.34857994,3.18322659
7379,19,0.49826223,3.27047062
7380,19,0.36403060,3.29699969
7381,19,0.46327206,7.70987654
7382,19,0.38991785,2.98255420
7383,19,0.38473326,3.20684505
7384,19,0.39512494,4.30278301
7385,19,0.69084609,7.57770729
7386,19,0.51291108,4.62542391
7387,19,0.33758199,2.83929968
7388,19,0.49750239,5.18373203
7389,19,0.60227191,3.98111391
7390,19,0.31269827,2.16619253
7391,19,0.47477308,4.27620935
7392,19,0.39138246,2.56305504
7393,19,0.47242168,3.86733723
7394,19,0.37569684,2.29299617
7395,19,0.47104546,4.72954035
7396,19,0.42359188,3.70550418
7397,19,0.50782382,4.04374886
7398,19,0.48742521,5.03833866
7399,19,0.50282031,3.98815656
7400,19,0.35870013,2.32895517
7401,19,0.34680223,2.23706412
7402,19,0.36541343,3.68308401
7403,19,0.34711793,2.50348353
7404,19,0.52163821,5.11853886
7405,19,0.43804163,3.28244901
7406,19,0.43601239,3.70880389
7407,19,0.35731971,4.15811205
7408,19,0.42442572,3.27799225
7409,19,0.35327592,3.43411922
7410,19,0.32380140,3.99327016
7411,19,0.40586036,3.95066977
7412,19,0.40907684,3.19678211
7413,19,0.48432922,7.69273758
7414,19,0.63530439,5.73770809
7415,19,0.47375351,4.24047470
7416,19,0.47487307,4.17058229
7417,19,0.54333764,4.90367651
7418,19,0.39966416,3.08057046
7419,19,0.35678181,2.27386904
7420,19,0.40030879,4.24998522
7421,19,0.57879579,3.89785838
7422,19,0.45236164,3.45318151
7423,19,0.55193996,3.38052034
7424,19,0.61613822,5.99900627
7425,19,0.56872737,5.94833326
7426,19,0.33875978,2.90704823
7427,19,0.46051633,3.24684453
7428,19,0.28440604,2.45490503
7429,20,0.44745737,3.73448062
7430,20,0.44864392,3.06839657
7431,20,0.38282073,3.48873878
7432,20,0.49629885,4.32565784
7433,20,0.47327739,4.30566788
7434,20,0.45901966,4.57463217
7435,20,0.34180623,4.48844481
7436,20,0.54934746,5.75918531
7437,20,0.46313524,3.03644323
7438,20,0.33913684,2.77043891
7439,20,0.32164741,2.69972134
7440,20,0.46257168,3.18650603
7441,20,0.32133630,3.10204220
7442,20,0.44278300,2.82680583
7443,20,0.33020103,3.01727939
7444,20,0.33552334,4.33821678
7445,20,0.45822844,2.86366987
7446,20,0.37669706,3.93043423
7447,20,0.41760433,3.95801950
7448,20,0.40843612,3.87317991
7449,20,0.53349727,4.64977312
7450,20,0.30801162,2.71459627
7451,20,0.38816541,2.64489484
7452,20,0.36861044,3.35968733
7453,20,0.31958747,4.49963665
7454,20,0.63997173,6.77786684
7455,20,0.42098233,6.66104603
7456,20,0.37546116,3.08223844
7457,20,0.40428591,3.00803351
7458,20,0.35507283,3.71768069
7459,20,0.36207432,2.70298386
7460,20,0.31073749,2.91583967
7461,20,0.45700392,4.15573788
7462,20,0.44094786,3.32878327
7463,20,0.29679117,4.33146477
7464,20,0.34135538,4.10796690
7465,20,0.36062980,2.73328638
7466,20,0.49599093,3.55613303
7467,20,0.42348018,4.40445566
7468,20,0.41712135,2.96395016
7469,20,0.35070357,2.73127866
7470,20,0.35318202,2.70245862
7471,20,0.49707681,3.30871415
7472,20,0.36956614,2.62444282
7473,20,0.45786017,3.94921041
7474,20,0.34236318,3.50417018
7475,20,0.43894148,4.27272701
7476,20,0.50940073,4.12944651
7477,20,0.34680891,4.53491211
7478,20,0.35764247,3.02097726
7479,20,0.36433411,2.54856277
7480,20,0.33556843,3.66726351
7481,20,0.40487391,4.41586733
7482,20,0.46146023,3.40183401
7483,20,0.30221242,3.34648228
7484,20,0.33092040,3.04034781
7485,20,0.64437783,4.06664562
7486,20,0.28366902,3.20945096
7487,20,0.47851223,3.87701702
7488,20,0.42479962,3.65573907
7489,20,0.39918375,3.18134570
7490,20,0.43749368,3.84710503
7491,20,0.30019709,3.07014346
7492,20,0.39476889,2.94684148
7493,20,0.47386464,8.41177559
7494,20,0.40858173,3.28039789
7495,20,0.31481183,2.51581311
7496,20,0.30072203,2.85400295
7497,20,0.41314805,3.48028588
7498,20,0.31153864,2.56459689
7499,20,0.44415182,3.98258185
7500,20,0.33171129,3.26654673
7501,20,0.34419593,3.69504428
7502,20,0.48904711,3.74256015
7503,20,0.38814586,3.98490548
7504,20,0.38274437,4.78615141
7505,20,0.37185261,3.33660436
7506,20,0.51410729,6.69919491
7507,20,0.38451701,6.56471252
7508,20,0.41982302,3.87744379
7509,20,0.48943099,3.54461002
7510,20,0.36225560,3.00888371
7511,20,0.22329976,2.79246426
7512,20,0.51429784,3.61276126
7513,20,0.33173016,3.71304035
7514,20,0.45260569,3.76729608
7515,20,0.42389807,4.48387098
7516,20,0.51278263,4.56586075
7517,20,0.33036095,3.38630033
7518,20,0.44569558,4.30111980
7519,20,0.39497352,3.55355382
7520,20,0.26348376,4.41888666
7521,20,0.39488357,4.49294853
7522,20,0.49022081,3.95638871
7523,20,0.30910888,3.14311862
7524,20,0.46352619,3.63766122
7525,20,0.35088801,4.98432875
7526,20,0.44496781,4.97472763
7527,20,0.56503069,6.86615515
7528,20,0.51758814,4.12986469
7529,20,0.36606130,3.14896441
7530,20,0.29502162,3.32652736
7531,20,0.46279919,5.31716251
7532,20,0.39130181,4.24944448
7533,20,0.35109574,4.59819651
7534,20,0.35657579,3.58644938
7535,20,0.46081129,3.80436349
7536,20,0.46659535,5.13791752
7537,20,0.47685814,3.47761607
7538,20,0.45348698,5.27200794
7539,20,0.41891342,3.52606916
7540,20,0.46282613,3.58816624
7541,20,0.32295120,2.52974176
7542,20,0.44771224,3.33812785
7543,20,0.43223882,3.77157021
7544,20,0.51577067,4.07249069
7545,20,0.43813816,3.55021453
7546,20,0.31857902,3.03408074
7547,20,0.49280375,3.27004862
7548,20,0.44836923,3.85749149
7549,20,0.61961865,4.14847326
7550,20,0.36156246,3.86022568
7551,20,0.39245954,3.47789860
7552,20,0.32734749,4.72263241
7553,20,0.39709216,3.95874000
7554,20,0.32358724,2.69551539
7555,20,0.32321680,3.32651591
7556,20,0.39999130,5.73858356
7557,20,0.37792665,3.71638703
7558,20,0.30973393,2.87396312
7559,20,0.40834874,3.24661636
7560,20,0.44139868,3.59248161
7561,20,0.52146137,5.43052149
7562,20,0.27770019,3.07967043
7563,20,0.27682072,2.86525655
7564,20,0.24360023,2.31856179
7565,20,0.40899605,3.22820067
7566,20,0.48346791,5.36844540
7567,20,0.28786129,2.87860179
7568,20,0.34154081,4.10378408
7569,20,0.32425177,3.90945268
7570,20,0.35666063,4.48825073
7571,20,0.31307292,3.06869555
7572,20,0.35621813,3.17252231
7573,20,0.45505190,3.68334246
7574,20,0.31932056,3.53229761
7575,20,0.36746436,4.34720421
7576,20,0.33711627,3.61750317
7577,20,0.37255085,4.71790981
7578,20,0.51007056,4.82653284
7579,20,0.36489147,3.88924432
7580,20,0.47836986,5.19438887
7581,20,0.44485494,5.44793844
7582,20,0.36211732,3.54726171
7583,20,0.51961321,5.61155653
7584,20,0.27539214,3.49525523
7585,20,0.43152058,4.29301453
7586,20,0.35725200,4.43630505
7587,20,0.35196766,4.65523434
7588,20,0.64477396,5.44490051
7589,20,0.33253527,3.02380967
7590,20,0.46562499,5.10787201
7591,20,0.35901204,3.43621325
7592,20,0.54159260,3.73966455
7593,20,0.35132784,3.24461079
7594,20,0.50438893,4.37141371
7595,20,0.46836904,4.99685192
7596,20,0.46863866,6.15674210
7597,20,0.45664468,5.31936884
7598,20,0.46057299,6.42416763
7599,20,0.40273947,3.86284900
7600,20,0.46098441,2.95443273
7601,20,0.56745589,5.43421459
7602,20,0.59725326,5.39839840
7603,20,0.41459143,3.20692754
7604,20,0.40163803,3.88620973
7605,20,0.34178621,2.92233515
7606,20,0.39504963,3.99277496
7607,20,0.61242247,5.00204372
7608,20,0.43918574,4.14871359
7609,20,0.47723004,5.09083986
7610,20,0.51291192,4.65456629
7611,20,0.47557706,2.70385766
7612,20,0.42275023,2.62827182
7613,20,0.51827312,4.26177740
7614,20,0.44031221,3.91895652
7615,20,0.44270128,4.84829950
7616,20,0.54633349,4.18045282
7617,20,0.51476014,4.08837652
7618,20,0.33400947,4.16714621
7619,20,0.53874564,3.26270390
7620,20,0.40501148,3.49073648
7621,20,0.41644320,5.31235695
7622,20,0.59911394,5.98091459
7623,20,0.34739655,2.48386168
7624,20,0.49456668,4.93439484
7625,20,0.41344640,3.40584064
7626,20,0.40057772,3.06785870
7627,20,0.46273255,4.68551350
7628,20,0.34155220,3.24597263
7629,20,0.42011341,3.49126172
7630,20,0.41606188,2.84015465
7631,20,0.31622285,4.12205172
7632,20,0.49402523,5.67089462
7633,20,0.50935447,3.59954810
7634,20,0.47341359,6.61078548
7635,20,0.51006877,4.50078869
7636,20,0.39081353,3.34876895
7637,20,0.38566750,3.66220522
7638,20,0.49115974,3.43352985
7639,20,0.37766883,3.57668352
7640,20,0.68957162,6.02075338
7641,20,0.48928520,8.88139915
7642,20,0.30162072,3.17432094
7643,20,0.32725209,4.94562483
7644,20,0.46076155,3.62487078
7645,20,0.43329591,4.11826468
7646,20,0.53469217,4.06109142
7647,20,0.43315917,3.70513225
7648,20,0.47643632,4.07372570
7649,20,0.48939294,3.80844665
7650,20,0.37802237,7.23634815
7651,20,0.60792571,4.83782768
7652,20,0.39000362,3.58807635
7653,20,0.40501189,4.11662436
7654,20,0.58874059,3.79267359
7655,20,0.49451086,3.21725368
7656,20,0.51138264,3.50409675
7657,20,0.37705916,4.68879461
7658,20,0.39556617,3.29014611
7659,20,0.49572849,3.87832832
7660,20,0.41494572,4.23950863
7661,20,0.40104342,4.59236526
7662,20,0.51939934,4.08731985
7663,20,0.37665153,4.71631861
7664,20,0.51210386,3.68581581
7665,20,0.43660504,3.13743877
7666,20,0.51344347,4.80741692
7667,20,0.53395659,7.10825300
7668,20,0.43992841,5.30231190
7669,20,0.47895429,3.44536281
7670,20,0.42026961,2.55496931
7671,20,0.30078292,3.10322905
7672,20,0.65135521,3.80853772
7673,20,0.47791624,3.33579326
7674,20,0.51699841,3.88115501
7675,20,0.27346206,2.73352098
7676,20,0.53044546,3.93194389
7677,20,0.43624249,3.20521402
7678,20,0.68175662,7.73397589
7679,20,0.38272914,3.12159491
7680,20,0.52288026,4.16392136
7681,20,0.44265789,3.41843414
7682,20,0.38043931,2.51279497
7683,20,0.43140739,2.68072057
7684,20,0.46317583,3.49272084
7685,20,0.44129854,3.80448270
7686,20,0.48797488,3.51716685
7687,20,0.42857230,2.57467628
7688,20,0.52502871,5.58387327
7689,20,0.45639700,3.47401643
7690,20,0.37905931,3.67759633
7691,20,0.45608336,3.46500134
7692,20,0.35095417,2.66413116
7693,20,0.55440718,4.64047909
7694,20,0.38569015,2.75801945
7695,20,0.42617890,3.97733283
7696,20,0.31559858,2.77749467
7697,20,0.39792371,3.14997101
7698,20,0.47947842,3.43240690
7699,20,0.37399253,3.97859287
7700,20,0.34829479,4.20162725
7701,20,0.28548813,2.99294591
7702,20,0.48235980,4.52337265
7703,20,0.41682786,4.27648592
7704,20,0.51706707,3.60955882
7705,20,0.43596554,3.60803604
7706,20,0.42050868,3.50267339
7707,20,0.37456724,3.47238898
7708,20,0.46803832,6.31854248
7709,20,0.33649105,4.00753212
7710,20,0.40236723,3.18616271
7711,20,0.45126987,4.10684109
7712,20,0.42302731,3.35905313
7713,20,0.57074428,5.04206133
7714,20,0.45688662,4.11449862
7715,20,0.44223231,4.31954336
7716,20,0.56167650,4.93882084
7717,20,0.58461130,4.35452986
7718,20,0.42440128,4.91992712
7719,20,0.52899021,5.28392267
7720,20,0.40031183,5.10955286
7721,20,0.33421600,2.28819513
7722,20,0.38721830,3.14555788
7723,20,0.71254224,4.55162764
7724,20,0.50988865,4.89109898
7725,20,0.49759921,3.46220493
7726,20,0.49673283,3.19445705
7727,20,0.38523164,4.38253403
7728,20,0.44237131,3.68253422
7729,20,0.34921002,3.88960981
7730,20,0.39321625,3.21646547
7731,20,0.40318361,3.10487032
7732,20,0.38644457,3.22196293
7733,20,0.43631023,3.48473954
7734,20,0.40214643,2.83362293
7735,20,0.51929295,5.98339462
7736,20,0.43101397,4.97322607
7737,20,0.36013469,3.03686595
7738,20,0.42925611,3.76306653
7739,20,0.29137349,3.40924358
7740,20,0.41382429,2.91536283
7741,20,0.39145857,4.09809065
7742,20,0.46691197,3.12494612
7743,20,0.32711512,2.44585562
7744,20,0.41577893,2.14361429
7745,20,0.36884955,2.51124167
7746,20,0.42930847,3.25715733
7747,20,0.40120870,3.67191482
7748,20,0.41268024,2.94959641
7749,20,0.52015424,4.57933617
7750,20,0.44461495,6.18517542
7751,20,0.35843813,3.40213561
7752,20,0.42124850,3.97613144
7753,20,0.46704778,5.24985838
7754,20,0.39896140,5.15145206
7755,20,0.51657403,4.91851187
7756,20,0.33956659,4.12771082
7757,20,0.27099171,4.33893585
7758,20,0.40236071,3.64830828
7759,20,0.63384128,6.41975784
7760,20,0.37550679,3.13220692
7761,20,0.48735622,3.72268891
7762,20,0.58579242,4.22446537
7763,20,0.46031561,4.15526533
7764,20,0.42097944,3.06755066
7765,20,0.55113745,3.75533175
7766,20,0.39758503,3.54622865
7767,20,0.56916022,4.66706038
7768,20,0.54894733,5.25772953
7769,20,0.36703712,4.15245152
7770,20,0.35616064,3.51591992
7771,20,0.58578068,4.57494545
7772,20,0.30992278,3.81713581
7773,20,0.47809914,4.17650080
7774,20,0.49273488,5.07661390
7775,20,0.49906743,4.16478586
7776,20,0.45589978,4.39429140
7777,20,0.40679646,5.36303759
7778,20,0.52148759,2.97843862
7779,20,0.47179064,3.90552521
7780,20,0.49106243,6.03653431
7781,20,0.38306347,4.81814289
7782,20,0.29658711,2.93843603
7783,20,0.44336095,3.37756920
7784,20,0.52028596,5.56542778
7785,20,0.44325221,5.24974442
7786,20,0.43619341,3.96309805
7787,20,0.44736376,5.85671091
7788,20,0.54878229,4.15148067
7789,20,0.38086751,5.47741508
7790,20,0.50003695,5.32976723
7791,20,0.50736791,3.89077711
7792,20,0.51393390,4.05654526
7793,20,0.42564410,2.34583616
7794,20,0.35262328,3.18685770
7795,20,0.35591933,3.29789758
7796,20,0.33516321,2.11165953
7797,20,0.29660717,3.60971761
7798,20,0.42390496,5.05091381
7799,20,0.54698551,4.27974081
7800,20,0.30808437,2.60182047
7801,20,0.48475504,3.20901728
7802,20,0.37136883,3.59891820
7803,20,0.32349211,2.43129230
7804,20,0.42060393,3.75031519
7805,20,0.32878292,3.55169296
7806,20,0.42551464,2.90701652
7807,20,0.37552732,4.24173307
7808,20,0.48896116,4.72804546
7809,20,0.32531393,4.34725237
7810,20,0.48796600,3.75214291
7811,20,0.35985386,4.57991028
7812,20,0.40513307,5.82479572
7813,20,0.39956874,3.41611004
7814,20,0.41748646,4.46409893
7815,20,0.35602283,4.11136532
7816,20,0.53377414,3.90208697
7817,20,0.23881945,2.73666692
7818,20,0.44772717,2.94135046
7819,20,0.24772492,4.84628439
