global_step,epoch,loss,grad_norm
0,1,2.30397034,0.20878679
1,1,5.52722168,30.79510880
2,1,2.30294800,0.10602435
3,1,2.30076599,0.08901341
4,1,2.30632019,0.15252632
5,1,2.30538940,0.11660843
6,1,2.30262756,0.07810073
7,1,2.30380249,0.11091793
8,1,2.30844116,0.14288418
9,1,2.30923462,0.14406341
10,1,2.30140686,0.05270663
11,1,2.30802917,0.15346414
12,1,2.30105591,0.10911917
13,1,2.30609131,0.12203827
14,1,2.30319214,0.14144114
15,1,2.30670166,0.09162050
16,1,2.30831909,0.11456086
17,1,2.30314636,0.10147089
18,1,2.30412292,0.09422395
19,1,2.30149841,0.06734238
20,1,2.31889343,0.84755081
21,1,2.30435181,0.09970495
22,1,2.30126953,0.10958292
23,1,2.30252075,0.06965568
24,1,2.30361938,0.09690583
25,1,2.30075073,0.12376492
26,1,2.30278015,0.08080289
27,1,2.30279541,0.14528996
28,1,2.30073547,0.07532817
29,1,2.30293274,0.15753603
30,1,2.31019592,0.19162823
31,1,2.30012512,0.13037188
32,1,2.29037476,0.19722490
33,1,2.29685974,0.16492140
34,1,2.28795624,0.30823553
35,1,2.24726105,0.56440419
36,1,2.32347870,2.19297647
37,1,2.27941895,0.48537791
38,1,2.30064392,0.21704853
39,1,2.30111694,0.15949632
40,1,2.30104065,0.09149598
41,1,2.30102539,0.08904121
42,1,2.30281067,0.14336777
43,1,2.30206299,0.11481060
44,1,2.30099487,0.12654234
45,1,2.29467773,0.38247821
46,1,2.29626465,0.18554422
47,1,2.27571106,0.46917242
48,1,2.26744080,0.68848598
49,1,2.25765228,1.07435787
50,1,2.26675797,0.72281659
51,1,2.26758575,0.54063272
52,1,2.26694489,0.87565506
53,1,2.22140121,0.91794473
54,1,2.21448326,2.08811522
55,1,2.19694519,0.29311079
56,1,2.22481537,0.97880769
57,1,2.19660950,0.63779229
58,1,2.18148041,0.41113320
59,1,2.13205719,0.48355606
60,1,2.21033478,1.52625358
61,1,2.19466400,0.54545420
62,1,2.16906738,0.94075215
63,1,2.19706726,0.53719217
64,1,2.22154236,0.77737689
65,1,2.18296814,0.55371028
66,1,2.19098282,0.68795347
67,1,2.21056366,0.64226377
68,1,2.19211197,0.64934754
69,1,2.10217285,0.86202246
70,1,2.13569641,0.65428483
71,1,2.08131790,0.36711159
72,1,2.12998962,1.75792682
73,1,2.14644623,0.51746750
74,1,2.16316986,1.64369595
75,1,2.17715454,0.68209362
76,1,2.08134460,0.58443326
77,1,2.16556549,2.02323580
78,1,2.10341644,1.33891892
79,1,2.12102509,1.44799161
80,1,2.02989960,1.59001577
81,1,2.26848602,5.44736004
82,1,2.03372955,1.72625721
83,1,2.07687378,0.70823252
84,1,2.10672760,2.42159748
85,1,2.09376526,2.07006693
86,1,2.12309265,2.83653831
87,1,2.08882904,2.03153563
88,1,1.99829102,1.19737613
89,1,2.03063202,1.30171168
90,1,2.12541962,1.46676791
91,1,1.98123169,1.80768645
92,1,2.05413818,1.52531707
93,1,2.08235550,1.14237964
94,1,2.05079269,1.15246224
95,1,1.98617935,0.94373083
96,1,2.06374741,7.29789734
97,1,1.96193314,2.17833376
98,1,2.18788528,6.00649929
99,1,2.01707077,1.84124815
100,1,2.37218475,8.91124535
101,1,1.93450165,2.29522657
102,1,2.09336090,2.82538509
103,1,2.14313507,3.75126123
104,1,2.01451111,2.17727017
105,1,2.05974579,0.77178657
106,1,2.03169250,1.32374024
107,1,2.16849518,3.21057653
108,1,2.01770782,1.17341948
109,1,1.95806122,0.76124650
110,1,1.91176605,0.81316805
111,1,2.06230927,0.76240474
112,1,1.97342682,1.18524623
113,1,1.98037720,0.68249828
114,1,2.03533936,1.19423103
115,1,1.98583221,0.87465662
116,1,2.02785110,2.02872872
117,1,1.90689087,1.13609195
118,1,2.00276947,1.60016882
119,1,2.02075958,2.55883694
120,1,2.10423279,1.23494673
121,1,2.00812149,1.11513913
122,1,2.00119781,0.84972262
123,1,1.94371796,1.36690247
124,1,1.97773743,0.90846694
125,1,1.89659119,1.56863070
126,1,1.91039276,0.92801857
127,1,1.98043060,1.04103410
128,1,1.99500275,1.17414522
129,1,1.98671722,1.40725529
130,1,2.03759766,2.79220343
131,1,2.03383636,3.04250169
132,1,2.01470566,1.77317214
133,1,2.02804565,1.58205473
134,1,1.96524811,4.04511404
135,1,1.91529083,0.90033686
136,1,1.96802521,1.13417006
137,1,1.96258926,1.01183748
138,1,1.98318100,3.06535625
139,1,1.98353195,1.90232527
140,1,2.03782654,3.64686108
141,1,1.95843506,2.11876130
142,1,1.99392700,2.70761514
143,1,1.96282578,1.65056539
144,1,1.95868683,1.53639889
145,1,1.98095703,1.11613417
146,1,2.08418274,1.29209685
147,1,1.97609711,1.10482585
148,1,2.01185608,1.79776347
149,1,1.93264008,1.94876337
150,1,1.96022797,1.74997294
151,1,1.98291016,0.94364429
152,1,1.93489075,0.91627085
153,1,1.95034790,1.52197349
154,1,1.83408356,1.08433044
155,1,1.95717621,2.29883862
156,1,1.92261505,1.55062127
157,1,1.89473724,0.94203699
158,1,1.90069580,1.18964124
159,1,2.01859283,1.75656414
160,1,1.98819733,1.68192267
161,1,1.95903015,2.06928992
162,1,2.00854492,2.43676615
163,1,1.94036865,1.36891222
164,1,1.86470413,2.21066260
165,1,1.87298584,1.46767366
166,1,1.80368805,1.30342543
167,1,1.88645172,0.96027857
168,1,1.87609100,1.26376283
169,1,2.10607910,4.88710022
170,1,2.01595306,1.70894277
171,1,1.99442291,3.62337565
172,1,1.86323929,3.96131825
173,1,1.96888733,1.49190438
174,1,2.13458252,4.80649757
175,1,1.99076843,3.85950089
176,1,2.01569366,1.98572910
177,1,1.88278580,1.99526227
178,1,2.02612305,4.69899893
179,1,1.98601913,2.50174522
180,1,1.92671967,1.05092645
181,1,2.01830292,1.86685431
182,1,2.02990723,4.49220705
183,1,1.99578094,1.76939917
184,1,1.89633179,1.19490612
185,1,1.92701721,2.07717967
186,1,1.90029144,1.23845696
187,1,1.94272614,2.01873302
188,1,1.89244843,1.04052389
189,1,1.92845917,0.99237543
190,1,1.90646362,1.30734837
191,1,1.86972046,1.53923225
192,1,1.95453644,1.37045133
193,1,1.94689941,1.43632960
194,1,1.91860962,1.03739405
195,1,1.89841461,1.13028848
196,1,2.05391693,2.12988925
197,1,1.87248230,1.27687490
198,1,1.90657043,1.23332870
199,1,2.08676910,2.23296189
200,1,1.95230103,1.03502822
201,1,1.92313385,1.09820426
202,1,1.90886307,1.96136332
203,1,1.89502716,1.86268151
204,1,1.92888641,1.39922929
205,1,1.84783173,1.01038837
206,1,1.90431213,1.11277461
207,1,1.85618973,1.02126133
208,1,1.92520142,1.40579438
209,1,1.96653748,1.54544067
210,1,1.92630386,2.17936134
211,1,1.91150284,2.47613788
212,1,1.97072983,2.71251416
213,1,2.06814194,2.88723803
214,1,1.98560333,1.59578884
215,1,1.98654175,4.08055639
216,1,1.97087097,1.52995157
217,1,1.88687897,2.33028007
218,1,1.92168427,2.79727054
219,1,1.91483307,1.15421200
220,1,2.00296402,2.61862659
221,1,1.95070648,2.63214135
222,1,1.92313004,1.82674372
223,1,1.91857147,1.24052322
224,1,1.98759460,3.40369296
225,1,1.89472961,2.86257863
226,1,2.02579498,3.31378603
227,1,2.02315140,5.75898361
228,1,1.88781738,1.42010069
229,1,1.99742126,3.87013030
230,1,1.99846649,4.04164362
231,1,1.91423416,2.43413448
232,1,1.88738632,1.97342992
233,1,1.98372650,3.33558130
234,1,1.98928833,3.09896421
235,1,1.92675018,1.78631151
236,1,1.96223831,1.96084452
237,1,2.01125717,2.46165633
238,1,1.85050392,1.42012382
239,1,1.95929718,0.93197560
240,1,1.92158508,1.85869825
241,1,1.86782455,0.87201703
242,1,1.84073639,0.93937033
243,1,1.87047577,1.10844004
244,1,1.80263519,0.94447166
245,1,2.07320404,2.20267630
246,1,1.83364105,2.40972185
247,1,1.88187790,1.34594202
248,1,1.95054626,2.48165274
249,1,1.89687347,1.09383631
250,1,1.87859535,1.90651011
251,1,1.91344070,1.55670130
252,1,1.89099979,1.87160408
253,1,1.89966011,1.18027580
254,1,1.95059586,1.75898385
255,1,1.90331459,1.39110327
256,1,1.92547989,1.19432271
257,1,1.97673035,2.43634558
258,1,1.91825104,1.32445800
259,1,1.92374420,2.96874690
260,1,1.90211487,1.32558012
261,1,1.88136292,1.98368561
262,1,1.86486816,1.24058568
263,1,1.86696243,1.52036083
264,1,1.88748550,1.96989882
265,1,1.90373230,1.27075958
266,1,1.97541809,2.67245650
267,1,1.89844131,4.40537596
268,1,1.81899261,0.99240530
269,1,2.04194641,3.70287752
270,1,1.90231323,2.83071399
271,1,1.82244873,1.42641425
272,1,1.92639542,1.70077515
273,1,1.92507553,2.04969263
274,1,1.90641403,2.02443051
275,1,1.84508514,1.16365147
276,1,1.88701248,2.53372025
277,1,1.92193222,1.59179580
278,1,1.94716644,1.84944141
279,1,1.84635925,1.04997408
280,1,1.88178253,1.24844491
281,1,1.91079330,0.88497239
282,1,1.92710876,1.06033671
283,1,1.84870148,1.10053670
284,1,1.94377136,1.07209015
285,1,1.90773010,1.19893634
286,1,1.88215256,1.44080472
287,1,1.89468193,1.67573512
288,1,1.93791580,3.43327713
289,1,1.79931068,1.93833125
290,1,1.99755478,2.77762318
291,1,1.89309311,3.37363696
292,1,1.89896393,2.14876485
293,1,1.88373947,1.83250821
294,1,1.90274048,3.19595838
295,1,1.81484985,1.57564116
296,1,1.93603134,3.44693947
297,1,1.92452240,3.22946429
298,1,1.89746094,1.61506844
299,1,1.89682388,1.64634430
300,1,1.84897232,1.73316598
301,1,1.92726898,2.20867872
302,1,1.97491837,4.05702162
303,1,1.76832962,1.30656195
304,1,1.82662582,0.78834230
305,1,1.88717270,3.49102616
306,1,1.93593597,2.58406854
307,1,1.82326126,1.31254852
308,1,1.82418442,2.72340488
309,1,1.89802694,3.28589869
310,1,1.73374939,1.67004859
311,1,1.87221146,2.26268029
312,1,1.78402519,1.28080904
313,1,1.92008018,1.49085629
314,1,1.77619171,1.06890833
315,1,1.91261673,3.30910468
316,1,1.77575302,1.21671355
317,1,1.87403679,3.15066433
318,1,1.90679932,1.12109411
319,1,1.90843964,1.71363044
320,1,1.86414719,1.21850491
321,1,1.89974785,1.11836994
322,1,1.79896927,1.45812631
323,1,1.92091751,1.45080626
324,1,1.86234283,2.06048965
325,1,1.82497215,1.74846423
326,1,1.74766922,1.58521187
327,1,1.88695049,2.09375644
328,1,1.88570404,1.37382102
329,1,1.89700317,1.56980801
330,1,1.75936508,2.19294333
331,1,1.76853943,1.88944530
332,1,1.90914631,3.31806254
333,1,1.84869003,2.74833274
334,1,1.87764549,2.70948482
335,1,1.74652863,2.37376142
336,1,1.91433525,2.68602037
337,1,1.75291061,1.19084299
338,1,1.78780365,1.44645691
339,1,1.78722572,1.93315542
340,1,1.85747910,2.56348729
341,1,1.75509548,1.66714537
342,1,1.72137928,1.49892056
343,1,1.94191170,2.74391055
344,1,1.82502556,2.36370635
345,1,1.89310837,2.65327311
346,1,1.78405380,1.99442673
347,1,1.91021347,1.30834150
348,1,1.77802277,2.59594631
349,1,1.77656555,1.11919439
350,1,1.89655304,1.63177812
351,1,1.90713120,1.49142933
352,1,1.81604767,3.45532727
353,1,1.91842651,1.70411062
354,1,1.88065338,2.46123719
355,1,1.80566025,1.76257789
356,1,1.76352978,1.76386237
357,1,1.82774162,4.37794352
358,1,1.69813156,2.09391212
359,1,1.92501831,3.79401636
360,1,1.94877243,2.47553158
361,1,1.96394920,5.29584837
362,1,1.75511932,1.79367030
363,1,1.86780548,1.70827055
364,1,1.93444443,4.19954157
365,1,1.81409454,2.04725695
366,1,1.81762314,1.33185923
367,1,1.84927750,1.85188437
368,1,1.86233139,2.61143517
369,1,1.80748749,1.47175264
370,1,1.83111572,2.74821305
371,1,1.71915817,2.01624489
372,1,1.89115047,3.10262394
373,1,1.79292154,2.64897585
374,1,1.77735138,1.41058946
375,1,1.82923985,2.38581920
376,1,1.82195282,1.55689573
377,1,1.77218628,1.47749722
378,1,1.85070992,4.40319824
379,1,1.99374580,2.52460623
380,1,1.83487320,1.30415952
381,1,1.87983704,1.43737495
382,1,1.93083191,3.13698483
383,1,1.81418037,1.83411276
384,1,1.83824921,1.64878500
385,1,1.71937227,1.35472548
386,1,1.77283573,1.41494310
387,1,1.92980957,2.76875067
388,1,1.73015976,1.64490688
389,1,1.74984360,1.06210637
390,1,1.84180295,3.14308977
391,2,1.70853424,1.15504301
392,2,1.77084732,2.59389257
393,2,1.82481384,2.47771478
394,2,1.79136086,1.64154744
395,2,1.75800037,1.76239133
396,2,1.84971428,2.05132723
397,2,1.81294656,1.44949937
398,2,1.70514488,1.71554971
399,2,1.70592475,2.53143716
400,2,1.72194004,2.00097227
401,2,1.76050353,2.41241169
402,2,1.80693650,3.18076396
403,2,1.89299488,3.57760811
404,2,1.72259331,2.38697600
405,2,1.74307442,1.71523142
406,2,1.81353569,1.99903655
407,2,1.83462143,2.97503138
408,2,1.76862335,2.31499982
409,2,1.85808945,1.43914759
410,2,1.73382854,2.30359936
411,2,1.74407816,1.81134868
412,2,1.84273434,2.95710516
413,2,1.67644024,2.52291489
414,2,1.84666443,2.60541534
415,2,1.66328430,2.50569105
416,2,1.86257935,1.66115952
417,2,1.66034698,1.84076917
418,2,1.68274307,1.88121498
419,2,1.84206009,3.25607610
420,2,1.65074921,3.85736275
421,2,1.73744583,3.99905348
422,2,1.74720097,2.45524406
423,2,1.84435654,2.38147473
424,2,1.70879745,3.02333689
425,2,1.71504641,1.73841798
426,2,1.70276165,1.80153263
427,2,1.65790081,2.39160824
428,2,1.83645344,1.78355432
429,2,1.83539677,2.95947480
430,2,1.61718941,2.29478455
431,2,1.74693906,1.43720114
432,2,1.67828560,2.63012624
433,2,1.64115715,2.54507804
434,2,1.71919060,2.72849512
435,2,1.77846432,3.03717184
436,2,1.72955751,2.55390000
437,2,1.74828458,2.94377756
438,2,1.93912125,2.87415910
439,2,1.81162739,4.02046204
440,2,1.69540691,3.11129928
441,2,1.77345371,2.43010116
442,2,1.86745644,3.99223733
443,2,1.78957748,1.76518476
444,2,1.75497437,1.62361777
445,2,1.76752281,2.33208227
446,2,1.79624224,2.55735946
447,2,1.69760704,2.72158313
448,2,1.75922012,3.29564810
449,2,1.60141945,2.20218873
450,2,1.63968897,2.42424440
451,2,1.68938255,1.85777843
452,2,1.63806629,2.22565770
453,2,1.88464880,3.61526656
454,2,1.59486580,2.56766987
455,2,1.78003311,3.52943540
456,2,1.84883976,4.93770790
457,2,1.57379913,1.93966532
458,2,1.70163918,1.75304973
459,2,1.73859787,2.50462055
460,2,1.81814384,1.84455073
461,2,1.72488785,2.70236731
462,2,1.79404068,2.75440979
463,2,1.83507919,2.26173019
464,2,1.77660370,2.84672880
465,2,1.83755112,3.14247489
466,2,1.68397141,1.75124252
467,2,1.72751617,2.15860033
468,2,1.73815918,1.73262811
469,2,1.73174381,3.29562640
470,2,1.76350212,2.63668323
471,2,1.70415378,3.36987519
472,2,1.65709686,3.38730621
473,2,1.69946194,2.06822634
474,2,1.76617718,4.05561304
475,2,1.86366749,3.50940561
476,2,1.67788506,2.88215637
477,2,1.61381435,1.88659561
478,2,1.77463436,2.66079235
479,2,1.75940895,2.33210969
480,2,1.61376190,1.88545918
481,2,1.75015450,1.89440787
482,2,1.70139742,2.25909638
483,2,1.75027418,2.33938360
484,2,1.65239334,3.60710120
485,2,1.56054616,1.42563283
486,2,1.63476658,3.64501643
487,2,1.89547157,8.40898132
488,2,1.64003754,2.40656400
489,2,1.96885061,6.07709837
490,2,1.69841218,4.31328726
491,2,1.66131067,5.83428431
492,2,1.71865034,3.84718060
493,2,1.80731940,3.88271880
494,2,1.80053902,3.14554334
495,2,1.82095337,2.98267245
496,2,1.80813217,3.05051136
497,2,1.78170013,3.83918166
498,2,1.82360649,2.82816052
499,2,1.61310244,1.41864121
500,2,1.61263657,2.25069714
501,2,1.62650299,1.86154962
502,2,1.86819363,3.68407202
503,2,1.71585155,3.01884890
504,2,1.74366975,3.45986795
505,2,1.62947273,4.15978146
506,2,1.70213556,3.40582585
507,2,1.64986038,1.93445480
508,2,1.72074699,4.27847052
509,2,1.71730328,3.36210537
510,2,1.60610580,2.40960121
511,2,1.62580776,1.77104461
512,2,1.63379002,1.74988675
513,2,1.87506390,4.84542990
514,2,1.71698093,2.95076489
515,2,1.78242517,3.86082387
516,2,1.69061852,3.47594094
517,2,1.72939110,4.01946640
518,2,1.82425117,4.47152138
519,2,1.72566605,2.21386600
520,2,1.67354178,1.59483111
521,2,1.76081657,2.86443424
522,2,1.76278687,3.15652394
523,2,1.64742327,2.29776168
524,2,1.62257838,2.02858973
525,2,1.68237948,2.62086630
526,2,1.55568707,1.70331633
527,2,1.75411463,2.38280439
528,2,1.66296482,3.04086900
529,2,1.56559849,2.11273718
530,2,1.58712757,3.02124500
531,2,1.64059091,4.48175192
532,2,1.63223505,3.74586344
533,2,1.64435232,2.29807997
534,2,1.50014019,3.33101678
535,2,1.72189474,3.47321081
536,2,1.74819946,2.35798407
537,2,1.75499773,3.07695127
538,2,1.66622353,3.78048754
539,2,1.65270042,1.85320497
540,2,1.71020126,2.81806326
541,2,1.87188530,2.69000244
542,2,1.69239211,2.34138370
543,2,1.60154819,3.09762001
544,2,1.65885592,2.44969034
545,2,1.78186798,2.31940675
546,2,1.65783691,2.55659604
547,2,1.73814440,2.13012838
548,2,1.66233826,1.94507825
549,2,1.70298767,1.19129813
550,2,1.64263058,2.38871098
551,2,1.62224960,2.48101568
552,2,1.68024158,1.99632716
553,2,1.65092278,2.08609796
554,2,1.51481724,2.82335901
555,2,1.53346825,2.56788063
556,2,1.55764484,4.71598291
557,2,1.58004570,5.04605722
558,2,1.73726463,5.58259916
559,2,1.68031502,3.35720110
560,2,1.62329507,3.10203004
561,2,1.68941689,3.15560985
562,2,1.70223236,2.51416588
563,2,1.65286946,2.40014887
564,2,1.66685009,2.24315143
565,2,1.71947670,2.19711542
566,2,1.68104339,1.35328412
567,2,1.51894510,2.02010679
568,2,1.58914495,1.86568093
569,2,1.53393459,2.48679996
570,2,1.46282041,3.21283865
571,2,1.59632075,2.69349647
572,2,1.65753174,2.85522008
573,2,1.67913818,2.31327152
574,2,1.67313385,2.45377755
575,2,1.56450844,2.38830471
576,2,1.79393959,2.13405514
577,2,1.60913372,2.67238855
578,2,1.55326009,2.78450871
579,2,1.53493452,2.11938262
580,2,1.58923244,2.72546434
581,2,1.63030815,3.88300824
582,2,1.76470041,4.13837814
583,2,1.74393940,3.73311901
584,2,1.53972697,2.47843385
585,2,1.51119792,3.07470036
586,2,1.49741340,4.51358700
587,2,1.48812282,2.35099173
588,2,1.50660944,2.29458380
589,2,1.55347157,1.84105265
590,2,1.54030061,2.68731141
591,2,1.61091518,3.11256123
592,2,1.69970989,5.02969074
593,2,1.61406183,4.27255487
594,2,1.62498665,2.58955669
595,2,1.60328007,2.83551049
596,2,1.71511078,5.11138582
597,2,1.57702255,3.67033315
598,2,1.50041580,2.82578874
599,2,1.74115753,3.27492070
600,2,1.53004074,1.86996448
601,2,1.61617756,1.94585431
602,2,1.61096382,2.11461353
603,2,1.50747681,2.02563310
604,2,1.67961359,2.71498895
605,2,1.67904282,2.46141768
606,2,1.66399097,2.57281637
607,2,1.65398216,5.68509817
608,2,1.55843568,2.87461400
609,2,1.60631084,2.73977327
610,2,1.60873032,3.49843884
611,2,1.56451166,2.46646118
612,2,1.60393262,3.70923352
613,2,1.59763432,3.97363520
614,2,1.51525259,2.24915552
615,2,1.72209930,2.92128539
616,2,1.59344983,2.39251971
617,2,1.57438350,3.54465842
618,2,1.53201842,4.65609026
619,2,1.64386606,6.91808271
620,2,1.50570655,3.16948986
621,2,1.60397160,2.60251975
622,2,1.85299110,5.52859163
623,2,1.57657290,2.58959842
624,2,1.67763424,3.36150956
625,2,1.56660485,2.10414481
626,2,1.65149391,3.60192370
627,2,1.51175547,2.44983077
628,2,1.68797493,2.92409539
629,2,1.56079292,1.65115559
630,2,1.56613350,1.90394342
631,2,1.51494122,3.28336120
632,2,1.42543185,2.33366585
633,2,1.41281414,2.60609961
634,2,1.63737535,3.86526036
635,2,1.63943386,3.82644796
636,2,1.42867327,2.42917466
637,2,1.61255205,4.35336256
638,2,1.71457672,3.55825591
639,2,1.46459830,1.88212776
640,2,1.75042725,4.62649298
641,2,1.46264637,2.74086356
642,2,1.69757426,4.55179167
643,2,1.63781691,3.44204068
644,2,1.48567080,3.82176137
645,2,1.69013178,1.91684437
646,2,1.85189545,4.62338209
647,2,1.68821442,4.13663244
648,2,1.72903490,3.66421366
649,2,1.55650806,1.91342175
650,2,1.63419199,4.08301497
651,2,1.52450180,2.82578588
652,2,1.60236454,2.04109859
653,2,1.63304281,3.88016653
654,2,1.69143820,5.23530722
655,2,1.52604866,1.95331025
656,2,1.91628933,6.86179447
657,2,1.59749413,3.40169787
658,2,1.71465111,3.74631262
659,2,1.87909317,6.15276480
660,2,1.76245546,4.83697128
661,2,1.48351932,1.52163470
662,2,1.58809757,2.53120017
663,2,2.05442905,8.03753471
664,2,1.71026421,4.39743614
665,2,1.66581535,1.69971693
666,2,1.54739571,2.06672120
667,2,1.79019070,2.99011755
668,2,1.71410704,3.06582022
669,2,1.62182283,2.70344806
670,2,1.51317024,2.09484076
671,2,1.70683002,4.11016464
672,2,1.77147341,3.47850442
673,2,1.65949857,2.27255273
674,2,1.56612730,2.00339055
675,2,1.56846142,4.14695263
676,2,1.74908829,3.61289883
677,2,1.67395973,2.00292516
678,2,1.64998293,3.20096064
679,2,1.62980855,3.16776919
680,2,1.57014084,3.03235936
681,2,1.59308243,2.52286983
682,2,1.61726093,2.73545265
683,2,1.56885338,2.92610335
684,2,1.59467888,2.59462118
685,2,1.58793354,2.43699646
686,2,1.68997204,3.33155227
687,2,1.45498300,2.03570843
688,2,1.47156906,3.10235405
689,2,1.67147958,3.30572963
690,2,1.66696930,2.70990682
691,2,1.62633538,2.93532419
692,2,1.67891598,4.72801638
693,2,1.53918457,2.22249460
694,2,1.60605049,2.75894904
695,2,1.55376148,3.07107043
696,2,1.54515076,2.24071717
697,2,1.53656530,1.97965693
698,2,1.57159185,2.92403936
699,2,1.63985348,3.97481298
700,2,1.57311726,2.79171348
701,2,1.56167173,2.22532248
702,2,1.66750717,4.33776188
703,2,1.53093719,2.71269417
704,2,1.48025799,2.49354196
705,2,1.49316311,2.58937931
706,2,1.60020304,3.96059346
707,2,1.42278004,2.02814817
708,2,1.46806145,1.96965992
709,2,1.59708393,3.06597710
710,2,1.63972294,3.50110674
711,2,1.69941616,2.79291105
712,2,1.69476783,2.68614078
713,2,1.52636695,1.82907093
714,2,1.58918095,3.26755786
715,2,1.65623534,3.53587294
716,2,1.51251459,2.11690283
717,2,1.62202299,2.24085712
718,2,1.42342436,2.53997588
719,2,1.62386274,2.71963930
720,2,1.41929531,2.49934149
721,2,1.65824842,3.09859610
722,2,1.48037469,2.19832277
723,2,1.39667439,2.50474858
724,2,1.44695210,2.30232430
725,2,1.65607774,3.76497364
726,2,1.51819706,2.56825757
727,2,1.60527039,3.01841474
728,2,1.58344722,2.09985495
729,2,1.39304352,2.15260029
730,2,1.61881256,2.35991001
731,2,1.58154964,2.32681799
732,2,1.38334084,2.74237967
733,2,1.53239059,2.38723946
734,2,1.49257374,3.56470633
735,2,1.51550770,3.26605630
736,2,1.62130070,2.13888097
737,2,1.66542768,3.39381552
738,2,1.57558155,3.74778962
739,2,1.59898794,3.29299593
740,2,1.43260944,3.22932482
741,2,1.53962994,2.79738259
742,2,1.56554723,2.63441849
743,2,1.43545830,2.12949467
744,2,1.60139811,5.31993103
745,2,1.53473520,3.55568290
746,2,1.62786222,3.16045070
747,2,1.51938534,2.54496431
748,2,1.66266465,3.56785274
749,2,1.75426435,4.39856339
750,2,1.78091145,5.03076696
751,2,1.63899922,2.86603808
752,2,1.66668653,3.36652207
753,2,1.48527241,3.32210779
754,2,1.63831902,3.60800838
755,2,1.63065243,3.74207926
756,2,1.43941474,1.41288948
757,2,1.64850044,6.03108072
758,2,1.51655817,2.74671221
759,2,1.50637817,2.70833945
760,2,1.69688416,6.13268328
761,2,1.60092926,1.94766307
762,2,1.51966000,3.49142480
763,2,1.40779448,2.31391144
764,2,1.48227668,2.99816608
765,2,1.47312808,2.97099471
766,2,1.61395407,2.38853741
767,2,1.71624756,2.35296893
768,2,1.51544929,1.86355245
769,2,1.67775154,3.63530993
770,2,1.38690531,2.25296259
771,2,1.57228279,2.68392372
772,2,1.52119064,2.99691343
773,2,1.33373439,2.40008998
774,2,1.37283945,2.38090396
775,2,1.65655041,2.87292528
776,2,1.42714262,1.87254572
777,2,1.54869163,3.55791807
778,2,1.49385667,3.15476203
779,2,1.47958183,3.40518332
780,2,1.54610586,3.91289449
781,2,1.47002256,3.32769895
782,3,1.51131845,2.03212953
783,3,1.43583965,2.29928207
784,3,1.50970650,2.04243445
785,3,1.43360806,2.37731457
786,3,1.49689484,1.84908879
787,3,1.40934944,3.28870225
788,3,1.39795876,2.41864300
789,3,1.61278582,2.70270920
790,3,1.57187033,4.09868383
791,3,1.45162034,2.85478926
792,3,1.45749283,3.48093700
793,3,1.37397802,2.14789677
794,3,1.54252911,3.12170625
795,3,1.47022820,2.78535938
796,3,1.42504787,2.24080753
797,3,1.44973278,2.92195845
798,3,1.45651817,5.02838373
799,3,1.48607111,2.99626684
800,3,1.42211378,2.71035171
801,3,1.54727173,5.41876936
802,3,1.44373941,2.35033417
803,3,1.32636929,3.47498131
804,3,1.58857393,4.89617157
805,3,1.35832071,2.41299248
806,3,1.34352636,2.91540551
807,3,1.48028469,3.96989655
808,3,1.52597046,3.71757936
809,3,1.50275755,2.49884272
810,3,1.50345254,3.72843361
811,3,1.52298951,3.75783420
812,3,1.53810596,3.50665069
813,3,1.50909519,3.62498045
814,3,1.47761631,2.63619781
815,3,1.54895687,2.24407315
816,3,1.40329170,3.28622031
817,3,1.49623871,2.01509953
818,3,1.53790331,2.47789955
819,3,1.60702300,4.12429428
820,3,1.50295353,3.73303246
821,3,1.46056974,2.08241892
822,3,1.48222351,2.40872717
823,3,1.36179268,3.10228491
824,3,1.37549639,3.18466258
825,3,1.35857105,2.78956652
826,3,1.48088741,4.09082651
827,3,1.83870959,4.62547874
828,3,1.61347270,7.92356634
829,3,1.58335161,2.45812678
830,3,1.57558191,2.64161634
831,3,1.51960051,3.51010084
832,3,1.63531268,2.72672772
833,3,1.59575891,2.12386417
834,3,1.52522707,2.48971248
835,3,1.50560117,3.12505627
836,3,1.47975779,2.45893741
837,3,1.52076840,2.53143764
838,3,1.51629782,3.38193870
839,3,1.47858644,2.65298796
840,3,1.45000935,2.38047647
841,3,1.56709099,3.11632609
842,3,1.41271830,3.29712749
843,3,1.57578182,3.15658617
844,3,1.39838839,3.40311527
845,3,1.47867918,2.77603817
846,3,1.50123072,2.49663901
847,3,1.35823405,3.60071707
848,3,1.55729485,3.81781054
849,3,1.48909080,2.70728350
850,3,1.43391657,4.18502522
851,3,1.44840610,3.07975864
852,3,1.49489641,4.71170330
853,3,1.36408758,2.76216173
854,3,1.44736993,2.91273475
855,3,1.67628169,5.31623936
856,3,1.35193753,3.52592111
857,3,1.39164960,3.56205249
858,3,1.57615018,7.90793276
859,3,1.60589540,5.74740314
860,3,1.47282743,2.98263240
861,3,1.54951119,6.04782200
862,3,1.57833087,4.84139585
863,3,1.50343561,4.01137066
864,3,1.50337410,3.29419065
865,3,1.54057026,3.26262069
866,3,1.44442606,3.66130781
867,3,1.40804005,2.24901152
868,3,1.41256142,2.27158952
869,3,1.49191666,2.56178164
870,3,1.50289726,4.08670425
871,3,1.42763424,3.24241042
872,3,1.53636742,3.12253904
873,3,1.43424034,2.74811602
874,3,1.54258204,5.94486856
875,3,1.56275201,3.81274176
876,3,1.45896816,4.77049685
877,3,1.54110718,4.27105808
878,3,1.45993447,2.89804125
879,3,1.56694031,2.41349077
880,3,1.52483749,2.82897592
881,3,1.38280213,2.98942995
882,3,1.42745447,2.04689431
883,3,1.41546035,3.99094057
884,3,1.45131218,3.31613684
885,3,1.56643844,3.56162071
886,3,1.42307758,2.67621636
887,3,1.57664824,4.64773750
888,3,1.51019192,2.62282920
889,3,1.39856744,2.76517797
890,3,1.46259665,3.04318142
891,3,1.51232481,3.39289236
892,3,1.63834500,4.72386074
893,3,1.46614790,2.17256308
894,3,1.48641920,3.21866131
895,3,1.52165556,2.48367643
896,3,1.46713281,2.45555520
897,3,1.43881178,2.36078453
898,3,1.30444860,1.97059560
899,3,1.51749206,2.67392468
900,3,1.34024954,2.81569839
901,3,1.38220668,2.57785082
902,3,1.43441296,2.43869424
903,3,1.46748352,2.57045078
904,3,1.34828758,3.85886431
905,3,1.35511076,3.03392696
906,3,1.39543271,2.82794666
907,3,1.53379512,4.99724770
908,3,1.76564276,7.85927486
909,3,1.48108578,4.52644587
910,3,1.62327385,5.33974266
911,3,1.45138919,2.77540159
912,3,1.62120175,3.01587629
913,3,1.47999382,3.01698637
914,3,1.50561500,2.74839234
915,3,1.39470220,2.06251621
916,3,1.49387622,3.23668718
917,3,1.59735394,3.50215864
918,3,1.37821496,2.90474582
919,3,1.28740191,2.84055519
920,3,1.54366612,2.12650585
921,3,1.39919841,3.04458237
922,3,1.41528511,2.89382124
923,3,1.48265505,3.48169374
924,3,1.45811844,3.27925515
925,3,1.34638929,4.18164730
926,3,1.49036515,3.23222399
927,3,1.37227964,3.19145370
928,3,1.42692137,3.07508159
929,3,1.40523005,3.69235086
930,3,1.41418171,3.53315854
931,3,1.43735087,2.84901738
932,3,1.35905933,2.86353660
933,3,1.38683343,2.96150136
934,3,1.48302341,2.46833682
935,3,1.37637591,2.67256689
936,3,1.47031772,4.07122183
937,3,1.51100445,2.89566994
938,3,1.55529428,4.74687767
939,3,1.60794926,3.72194576
940,3,1.41752863,3.14125729
941,3,1.51314354,4.40525913
942,3,1.44919968,2.57645130
943,3,1.43345857,2.58424330
944,3,1.39335656,2.78270149
945,3,1.46436262,2.12898540
946,3,1.41049588,2.32623053
947,3,1.44127631,2.31753302
948,3,1.61554885,3.78977704
949,3,1.64620066,3.48009038
950,3,1.28292692,1.76580691
951,3,1.38795948,2.62217379
952,3,1.51419783,3.39831185
953,3,1.31500721,3.06421947
954,3,1.49930525,2.26114583
955,3,1.40302658,2.25470471
956,3,1.44966578,2.30222273
957,3,1.32832432,4.68340731
958,3,1.20273376,2.17043591
959,3,1.54501629,3.09940362
960,3,1.56732094,3.62911296
961,3,1.44811630,2.95010829
962,3,1.37133300,2.88562775
963,3,1.37634659,2.94091415
964,3,1.53187227,3.78334665
965,3,1.30524051,2.73350072
966,3,1.43894196,2.85112667
967,3,1.32458901,3.50641942
968,3,1.57334232,4.61765003
969,3,1.39106846,2.56042814
970,3,1.31610155,3.23901320
971,3,1.41587639,3.55994654
972,3,1.29778266,2.98385906
973,3,1.46007967,5.52817440
974,3,1.36676002,5.24380207
975,3,1.29897785,2.30185580
976,3,1.57175303,3.93549824
977,3,1.42760491,2.58010316
978,3,1.35898137,3.20056677
979,3,1.35553825,4.03526735
980,3,1.40250576,2.39925385
981,3,1.50476921,2.91898370
982,3,1.37930000,3.58401227
983,3,1.34762001,2.35927224
984,3,1.44343650,3.32118416
985,3,1.30723321,3.77469254
986,3,1.33870530,3.06844687
987,3,1.30112267,2.89651275
988,3,1.39879322,2.98393822
989,3,1.41960824,4.59280348
990,3,1.44542825,3.52199244
991,3,1.40896463,3.12559223
992,3,1.42709506,3.59797192
993,3,1.35538864,3.34244704
994,3,1.40359831,2.78247261
995,3,1.33099830,2.20423269
996,3,1.45947742,2.88409305
997,3,1.63116360,2.17750907
998,3,1.36823106,3.23405337
999,3,1.44932187,2.47466254
1000,3,1.49419928,2.87813687
1001,3,1.41234779,2.32337117
1002,3,1.39872527,3.60024858
1003,3,1.37489235,3.13749409
1004,3,1.40670204,2.89314175
1005,3,1.43515706,3.67576480
1006,3,1.49380088,2.95339227
1007,3,1.46803117,4.89418888
1008,3,1.46959245,3.03986359
1009,3,1.37945795,2.75917006
1010,3,1.49608707,4.98995066
1011,3,1.50622368,2.68488383
1012,3,1.36838651,2.96485639
1013,3,1.42260242,4.20837355
1014,3,1.44149423,3.23051381
1015,3,1.55466342,3.56860447
1016,3,1.38860106,2.17560124
1017,3,1.55535984,3.10137224
1018,3,1.34157562,2.06459928
1019,3,1.43208194,2.78521776
1020,3,1.51835275,2.68326712
1021,3,1.44517612,2.49263406
1022,3,1.29823840,3.37328362
1023,3,1.38485396,2.79403019
1024,3,1.44669485,3.32334280
1025,3,1.41964483,3.25450897
1026,3,1.52739561,3.70753264
1027,3,1.27009153,2.57649279
1028,3,1.42857051,2.67000079
1029,3,1.54690981,4.67362356
1030,3,1.58867621,3.74873400
1031,3,1.51088238,3.08916330
1032,3,1.54792523,4.16750526
1033,3,1.48736763,5.21989107
1034,3,1.34496856,2.94691038
1035,3,1.47622180,3.21154594
1036,3,1.42635703,2.49749994
1037,3,1.53520513,2.83610296
1038,3,1.53025103,4.06479311
1039,3,1.49392986,2.60855317
1040,3,1.42417240,3.29636812
1041,3,1.32270288,1.65829682
1042,3,1.48360252,2.80804539
1043,3,1.47026300,3.92279148
1044,3,1.31225383,2.31647563
1045,3,1.46598411,2.95525813
1046,3,1.47156584,2.29886317
1047,3,1.44516635,3.16577530
1048,3,1.53025818,3.19045877
1049,3,1.32318795,2.67965174
1050,3,1.40443718,3.25841951
1051,3,1.19399047,2.50733066
1052,3,1.43373227,3.09896541
1053,3,1.31855321,2.61553693
1054,3,1.42550707,3.38659191
1055,3,1.54076958,4.47734499
1056,3,1.47457504,3.17658329
1057,3,1.25234962,2.08293295
1058,3,1.50300932,2.91340399
1059,3,1.30019069,2.47407532
1060,3,1.31824040,3.04103684
1061,3,1.29086602,2.89584303
1062,3,1.37050867,2.54511118
1063,3,1.46250558,4.13853836
1064,3,1.40760279,4.31499243
1065,3,1.43534422,5.25693130
1066,3,1.50902927,4.74012995
1067,3,1.17224765,2.88243532
1068,3,1.44902682,3.20920372
1069,3,1.55711508,4.42999125
1070,3,1.63341975,3.72375631
1071,3,1.35916913,3.26531172
1072,3,1.39826751,2.75302625
1073,3,1.34408832,2.64259124
1074,3,1.52879190,3.58704066
1075,3,1.45730066,2.40858340
1076,3,1.28735328,2.11868453
1077,3,1.45318353,3.69928074
1078,3,1.50358510,2.62382388
1079,3,1.27387857,2.45395088
1080,3,1.56888485,3.61343431
1081,3,1.40334988,3.69792056
1082,3,1.19217014,3.04052711
1083,3,1.36858082,3.85446715
1084,3,1.49447858,3.91356039
1085,3,1.44347143,3.68586302
1086,3,1.38392115,2.24054337
1087,3,1.40069449,2.81941938
1088,3,1.50838566,1.93085253
1089,3,1.45430994,4.06004620
1090,3,1.28427517,4.65416574
1091,3,1.34794807,2.44857574
1092,3,1.43176675,1.77239490
1093,3,1.25144589,2.66098547
1094,3,1.34969378,2.83678436
1095,3,1.48845553,3.39339089
1096,3,1.22052085,2.62048888
1097,3,1.31160796,2.89507151
1098,3,1.32714963,2.97212505
1099,3,1.38396084,3.76491213
1100,3,1.35498536,4.26618242
1101,3,1.38464999,2.26618838
1102,3,1.27466285,4.34685135
1103,3,1.45258379,2.59519792
1104,3,1.32606757,2.84449744
1105,3,1.16354144,2.56618285
1106,3,1.56178904,3.61390996
1107,3,1.32612896,4.85770655
1108,3,1.29413676,2.95413351
1109,3,1.32878566,3.65103126
1110,3,1.32376671,2.40740585
1111,3,1.48955643,3.54457068
1112,3,1.43894672,3.12232542
1113,3,1.17936349,2.32365060
1114,3,1.40271425,3.39236760
1115,3,1.45630610,4.26677513
1116,3,1.41289675,2.72339463
1117,3,1.19834983,2.14460182
1118,3,1.19006991,2.51014256
1119,3,1.27534676,3.07630801
1120,3,1.36815667,2.56610107
1121,3,1.30605698,2.17223430
1122,3,1.45792007,4.52442598
1123,3,1.33608985,2.38916993
1124,3,1.38104558,3.37423515
1125,3,1.30051208,2.27764964
1126,3,1.39942908,4.54697323
1127,3,1.32084727,2.20151281
1128,3,1.25534999,3.40378618
1129,3,1.33808851,2.65503073
1130,3,1.18282509,2.61235023
1131,3,1.36455464,3.34035850
1132,3,1.31091630,3.24560976
1133,3,1.33855498,2.50818300
1134,3,1.34288764,3.51551127
1135,3,1.36311436,3.58489752
1136,3,1.47408545,2.85006475
1137,3,1.56921029,2.43947577
1138,3,1.24203956,3.32869744
1139,3,1.33626318,4.44642687
1140,3,1.36468434,2.43936372
1141,3,1.41222453,3.84096956
1142,3,1.46855366,2.48312068
1143,3,1.55391192,2.33081484
1144,3,1.31374788,2.72647810
1145,3,1.30162811,3.28532529
1146,3,1.57040596,3.20666313
1147,3,1.38110590,2.87756205
1148,3,1.38269460,2.17375565
1149,3,1.44467688,2.80633926
1150,3,1.22868252,1.66371322
1151,3,1.27826440,2.02790833
1152,3,1.23477185,2.03991604
1153,3,1.17802048,3.40661073
1154,3,1.29262185,2.99775171
1155,3,1.39523935,2.48113990
1156,3,1.25066185,2.50525331
1157,3,1.46197510,4.66857862
1158,3,1.21161366,2.92571664
1159,3,1.33182645,3.12898064
1160,3,1.57762814,5.66361475
1161,3,1.58259380,3.49569511
1162,3,1.46536756,3.28046131
1163,3,1.49881625,3.85667825
1164,3,1.39444876,3.47796559
1165,3,1.41988409,3.97960234
1166,3,1.36638451,3.02914929
1167,3,1.15643573,1.97846663
1168,3,1.34658074,4.16347599
1169,3,1.18108511,2.80299592
1170,3,1.32069492,2.63754773
1171,3,1.47675610,6.42786503
1172,3,1.17250609,4.07411766
1173,4,1.28711581,3.51176596
1174,4,1.41156471,3.94141984
1175,4,1.26115870,4.61583710
1176,4,1.51944804,5.13841867
1177,4,1.33403540,3.22965837
1178,4,1.44450879,4.09163570
1179,4,1.29868376,2.71230149
1180,4,1.28785908,3.49866796
1181,4,1.37987971,3.21198201
1182,4,1.36873603,3.30818105
1183,4,1.43922961,4.77142191
1184,4,1.43291879,3.79426146
1185,4,1.40808988,3.29537296
1186,4,1.27238226,3.36072445
1187,4,1.39747381,3.77320385
1188,4,1.39717174,2.77369452
1189,4,1.42511129,3.68893957
1190,4,1.27887368,3.68606591
1191,4,1.28967285,3.02951360
1192,4,1.22961497,2.61119914
1193,4,1.41715729,3.06480074
1194,4,1.27933359,3.44472694
1195,4,1.30464339,2.85134697
1196,4,1.24266124,2.49342871
1197,4,1.30622649,2.18879318
1198,4,1.46939969,3.78017688
1199,4,1.28605020,3.81535506
1200,4,1.26155829,3.81274438
1201,4,1.30466127,3.33064008
1202,4,1.29586291,3.22378826
1203,4,1.23239946,2.23495293
1204,4,1.58425140,3.54254007
1205,4,1.28606856,2.80977297
1206,4,1.28330779,3.10119724
1207,4,1.36909950,3.01720548
1208,4,1.27724230,2.28850293
1209,4,1.29763913,2.48802352
1210,4,1.55987084,3.30878639
1211,4,1.33689976,2.30283618
1212,4,1.45368314,3.04695010
1213,4,1.32015347,3.52508402
1214,4,1.25928593,2.84424734
1215,4,1.28812563,2.50925183
1216,4,1.38874817,2.90105939
1217,4,1.26946473,2.42701221
1218,4,1.23020399,2.64966106
1219,4,1.20688808,2.90346146
1220,4,1.26692533,2.77370620
1221,4,1.39848506,2.28274798
1222,4,1.32838798,3.11763048
1223,4,1.27183139,3.74684644
1224,4,1.15810847,2.79487324
1225,4,1.17670059,3.40123534
1226,4,1.15870416,3.09808803
1227,4,1.18469381,3.62091899
1228,4,1.26610339,3.09997082
1229,4,1.18261075,3.26213765
1230,4,1.22887206,2.61311746
1231,4,1.40090752,3.78697896
1232,4,1.19849992,3.28761840
1233,4,1.24880624,4.76459360
1234,4,1.42657733,3.74736476
1235,4,1.44659901,3.32526422
1236,4,1.30059648,3.22921777
1237,4,1.40962958,2.89430833
1238,4,1.29166698,3.80890083
1239,4,1.15970850,2.15489674
1240,4,1.42208719,3.10371447
1241,4,1.36840439,3.92292428
1242,4,1.30188656,2.22515631
1243,4,1.39441633,4.47928238
1244,4,1.47208345,2.85632181
1245,4,1.15095663,2.26272774
1246,4,1.41056967,3.10843968
1247,4,1.42356086,3.78491020
1248,4,1.21899867,2.64773607
1249,4,1.24896860,2.76822829
1250,4,1.16873014,2.29834127
1251,4,1.22808146,3.02435899
1252,4,1.19338489,2.66128755
1253,4,1.17471838,2.47273803
1254,4,1.44537270,3.06232572
1255,4,1.26550055,3.27204776
1256,4,1.20315862,3.58439350
1257,4,1.21699774,4.15889978
1258,4,1.41211236,5.96254826
1259,4,1.30187452,3.36403370
1260,4,1.32753801,4.74447489
1261,4,1.30390215,3.58158827
1262,4,1.46551776,4.98490572
1263,4,1.16670191,2.55257821
1264,4,1.38834453,4.90814972
1265,4,1.34325731,2.90518570
1266,4,1.47356689,5.06836796
1267,4,1.41317379,2.31728244
1268,4,1.33567357,2.84156775
1269,4,1.31378293,3.91027617
1270,4,1.16450357,3.90989304
1271,4,1.18843329,2.75901175
1272,4,1.38045812,4.59902716
1273,4,1.36073422,3.39968586
1274,4,1.13516271,3.44888496
1275,4,1.17665374,2.99494267
1276,4,1.29428852,3.05692458
1277,4,1.44091940,5.13435841
1278,4,1.31715000,5.64425087
1279,4,1.42380643,3.27941871
1280,4,1.32255292,4.57749271
1281,4,1.22896564,2.70804882
1282,4,1.37094426,4.12580347
1283,4,1.34282577,4.04357433
1284,4,1.33900309,3.43421412
1285,4,1.27574015,2.26525998
1286,4,1.29150677,2.63302779
1287,4,1.16718125,2.64060640
1288,4,1.55532610,4.54725456
1289,4,1.34468341,3.65133548
1290,4,1.30846834,3.67236114
1291,4,1.38570023,3.13739252
1292,4,1.32767367,3.67710781
1293,4,1.52358162,3.85822105
1294,4,1.28835344,2.76020384
1295,4,1.28208017,3.11634398
1296,4,1.42781711,2.44191623
1297,4,1.23782969,2.22858739
1298,4,1.39290977,3.27273417
1299,4,1.47879195,3.53292060
1300,4,1.35533547,2.46664214
1301,4,1.40015101,2.47020054
1302,4,1.17758298,2.76220036
1303,4,1.21487629,2.38060427
1304,4,1.18735170,3.00001216
1305,4,1.51606691,5.95710993
1306,4,1.30453467,4.02587128
1307,4,1.24437106,2.28575492
1308,4,1.43001938,4.31023598
1309,4,1.53860068,7.15017939
1310,4,1.22993231,3.48989725
1311,4,1.43820071,6.00461006
1312,4,1.39544773,4.71276617
1313,4,1.23264670,3.58828354
1314,4,1.49820375,5.56311893
1315,4,1.29822063,4.05633259
1316,4,1.34575224,3.87075663
1317,4,1.53422427,5.98491287
1318,4,1.41073263,4.61001492
1319,4,1.37056780,3.26880336
1320,4,1.29629445,3.33105206
1321,4,1.35824418,6.13935900
1322,4,1.29917300,3.17554951
1323,4,1.23476040,2.13227725
1324,4,1.33879685,3.75282621
1325,4,1.31536937,2.31930399
1326,4,1.35046864,3.45573378
1327,4,1.26101923,3.35101318
1328,4,1.20424557,2.64569950
1329,4,1.38126659,3.44701743
1330,4,1.32423258,3.13159394
1331,4,1.21170330,3.06123495
1332,4,1.28310752,3.24007678
1333,4,1.26546979,2.96795011
1334,4,1.41369510,4.35850954
1335,4,1.46617460,2.64678955
1336,4,1.26030517,2.32239127
1337,4,1.28236341,2.56586719
1338,4,1.33350718,3.92990685
1339,4,1.47846937,3.63570309
1340,4,1.12233448,3.08314681
1341,4,1.34785163,2.94506407
1342,4,1.41825747,2.75941372
1343,4,1.11844981,2.92973757
1344,4,1.19476795,2.84276628
1345,4,1.27911615,2.46725678
1346,4,1.11053085,3.07680774
1347,4,1.38140774,4.61790514
1348,4,1.25414395,3.32544589
1349,4,1.32129645,3.62997484
1350,4,1.17743421,2.31093454
1351,4,1.24748421,3.65114164
1352,4,1.20419967,2.96106243
1353,4,1.31597066,3.67214012
1354,4,1.24665642,3.27382064
1355,4,1.06118441,3.36707711
1356,4,1.21464396,2.52790022
1357,4,1.23781538,3.42521739
1358,4,1.17613375,3.05525684
1359,4,1.20567751,2.71718431
1360,4,1.27631736,4.14206839
1361,4,1.30524468,3.69510531
1362,4,1.32447922,5.38189411
1363,4,1.25139380,3.60366130
1364,4,1.25956309,2.68270516
1365,4,1.21897805,3.88761878
1366,4,1.21833909,2.59721303
1367,4,1.40796411,3.63319445
1368,4,1.40767574,3.67793608
1369,4,1.27557659,3.89427423
1370,4,1.15361679,2.37810922
1371,4,1.26409674,2.33727813
1372,4,1.27365923,2.27624226
1373,4,1.37033701,3.63607836
1374,4,1.25734603,3.37253714
1375,4,1.20579755,3.65028477
1376,4,1.35334110,3.48924017
1377,4,1.21509778,2.21275139
1378,4,1.35293126,3.00097799
1379,4,1.13916087,2.68132401
1380,4,1.13783455,2.94546056
1381,4,1.01871610,2.90439153
1382,4,1.27537823,2.93440819
1383,4,1.10772371,2.94904494
1384,4,1.31300509,2.87033057
1385,4,1.09239054,3.63520622
1386,4,1.19183934,3.79491067
1387,4,1.12146437,3.56346822
1388,4,1.35499954,3.69799399
1389,4,1.33550143,4.45101833
1390,4,1.61793017,5.44626141
1391,4,1.30967236,3.93659019
1392,4,1.25414896,4.76905394
1393,4,1.46835017,3.39676762
1394,4,1.40220451,3.21401238
1395,4,1.20627642,3.11228895
1396,4,1.30965686,4.27151012
1397,4,1.25335813,2.13957524
1398,4,1.20429087,2.45864892
1399,4,1.42345452,4.16220760
1400,4,1.38357282,1.72259164
1401,4,1.32691169,3.05502629
1402,4,1.20170033,3.68125963
1403,4,1.14628875,3.24991560
1404,4,1.31257534,4.45801067
1405,4,1.30920243,4.02818346
1406,4,1.31264961,4.41342545
1407,4,1.43444979,4.22358465
1408,4,1.36692142,4.99611187
1409,4,1.11849844,2.70487905
1410,4,1.27133155,3.37175965
1411,4,1.37791550,2.76928687
1412,4,1.26574075,2.57785487
1413,4,1.31458962,3.31116724
1414,4,1.42798519,6.09743214
1415,4,1.26105475,3.17909002
1416,4,1.15658176,3.69583821
1417,4,1.40349007,3.88548303
1418,4,1.36017132,3.20992041
1419,4,1.13382816,2.10704374
1420,4,1.27863097,2.92149138
1421,4,1.30532956,3.15120411
1422,4,1.25144076,2.64525843
1423,4,1.24678266,3.05449796
1424,4,1.26045513,2.63154125
1425,4,1.18402421,2.79584455
1426,4,1.26212227,2.98059654
1427,4,1.40418005,4.39169216
1428,4,1.19812703,3.01998949
1429,4,1.17574048,3.57356477
1430,4,1.03059494,2.92083812
1431,4,1.03003573,2.94486785
1432,4,1.22094798,3.40307164
1433,4,1.45720696,6.61289692
1434,4,1.20529366,4.84613085
1435,4,1.24787247,3.67131543
1436,4,1.18053126,2.11686158
1437,4,1.49753308,6.31722641
1438,4,1.29271019,4.29125166
1439,4,1.17476153,3.07223248
1440,4,1.40125060,2.78563738
1441,4,1.32593703,4.59534979
1442,4,1.38544297,3.74039531
1443,4,1.26997316,3.45344472
1444,4,1.20793438,2.35608935
1445,4,1.15810561,2.86847615
1446,4,1.40657008,4.43588591
1447,4,1.31037307,3.87084150
1448,4,1.27083671,3.53051901
1449,4,1.21759164,2.46210194
1450,4,1.17272294,3.93033338
1451,4,1.09221160,1.99283016
1452,4,1.27759409,3.00970769
1453,4,1.16632485,2.98462629
1454,4,1.21614981,2.54472280
1455,4,1.21870780,2.63258600
1456,4,1.16299319,2.69429088
1457,4,1.34326744,3.90337348
1458,4,1.32828701,3.70257902
1459,4,1.16501307,2.99660611
1460,4,1.17722964,2.97865677
1461,4,1.17151833,3.06288481
1462,4,1.22614908,3.68106389
1463,4,1.02780795,2.57618046
1464,4,1.42033899,3.37624049
1465,4,1.21931040,3.19982910
1466,4,1.24243057,3.86645961
1467,4,1.09565711,3.75474143
1468,4,1.21211445,3.15901160
1469,4,1.18661547,2.65089989
1470,4,1.27173448,2.39836550
1471,4,1.23222780,3.31143284
1472,4,1.13819480,2.78116894
1473,4,1.18938088,3.12990189
1474,4,1.30315888,3.02233601
1475,4,1.35064042,2.74007177
1476,4,1.25267792,3.26083636
1477,4,1.28925347,2.58969712
1478,4,1.13917732,3.34631181
1479,4,1.15898609,4.58948040
1480,4,1.20571375,3.96775460
1481,4,1.25112271,3.62213564
1482,4,1.31506479,4.31059122
1483,4,1.47667325,5.08411360
1484,4,1.28578067,3.25879407
1485,4,1.36326623,4.41694689
1486,4,1.16011906,3.86426353
1487,4,1.20102620,3.22973895
1488,4,1.32590973,3.43641138
1489,4,1.24821079,2.02156830
1490,4,1.23097372,2.95120072
1491,4,1.27523208,2.29035616
1492,4,1.17480588,2.07366848
1493,4,1.12849379,3.13341856
1494,4,1.22921824,2.82109833
1495,4,1.26760995,3.21299863
1496,4,1.26093161,4.15371895
1497,4,1.24621594,3.83483791
1498,4,1.08003521,2.52237582
1499,4,1.43472576,4.93828392
1500,4,1.22072530,3.16669607
1501,4,1.30621409,3.32295465
1502,4,1.22583008,3.05498195
1503,4,1.40357256,3.61365271
1504,4,1.17405903,3.79649568
1505,4,1.10374022,3.43661809
1506,4,1.10380960,2.63201976
1507,4,1.24079227,3.21551299
1508,4,1.20487607,3.86215854
1509,4,1.24866378,4.23434162
1510,4,1.21912456,2.52364373
1511,4,1.24120736,3.29753947
1512,4,1.29598856,3.27831221
1513,4,1.15518320,2.99640965
1514,4,1.10694408,2.74252129
1515,4,1.21754670,3.58505130
1516,4,1.27455139,3.05248451
1517,4,1.28147125,3.60764742
1518,4,1.31729543,2.83971739
1519,4,1.16757464,3.00312638
1520,4,1.09191179,2.53369164
1521,4,1.21112370,3.55398750
1522,4,1.13870084,1.94813025
1523,4,1.20217609,2.84236574
1524,4,1.28065062,2.51790619
1525,4,1.12334180,3.08689237
1526,4,1.09262466,4.30941486
1527,4,1.20132542,3.01978207
1528,4,1.01319587,2.56982851
1529,4,1.10855520,2.61135411
1530,4,1.28107715,4.65574741
1531,4,1.08944154,2.40850902
1532,4,1.11980939,2.99167490
1533,4,1.28528512,2.55230784
1534,4,1.38099086,4.28693056
1535,4,1.13783240,2.57099676
1536,4,1.09984112,2.47640467
1537,4,1.08000851,2.46256542
1538,4,1.11859608,2.82717776
1539,4,1.24074364,2.85415483
1540,4,1.48388278,3.18208790
1541,4,1.05252087,2.68153882
1542,4,1.10233223,2.84673643
1543,4,1.30367672,2.80399585
1544,4,1.06929612,2.65131092
1545,4,1.34215963,4.12118816
1546,4,1.23405468,4.16035271
1547,4,1.26424301,3.54900241
1548,4,1.36705375,3.17508888
1549,4,1.13568425,4.90487766
1550,4,1.19550157,3.41485929
1551,4,1.33023667,4.15761662
1552,4,1.22305512,4.32687998
1553,4,1.34614444,2.31133199
1554,4,1.29672015,3.94995546
1555,4,1.21992874,3.48879004
1556,4,1.30033779,3.22456312
1557,4,1.31055355,2.76480556
1558,4,1.16631377,2.95293522
1559,4,1.39349389,2.88419342
1560,4,1.14744163,3.96880627
1561,4,1.08245325,3.89479017
1562,4,1.21396554,2.30778551
1563,4,1.19340777,3.37656498
1564,5,1.10836732,5.35464287
1565,5,1.21537280,6.85001040
1566,5,1.07636130,3.07751060
1567,5,1.07783437,2.65274143
1568,5,1.08535838,3.98790359
1569,5,1.01645517,4.58809710
1570,5,1.05465066,3.88992929
1571,5,1.15532458,3.08357763
1572,5,1.32309318,4.17431879
1573,5,1.25676012,5.04524612
1574,5,1.20211399,4.14944172
1575,5,1.56714439,4.99019575
1576,5,1.11720347,3.19011998
1577,5,1.19407678,3.39398122
1578,5,1.23861408,3.30794144
1579,5,1.35106957,5.64563513
1580,5,1.10832524,2.98514414
1581,5,1.03724217,2.47125983
1582,5,1.11964333,3.39936471
1583,5,1.13794136,3.28157401
1584,5,1.24562562,2.99641967
1585,5,1.22887397,2.70697236
1586,5,1.13023674,3.21231318
1587,5,1.33275759,4.94248343
1588,5,1.30999744,3.47802162
1589,5,1.32353830,3.99075580
1590,5,1.42029178,3.34261537
1591,5,1.10548544,4.16929150
1592,5,1.22812390,3.22765779
1593,5,1.15151668,3.23759246
1594,5,1.13037145,4.21950769
1595,5,1.18091083,4.84349442
1596,5,1.30083418,3.68107820
1597,5,1.37259114,4.87970734
1598,5,1.30218637,4.68769026
1599,5,1.11857879,2.95335603
1600,5,1.11250710,3.89844537
1601,5,1.11887765,3.36163020
1602,5,1.27379370,5.86249733
1603,5,1.34766006,3.68645382
1604,5,1.26366818,1.83508217
1605,5,1.19662833,3.45463467
1606,5,1.24349523,2.40309548
1607,5,1.32219625,3.60470104
1608,5,1.18002641,2.35869360
1609,5,1.31379128,2.84785914
1610,5,1.36847854,3.88805223
1611,5,1.33332205,3.91874957
1612,5,1.21798372,2.78495264
1613,5,1.27634203,2.05489969
1614,5,1.15209341,2.42860985
1615,5,1.16455758,4.46791887
1616,5,1.28097880,2.54069495
1617,5,1.10884047,2.39637280
1618,5,1.15200615,2.09940267
1619,5,1.17426538,2.81046247
1620,5,1.24070239,3.21583176
1621,5,1.24834502,3.58178735
1622,5,1.13643265,3.08757877
1623,5,1.22082686,2.98151779
1624,5,1.02339053,3.07951999
1625,5,1.22091198,3.64644742
1626,5,1.16291130,4.17137194
1627,5,1.03206015,2.66816282
1628,5,1.08929896,2.90520620
1629,5,1.07751203,3.78600788
1630,5,1.37908030,3.06830120
1631,5,1.21016002,4.05764246
1632,5,1.07327461,2.50398326
1633,5,1.13946009,3.43190527
1634,5,1.33510005,4.94992971
1635,5,1.10424781,3.88445830
1636,5,1.32846594,4.38511229
1637,5,1.26723981,3.30286503
1638,5,1.14589429,3.13832688
1639,5,1.44054580,3.35910368
1640,5,1.17984951,3.86091280
1641,5,1.19306457,2.58950162
1642,5,1.32881141,2.70127892
1643,5,1.22305489,2.33843327
1644,5,1.15322471,2.61236548
1645,5,1.22797322,2.44534469
1646,5,1.20223546,1.90067577
1647,5,1.26013088,3.04294157
1648,5,1.25514388,2.88090539
1649,5,1.42631817,3.88532352
1650,5,1.06554413,3.05240917
1651,5,1.12633801,2.72313499
1652,5,1.01829827,2.89311147
1653,5,1.09873056,3.25617599
1654,5,1.14141130,2.44137192
1655,5,1.29282641,4.01265287
1656,5,1.11227381,2.53637123
1657,5,1.20941377,4.99689102
1658,5,1.05440354,3.04384112
1659,5,1.08750725,3.25532031
1660,5,1.37175465,3.54498005
1661,5,1.04680514,3.57630706
1662,5,1.22694790,3.26623034
1663,5,1.30736959,2.90300441
1664,5,1.17824805,3.87458706
1665,5,1.16214287,2.93075156
1666,5,1.13521957,2.84086227
1667,5,1.02116835,3.01058006
1668,5,1.44585049,6.21815491
1669,5,1.34040499,4.01438904
1670,5,1.26411009,3.86379099
1671,5,1.12835562,3.20199037
1672,5,1.18995810,3.46689367
1673,5,1.14493680,3.54419780
1674,5,1.02141690,2.99943161
1675,5,0.96113414,2.83773780
1676,5,1.28307140,3.81681871
1677,5,1.16084719,2.82455254
1678,5,1.41026592,5.11529636
1679,5,1.09522319,5.07673073
1680,5,1.13021708,2.60559320
1681,5,1.23680997,3.08080268
1682,5,1.11377645,3.01148391
1683,5,1.25281072,3.28509784
1684,5,1.19275641,3.04569721
1685,5,1.11433232,2.48849559
1686,5,1.21660328,2.62981081
1687,5,1.15420473,2.79815745
1688,5,1.05080748,2.73820400
1689,5,1.21772075,3.26009154
1690,5,1.19232941,2.88532424
1691,5,1.18369722,3.11496711
1692,5,1.18335664,3.59060669
1693,5,1.22616482,2.92519617
1694,5,1.12649918,2.38025141
1695,5,1.17466414,3.91398501
1696,5,1.23823214,4.93683481
1697,5,1.11906111,3.23990154
1698,5,1.22840905,4.03665972
1699,5,1.06205642,3.48686171
1700,5,1.15108609,3.53488946
1701,5,1.10649109,3.38007545
1702,5,1.31045079,3.93024015
1703,5,1.05880952,4.81328964
1704,5,1.33602381,5.27134562
1705,5,1.16979635,3.69388533
1706,5,1.13407338,2.52770472
1707,5,1.12059605,4.09856462
1708,5,1.25999689,3.11555004
1709,5,1.07590866,2.63130212
1710,5,0.99582946,2.16599345
1711,5,1.12496638,2.99684477
1712,5,1.11787510,3.17243028
1713,5,1.06240916,3.17852998
1714,5,1.23994982,3.35438299
1715,5,0.95771974,3.97595763
1716,5,1.17980099,2.42257261
1717,5,1.16200972,3.42552924
1718,5,1.13801837,4.00353432
1719,5,1.19274676,3.03097749
1720,5,1.03949583,4.00144386
1721,5,1.16449738,3.26206160
1722,5,1.14858651,3.00260234
1723,5,1.18274307,2.81437993
1724,5,1.43789768,2.88564444
1725,5,1.16192794,4.16109324
1726,5,1.28146601,2.61323166
1727,5,1.10675120,3.36716819
1728,5,0.94395006,2.66263676
1729,5,1.17483485,3.21444416
1730,5,1.09114099,3.70256782
1731,5,0.96013552,2.41133809
1732,5,1.01447415,2.68537474
1733,5,1.18246675,3.98810768
1734,5,1.08778763,3.10949302
1735,5,1.31261802,7.04408073
1736,5,1.17544985,3.03628421
1737,5,1.22156310,4.03916550
1738,5,1.19900072,4.14425468
1739,5,1.20966172,4.66910315
1740,5,1.02267528,3.16322470
1741,5,1.00196099,4.04483271
1742,5,1.12026966,4.02030087
1743,5,1.25922132,5.62538433
1744,5,1.15644920,3.46561575
1745,5,0.91883194,2.66109991
1746,5,1.00150323,2.46778059
1747,5,1.39354444,5.40383387
1748,5,1.01128411,2.60048032
1749,5,1.28456736,3.14724064
1750,5,1.29340553,3.09692740
1751,5,1.31086540,3.24289680
1752,5,1.09116387,3.53459477
1753,5,1.16937947,2.81690216
1754,5,1.13138342,2.96849084
1755,5,1.10781741,2.57681322
1756,5,1.36005330,5.90264797
1757,5,1.22888482,2.97809649
1758,5,1.06701791,3.71967196
1759,5,1.14469886,2.80124307
1760,5,1.20024848,4.37471771
1761,5,1.12265944,3.29220843
1762,5,1.02389443,2.20746732
1763,5,1.23387825,2.60591841
1764,5,1.25085473,2.97193861
1765,5,0.98027992,2.65096378
1766,5,1.34566689,3.11909175
1767,5,1.21229243,4.39393806
1768,5,0.96370721,2.61240268
1769,5,1.24409866,4.69880152
1770,5,1.15771306,3.74394703
1771,5,1.22525048,4.74898243
1772,5,1.10188329,3.37763691
1773,5,1.30228996,4.98352575
1774,5,1.04345608,3.48113155
1775,5,1.02253890,2.86394143
1776,5,1.18474209,3.17078590
1777,5,1.10827398,3.45089102
1778,5,1.14961004,3.10791707
1779,5,1.12201226,4.54451418
1780,5,1.04252887,3.87878990
1781,5,1.09694707,4.27038765
1782,5,1.16806531,3.94952250
1783,5,1.13969827,2.80663109
1784,5,1.04602730,2.16011310
1785,5,1.14312363,3.66581535
1786,5,0.89374447,2.30681777
1787,5,0.98653775,2.60386634
1788,5,0.93761480,2.07267642
1789,5,1.03408051,2.81577873
1790,5,1.03165102,3.54143286
1791,5,1.07037067,2.88093185
1792,5,1.11380351,4.56918097
1793,5,1.05697930,3.74338436
1794,5,1.20264399,3.32155252
1795,5,1.25976968,3.64510489
1796,5,1.25896573,3.23308015
1797,5,1.01435494,4.35048962
1798,5,1.13973427,3.33110023
1799,5,1.15158844,2.65261436
1800,5,1.08231628,3.11769652
1801,5,0.99358499,2.46463585
1802,5,1.12034404,3.48113513
1803,5,1.05320191,3.24719644
1804,5,1.20437431,3.56523395
1805,5,1.18227291,3.49189401
1806,5,1.27636027,3.74609709
1807,5,0.98601359,2.74882245
1808,5,1.13108468,3.54255652
1809,5,1.09909105,4.69437122
1810,5,0.89922482,3.86231351
1811,5,1.19164884,3.52137423
1812,5,1.10075378,4.59953022
1813,5,1.03001451,2.25926781
1814,5,1.10415506,3.90209126
1815,5,1.19610810,2.64895678
1816,5,1.11733246,2.95693374
1817,5,1.04445684,4.50798035
1818,5,1.14223981,2.70705295
1819,5,1.12364292,3.31157279
1820,5,1.00358021,3.52253556
1821,5,1.14994943,5.22996712
1822,5,1.25565434,2.82266283
1823,5,0.88721466,2.47051334
1824,5,1.12456572,3.43715167
1825,5,1.22878897,4.38966417
1826,5,0.95697588,3.39434123
1827,5,1.37509108,4.99370050
1828,5,0.97911793,4.38039827
1829,5,0.96394241,3.19078732
1830,5,1.16205430,4.88660812
1831,5,1.15160704,3.38343906
1832,5,1.22887135,4.50954247
1833,5,1.16469407,3.72404838
1834,5,1.09468675,2.77282715
1835,5,1.24861383,3.99492836
1836,5,0.83869964,3.93396783
1837,5,1.23683369,2.74714017
1838,5,1.06399345,3.11129689
1839,5,1.11373985,3.41841626
1840,5,0.99715024,3.40960097
1841,5,1.19523108,6.34423637
1842,5,1.15933514,5.02265263
1843,5,0.99257123,2.90964913
1844,5,0.98768783,3.00442982
1845,5,1.08927274,5.66832638
1846,5,1.02410865,5.15784645
1847,5,1.20093620,4.63969231
1848,5,1.23071313,4.91433382
1849,5,1.06620860,3.00287795
1850,5,1.06460333,3.20309091
1851,5,1.10729492,3.82345700
1852,5,1.34496403,4.14573574
1853,5,1.00622642,3.44037604
1854,5,1.07993579,3.80527139
1855,5,0.96849918,2.14331269
1856,5,1.20414197,4.26136398
1857,5,1.23672664,3.75713325
1858,5,1.07072520,2.98428798
1859,5,1.13343418,3.94532061
1860,5,1.01252580,3.20068574
1861,5,1.14311743,4.53310966
1862,5,1.08965993,2.33751607
1863,5,1.10266900,3.32511377
1864,5,1.08614063,2.85529685
1865,5,1.16393709,3.79405117
1866,5,0.97442937,3.52920222
1867,5,1.00816357,2.45227599
1868,5,1.03136551,3.29415131
1869,5,1.03130269,3.93830395
1870,5,1.15930128,5.12542820
1871,5,1.19930100,6.76659966
1872,5,1.04657924,2.92291474
1873,5,1.25515151,4.20858622
1874,5,1.17386007,3.57452607
1875,5,1.14030421,5.35107183
1876,5,1.27202177,3.33654857
1877,5,1.09239435,4.85968924
1878,5,1.21482658,4.30100250
1879,5,1.25275588,3.65919852
1880,5,1.29429460,3.21651578
1881,5,1.14355099,3.47101903
1882,5,1.25413525,4.55230713
1883,5,1.25408721,3.55595541
1884,5,1.20574760,2.74709773
1885,5,1.15143991,5.79702806
1886,5,1.20184410,2.53618693
1887,5,1.18188870,3.40105629
1888,5,1.08875239,3.45331883
1889,5,1.12089241,4.10436296
1890,5,1.19349670,4.50600815
1891,5,1.16854453,3.09935379
1892,5,1.20613432,4.70614290
1893,5,1.16505218,3.16080451
1894,5,1.18064570,2.97898102
1895,5,1.04358244,3.09855652
1896,5,1.12532878,3.47312307
1897,5,1.15696645,2.36677623
1898,5,1.11783338,2.68080807
1899,5,1.09832537,2.03170967
1900,5,1.10820365,2.24576807
1901,5,1.11749578,3.48509645
1902,5,1.14157748,3.87527251
1903,5,1.12621295,3.88781095
1904,5,1.11065388,2.99744344
1905,5,1.08615935,4.81812477
1906,5,1.02633309,2.58489704
1907,5,1.12323332,4.16822338
1908,5,1.23717356,2.79822898
1909,5,1.09058499,2.71100163
1910,5,1.24557781,3.45507956
1911,5,0.99034292,2.47555542
1912,5,1.15420055,3.04246974
1913,5,1.17844486,2.75592613
1914,5,1.06795549,3.17850733
1915,5,1.18246770,2.87912059
1916,5,0.94362533,2.84496808
1917,5,1.28732085,3.87528157
1918,5,1.12010050,4.42584705
1919,5,0.99232435,2.34112740
1920,5,0.96186936,2.94307089
1921,5,1.17048967,4.62187719
1922,5,0.98380744,3.22927284
1923,5,1.06428969,3.22454596
1924,5,1.09047079,3.81276417
1925,5,1.13593912,3.27674794
1926,5,0.95539927,3.46409607
1927,5,1.10945392,7.14529610
1928,5,1.08085895,4.48669577
1929,5,1.05948508,5.39290953
1930,5,0.93845612,4.19643354
1931,5,1.13920283,3.50327229
1932,5,0.98080128,4.44192076
1933,5,1.28410184,4.51192951
1934,5,0.95965266,3.28300905
1935,5,1.16664910,4.87022638
1936,5,1.04667032,3.19071102
1937,5,1.02186465,3.13616419
1938,5,1.28895998,4.38333464
1939,5,1.01899111,2.87984729
1940,5,1.35445881,4.49733162
1941,5,0.99530935,2.15514517
1942,5,1.20802164,2.37248182
1943,5,1.10734665,4.11529207
1944,5,1.04203296,3.13539553
1945,5,1.04210353,2.60630178
1946,5,0.93839955,2.65963387
1947,5,1.14708829,3.92854428
1948,5,1.07151079,2.78995943
1949,5,0.91883922,2.01220059
1950,5,1.20506358,3.58883333
1951,5,1.18701482,2.72360015
1952,5,1.19189811,3.29150200
1953,5,1.28886008,2.96595240
1954,5,1.12203431,3.45620322
1955,6,1.07650876,3.13216829
1956,6,0.86896014,2.36590695
1957,6,1.10588837,3.56373501
1958,6,1.11572671,3.98931479
1959,6,1.07075620,2.78005743
1960,6,1.02546859,2.76003528
1961,6,0.95131963,3.00483751
1962,6,0.99575806,2.89717889
1963,6,1.02561831,2.33860636
1964,6,1.12551355,3.06868482
1965,6,1.04936874,3.07659340
1966,6,1.08544898,4.44077921
1967,6,1.03704858,3.38203287
1968,6,1.03771496,4.39755297
1969,6,1.12153339,3.80850077
1970,6,1.01261044,3.89643097
1971,6,1.11883521,3.28808093
1972,6,0.89624691,2.13899899
1973,6,1.22972798,3.28979683
1974,6,1.00662482,3.33363605
1975,6,1.22051024,2.42073226
1976,6,1.00588942,2.65619302
1977,6,0.99297935,3.28830338
1978,6,1.01304102,3.10813737
1979,6,1.02499032,3.49777794
1980,6,1.09014904,3.47994447
1981,6,1.03376508,3.00151348
1982,6,1.14063382,3.73836541
1983,6,1.00655496,3.02709675
1984,6,1.13334489,3.25042248
1985,6,1.21323705,3.69873691
1986,6,1.06087387,2.80942845
1987,6,1.03879619,2.47635102
1988,6,0.97462326,2.24359441
1989,6,1.03806293,3.92918301
1990,6,1.25637054,3.09822369
1991,6,1.10391092,4.37823582
1992,6,1.00733685,2.83925438
1993,6,0.89147913,2.74819088
1994,6,1.02514768,4.23346567
1995,6,1.26155174,4.32266378
1996,6,1.04775763,2.28883624
1997,6,0.97371852,3.48073196
1998,6,1.23481846,7.30675030
1999,6,1.10677481,3.49308825
2000,6,1.17514372,4.02517414
2001,6,1.36746848,4.13842535
2002,6,1.08033955,3.82010269
2003,6,1.01029110,4.35276985
2004,6,1.10343373,3.91434884
2005,6,1.12207782,4.20422554
2006,6,1.04126334,2.96170878
2007,6,1.16199183,3.77414179
2008,6,1.00064147,2.42378187
2009,6,1.16626728,3.46884894
2010,6,0.98848259,3.14349318
2011,6,0.92747390,3.20222569
2012,6,1.00925815,3.81311917
2013,6,1.15142202,4.24013186
2014,6,1.23084867,3.75588846
2015,6,1.11052322,2.72766948
2016,6,1.05020988,3.43815947
2017,6,0.99824011,2.68297791
2018,6,1.02484667,3.51652145
2019,6,1.03806686,3.63763523
2020,6,1.00915396,1.82583451
2021,6,1.02378273,2.87815857
2022,6,0.96563315,3.12849021
2023,6,0.88388944,4.99312449
2024,6,0.97761774,3.35389471
2025,6,0.96527636,2.97243977
2026,6,1.23319960,2.82820272
2027,6,1.01960182,3.62711596
2028,6,1.03193712,3.02321959
2029,6,0.99989116,4.76557398
2030,6,1.04741919,4.44661760
2031,6,1.18803549,5.01526928
2032,6,1.27533305,4.63765860
2033,6,1.05016804,2.95069981
2034,6,1.10848713,4.38465834
2035,6,1.40281200,inf
2036,6,1.15421724,4.25165844
2037,6,1.17051911,4.27136326
2038,6,1.13912439,4.61232805
2039,6,1.08211398,3.67271113
2040,6,1.21819592,3.69178867
2041,6,1.02544212,2.41667104
2042,6,1.15274584,2.95183158
2043,6,1.12489116,2.45769262
2044,6,1.11228848,2.56165838
2045,6,1.12752008,3.05438972
2046,6,1.10798955,2.78145647
2047,6,1.06282520,2.98100877
2048,6,1.14415407,2.42310238
2049,6,0.97378039,4.46290684
2050,6,1.00209844,2.20439863
2051,6,1.06942856,3.47325134
2052,6,1.01262927,3.65216351
2053,6,1.07849932,3.22585583
2054,6,1.22478080,3.18920517
2055,6,1.11893857,4.11071539
2056,6,1.09663475,3.11044121
2057,6,1.20880365,4.43270969
2058,6,0.93141782,4.13431978
2059,6,1.21324182,3.65718937
2060,6,1.11011398,5.23361301
2061,6,1.19282353,3.26928473
2062,6,1.11965668,3.36696434
2063,6,1.15165281,6.29604053
2064,6,1.14369869,4.15416098
2065,6,1.14162159,4.28788996
2066,6,1.15505922,2.93477774
2067,6,0.88064992,2.26083827
2068,6,1.05665743,3.66204977
2069,6,1.12576294,3.75123549
2070,6,1.12057233,3.39648414
2071,6,1.05049205,3.06396770
2072,6,0.96458030,2.69781256
2073,6,1.00430167,3.33339381
2074,6,1.11312807,2.47788286
2075,6,1.20128119,4.68922377
2076,6,0.96692491,2.43603516
2077,6,1.20274186,4.29563951
2078,6,1.24673390,3.36527038
2079,6,1.18300772,4.46159410
2080,6,1.02345800,2.57406497
2081,6,0.95453203,3.01578903
2082,6,1.10925531,4.40575838
2083,6,0.91176581,3.12487936
2084,6,1.01570249,3.17067838
2085,6,1.11687732,3.51829171
2086,6,1.11236703,3.47633219
2087,6,0.99607509,2.99610305
2088,6,0.97575140,2.43081594
2089,6,1.06847751,2.79784942
2090,6,1.09126341,4.44406796
2091,6,1.22345686,5.90456820
2092,6,1.06419420,3.12978363
2093,6,0.81270105,2.83015347
2094,6,1.08121955,3.50204134
2095,6,1.35781002,4.41483927
2096,6,1.02385330,3.68580556
2097,6,1.04551494,2.69909334
2098,6,1.06256473,2.39367795
2099,6,1.13935077,2.42586803
2100,6,1.15937603,3.20496583
2101,6,1.04585600,2.95369625
2102,6,1.02031720,2.36617589
2103,6,1.09867823,3.35388589
2104,6,0.96677947,5.06839752
2105,6,1.03199196,2.96246386
2106,6,1.17952275,4.25506639
2107,6,1.16877341,6.04630423
2108,6,1.25230455,3.60928082
2109,6,1.09383726,3.54963875
2110,6,1.10184669,4.03281403
2111,6,0.98833048,3.53272676
2112,6,1.00785899,3.48848176
2113,6,0.90377253,3.03822207
2114,6,1.13941717,8.08516693
2115,6,0.94246966,3.09316039
2116,6,1.03017688,3.59042454
2117,6,1.05510211,4.58388519
2118,6,1.20178616,3.59445572
2119,6,1.03411186,3.96062541
2120,6,1.06019664,2.24388719
2121,6,1.03008306,2.22869754
2122,6,1.06154215,3.47982335
2123,6,0.93797207,2.50179267
2124,6,1.09612715,2.62764263
2125,6,1.21795487,3.39102912
2126,6,1.11082017,3.19106936
2127,6,0.87041682,3.48975706
2128,6,1.07144368,3.61488914
2129,6,0.99897969,2.69681144
2130,6,0.97942019,2.26979733
2131,6,1.08140421,4.02205992
2132,6,1.02366829,3.15100217
2133,6,0.97811210,5.38456869
2134,6,1.00765753,4.26395226
2135,6,1.12640429,4.53460693
2136,6,1.00410509,2.95294642
2137,6,0.82318401,2.14042878
2138,6,0.99727249,3.55029511
2139,6,0.97680891,2.69960594
2140,6,1.03312135,3.93478370
2141,6,1.06192851,3.34045553
2142,6,0.80056584,2.91792536
2143,6,0.84909672,3.05905914
2144,6,0.98454785,5.52747488
2145,6,0.95905614,3.78607917
2146,6,0.95223653,3.50732732
2147,6,1.21168566,2.99893928
2148,6,1.03905761,3.22648263
2149,6,1.41954637,5.29729366
2150,6,1.11933208,4.70619154
2151,6,1.16714728,2.69119620
2152,6,1.11653590,4.77433109
2153,6,1.20773160,2.64059854
2154,6,0.95982969,2.82803369
2155,6,1.05638361,3.34779310
2156,6,1.19228816,2.18393731
2157,6,1.09186697,2.78376198
2158,6,1.04247642,2.04879045
2159,6,1.04343605,2.74677539
2160,6,1.08387303,4.07766104
2161,6,1.25031400,3.39805198
2162,6,1.00952816,3.15970135
2163,6,1.02957106,2.43837357
2164,6,0.88970542,4.48542404
2165,6,1.10384679,2.97957921
2166,6,1.09748328,3.44808960
2167,6,1.10382903,3.50955796
2168,6,1.00447941,3.18585610
2169,6,1.07293677,3.89184308
2170,6,1.17009437,3.54165435
2171,6,1.08494711,4.12624454
2172,6,0.99884921,3.70471859
2173,6,1.00601339,2.38971639
2174,6,1.13359272,3.27611852
2175,6,1.15267897,3.61533833
2176,6,1.06634283,3.13614917
2177,6,1.01884913,2.79988527
2178,6,1.10162544,3.67319918
2179,6,1.09970474,3.35010266
2180,6,1.06567585,4.02216959
2181,6,1.08097076,2.87261438
2182,6,0.87110543,2.80756664
2183,6,1.20611167,3.58754873
2184,6,1.06256878,3.90995145
2185,6,0.90981710,2.73739815
2186,6,1.07029700,3.25528502
2187,6,1.26708078,4.35001850
2188,6,1.08477330,2.92871451
2189,6,1.04746103,3.99405241
2190,6,0.94547689,3.94887805
2191,6,1.07899332,3.53419232
2192,6,0.79269624,2.51890159
2193,6,1.02272058,4.40793562
2194,6,1.19108582,4.11806297
2195,6,0.94057536,3.47755599
2196,6,1.12606812,3.93208075
2197,6,1.16661179,3.87697029
2198,6,0.98826754,2.58959794
2199,6,1.12492609,5.48663187
2200,6,0.96599543,3.88195014
2201,6,0.96452588,2.51238847
2202,6,0.86029178,2.31274891
2203,6,1.08338332,4.96268082
2204,6,1.09027362,3.96129608
2205,6,0.95960116,3.76366043
2206,6,1.05631852,4.51912594
2207,6,0.95098692,3.66179991
2208,6,1.21536875,3.54120016
2209,6,1.01180518,3.04880643
2210,6,1.01098776,5.44978809
2211,6,0.93052733,4.60622883
2212,6,1.00799835,3.71625376
2213,6,1.13384807,4.98062134
2214,6,0.98111928,3.57822633
2215,6,1.04740870,3.65044737
2216,6,1.08694899,3.93311715
2217,6,1.04424381,2.78073359
2218,6,0.96004486,3.16645980
2219,6,0.99317700,3.34019041
2220,6,1.15373003,2.47693324
2221,6,1.29826736,5.03712702
2222,6,1.17742097,2.68045187
2223,6,0.90235424,3.04474926
2224,6,1.11887002,3.89827180
2225,6,0.95133680,2.79240632
2226,6,0.90736032,3.00055408
2227,6,1.05559516,3.73352671
2228,6,0.90934736,3.10774064
2229,6,1.08997416,4.29418325
2230,6,0.88831758,2.83327270
2231,6,1.07240844,3.58155107
2232,6,1.16310441,3.77645111
2233,6,1.10472441,3.84137821
2234,6,1.00071406,2.65409040
2235,6,0.97172379,3.15353155
2236,6,1.10670984,3.73256946
2237,6,1.06502008,2.59230828
2238,6,0.99319887,4.06101227
2239,6,1.09399128,3.65302014
2240,6,0.96461535,2.83255219
2241,6,1.17517209,3.27146196
2242,6,1.00990129,3.78818464
2243,6,1.02976406,3.58162665
2244,6,1.06972516,3.31359076
2245,6,1.12071967,4.79249573
2246,6,1.05479074,2.59757519
2247,6,1.10756862,2.20264077
2248,6,1.17691052,4.02010059
2249,6,1.07448101,2.72118425
2250,6,1.10760140,4.26868057
2251,6,1.14371538,3.99922037
2252,6,0.98372817,3.73519897
2253,6,0.93953639,2.32318759
2254,6,0.92771631,2.81386399
2255,6,1.08585012,2.78296232
2256,6,1.16010582,5.40456390
2257,6,1.21654916,3.39713001
2258,6,0.94063962,3.78684402
2259,6,1.07501304,4.15330839
2260,6,0.99511397,3.35355520
2261,6,1.14107120,3.48626280
2262,6,1.13876069,4.15961695
2263,6,1.16508341,3.11652040
2264,6,1.05810905,4.32963085
2265,6,0.96191037,3.51520061
2266,6,1.13895917,2.66431069
2267,6,1.02023315,3.70390391
2268,6,1.06296909,5.03899527
2269,6,0.98788297,3.40583944
2270,6,0.96575117,3.23974156
2271,6,1.14945555,2.63517189
2272,6,1.19874334,3.87273407
2273,6,1.01488912,3.29209089
2274,6,1.04847097,5.74230194
2275,6,1.07999253,5.15534306
2276,6,1.07889581,3.08112097
2277,6,0.99190432,3.15523124
2278,6,0.96754950,3.99910188
2279,6,0.99237794,2.90269804
2280,6,1.19471264,4.73831892
2281,6,1.11201954,3.02655315
2282,6,1.12442160,3.26404810
2283,6,1.21222043,3.36396050
2284,6,1.08916998,2.61947250
2285,6,1.07202935,2.55339789
2286,6,1.00137913,3.43652534
2287,6,0.97691149,3.17857242
2288,6,0.95726466,4.15069246
2289,6,1.09760618,4.06894827
2290,6,0.87247097,3.41867185
2291,6,1.16291690,3.98438692
2292,6,1.13133073,2.62627697
2293,6,0.97713959,3.64269400
2294,6,1.11568618,3.29533148
2295,6,0.96766913,3.26048088
2296,6,0.93601525,2.55664015
2297,6,0.99357694,2.86038518
2298,6,0.96917570,2.99483776
2299,6,1.04215097,2.94427204
2300,6,0.97029150,4.40442228
2301,6,1.05366457,3.09117246
2302,6,1.06553578,3.93729401
2303,6,0.83309412,3.82798266
2304,6,1.11837435,3.97669458
2305,6,0.87863278,2.39195633
2306,6,0.98774719,2.84141302
2307,6,1.10986054,4.04342699
2308,6,1.13287699,3.48114777
2309,6,0.99123073,4.56841326
2310,6,0.94406950,2.49088526
2311,6,1.12568283,4.52619839
2312,6,1.06305242,3.53247929
2313,6,0.85629094,2.57121944
2314,6,1.07120562,3.31251860
2315,6,1.00245929,4.59337711
2316,6,1.22031009,3.21657896
2317,6,1.20223498,5.10022736
2318,6,0.85008335,3.30829978
2319,6,0.86766219,4.13854599
2320,6,1.03769505,3.58989501
2321,6,1.15589154,3.39440179
2322,6,1.07767034,4.35765839
2323,6,1.12403584,2.88383508
2324,6,1.05009580,3.03392100
2325,6,0.99173701,3.51070738
2326,6,1.02159667,3.90330243
2327,6,0.90645278,2.51215935
2328,6,1.04977584,4.70217371
2329,6,1.05272913,3.31753564
2330,6,0.97475970,2.78096890
2331,6,1.08479524,3.48597026
2332,6,1.15202451,4.77781296
2333,6,1.01755905,4.07329655
2334,6,1.08500779,3.07311630
2335,6,1.18563914,4.29675865
2336,6,0.98998171,3.77329230
2337,6,1.11913610,3.87731171
2338,6,1.04877806,3.60796833
2339,6,1.02899110,3.04465294
2340,6,1.01575840,3.37442040
2341,6,1.00686347,3.64177251
2342,6,1.18621922,5.31082249
2343,6,0.94590801,2.69694924
2344,6,1.01043570,2.71626449
2345,6,1.24318922,3.92736077
2346,7,0.90846133,2.59528828
2347,7,1.09577143,4.60519123
2348,7,1.07443595,4.31436539
2349,7,0.95774359,3.06220126
2350,7,1.12386680,5.15970516
2351,7,1.16508079,5.03147173
2352,7,1.12574697,4.09395647
2353,7,0.87027168,2.15767598
2354,7,0.96872532,2.47167110
2355,7,1.17294002,3.81876493
2356,7,1.08111656,4.22870064
2357,7,1.13816798,4.72976875
2358,7,1.03782415,3.19266891
2359,7,0.93060857,3.07902956
2360,7,1.00083089,4.22261620
2361,7,0.99083346,5.94007492
2362,7,0.94748509,4.19232559
2363,7,1.07828450,2.70953536
2364,7,1.03968060,3.62001276
2365,7,1.00936806,3.31153822
2366,7,0.98312384,2.91287947
2367,7,1.03026128,5.31611586
2368,7,0.87459695,3.15987897
2369,7,0.90983975,2.88735557
2370,7,0.95219105,4.74539423
2371,7,1.04558837,4.06218100
2372,7,1.05627871,4.06172943
2373,7,1.02003944,2.92979550
2374,7,1.03768778,4.44548941
2375,7,0.92721951,4.11344910
2376,7,1.09592032,6.50443506
2377,7,1.00303400,4.58225298
2378,7,0.99669284,3.03755856
2379,7,1.05217290,3.15633106
2380,7,1.08530700,5.25752068
2381,7,1.15990591,4.85108852
2382,7,1.17173314,3.51579785
2383,7,1.15980840,4.48426104
2384,7,0.89119482,3.11384010
2385,7,1.09957290,3.92178321
2386,7,0.97865874,3.90364218
2387,7,1.14470100,3.84100699
2388,7,1.13126659,3.89341974
2389,7,1.03493452,3.21085787
2390,7,0.98671532,2.89754987
2391,7,0.91015744,2.12541318
2392,7,1.00436711,3.03721762
2393,7,1.21111965,5.10361910
2394,7,1.07865202,4.17107344
2395,7,0.92064500,3.29539514
2396,7,1.31305540,3.40821147
2397,7,1.13451600,4.11926174
2398,7,0.85985333,4.15498781
2399,7,0.68722582,2.36211491
2400,7,1.02750182,4.32745600
2401,7,0.91292095,3.22575116
2402,7,1.01128495,3.54724956
2403,7,0.93953139,3.78407788
2404,7,1.08050382,3.18190646
2405,7,1.02087283,2.94567490
2406,7,1.02832460,5.03309822
2407,7,1.00561643,3.31464863
2408,7,1.00387490,3.28745604
2409,7,1.10617232,2.97361708
2410,7,1.08528566,4.11912680
2411,7,1.19336462,3.83199668
2412,7,1.04038656,3.52696848
2413,7,1.12892032,5.18022537
2414,7,1.15079832,3.62325239
2415,7,1.07659006,3.62398601
2416,7,1.12057889,3.76117373
2417,7,1.01338601,3.46796894
2418,7,0.96401477,2.79579043
2419,7,0.93138164,2.39612937
2420,7,1.05549610,4.08012152
2421,7,0.94560438,3.05398631
2422,7,1.29619241,4.09001446
2423,7,1.11689878,3.85008168
2424,7,1.10027814,3.58006239
2425,7,0.93205321,2.43176293
2426,7,1.18449974,4.79753733
2427,7,1.07917631,4.52069283
2428,7,0.95557237,3.72687054
2429,7,1.15893185,3.23311520
2430,7,1.02407432,3.39893746
2431,7,1.20706177,4.55182076
2432,7,0.97002590,2.42965865
2433,7,1.01190877,2.62185907
2434,7,0.94935012,2.49525356
2435,7,0.98296666,2.99931026
2436,7,1.03136253,2.73564863
2437,7,1.14084339,2.98158455
2438,7,1.00269008,3.12062693
2439,7,0.93109137,3.74809170
2440,7,1.12209558,3.25479198
2441,7,1.06481850,2.22229958
2442,7,1.03840888,4.48668480
2443,7,1.15963197,3.23463082
2444,7,1.16907012,3.30446029
2445,7,1.02140880,4.96660614
2446,7,0.86916697,2.58175993
2447,7,0.93602884,3.77259827
2448,7,1.07242608,3.18744349
2449,7,0.97721422,4.68652439
2450,7,1.03007960,3.66635871
2451,7,0.91986668,3.94918084
2452,7,0.90635026,2.92633033
2453,7,1.10592985,2.59128618
2454,7,0.96560264,3.86265826
2455,7,1.11917877,3.55159545
2456,7,1.15485799,4.01047087
2457,7,1.02395856,3.25868940
2458,7,0.96538800,2.46659780
2459,7,1.06560349,3.02475119
2460,7,0.95982659,2.75750566
2461,7,0.92406744,2.63114405
2462,7,1.02094960,4.09590769
2463,7,1.00831318,2.39624310
2464,7,0.88695323,2.82217097
2465,7,0.90701842,3.05027318
2466,7,0.82048631,2.45272946
2467,7,0.99505687,4.08535719
2468,7,1.02038741,4.33986712
2469,7,0.94025445,2.97582555
2470,7,0.90352154,3.35252476
2471,7,1.04073322,6.07642603
2472,7,0.98840892,4.26260090
2473,7,0.97461092,4.63257456
2474,7,1.26538253,5.47646999
2475,7,1.05334544,3.88547111
2476,7,1.06977785,4.65190792
2477,7,1.09286988,4.02577543
2478,7,1.24189556,4.98813438
2479,7,1.10678935,3.17900610
2480,7,0.95237780,4.12563944
2481,7,1.23537135,4.16782093
2482,7,0.97417676,4.70850849
2483,7,0.96727973,4.51590824
2484,7,1.00918293,3.51475215
2485,7,1.05947292,4.16623497
2486,7,1.21763539,4.28153276
2487,7,1.00877678,3.01019549
2488,7,1.06269634,3.24700618
2489,7,0.94011033,2.25549746
2490,7,0.95262909,2.39276218
2491,7,0.95759928,3.10835958
2492,7,0.86615324,3.51938224
2493,7,0.99221921,3.16444564
2494,7,1.01759052,3.21064782
2495,7,1.09674191,3.83135700
2496,7,0.99140596,4.03318596
2497,7,1.21354032,3.28705120
2498,7,1.08885312,4.48608971
2499,7,1.01347411,3.66982007
2500,7,0.95325977,5.45897484
2501,7,0.97731543,5.45109892
2502,7,0.76850176,2.96831846
2503,7,1.01755297,4.03272533
2504,7,0.81381285,3.10105395
2505,7,0.90318513,3.01417518
2506,7,1.09690285,3.96087861
2507,7,0.95697486,3.33358741
2508,7,1.09614372,2.42950654
2509,7,1.13026607,3.00671124
2510,7,0.93168843,3.75228119
2511,7,0.91581273,3.42659116
2512,7,1.02767253,4.14823532
2513,7,0.96872312,2.70884442
2514,7,1.01806307,3.30614352
2515,7,0.99369419,2.73561144
2516,7,1.13856077,3.21459699
2517,7,0.89286566,4.33384228
2518,7,1.04165566,3.64217615
2519,7,0.94176900,3.02715373
2520,7,1.12993944,4.89712572
2521,7,0.98742425,4.13027239
2522,7,0.87484920,3.46934938
2523,7,0.98260427,2.37788463
2524,7,0.96104383,3.54019737
2525,7,1.23524046,6.82420921
2526,7,0.87401986,3.55535364
2527,7,0.95334840,2.60715652
2528,7,0.82063228,2.83442545
2529,7,0.89528561,3.35649705
2530,7,1.20653749,4.75504971
2531,7,1.13450682,3.66249847
2532,7,0.88528794,3.40742111
2533,7,1.12584054,4.19038105
2534,7,1.04921603,3.02842093
2535,7,0.88083875,3.30428767
2536,7,0.92326444,3.32327509
2537,7,0.93376923,3.45296144
2538,7,0.93512785,3.86912274
2539,7,1.24693394,6.15355444
2540,7,1.15700030,4.24381685
2541,7,0.97412437,3.23376203
2542,7,0.97124541,3.25587773
2543,7,1.01645863,3.59483743
2544,7,1.10129714,3.32786012
2545,7,0.98645729,2.57400012
2546,7,1.26949620,3.58905029
2547,7,1.04855275,4.71809244
2548,7,1.03690553,4.38088131
2549,7,1.17988110,2.75590396
2550,7,1.08564425,2.43684912
2551,7,1.06562817,2.86807418
2552,7,0.81693608,2.63481498
2553,7,0.89298701,2.53438807
2554,7,1.02649021,2.73052478
2555,7,0.87415910,2.85491586
2556,7,0.87583953,2.84888673
2557,7,0.97411233,2.82980680
2558,7,0.85193670,2.46842980
2559,7,0.81994033,2.74811149
2560,7,1.01062262,2.79916334
2561,7,0.90944040,3.96461248
2562,7,0.99466872,3.90056038
2563,7,0.89367032,2.86312842
2564,7,0.94783187,3.40122104
2565,7,0.91299713,3.57867384
2566,7,1.09102750,5.17947626
2567,7,1.10759926,4.29127789
2568,7,0.82278043,2.98303390
2569,7,0.97896671,5.01303768
2570,7,1.25418675,4.83518648
2571,7,0.88267291,2.84213591
2572,7,0.84718478,3.76018119
2573,7,0.99958074,3.39447761
2574,7,1.00205433,4.10214472
2575,7,1.22780478,5.02198315
2576,7,1.21886754,4.55632830
2577,7,1.12747979,3.78032160
2578,7,1.17457616,3.55454993
2579,7,0.86248797,3.40927792
2580,7,1.00110471,3.05762815
2581,7,1.01270556,3.11508894
2582,7,0.87929076,4.08007336
2583,7,1.13727689,3.45988250
2584,7,1.04478395,3.96546960
2585,7,1.02042127,3.70298648
2586,7,0.87035918,3.17755413
2587,7,0.93889451,4.17332983
2588,7,0.93790329,4.37551403
2589,7,1.09829092,4.77235794
2590,7,0.68369305,2.80589700
2591,7,1.09119356,3.70310235
2592,7,1.03865266,4.07597446
2593,7,1.04552376,3.16890574
2594,7,0.75045305,3.23984933
2595,7,1.12047672,7.10591793
2596,7,0.90790164,4.01010084
2597,7,0.84470212,3.40480542
2598,7,1.01175165,3.89496017
2599,7,1.07145178,3.83125138
2600,7,1.15226638,3.44612122
2601,7,1.05563915,3.83222628
2602,7,0.96675253,2.66459346
2603,7,1.01942015,2.59107947
2604,7,1.15825462,3.66674685
2605,7,0.96131057,3.62883949
2606,7,1.26567888,2.98929191
2607,7,0.91046524,2.52367711
2608,7,1.01833010,3.34762692
2609,7,0.85956252,3.42826152
2610,7,0.97321284,3.52626967
2611,7,0.93370849,3.38189268
2612,7,0.86034715,2.64947128
2613,7,0.88043463,3.31081080
2614,7,0.92814732,3.01521325
2615,7,0.82233196,3.12964869
2616,7,0.95799649,3.29617023
2617,7,0.86178458,3.40793133
2618,7,0.98267186,4.46986866
2619,7,0.97207344,3.49885631
2620,7,0.95051885,3.48561692
2621,7,0.99561930,4.61771488
2622,7,0.94968253,3.47904754
2623,7,0.80023193,2.44323397
2624,7,1.29753518,3.82765794
2625,7,1.01939487,4.04699087
2626,7,0.69084775,3.02285051
2627,7,0.99833989,4.13512993
2628,7,0.99794072,3.13670063
2629,7,0.94464546,3.17763734
2630,7,1.05489373,5.27994442
2631,7,0.88370728,3.16292667
2632,7,1.17676771,3.79090452
2633,7,0.95016909,3.24686122
2634,7,1.21390760,4.71555138
2635,7,1.04830313,2.90036345
2636,7,1.14470267,4.51076651
2637,7,1.09436834,3.10749197
2638,7,0.95600730,3.35509062
2639,7,0.93786371,4.05791044
2640,7,0.88292241,2.69741082
2641,7,1.03936112,5.42346764
2642,7,1.21385598,3.61446667
2643,7,0.90150750,2.62423611
2644,7,0.82386625,2.33164334
2645,7,1.07219183,3.61151218
2646,7,0.94885051,2.15913415
2647,7,1.13605273,3.69038939
2648,7,0.88603389,2.37157464
2649,7,1.03665566,3.66416788
2650,7,0.92189574,2.80294824
2651,7,0.92737114,2.53673029
2652,7,0.85931420,3.12638330
2653,7,0.90096366,3.52125335
2654,7,1.11706233,4.16295528
2655,7,1.14565897,3.34875202
2656,7,1.12419939,4.33640766
2657,7,0.93890715,2.59970641
2658,7,1.02807879,5.72350836
2659,7,0.88603002,3.11488938
2660,7,1.05882692,3.61600947
2661,7,1.14264798,4.79290009
2662,7,1.07662010,2.82449746
2663,7,1.08097434,3.40999866
2664,7,1.07845247,3.74974155
2665,7,0.90248775,3.40402937
2666,7,1.03002489,3.63381410
2667,7,1.00487816,2.97035789
2668,7,1.08749044,4.12021399
2669,7,0.86407614,2.39614606
2670,7,0.89042640,3.89707613
2671,7,1.18085384,4.11521482
2672,7,1.02745986,3.49334049
2673,7,0.95756072,3.58353209
2674,7,0.87026733,2.47169089
2675,7,0.80081868,3.85600233
2676,7,0.84273237,3.48964572
2677,7,1.12497079,3.48387098
2678,7,0.89807475,2.66264725
2679,7,1.21928573,3.91753602
2680,7,0.99248916,3.24023223
2681,7,0.93385625,3.30241418
2682,7,0.97647077,2.50425148
2683,7,0.92619061,2.71101832
2684,7,0.92649758,3.79621720
2685,7,1.05544293,3.92476797
2686,7,0.98989987,3.52536321
2687,7,1.00591373,3.69704270
2688,7,1.08059752,3.12207484
2689,7,0.94911271,3.91691613
2690,7,0.92766809,3.14043522
2691,7,0.97807413,2.23559594
2692,7,1.11363482,4.30870008
2693,7,0.97088623,3.35505056
2694,7,1.05691707,3.20616508
2695,7,0.85211533,3.17250013
2696,7,0.96372867,2.70590544
2697,7,0.92956132,3.96314883
2698,7,0.90809196,3.29401994
2699,7,0.95772457,3.88137674
2700,7,0.86575431,4.32057095
2701,7,0.76025236,2.47286415
2702,7,0.93141317,2.46641994
2703,7,0.90329504,5.07515526
2704,7,0.98360133,4.41868496
2705,7,0.86341441,4.05986214
2706,7,0.96689373,4.55355787
2707,7,1.01498568,3.44253111
2708,7,0.95105714,5.26959372
2709,7,1.08548844,3.56453252
2710,7,1.03522801,4.32004499
2711,7,1.09967899,4.30454922
2712,7,0.85382253,4.05244446
2713,7,1.01571298,4.52542353
2714,7,0.93009436,4.02651882
2715,7,1.13574708,3.06884670
2716,7,0.99673998,3.37362933
2717,7,1.02097631,3.38688803
2718,7,1.05002308,3.52126145
2719,7,1.03556895,3.05484867
2720,7,0.99744517,2.53382230
2721,7,1.03554797,2.50243449
2722,7,0.91633070,3.96514392
2723,7,0.90087020,3.18672562
2724,7,0.82986200,3.03287816
2725,7,0.98227525,2.60672951
2726,7,1.14249253,4.74103069
2727,7,1.19278169,3.21039414
2728,7,1.04987276,3.17390275
2729,7,1.01069307,3.03621364
2730,7,1.01116586,4.40016174
2731,7,0.99066740,3.09672117
2732,7,0.91287959,2.53425360
2733,7,0.95062488,3.00906491
2734,7,0.84485984,2.98694611
2735,7,0.96734238,3.95825863
2736,7,1.28087366,5.41150093
2737,8,0.85097206,3.28771567
2738,8,0.86387366,2.81904125
2739,8,1.10813022,3.85223937
2740,8,1.00579059,3.09088874
2741,8,1.05692887,3.70821929
2742,8,0.89840555,2.73132634
2743,8,0.94145632,3.76211166
2744,8,0.89259458,2.74245095
2745,8,0.95615292,2.30378628
2746,8,1.05969405,5.13316059
2747,8,1.02419305,2.72972584
2748,8,0.77023405,3.27957368
2749,8,1.05275416,3.43181515
2750,8,0.93292797,3.78184867
2751,8,0.90940070,2.19189525
2752,8,0.86843747,3.34355545
2753,8,1.09686172,6.11700058
2754,8,0.95662272,2.84751439
2755,8,0.99163687,3.85858893
2756,8,0.93737847,3.27340698
2757,8,0.90060413,3.20077157
2758,8,0.81465578,2.43117619
2759,8,0.92095578,3.31651521
2760,8,1.18959630,4.42039967
2761,8,0.85682160,2.79436564
2762,8,0.90939188,3.28217196
2763,8,0.84148604,2.22138047
2764,8,0.76383603,2.71740961
2765,8,1.07717180,4.46991110
2766,8,1.01709878,4.41815805
2767,8,0.74667311,2.86780047
2768,8,0.97955775,3.87141371
2769,8,1.04595363,5.67010212
2770,8,0.89423901,4.54318523
2771,8,1.01908183,3.18297100
2772,8,0.83611786,2.76712322
2773,8,0.96262968,3.29762912
2774,8,1.19579744,3.41607523
2775,8,0.96081150,4.38249445
2776,8,1.07019138,3.30094981
2777,8,1.04714584,3.68468642
2778,8,1.00535178,3.72845674
2779,8,1.02151489,3.06371212
2780,8,1.22944164,7.37520123
2781,8,1.05279946,5.51131773
2782,8,0.89530057,2.12844038
2783,8,1.00860524,2.50075626
2784,8,1.20719361,4.15698528
2785,8,0.99962342,3.87416577
2786,8,1.08338261,3.98018599
2787,8,0.85166264,2.74703288
2788,8,1.00573492,4.38924408
2789,8,0.94290066,3.52711535
2790,8,0.94064212,3.54972386
2791,8,1.00591683,3.51889729
2792,8,0.78641891,2.42721629
2793,8,0.89544749,3.05650187
2794,8,1.04607654,3.30769181
2795,8,1.02984154,3.83529735
2796,8,0.90668011,2.92019987
2797,8,0.99649137,4.76774454
2798,8,0.94496262,3.39466858
2799,8,0.99283230,3.26037407
2800,8,0.89715850,4.58497429
2801,8,0.84716970,2.34523368
2802,8,0.96045697,2.67629170
2803,8,1.02951908,6.11460114
2804,8,1.06133461,3.81332994
2805,8,0.91107839,2.94074488
2806,8,1.05553055,4.44224024
2807,8,0.94846189,2.56459713
2808,8,0.92375147,4.19869375
2809,8,0.99448282,3.31691241
2810,8,0.88147843,2.61460114
2811,8,0.82838631,2.55307937
2812,8,0.88490224,2.40166759
2813,8,0.95187873,3.62868190
2814,8,0.89805269,2.85361576
2815,8,1.08890831,3.84208846
2816,8,0.93116444,2.28440189
2817,8,0.86542583,3.81024051
2818,8,0.99580520,2.99365568
2819,8,0.92412436,2.73285818
2820,8,0.92118371,3.06666064
2821,8,0.77271694,3.60101247
2822,8,0.89223480,2.66225219
2823,8,1.10978866,4.43821192
2824,8,0.97590387,3.82241130
2825,8,1.08229637,4.12347412
2826,8,0.85400194,2.72212243
2827,8,1.03046727,3.60173750
2828,8,1.08589900,5.28524303
2829,8,0.94128835,3.60545659
2830,8,0.89219201,3.18831182
2831,8,0.93059266,2.97798896
2832,8,0.92200947,4.32960701
2833,8,0.85441911,2.32159734
2834,8,0.90832937,3.08791924
2835,8,1.13589489,3.90795445
2836,8,0.92166221,3.24588823
2837,8,0.99609888,3.54948521
2838,8,1.18576121,4.94584751
2839,8,0.99658763,5.42204523
2840,8,0.86819696,6.01399040
2841,8,0.95122308,4.47850037
2842,8,0.95657820,2.30564427
2843,8,1.12984014,2.72918606
2844,8,1.05434012,3.50002885
2845,8,1.12250233,3.76958370
2846,8,0.86192328,2.57858849
2847,8,0.84785557,2.91815472
2848,8,0.88102674,3.14854240
2849,8,1.10250378,4.35013580
2850,8,0.98695874,3.45283318
2851,8,0.87824190,2.37654734
2852,8,0.90836602,3.12025785
2853,8,0.85462689,3.26357317
2854,8,0.87874264,2.61434650
2855,8,0.85243714,3.23460460
2856,8,0.88250196,3.25383186
2857,8,0.72592014,2.85532236
2858,8,0.98035049,3.45384598
2859,8,1.03146994,3.36943340
2860,8,0.90979016,4.72363186
2861,8,1.16844201,3.72487450
2862,8,0.88028008,3.37169027
2863,8,1.10978055,3.49431944
2864,8,1.06331789,3.08880520
2865,8,0.93673652,3.30556059
2866,8,1.07586753,3.17034936
2867,8,1.05043125,2.39534688
2868,8,1.11281037,4.41265965
2869,8,1.07141578,3.65998912
2870,8,1.06077504,2.94545054
2871,8,0.94798183,3.06526661
2872,8,0.86240327,2.16051793
2873,8,0.89186335,3.75014853
2874,8,0.95162463,3.28681016
2875,8,0.99534541,2.99984622
2876,8,1.05360234,2.74132800
2877,8,0.92346144,2.76039672
2878,8,0.95535994,4.26809883
2879,8,0.91035974,4.38501501
2880,8,0.87739199,2.95969892
2881,8,0.99586290,3.00815821
2882,8,0.89512295,3.63348389
2883,8,1.09421599,2.86652374
2884,8,0.89747059,2.70748615
2885,8,0.92580152,4.11881733
2886,8,0.97490758,4.16497135
2887,8,0.96445781,3.40928149
2888,8,1.08349609,5.39450312
2889,8,0.87634945,3.94629669
2890,8,0.87588882,2.84058237
2891,8,0.83786333,2.75314784
2892,8,0.83173060,3.55705953
2893,8,1.09040976,4.34937382
2894,8,0.93240106,4.52516747
2895,8,0.92162883,2.97133684
2896,8,1.04180491,3.10909986
2897,8,1.11337066,4.04486418
2898,8,0.80863249,2.70445561
2899,8,0.87749207,4.07326221
2900,8,0.87227112,3.44018984
2901,8,0.83592021,3.78047180
2902,8,1.00838864,4.09608126
2903,8,1.04405272,3.35951352
2904,8,0.72231722,3.36875319
2905,8,0.77116144,4.64233112
2906,8,0.86914366,5.05446959
2907,8,1.06316829,3.39013696
2908,8,0.94050133,4.00335121
2909,8,0.83844131,2.88885903
2910,8,1.00831139,3.75738645
2911,8,1.07535410,3.97621059
2912,8,0.82993925,3.91270900
2913,8,1.12430179,4.26952171
2914,8,0.89800632,3.22463512
2915,8,1.07510877,4.43124294
2916,8,0.88590920,3.56182790
2917,8,1.01620328,2.75530267
2918,8,1.05069101,3.27157164
2919,8,0.97710371,4.10321712
2920,8,0.90127301,3.17903972
2921,8,0.94791579,2.75297952
2922,8,0.95961034,3.29572892
2923,8,0.83738089,6.32464933
2924,8,1.01721561,4.29973888
2925,8,1.00619113,3.83982635
2926,8,0.75984836,4.09224749
2927,8,1.08888769,2.57362556
2928,8,0.77347565,2.38189602
2929,8,1.11147666,4.51985502
2930,8,1.01869965,3.00304174
2931,8,0.89923823,3.11136675
2932,8,0.89737034,2.63038254
2933,8,1.14857054,3.25832748
2934,8,0.83205962,3.05582213
2935,8,0.95962262,3.26155925
2936,8,0.99583650,4.78120613
2937,8,0.82789236,3.62964272
2938,8,0.93541968,3.83387518
2939,8,0.95327705,3.11589694
2940,8,0.75884998,2.99874091
2941,8,0.93035936,4.33977842
2942,8,1.01947176,4.09481049
2943,8,0.84511459,3.50955343
2944,8,1.02729321,2.95612717
2945,8,1.09017861,4.12939739
2946,8,0.90583217,4.20875359
2947,8,1.12798643,5.30172062
2948,8,0.85131979,4.02088690
2949,8,0.70242864,3.07226086
2950,8,0.86237812,3.64996195
2951,8,1.13449728,6.51574326
2952,8,0.87851900,3.94377828
2953,8,1.11015034,4.21249056
2954,8,0.91903293,3.34199595
2955,8,0.76497859,3.76551437
2956,8,1.06626534,6.67960405
2957,8,1.05685139,3.37971973
2958,8,0.93917161,3.85170650
2959,8,0.96377230,2.36547899
2960,8,0.82387960,4.88071489
2961,8,0.96875000,3.21242404
2962,8,1.01008010,3.43386555
2963,8,0.98302984,2.61512852
2964,8,0.94389498,3.67350006
2965,8,0.90741354,2.75474286
2966,8,0.94670451,3.84204888
2967,8,0.95217931,3.29316592
2968,8,0.98379791,2.99536633
2969,8,0.83017671,3.65990877
2970,8,0.93878925,2.00538230
2971,8,1.13766491,3.90093112
2972,8,1.05866945,3.60522890
2973,8,1.07232094,4.20364046
2974,8,0.91024858,3.33159041
2975,8,0.92602527,4.16848707
2976,8,0.96984255,2.85258794
2977,8,0.90130520,2.96254015
2978,8,0.82891905,3.96448326
2979,8,0.84076405,3.39152050
2980,8,0.97407907,3.75407720
2981,8,1.03608775,5.01344156
2982,8,0.85659319,3.38645577
2983,8,0.93504077,4.63730383
2984,8,1.03428161,3.38392425
2985,8,0.91964215,2.96613407
2986,8,0.86670899,3.07529473
2987,8,0.81174076,2.47525334
2988,8,0.78974473,5.23257971
2989,8,1.04435658,3.67462707
2990,8,0.89013934,4.23268700
2991,8,0.83628297,2.68394566
2992,8,0.84922051,3.64967036
2993,8,1.17173886,4.96938038
2994,8,0.98255771,4.49148846
2995,8,1.01084805,3.30634332
2996,8,0.82349652,3.13167477
2997,8,0.85854137,2.92059588
2998,8,1.11617851,3.68151307
2999,8,1.06306386,2.70137405
3000,8,0.83716267,3.61740160
3001,8,0.92435271,4.36488962
3002,8,0.94955373,2.52474904
3003,8,0.79919755,2.43641448
3004,8,0.87761486,2.60083485
3005,8,1.16030312,4.12053299
3006,8,1.00110042,3.44345737
3007,8,0.86618900,2.67920065
3008,8,0.89204228,2.73117232
3009,8,0.83176941,3.00930667
3010,8,0.83809155,2.52889943
3011,8,1.04980457,3.56284499
3012,8,0.82572055,2.50313306
3013,8,0.88075399,3.55093908
3014,8,1.01728523,3.51258421
3015,8,0.94345546,2.59120560
3016,8,0.89288616,2.98246622
3017,8,0.97005367,2.28704214
3018,8,0.95176101,3.16558933
3019,8,0.95076591,2.91066384
3020,8,0.87363112,3.08112359
3021,8,0.71846503,3.13223767
3022,8,1.01174521,3.07457662
3023,8,0.88978469,3.46735740
3024,8,0.91800034,3.45754027
3025,8,0.98686969,4.58671665
3026,8,0.86171716,2.30969429
3027,8,0.94281268,2.85241652
3028,8,1.04252982,2.92432666
3029,8,0.83153486,4.00325537
3030,8,0.81100130,3.07207656
3031,8,0.84818304,2.81668568
3032,8,0.95600903,3.33626342
3033,8,0.91629159,2.72707248
3034,8,0.99536526,2.78909254
3035,8,0.72474617,4.46551800
3036,8,0.87154818,2.77204990
3037,8,1.15815735,4.52370024
3038,8,0.99073595,3.34172320
3039,8,1.02427399,3.44428182
3040,8,0.86762464,3.79269433
3041,8,0.79422534,2.54297566
3042,8,0.81736404,3.39213729
3043,8,0.98662496,2.56265950
3044,8,0.99288404,3.24679112
3045,8,0.83408433,2.84903169
3046,8,0.92880177,4.91787004
3047,8,0.74382925,2.84519029
3048,8,0.98093563,4.31442881
3049,8,0.92687500,4.93772078
3050,8,0.80888593,3.42282867
3051,8,0.87115192,3.64614391
3052,8,0.90315998,3.30160522
3053,8,0.95950186,3.62399912
3054,8,0.76720130,3.13539529
3055,8,1.00826550,3.40835238
3056,8,1.00419331,4.39028788
3057,8,1.04264522,3.61680722
3058,8,0.82405591,4.21750593
3059,8,0.82248151,2.50082946
3060,8,0.79246211,2.55798173
3061,8,0.89303541,2.38747382
3062,8,1.03316808,3.26643419
3063,8,0.88585889,3.27206230
3064,8,0.98886091,3.19063425
3065,8,0.93598413,2.93088889
3066,8,0.98952854,2.70404625
3067,8,0.91384947,2.66503620
3068,8,0.90879476,3.11149049
3069,8,0.70046878,2.94021440
3070,8,0.90551633,3.73484826
3071,8,0.77838761,3.00268078
3072,8,0.83764994,3.84159946
3073,8,0.70118111,2.45216727
3074,8,0.96288466,4.26825047
3075,8,0.80376196,3.51960349
3076,8,1.07297349,4.67477417
3077,8,1.07671678,3.84125733
3078,8,1.01432824,3.28297901
3079,8,0.90551573,3.18570256
3080,8,0.91266406,4.13724327
3081,8,1.02697754,5.23337698
3082,8,0.93473041,3.56866264
3083,8,0.92746627,4.62569904
3084,8,1.10313714,3.96829224
3085,8,0.96242940,3.54883528
3086,8,0.96696186,3.16782355
3087,8,0.81302553,2.99514055
3088,8,0.85200572,3.28147745
3089,8,0.91263723,3.59172440
3090,8,0.89748299,3.34544945
3091,8,1.08197951,4.36606455
3092,8,0.90960538,4.53333855
3093,8,0.85072345,3.20984411
3094,8,1.12611651,3.46148109
3095,8,0.94785011,4.34834194
3096,8,0.89799058,3.56606245
3097,8,0.89038002,3.71514845
3098,8,0.99237680,3.59459805
3099,8,0.79110509,3.23840976
3100,8,0.78932714,2.18312073
3101,8,0.81520581,3.37569284
3102,8,1.03874958,4.37272835
3103,8,1.16361880,7.89680243
3104,8,0.91763139,3.42455578
3105,8,0.82482898,2.87184358
3106,8,0.83119631,3.89804101
3107,8,1.01793694,3.26268196
3108,8,0.77927494,2.96428227
3109,8,0.88400239,3.71940136
3110,8,0.96339655,2.99650788
3111,8,1.05934286,3.37794685
3112,8,0.99782604,3.47663808
3113,8,0.91393155,3.55744863
3114,8,1.13736248,4.25883150
3115,8,1.03143525,5.41511106
3116,8,0.86543018,3.05543709
3117,8,0.95516932,3.84805346
3118,8,0.95406663,3.97581673
3119,8,0.96975958,3.24307561
3120,8,0.88140160,2.63967323
3121,8,0.86559612,2.66763997
3122,8,0.84647220,2.95730186
3123,8,1.09455597,4.21873236
3124,8,1.15652049,4.13647509
3125,8,1.03646004,4.64820910
3126,8,0.95375013,4.32720375
3127,8,0.87769443,3.64280200
3128,9,0.90928328,2.61138821
3129,9,0.95196903,2.78329206
3130,9,0.93824756,3.45949054
3131,9,0.85735559,3.11333513
3132,9,0.99264789,2.89968348
3133,9,0.91075397,4.29259491
3134,9,0.99498987,6.11831713
3135,9,0.89338219,3.26444197
3136,9,0.96111906,3.87002635
3137,9,0.95950282,3.60320282
3138,9,0.98732781,2.58885622
3139,9,0.87276959,3.92858148
3140,9,0.83825022,3.85791326
3141,9,1.19841039,4.24464798
3142,9,0.82396001,3.99393177
3143,9,0.81112432,3.58895898
3144,9,0.88701743,2.78031659
3145,9,0.93434322,3.19468021
3146,9,1.00218654,4.51075268
3147,9,0.88526720,2.70935917
3148,9,0.88330758,3.03042173
3149,9,1.01715207,5.35601616
3150,9,0.94363475,3.07028151
3151,9,0.93982732,2.84730124
3152,9,0.95278627,2.50391221
3153,9,1.13483417,4.20927238
3154,9,1.03786159,3.00298309
3155,9,0.93555182,3.62150931
3156,9,0.87579393,3.18831921
3157,9,0.84962755,2.86538434
3158,9,0.88626111,5.23911667
3159,9,0.98934597,3.12958050
3160,9,0.87938988,3.41293693
3161,9,0.77506566,2.60751772
3162,9,0.97854185,4.64051723
3163,9,0.90980327,3.52893090
3164,9,0.96082205,3.65981030
3165,9,1.02482462,3.08899260
3166,9,0.95726061,3.83428264
3167,9,0.83788776,4.12564135
3168,9,0.97980428,5.63973618
3169,9,1.15218949,4.06528950
3170,9,1.12883437,4.45511866
3171,9,0.89044601,3.75821376
3172,9,0.99939752,3.67189002
3173,9,0.89984047,3.69052076
3174,9,1.03259706,3.96853971
3175,9,0.84903353,4.48242998
3176,9,0.80654544,3.64654946
3177,9,1.01598966,4.39374161
3178,9,0.73040587,3.22328997
3179,9,0.89430165,3.24684072
3180,9,0.89876640,3.57766914
3181,9,0.95026129,3.55388308
3182,9,0.97084141,4.27313089
3183,9,1.06838560,4.67053509
3184,9,0.75785315,4.21880960
3185,9,0.80744660,3.55706477
3186,9,0.93037319,5.00915241
3187,9,0.84566951,3.34141588
3188,9,0.81359243,3.75126338
3189,9,0.88425136,3.33879256
3190,9,0.92297852,3.30164957
3191,9,0.84995914,4.13097048
3192,9,0.98006088,3.70974326
3193,9,0.89940512,3.44548917
3194,9,0.89785981,4.47492552
3195,9,0.87215459,3.78720903
3196,9,0.79206878,3.07632637
3197,9,0.89425069,4.68713188
3198,9,0.81694847,2.76827884
3199,9,0.96264958,4.15804100
3200,9,0.91390318,3.31815958
3201,9,1.06174374,3.85025501
3202,9,1.24031353,3.27179050
3203,9,0.77499551,3.04553914
3204,9,0.97620392,4.02920437
3205,9,1.05778432,3.67766881
3206,9,0.92780638,5.03404665
3207,9,0.87812614,2.37121511
3208,9,0.92589962,3.91309381
3209,9,0.88900691,2.39218545
3210,9,0.80762637,2.74620175
3211,9,0.83083344,2.24433470
3212,9,0.78826046,3.51030183
3213,9,0.77938616,3.10899162
3214,9,0.92063612,3.32164311
3215,9,0.93844390,2.40314293
3216,9,0.75577664,4.26420498
3217,9,0.79322809,3.15392184
3218,9,1.07670546,3.35222983
3219,9,0.97049052,4.21337748
3220,9,0.88307881,3.28546715
3221,9,0.88546503,2.95948148
3222,9,0.85385060,2.53694749
3223,9,0.66840959,3.48095512
3224,9,0.81720215,2.96975088
3225,9,1.09035420,3.37287164
3226,9,0.98970801,2.79902339
3227,9,0.92848641,4.24855042
3228,9,1.14592195,3.72854614
3229,9,0.80773079,2.37785840
3230,9,0.98109174,3.99383450
3231,9,0.87252319,3.20413923
3232,9,0.97264665,2.31350327
3233,9,0.87488860,2.13651276
3234,9,0.87963361,3.53002429
3235,9,0.89824611,3.49068117
3236,9,0.83482838,3.77664995
3237,9,0.75121808,2.63272977
3238,9,0.72856009,3.99107051
3239,9,0.96508890,4.26644945
3240,9,0.85602003,3.36617708
3241,9,0.91561103,4.39376831
3242,9,0.98259068,3.32842755
3243,9,1.02499652,4.98656607
3244,9,0.88369334,3.58007073
3245,9,0.95573282,3.96847606
3246,9,0.87345767,3.99466085
3247,9,0.81463349,3.38680387
3248,9,0.98710597,4.34673071
3249,9,0.75057089,4.28371096
3250,9,0.93455809,3.41816831
3251,9,1.00983620,5.10072708
3252,9,0.98970598,4.48788166
3253,9,0.82705194,3.35104728
3254,9,0.85740161,2.48973608
3255,9,0.94385839,2.77527165
3256,9,1.07200563,4.97282982
3257,9,0.85702044,3.78478289
3258,9,0.91041219,3.36906409
3259,9,0.92658842,2.95409584
3260,9,0.89453101,2.25593543
3261,9,0.86608511,3.57715344
3262,9,1.09247184,3.48422623
3263,9,0.88396078,3.81066465
3264,9,0.89567775,2.95044947
3265,9,0.74264950,2.32829118
3266,9,0.90697777,3.50616455
3267,9,0.73905647,2.62001920
3268,9,0.89507490,2.96787119
3269,9,0.80561709,4.72447300
3270,9,0.93057466,3.99712706
3271,9,0.77919620,4.76244116
3272,9,0.87974608,5.77761889
3273,9,0.84797049,3.53311872
3274,9,0.98209459,4.21158695
3275,9,0.78403777,4.29288864
3276,9,0.89058286,3.93514919
3277,9,0.82934833,3.75130963
3278,9,0.84885824,3.36400270
3279,9,0.79805678,3.19259620
3280,9,0.84364122,4.43722916
3281,9,0.84970462,2.67582989
3282,9,0.83533692,2.89498234
3283,9,0.96391863,4.44077063
3284,9,0.81815070,3.79932594
3285,9,0.86271763,4.31334114
3286,9,0.90670776,3.18410730
3287,9,0.86713457,3.39469337
3288,9,0.87725306,4.56786394
3289,9,0.93076825,2.79708648
3290,9,0.86046863,2.98903894
3291,9,0.95898831,4.25422287
3292,9,0.87533027,3.11752534
3293,9,0.94192481,2.83084702
3294,9,1.10569561,5.45987177
3295,9,0.88937491,2.64397931
3296,9,1.08609724,3.53281140
3297,9,0.91004223,3.12003994
3298,9,0.88611370,3.47301388
3299,9,1.06670022,4.12960339
3300,9,0.89416397,3.22960496
3301,9,0.80648458,2.39475942
3302,9,0.99335992,3.70403266
3303,9,1.15670836,5.45697975
3304,9,0.68550634,2.31539154
3305,9,0.93939674,2.91785383
3306,9,0.93315244,4.52291489
3307,9,0.91041768,3.96876884
3308,9,0.89791691,3.64338970
3309,9,1.05635762,4.56444168
3310,9,1.16691947,4.34944391
3311,9,0.80338001,3.97587204
3312,9,0.94126397,4.61861086
3313,9,0.94783354,3.78523636
3314,9,0.83863640,3.51237464
3315,9,0.96518910,3.31172228
3316,9,0.72343099,3.37106705
3317,9,0.92974937,3.84029174
3318,9,0.91310960,2.44478488
3319,9,0.83407044,4.81177998
3320,9,0.95036364,3.44744277
3321,9,0.97607315,2.95442796
3322,9,1.15087891,4.41175985
3323,9,0.86478490,4.14204073
3324,9,0.68644118,2.78808641
3325,9,0.97274959,3.17368245
3326,9,0.82995552,3.32143712
3327,9,0.98282939,3.06074548
3328,9,0.81961507,3.81233621
3329,9,0.95513469,3.58542967
3330,9,0.84946191,2.72552824
3331,9,0.91745085,3.50963664
3332,9,0.98104292,3.21041274
3333,9,0.75401932,2.82046771
3334,9,0.85470623,3.12455821
3335,9,0.89558083,3.89970613
3336,9,0.92801505,3.06399131
3337,9,0.88171136,3.73273778
3338,9,0.88060999,3.03124332
3339,9,0.67771035,3.23723102
3340,9,0.82626033,4.32731009
3341,9,0.86822850,3.43795991
3342,9,1.03517342,4.28849125
3343,9,0.82049584,4.59935141
3344,9,1.10271525,2.93108869
3345,9,0.84967816,3.28133821
3346,9,0.86809134,3.70708942
3347,9,1.11706233,4.03290129
3348,9,0.95186794,3.50296116
3349,9,0.80858618,2.57684517
3350,9,0.76727390,3.87998247
3351,9,0.91003382,3.99914432
3352,9,0.88738930,3.56218815
3353,9,0.84160751,3.30112076
3354,9,0.93720102,4.30679464
3355,9,0.79562008,3.68818450
3356,9,0.93672651,4.28146458
3357,9,0.81308836,2.31475401
3358,9,0.86697030,2.99566174
3359,9,0.84521115,2.94246554
3360,9,0.77783620,4.75798464
3361,9,0.93289316,2.87180328
3362,9,0.98880130,2.31003094
3363,9,0.95437825,3.57002139
3364,9,0.88998795,3.63318443
3365,9,0.92853177,2.84360170
3366,9,0.73810303,3.35029459
3367,9,1.15545726,3.71743608
3368,9,0.87090480,3.19887280
3369,9,0.78820187,1.95330477
3370,9,1.23504174,4.68218946
3371,9,1.00590348,4.88358164
3372,9,0.71667755,2.50340581
3373,9,0.75752974,2.84801579
3374,9,0.93510032,2.90877461
3375,9,0.84537208,2.70457101
3376,9,0.85286987,3.32466292
3377,9,0.94279194,3.28094602
3378,9,0.80425954,2.32726383
3379,9,0.76389104,2.77801156
3380,9,0.90113479,3.15968537
3381,9,0.94376683,2.67809129
3382,9,0.94117677,3.56247902
3383,9,0.81449223,2.58076859
3384,9,0.86269438,3.80596447
3385,9,0.98569584,3.45919228
3386,9,0.81889570,2.60907125
3387,9,0.67762780,2.42693377
3388,9,0.86928111,2.98489976
3389,9,1.00762045,3.56737709
3390,9,0.92261922,2.92764807
3391,9,0.99740654,2.87231708
3392,9,1.03426886,2.85897064
3393,9,1.08459723,3.34073257
3394,9,1.07055402,4.87509060
3395,9,0.80343485,3.00161314
3396,9,0.80775666,2.47031999
3397,9,0.98347062,3.38778663
3398,9,0.90366852,3.28138113
3399,9,0.74780238,2.40270090
3400,9,0.95492494,4.09977293
3401,9,0.79220110,2.27400017
3402,9,0.96351421,3.15838456
3403,9,0.87484980,4.05358076
3404,9,1.00765085,4.52844906
3405,9,1.03072596,4.57003069
3406,9,0.89758623,2.66203380
3407,9,0.84947145,3.06222963
3408,9,0.87755489,3.86699319
3409,9,0.80672622,3.10510349
3410,9,0.91496062,3.23311329
3411,9,0.82867587,4.00159836
3412,9,0.77073449,3.46335101
3413,9,0.75406110,4.00845098
3414,9,1.01070213,4.07304430
3415,9,1.04761720,3.99141908
3416,9,1.11600840,3.92153788
3417,9,0.90865016,3.37386513
3418,9,0.69298255,3.07424831
3419,9,0.81132424,3.46622467
3420,9,0.86289287,3.12722802
3421,9,0.84031445,3.55681419
3422,9,0.95653522,4.16850996
3423,9,0.86428261,4.37901354
3424,9,0.93731660,4.07808542
3425,9,0.98912299,2.91370130
3426,9,0.77259600,2.61889291
3427,9,0.93952930,3.81918097
3428,9,0.98373210,4.00148630
3429,9,0.85629541,4.82195759
3430,9,1.15285003,4.45282555
3431,9,0.97832429,3.79318476
3432,9,0.80886012,2.92559242
3433,9,0.97062576,3.01943803
3434,9,0.91947484,3.04974174
3435,9,1.00851429,3.66814852
3436,9,1.07702458,3.71853232
3437,9,1.04711139,3.20367980
3438,9,0.93989003,2.42821622
3439,9,0.87293732,3.16163135
3440,9,1.02335858,3.60038924
3441,9,0.89737630,2.87441397
3442,9,0.90731978,2.81930113
3443,9,0.91230297,3.58248925
3444,9,1.00228703,3.55617619
3445,9,0.81499398,2.60404611
3446,9,0.81248283,2.78757620
3447,9,1.12128544,4.12384081
3448,9,0.96484745,6.50583935
3449,9,0.82029688,2.22898006
3450,9,1.06278324,2.95397449
3451,9,0.71094036,2.92416167
3452,9,0.96104050,5.58772278
3453,9,0.86636567,3.41594291
3454,9,0.88290739,4.28095865
3455,9,0.88015568,2.94062567
3456,9,0.88637078,2.72108412
3457,9,0.73297215,3.84902787
3458,9,0.87082428,2.77020979
3459,9,0.89222193,1.85839093
3460,9,0.74041820,3.73496366
3461,9,0.94227672,3.76447630
3462,9,0.89404929,4.27186346
3463,9,0.85294896,2.59271550
3464,9,0.91422510,3.07166839
3465,9,0.95151824,5.37290955
3466,9,0.71499497,3.92420077
3467,9,0.85738611,4.92446566
3468,9,0.86432964,4.80943108
3469,9,0.84255135,3.56461978
3470,9,0.74340999,2.70379639
3471,9,0.74594092,3.12044954
3472,9,0.83056641,2.70783758
3473,9,0.75632066,4.58242369
3474,9,0.90816665,3.45149708
3475,9,1.05429482,3.85672498
3476,9,0.91914672,3.86294436
3477,9,0.85853302,3.78582168
3478,9,0.96222204,3.47648048
3479,9,1.06254077,3.55947971
3480,9,0.96754390,3.63150811
3481,9,0.72505051,2.50801182
3482,9,0.93926930,2.62283134
3483,9,0.82295036,2.30267239
3484,9,1.02447569,4.55640030
3485,9,0.95864618,2.91617465
3486,9,1.04542732,3.69670486
3487,9,1.02183676,3.11349320
3488,9,0.89947248,2.86627173
3489,9,0.99367237,2.73347473
3490,9,0.79001951,2.97258925
3491,9,0.84087491,3.81359267
3492,9,0.71986061,2.83749747
3493,9,0.92523378,3.91397619
3494,9,0.96033984,2.96276712
3495,9,1.00205970,4.61630201
3496,9,0.97649354,3.73324442
3497,9,0.83651078,3.50118923
3498,9,0.91366041,3.02630377
3499,9,0.99680066,4.13591146
3500,9,0.88730824,3.67112947
3501,9,0.94356436,2.96108866
3502,9,1.04039907,2.75183177
3503,9,0.77512038,2.86337852
3504,9,0.87336928,3.60238028
3505,9,0.94304770,2.63309574
3506,9,1.08344889,5.10743332
3507,9,1.02343464,4.15719271
3508,9,0.96324044,4.26967669
3509,9,0.99529773,3.31623197
3510,9,0.84821320,4.10096979
3511,9,0.90943640,6.31924200
3512,9,0.92062342,3.74952388
3513,9,1.00678229,3.97284508
3514,9,0.91907835,4.07832909
3515,9,1.05651331,3.86717010
3516,9,0.91449714,3.04029608
3517,9,0.96894604,3.70213437
3518,9,0.95292008,5.17127752
3519,10,0.95540690,3.47336364
3520,10,0.79150826,2.90966964
3521,10,0.82655406,2.34431720
3522,10,0.77173853,3.37364626
3523,10,1.02805030,3.72719836
3524,10,0.89165044,2.79475403
3525,10,0.75264871,2.61300731
3526,10,1.04053712,3.43982410
3527,10,0.81171387,2.83239889
3528,10,0.98292965,3.60986567
3529,10,0.66231108,2.00906467
3530,10,0.92105687,3.24164605
3531,10,0.90322101,3.72925758
3532,10,0.91548187,4.04657650
3533,10,1.06384516,3.03107357
3534,10,0.93583560,4.94326353
3535,10,0.82058972,2.99493766
3536,10,0.71233344,3.49010062
3537,10,0.73097563,2.60982537
3538,10,0.86236036,3.36015606
3539,10,0.82785487,3.64430594
3540,10,0.86941552,5.14982462
3541,10,0.82764584,3.32263923
3542,10,0.77862418,3.82593560
3543,10,1.15786934,4.31452799
3544,10,0.84544522,4.81170893
3545,10,0.88790786,4.97543097
3546,10,0.86760283,3.87778068
3547,10,0.99470335,3.22513247
3548,10,0.99409205,3.46167660
3549,10,0.99820447,3.25198221
3550,10,0.80824405,3.08513737
3551,10,0.85718477,3.54056931
3552,10,0.82283115,1.81985724
3553,10,0.77382392,3.65515900
3554,10,0.90206373,3.30756879
3555,10,1.01068068,2.99772620
3556,10,1.02112961,2.69599891
3557,10,0.82175553,2.85053396
3558,10,0.87358510,2.88708687
3559,10,0.78901571,3.66247487
3560,10,1.25442004,4.56421328
3561,10,0.94136566,3.85144854
3562,10,0.79830575,2.77550745
3563,10,0.72312486,2.63869214
3564,10,0.97280037,4.70952272
3565,10,0.92466891,3.34383154
3566,10,0.81783056,2.71127510
3567,10,1.03047895,3.93759704
3568,10,0.77436304,2.75460100
3569,10,0.78513360,2.37698579
3570,10,0.87114054,3.24904823
3571,10,0.72889054,2.92477679
3572,10,0.89153206,4.42746210
3573,10,0.92755079,2.73012376
3574,10,1.01032996,3.99554205
3575,10,1.06971943,4.72103262
3576,10,0.75968087,3.44181585
3577,10,1.01626253,4.35458803
3578,10,0.93922919,3.35509348
3579,10,0.80753040,2.94936109
3580,10,0.86997628,3.84570980
3581,10,0.93150020,3.08293486
3582,10,0.72194576,3.63233137
3583,10,0.83684075,3.01912689
3584,10,0.85733819,2.69343591
3585,10,0.88027740,3.68559003
3586,10,0.92858648,2.97263551
3587,10,0.75969708,2.71567607
3588,10,0.82763267,2.38271046
3589,10,0.76844823,3.98383856
3590,10,0.80540979,2.87973857
3591,10,0.78802538,3.43490553
3592,10,0.82860792,3.57710123
3593,10,0.93218225,5.27510786
3594,10,1.04827142,5.41129589
3595,10,0.98252106,3.72069263
3596,10,0.97820944,3.81120348
3597,10,1.11075211,4.21040535
3598,10,0.94354993,3.36709070
3599,10,0.76932681,2.55288005
3600,10,0.93979132,2.86695647
3601,10,1.01707327,3.32518888
3602,10,0.91994190,4.08614254
3603,10,0.72551268,3.74961662
3604,10,1.00356936,5.94630718
3605,10,0.85356688,3.31338668
3606,10,0.95101422,2.90128422
3607,10,0.89810061,3.13462472
3608,10,0.91149819,3.39569807
3609,10,0.76874393,2.76891994
3610,10,0.93278247,4.71733713
3611,10,1.02731872,4.94991684
3612,10,0.68979645,3.06577063
3613,10,0.72752428,2.15249324
3614,10,0.78055274,2.38247204
3615,10,0.67869478,2.64570212
3616,10,0.80682063,2.69249582
3617,10,0.72168410,2.80956578
3618,10,0.81869668,4.16600609
3619,10,1.00759530,4.47065115
3620,10,0.91147435,3.56810141
3621,10,0.94527113,3.16587472
3622,10,0.87080765,3.03246689
3623,10,0.77582800,4.30010986
3624,10,0.86439657,4.77198219
3625,10,0.92128599,2.86023426
3626,10,0.73406470,2.77507830
3627,10,0.76937133,3.19267821
3628,10,0.93068546,3.03921413
3629,10,0.81089103,3.62946153
3630,10,1.06856167,4.49055719
3631,10,0.88665903,3.71106243
3632,10,0.84159243,4.54494095
3633,10,0.95619488,3.67485166
3634,10,0.91921085,2.73246431
3635,10,0.90784609,4.32988501
3636,10,0.95004761,4.35535383
3637,10,0.88926321,3.42383957
3638,10,0.88022327,3.33679414
3639,10,0.90431273,2.91850901
3640,10,0.84875697,3.21729755
3641,10,0.96552002,2.62712049
3642,10,0.94623196,3.69838309
3643,10,0.83565736,2.40671873
3644,10,0.88044184,3.34438634
3645,10,0.97007573,3.29479790
3646,10,0.95802999,2.30208540
3647,10,0.98121375,5.38762903
3648,10,0.91143167,4.03205109
3649,10,0.97055328,2.78878307
3650,10,0.97507119,5.06731892
3651,10,1.11474407,4.72521687
3652,10,0.88796604,4.57220602
3653,10,0.84531552,3.54567504
3654,10,0.80938590,3.25884652
3655,10,0.83334732,2.73205495
3656,10,0.84962082,3.23443651
3657,10,0.98432302,3.50981283
3658,10,0.85531121,2.25876164
3659,10,0.75336576,2.30771255
3660,10,0.84244287,3.00627613
3661,10,0.76024145,1.93729556
3662,10,0.70595372,3.21165657
3663,10,0.83436084,3.22308564
3664,10,0.85971880,3.91841102
3665,10,1.08361244,4.63171196
3666,10,0.85576856,3.42081571
3667,10,0.82046461,3.07334065
3668,10,0.84689146,3.97812104
3669,10,0.97336620,4.54544687
3670,10,0.95988917,3.68460631
3671,10,0.99610752,2.56650281
3672,10,0.83515847,2.85627317
3673,10,0.76260334,3.08361650
3674,10,0.69900817,2.36038208
3675,10,0.89937055,2.62323117
3676,10,0.78144461,2.47110367
3677,10,0.78757167,3.05153227
3678,10,0.77967751,3.75807643
3679,10,0.92864418,3.85399055
3680,10,0.65389287,3.26196885
3681,10,0.81717658,2.88825512
3682,10,0.82322943,3.89959097
3683,10,0.80338669,3.45319986
3684,10,0.75622487,2.90867901
3685,10,0.93674141,4.00221729
3686,10,0.81451046,3.15195918
3687,10,0.98031455,3.18064094
3688,10,0.89142787,3.05265808
3689,10,0.97676122,3.11878681
3690,10,0.81255430,3.82194519
3691,10,0.79911804,3.06149030
3692,10,0.78042459,3.10212183
3693,10,0.98041999,4.49888802
3694,10,1.09758234,3.42197180
3695,10,0.71105886,2.85913777
3696,10,0.92006445,2.93357778
3697,10,0.92410129,2.92488265
3698,10,0.79715037,2.63038683
3699,10,1.04884410,2.31709790
3700,10,0.82261139,2.84243345
3701,10,1.03076613,3.22759104
3702,10,0.80913085,3.34155869
3703,10,0.92401141,3.85354400
3704,10,0.74239135,2.85061646
3705,10,0.81143904,2.66081643
3706,10,0.83165610,2.99846745
3707,10,0.67221498,2.69044042
3708,10,0.74117661,3.18844414
3709,10,0.81831914,3.00830007
3710,10,1.06848621,4.74139166
3711,10,0.66637039,2.54654169
3712,10,1.00931478,5.07953167
3713,10,0.76569629,3.31388259
3714,10,0.99634433,4.35458851
3715,10,0.88668728,3.85491967
3716,10,0.71324235,3.76647711
3717,10,0.75038779,2.88203382
3718,10,0.98490053,3.26476359
3719,10,0.78474891,2.72348905
3720,10,0.79908848,2.30363560
3721,10,0.90824687,2.46500778
3722,10,0.88796628,3.05400300
3723,10,1.02327216,3.99002528
3724,10,0.85489488,3.13422275
3725,10,0.75567847,2.66542387
3726,10,0.73764676,3.07511330
3727,10,0.91353768,4.34125090
3728,10,0.94251615,2.71973252
3729,10,0.97476286,3.86426187
3730,10,0.85591072,2.79066062
3731,10,1.00364292,3.29629922
3732,10,0.65631032,2.32014608
3733,10,0.91703427,3.56712461
3734,10,0.66307080,2.56714320
3735,10,0.98841381,2.97693467
3736,10,0.95142913,3.79509926
3737,10,0.86634111,4.09275103
3738,10,0.69780827,2.81296802
3739,10,1.15815353,5.64699268
3740,10,0.89709431,3.50396132
3741,10,0.80317795,3.34036493
3742,10,0.82035875,2.94052076
3743,10,0.89214116,3.88106084
3744,10,0.91017032,2.38973951
3745,10,0.86662549,3.38877153
3746,10,0.87589794,3.06243300
3747,10,0.72001237,3.58990479
3748,10,0.87832147,3.83739543
3749,10,0.81162882,3.82770038
3750,10,0.84280682,2.26486492
3751,10,0.98073900,3.17299724
3752,10,0.83785605,3.11725664
3753,10,0.94339323,3.46732140
3754,10,0.81269228,2.20861173
3755,10,0.87095368,2.67463017
3756,10,0.81094801,3.20088482
3757,10,0.85084975,3.62849283
3758,10,0.76489526,3.10241818
3759,10,0.86776578,4.12019014
3760,10,0.91754311,3.44015002
3761,10,0.91788131,4.82143688
3762,10,0.92107904,3.82938075
3763,10,0.88605356,3.48397875
3764,10,0.99344432,4.72330475
3765,10,0.80820799,3.79424977
3766,10,0.81016564,2.72295094
3767,10,0.92670453,4.48571205
3768,10,0.85302436,4.61781359
3769,10,0.95375335,4.62743807
3770,10,0.81631827,3.26448607
3771,10,0.73573434,1.90944862
3772,10,0.90861523,3.71663880
3773,10,0.84559023,4.25775099
3774,10,1.13934577,3.27691007
3775,10,0.88864517,2.79615307
3776,10,0.92163533,3.15911007
3777,10,0.95205057,4.05242443
3778,10,0.85335118,4.51229477
3779,10,0.96798486,3.73507357
3780,10,0.85877657,3.33292007
3781,10,0.76965117,2.41294026
3782,10,1.04007554,3.06531477
3783,10,0.79247701,3.01428628
3784,10,0.76432049,2.86296272
3785,10,0.97819555,3.53623581
3786,10,0.80055386,2.97038841
3787,10,0.79287320,2.40703583
3788,10,0.81802869,3.12551856
3789,10,1.03423989,2.75283670
3790,10,0.79021007,2.95063925
3791,10,0.95373380,3.30932713
3792,10,0.86411816,4.10743809
3793,10,0.70219868,2.17526484
3794,10,0.66180652,2.50583124
3795,10,0.69027090,3.58005595
3796,10,0.95971113,4.06243420
3797,10,1.05467272,4.54880857
3798,10,0.88977474,3.48168564
3799,10,0.83755791,3.76133132
3800,10,0.82158530,3.22178793
3801,10,0.69170702,3.37592649
3802,10,0.81362355,2.81474423
3803,10,0.80768424,2.94882202
3804,10,0.77635038,3.21595740
3805,10,0.94866383,3.42700863
3806,10,1.08442187,4.36770821
3807,10,0.86180049,4.53596544
3808,10,0.74585164,3.16191101
3809,10,0.72975540,4.66013861
3810,10,0.84329224,3.40179610
3811,10,0.73380423,3.15661693
3812,10,0.99071008,3.66179299
3813,10,0.93655622,3.93718219
3814,10,0.89574862,3.45059609
3815,10,0.79307544,3.47087598
3816,10,0.80101454,3.39377499
3817,10,0.70156443,2.53185749
3818,10,0.83959067,3.67818260
3819,10,0.88445455,2.54384518
3820,10,0.86160374,2.83632851
3821,10,0.63782066,2.77382326
3822,10,0.75394082,3.52228618
3823,10,0.84420782,4.41673946
3824,10,0.88360071,4.57426453
3825,10,0.81759685,3.02270460
3826,10,0.73603302,4.27143955
3827,10,0.93067902,5.92056036
3828,10,1.08753037,4.21252966
3829,10,0.94348150,3.56954265
3830,10,0.88892007,3.44982457
3831,10,0.94280106,4.00697660
3832,10,0.79514945,3.59013009
3833,10,0.89231867,3.24836397
3834,10,0.80120754,2.93845558
3835,10,0.95443511,3.55078673
3836,10,0.89245236,5.33973122
3837,10,0.84191978,2.72593284
3838,10,0.95692855,3.52079368
3839,10,0.87697089,3.53110623
3840,10,0.82223225,4.45747566
3841,10,0.94786167,4.31062698
3842,10,0.83535719,3.13602543
3843,10,0.82340848,2.83294010
3844,10,0.81107092,3.58798933
3845,10,0.83740526,2.74374294
3846,10,0.96333683,3.09461141
3847,10,0.91183352,3.43981934
3848,10,0.88781929,3.91975164
3849,10,0.61718357,2.64884496
3850,10,0.73246801,2.99482656
3851,10,0.86273813,3.20812440
3852,10,0.71932113,3.41137457
3853,10,0.76389480,3.00965405
3854,10,0.85414529,2.21494007
3855,10,0.92485046,4.50630522
3856,10,0.89583492,3.04244280
3857,10,0.66957009,3.29907107
3858,10,0.88661194,2.42781305
3859,10,0.68669701,2.49598694
3860,10,0.73734629,2.31615973
3861,10,0.81174433,3.65995216
3862,10,1.17365468,4.61131048
3863,10,0.99105245,5.57392120
3864,10,0.75420403,3.17851567
3865,10,0.81520337,2.85624194
3866,10,0.94825834,2.75506854
3867,10,0.82705140,3.74546003
3868,10,1.06989253,3.79000449
3869,10,0.88122773,3.20005846
3870,10,1.02150464,5.19766760
3871,10,0.84211612,2.87275958
3872,10,0.91146839,2.83915854
3873,10,0.80372977,3.34777737
3874,10,0.96849799,5.44689178
3875,10,0.73602140,2.46842384
3876,10,0.83173835,3.73071933
3877,10,0.89396000,3.35630298
3878,10,0.67312783,2.15688467
3879,10,0.87343538,4.94719219
3880,10,0.91213208,4.14113331
3881,10,0.98019439,4.51280165
3882,10,1.03880966,4.20650196
3883,10,0.97044945,3.52651954
3884,10,0.64263433,2.94525886
3885,10,1.09586430,6.01094294
3886,10,0.88820672,4.09635687
3887,10,0.92751658,4.37635756
3888,10,0.86933506,3.57370520
3889,10,0.89690131,3.24640512
3890,10,0.97862709,3.83125043
3891,10,0.78379470,2.57132483
3892,10,0.89252311,2.82872033
3893,10,0.71729863,3.55216670
3894,10,0.88163787,3.20482397
3895,10,1.02577543,3.34496570
3896,10,0.97377855,3.56650019
3897,10,0.81859601,3.77014017
3898,10,0.94813645,5.13962650
3899,10,1.17125356,3.69620252
3900,10,0.96665400,3.55216837
3901,10,0.89478201,4.17373466
3902,10,0.84383982,2.90441465
3903,10,1.00428295,4.22350407
3904,10,0.74464887,3.58878851
3905,10,0.82203877,3.69325924
3906,10,0.71158481,2.59539866
3907,10,0.67240214,2.33402157
3908,10,0.87679195,3.26104736
3909,10,0.71949136,3.09118414
3910,11,0.83872974,4.76125050
3911,11,0.79587901,4.59734631
3912,11,1.10923159,5.58482122
3913,11,0.90243971,3.73096061
3914,11,0.73850417,3.86271977
3915,11,0.86088169,3.33741784
3916,11,0.89638424,2.61624718
3917,11,0.75750375,2.51728511
3918,11,0.90438139,4.67938948
3919,11,0.77201128,2.87096262
3920,11,0.85199535,4.09096909
3921,11,0.99599278,4.76581192
3922,11,0.80167288,2.94971251
3923,11,0.68509328,3.92114687
3924,11,0.85884875,4.18907642
3925,11,1.07040811,4.95449400
3926,11,1.07172394,5.35846949
3927,11,0.79343033,3.00914574
3928,11,0.93615603,4.48229694
3929,11,0.87494445,4.44241905
3930,11,0.98715854,4.91901159
3931,11,0.83325493,3.92239404
3932,11,0.82226133,2.46215653
3933,11,0.89482296,3.18259764
3934,11,0.90826613,3.88554168
3935,11,0.82719922,3.06593847
3936,11,0.87076223,2.75151134
3937,11,0.92442870,3.40540624
3938,11,0.89550579,4.44820452
3939,11,0.79817021,2.31926870
3940,11,0.75570333,3.42692256
3941,11,0.79059011,3.60285759
3942,11,1.12573802,3.62974477
3943,11,0.84119558,2.75437284
3944,11,0.75676382,2.73774648
3945,11,0.98174345,3.20786285
3946,11,1.01021540,2.96861053
3947,11,0.91432858,3.23987651
3948,11,0.80160135,3.39816070
3949,11,0.76049781,2.00834274
3950,11,0.91415644,3.54596972
3951,11,0.77493054,3.33202100
3952,11,0.82542080,2.74902177
3953,11,0.80549085,3.68240118
3954,11,0.95600855,4.05982924
3955,11,1.02359211,2.66854787
3956,11,0.76223028,3.42198420
3957,11,0.67293847,3.56411219
3958,11,0.79327434,2.84682488
3959,11,0.72796142,3.00495005
3960,11,0.78523755,3.45056653
3961,11,0.92258549,3.94489694
3962,11,0.63383776,3.08931184
3963,11,0.88417745,3.03042316
3964,11,0.81912762,3.89986897
3965,11,0.82937938,5.09724522
3966,11,0.83616471,3.57454062
3967,11,0.78444350,3.03346300
3968,11,0.86740828,4.29786444
3969,11,0.93574625,3.83072305
3970,11,0.81193113,3.29440999
3971,11,0.98931760,4.12234974
3972,11,1.02573514,5.51526308
3973,11,0.77405417,3.06834435
3974,11,0.78472370,4.37382889
3975,11,0.89808357,5.48307896
3976,11,0.77825439,3.02273011
3977,11,0.94267690,3.60524702
3978,11,0.73226565,2.55671549
3979,11,1.12650204,3.88339114
3980,11,0.85536849,2.58839011
3981,11,0.85397416,2.89823937
3982,11,0.75518239,2.81429267
3983,11,0.80792820,2.35552907
3984,11,0.81485164,3.06123519
3985,11,0.67768240,2.43527246
3986,11,0.90508235,2.22575307
3987,11,0.76587284,2.80374527
3988,11,0.89186859,3.26714492
3989,11,0.77822477,2.27429247
3990,11,0.90476650,2.88862681
3991,11,0.82895643,2.19430184
3992,11,0.84028786,3.47041988
3993,11,0.66337687,3.01246858
3994,11,0.88817239,3.06438732
3995,11,0.92994177,3.62757325
3996,11,0.87576795,2.85597968
3997,11,0.85093206,4.46616316
3998,11,1.01591086,3.19125772
3999,11,0.76179087,3.85074759
4000,11,0.83870625,3.66078782
4001,11,0.92809522,4.44663143
4002,11,0.88027304,2.73977971
4003,11,0.88759625,5.22589684
4004,11,0.70863736,2.41240883
4005,11,0.73141813,2.86238694
4006,11,0.78094316,2.47861409
4007,11,0.98074985,4.11105824
4008,11,0.94211775,4.37553215
4009,11,1.04293382,4.21289635
4010,11,0.77167916,3.51437497
4011,11,0.94820106,3.96343255
4012,11,0.73893619,2.13598919
4013,11,0.88984752,4.87640476
4014,11,0.86822641,3.53825665
4015,11,0.88531822,2.97751832
4016,11,0.77729452,3.63275695
4017,11,0.72494322,2.89362383
4018,11,0.71967453,3.47047019
4019,11,1.03666127,3.86655116
4020,11,0.82144356,3.75035310
4021,11,0.71531945,3.24295282
4022,11,0.87470692,3.35072803
4023,11,0.74150550,4.70112371
4024,11,0.98329973,2.95232105
4025,11,0.73123240,3.08257604
4026,11,0.97094393,3.94348383
4027,11,0.93817765,3.69079614
4028,11,1.06513429,2.80754757
4029,11,0.80053997,2.73080873
4030,11,0.85576063,2.17256165
4031,11,0.95857191,2.64199758
4032,11,0.80419558,2.65431523
4033,11,0.71448255,2.59379625
4034,11,0.73065782,2.91907120
4035,11,0.80625206,2.51407003
4036,11,0.78040171,3.27364278
4037,11,0.70136821,2.63658762
4038,11,0.90554458,4.02836084
4039,11,0.86578262,3.25940514
4040,11,0.84796232,3.60279393
4041,11,0.98096144,4.48625898
4042,11,1.11014140,4.26555014
4043,11,0.75563288,3.38995600
4044,11,0.65128714,3.08519197
4045,11,0.81844395,3.54022646
4046,11,0.95497739,5.47937965
4047,11,1.03472900,4.82253885
4048,11,0.79783368,3.36757398
4049,11,0.96492541,6.02394581
4050,11,0.85893548,5.61958981
4051,11,0.94354713,3.98560023
4052,11,0.85200685,3.53845835
4053,11,0.97006041,3.34305763
4054,11,0.85187018,3.35697412
4055,11,0.79981786,3.42410779
4056,11,0.80830002,2.80604672
4057,11,0.97862124,3.73961353
4058,11,1.05218315,4.79305172
4059,11,0.77887404,3.43081117
4060,11,0.86363780,3.68459535
4061,11,0.77646214,2.52611899
4062,11,0.69599003,2.90395164
4063,11,0.93748564,3.57522607
4064,11,0.80325288,3.22783828
4065,11,0.78332502,2.69065523
4066,11,0.87119782,2.95621276
4067,11,0.83138758,3.05769300
4068,11,0.80858529,2.53655982
4069,11,0.88448614,2.82921171
4070,11,0.92737699,2.59053183
4071,11,0.78159177,3.11512470
4072,11,0.83666217,3.73666906
4073,11,0.99355268,3.36470699
4074,11,0.66144776,2.69838500
4075,11,0.75197035,2.72209454
4076,11,0.88847011,3.42925239
4077,11,1.02575612,4.09679651
4078,11,0.89705741,4.37432384
4079,11,0.73873502,2.02834225
4080,11,0.77810454,3.48600221
4081,11,0.92601568,3.11653543
4082,11,0.76876581,2.49773407
4083,11,0.99591351,3.89921999
4084,11,0.81355429,3.69276619
4085,11,0.94172657,3.09328556
4086,11,0.83270508,3.94020319
4087,11,0.78061211,2.12044835
4088,11,0.78380138,2.75728583
4089,11,0.81238461,3.22888327
4090,11,0.87970757,3.68469334
4091,11,0.95674586,3.14674449
4092,11,0.87001967,2.96929836
4093,11,0.92262119,3.00959110
4094,11,0.82352972,2.44936848
4095,11,0.75312138,2.98845124
4096,11,0.75793266,2.79128695
4097,11,0.88095152,5.12009525
4098,11,0.99924684,3.36492705
4099,11,0.91106510,3.97605276
4100,11,0.82586682,3.10212207
4101,11,0.89390570,4.23912287
4102,11,1.00869274,4.91026592
4103,11,0.83384252,3.65452027
4104,11,0.86073267,3.80772090
4105,11,0.82772017,3.74434161
4106,11,0.77447718,2.79706073
4107,11,0.80123663,inf
4108,11,0.75086272,3.33636475
4109,11,0.77652818,3.09073758
4110,11,0.71909535,3.92069721
4111,11,0.79965824,3.18684506
4112,11,0.68281418,3.94703579
4113,11,0.86557424,3.55794859
4114,11,0.86381388,3.53963757
4115,11,0.92649657,3.34873080
4116,11,0.82036263,3.93697739
4117,11,0.81602740,3.47091794
4118,11,0.75424647,3.49913883
4119,11,0.71543610,2.69176865
4120,11,0.77674001,2.51360154
4121,11,0.94846809,2.80101275
4122,11,1.12479115,3.97465587
4123,11,0.88354260,3.94625044
4124,11,0.70334297,3.35058522
4125,11,0.98488283,4.22436380
4126,11,0.93103898,3.58206153
4127,11,0.78739929,3.59582567
4128,11,0.78148139,3.33518791
4129,11,0.81388199,2.78829193
4130,11,0.75460470,2.51532221
4131,11,0.94531488,3.78479719
4132,11,0.89026153,3.82985282
4133,11,0.94970107,4.20383167
4134,11,1.11217976,3.82051778
4135,11,0.78219962,2.75144243
4136,11,0.95813799,4.51069403
4137,11,0.91339743,3.61847687
4138,11,1.08210349,4.05509710
4139,11,0.91562194,3.43204308
4140,11,1.06342936,3.59011149
4141,11,1.03551579,3.34484100
4142,11,0.79191458,4.85082579
4143,11,0.80709648,2.58470941
4144,11,0.94270605,3.68743372
4145,11,0.94337392,3.04336619
4146,11,0.83981746,2.41061592
4147,11,0.85095143,2.56560349
4148,11,0.79646778,2.99101710
4149,11,0.91726786,3.25208163
4150,11,0.92642814,2.97223425
4151,11,1.00934970,3.65008020
4152,11,0.81571710,2.61107326
4153,11,0.85372257,2.79532814
4154,11,0.85002488,3.76051259
4155,11,0.85263491,3.58553290
4156,11,0.87417638,2.85901022
4157,11,1.07829010,4.81671572
4158,11,0.83273530,2.37265229
4159,11,0.84170818,2.02925229
4160,11,0.83436489,4.14867163
4161,11,0.65245628,2.49006701
4162,11,0.75361228,2.92458892
4163,11,0.80250305,2.52156663
4164,11,0.76076156,2.24783754
4165,11,0.77168638,2.69696927
4166,11,0.86105120,3.34498310
4167,11,0.81908637,2.76917458
4168,11,0.84254873,3.66637731
4169,11,0.85629427,3.08888412
4170,11,0.79796046,3.04431462
4171,11,0.95096701,4.02963305
4172,11,0.84222525,4.26859236
4173,11,0.80862892,3.55180430
4174,11,0.81127447,2.45164299
4175,11,0.80225694,2.93247890
4176,11,0.90034109,3.40493488
4177,11,0.77452505,4.03513384
4178,11,0.78970331,2.95517182
4179,11,0.79673588,3.04785895
4180,11,0.69991362,3.13792181
4181,11,0.73447621,3.32709622
4182,11,0.80279416,3.14315939
4183,11,0.72847402,3.02570415
4184,11,0.64329934,2.46081233
4185,11,0.81205589,3.11317229
4186,11,0.70241082,2.67442179
4187,11,0.83084166,4.81388283
4188,11,0.77312809,2.86044741
4189,11,0.98718643,3.74245644
4190,11,0.84803677,3.21160936
4191,11,0.73938262,3.41874290
4192,11,0.86547136,2.67612481
4193,11,0.83912390,3.01099682
4194,11,0.67100042,3.05204082
4195,11,0.72304499,2.72650170
4196,11,0.93470335,4.76945543
4197,11,0.85689235,4.16758060
4198,11,0.94823134,3.04143786
4199,11,0.84250760,4.85067987
4200,11,0.89895785,3.14604163
4201,11,0.90171081,4.21732330
4202,11,0.95353389,4.51775503
4203,11,1.00843859,4.78490257
4204,11,0.87311429,2.58795238
4205,11,0.87251931,4.07292700
4206,11,0.80389035,4.33301353
4207,11,0.93325913,6.22052050
4208,11,0.79766309,2.88331509
4209,11,0.79968464,3.42451525
4210,11,0.68788141,2.56222773
4211,11,0.85146129,3.32953548
4212,11,0.80223590,4.30521584
4213,11,0.88364059,3.47705412
4214,11,0.84016466,4.50214672
4215,11,0.76098001,2.93239856
4216,11,0.68205535,3.54887319
4217,11,0.74595076,2.75556922
4218,11,0.71609175,3.12334490
4219,11,0.72156775,2.42821741
4220,11,0.83639085,3.73845458
4221,11,0.82633394,3.31753254
4222,11,0.81188285,2.79037404
4223,11,0.94290197,2.61375046
4224,11,0.92432082,3.68493724
4225,11,0.86016822,2.88649917
4226,11,1.01062477,3.32420659
4227,11,0.85309106,3.44003725
4228,11,0.91622519,3.28215170
4229,11,0.94490862,5.70006275
4230,11,0.98676646,3.83158588
4231,11,0.75955868,2.07599163
4232,11,0.71796018,2.56149793
4233,11,0.73511219,2.51014733
4234,11,0.77905351,2.27329183
4235,11,1.05996716,3.26536822
4236,11,0.92219532,2.92930770
4237,11,0.84480125,3.08199406
4238,11,0.84865427,3.73961139
4239,11,0.73656726,3.14363027
4240,11,0.80774099,3.14876485
4241,11,0.86419600,3.35156274
4242,11,0.86061943,2.98844552
4243,11,1.00339365,3.80649424
4244,11,0.79965401,4.14697695
4245,11,0.65237117,2.89401317
4246,11,0.66975784,2.74423933
4247,11,0.93030763,4.82090425
4248,11,0.90941262,3.05609488
4249,11,0.86171722,2.74273753
4250,11,0.88305455,3.51077819
4251,11,0.80867308,4.44859934
4252,11,1.01106429,4.00889206
4253,11,0.82005930,3.45247364
4254,11,0.64288998,3.31788754
4255,11,0.81602538,2.49209356
4256,11,0.84474915,2.57590532
4257,11,0.72020626,2.87579346
4258,11,0.77024990,3.42977262
4259,11,0.77317756,3.29252410
4260,11,0.86366665,2.75832462
4261,11,0.81663835,3.15071893
4262,11,0.94504875,3.61954904
4263,11,0.69287419,3.12031651
4264,11,0.91828668,3.39450788
4265,11,0.85710716,3.19781971
4266,11,0.94929695,4.49255657
4267,11,0.78090954,3.78042197
4268,11,0.96033365,3.51627731
4269,11,0.75003153,3.58840752
4270,11,0.95917857,3.18357873
4271,11,0.86013317,4.50428438
4272,11,0.76555854,2.51218176
4273,11,0.74052030,3.39740658
4274,11,0.62034464,3.50597286
4275,11,0.74975729,2.59324360
4276,11,0.97248638,4.48093939
4277,11,0.81649339,3.55726576
4278,11,0.74374783,2.82445383
4279,11,0.76930869,3.23800159
4280,11,0.95417476,3.82159042
4281,11,0.83504891,3.40078259
4282,11,0.78086722,2.67791009
4283,11,0.68523353,2.36721873
4284,11,0.78251117,3.08393812
4285,11,0.67439961,4.41565561
4286,11,0.59224725,2.86538291
4287,11,0.79809600,3.70032120
4288,11,0.78958517,3.63608241
4289,11,0.94840574,5.04410076
4290,11,0.91856980,4.64401245
4291,11,0.72235018,2.56127453
4292,11,0.80599326,2.95877838
4293,11,0.62593597,2.41760039
4294,11,0.92210752,3.20071125
4295,11,0.96710670,4.98952913
4296,11,0.87967789,3.87591338
4297,11,0.83257991,3.91180420
4298,11,0.87961441,3.17360640
4299,11,0.66857255,2.31793475
4300,11,1.13693368,3.95975947
4301,12,0.87475622,4.21042204
4302,12,1.13483489,5.50546551
4303,12,0.81197119,2.15859509
4304,12,0.96398342,2.82969928
4305,12,0.79199493,2.36380863
4306,12,0.88665050,2.92811155
4307,12,0.97194612,2.94889951
4308,12,0.81387031,4.04844236
4309,12,1.03558993,3.42392278
4310,12,0.91064262,2.56056762
4311,12,0.77716446,2.01295519
4312,12,1.05974460,3.83975625
4313,12,0.82309711,2.66914248
4314,12,0.91402870,2.74788594
4315,12,0.97443390,3.13970709
4316,12,0.85988331,5.16484308
4317,12,0.71695566,2.53699446
4318,12,0.82984841,3.11191773
4319,12,0.72353423,3.55866599
4320,12,0.72525859,3.05102205
4321,12,0.83206737,4.15107965
4322,12,0.82559282,2.84168720
4323,12,0.80427098,3.02901697
4324,12,0.83869952,4.75355864
4325,12,0.81674612,2.65870547
4326,12,0.85347223,3.30526614
4327,12,0.81231129,2.24336457
4328,12,0.99183106,3.41642690
4329,12,0.67951560,3.32235694
4330,12,0.85734522,4.73315048
4331,12,0.80692720,2.64313173
4332,12,0.85033530,3.50415707
4333,12,1.14723086,3.98875332
4334,12,1.03522396,3.61729693
4335,12,0.86698824,3.60352921
4336,12,0.97084379,4.80301952
4337,12,0.79505241,3.57605100
4338,12,0.75243700,3.55791235
4339,12,0.85693109,3.71091723
4340,12,0.83941972,5.91722345
4341,12,0.74966097,4.93551445
4342,12,0.79082030,3.26863909
4343,12,0.85688049,6.01413536
4344,12,0.75443828,2.45649314
4345,12,0.85620952,3.48187876
4346,12,0.75626200,4.00872374
4347,12,0.77896059,5.06122255
4348,12,0.94896126,3.56349087
4349,12,0.84526277,4.62178802
4350,12,0.80600888,5.10499096
4351,12,0.66981012,2.82756162
4352,12,0.88719857,3.34188700
4353,12,0.76354694,4.48124599
4354,12,1.01877010,3.68108821
4355,12,0.73497748,4.35781431
4356,12,0.99582899,4.23441696
4357,12,0.84550172,3.28125668
4358,12,0.84247160,2.49157000
4359,12,0.84064507,4.79140568
4360,12,0.75573969,3.26297903
4361,12,1.01163161,3.05905008
4362,12,0.75562751,2.47850108
4363,12,0.83102548,3.30435944
4364,12,0.84893245,2.83870173
4365,12,0.70867056,3.86956882
4366,12,0.67963713,2.99345899
4367,12,0.76452941,3.22460723
4368,12,0.61549002,3.00865293
4369,12,0.85187989,3.87083411
4370,12,0.92571777,4.29336691
4371,12,0.88940001,4.20016336
4372,12,0.77187753,3.39117789
4373,12,0.86936510,2.78875709
4374,12,0.67739964,2.77418160
4375,12,0.72139621,3.62015224
4376,12,0.77734339,3.41385818
4377,12,1.00169992,4.21107292
4378,12,1.10344577,3.72877645
4379,12,0.82995099,3.20704007
4380,12,0.89633191,2.72675109
4381,12,0.95174241,3.32441616
4382,12,0.75538975,2.75724030
4383,12,0.82819700,3.83707690
4384,12,0.75550449,2.82293582
4385,12,0.87486953,2.87036562
4386,12,0.64101732,2.11825681
4387,12,0.84850949,2.39938569
4388,12,0.70697248,2.40164208
4389,12,0.82653272,2.36393619
4390,12,0.70370567,3.85766554
4391,12,0.72088838,3.52011275
4392,12,0.69563437,3.55137348
4393,12,0.96230114,5.15288925
4394,12,0.94337010,3.87702632
4395,12,0.86271811,3.03978825
4396,12,0.92339981,3.92474294
4397,12,0.77765614,3.26833653
4398,12,0.75800681,3.34489942
4399,12,0.86688900,3.40984082
4400,12,0.65733010,2.70794630
4401,12,0.90094233,2.79273891
4402,12,0.88010037,3.85817289
4403,12,0.61332983,3.84373140
4404,12,0.97344708,4.26795340
4405,12,0.90790105,4.28169823
4406,12,0.78198314,3.25597358
4407,12,0.71302807,2.95457339
4408,12,0.86161488,4.01348591
4409,12,0.81694293,3.69910026
4410,12,0.71416891,3.26545405
4411,12,0.89931679,2.89239812
4412,12,0.75703359,3.41338825
4413,12,0.80710852,3.50398922
4414,12,0.80593187,3.06656337
4415,12,0.78894913,2.34457183
4416,12,0.83029258,2.96644402
4417,12,0.84449321,3.61007071
4418,12,0.96167886,3.32495713
4419,12,0.77586418,3.99073195
4420,12,0.88192278,3.33988118
4421,12,0.71000302,2.24581575
4422,12,0.73588425,3.07837462
4423,12,0.66527867,3.90022016
4424,12,0.72292900,2.79183769
4425,12,0.75376999,2.91457725
4426,12,0.83445448,3.29155612
4427,12,0.85066450,2.76295853
4428,12,1.04955351,7.38618994
4429,12,0.80800223,3.22807908
4430,12,0.65844047,3.17311263
4431,12,0.82897508,3.14522362
4432,12,0.79652953,3.43791437
4433,12,1.03045774,3.35809731
4434,12,0.90547335,3.04730821
4435,12,0.76983857,4.14952278
4436,12,0.78669441,3.60432959
4437,12,0.89617145,2.71374750
4438,12,0.62897009,2.36159396
4439,12,0.92943126,3.57828712
4440,12,0.75328040,3.71162653
4441,12,0.79137021,2.97397089
4442,12,0.81855965,3.41407514
4443,12,0.67987251,2.88066936
4444,12,0.61979496,3.06551170
4445,12,0.78479874,3.72913885
4446,12,0.92269647,4.65718508
4447,12,0.87897575,4.00025463
4448,12,0.82246161,2.98607802
4449,12,0.78337663,3.70218015
4450,12,0.81136739,4.95383072
4451,12,0.93261433,4.27437210
4452,12,0.92965329,3.43721962
4453,12,0.66564423,4.83725452
4454,12,1.02891517,3.48438287
4455,12,0.88165855,3.53589058
4456,12,0.77862453,2.78694010
4457,12,1.00627744,4.06167078
4458,12,0.98457754,3.90271544
4459,12,0.82363367,2.55070210
4460,12,0.70521927,4.27695990
4461,12,0.77000999,2.92076707
4462,12,0.82389212,2.85470223
4463,12,0.79871756,2.66965008
4464,12,0.62961191,3.37066746
4465,12,0.69373453,3.32849956
4466,12,0.88800085,4.36014414
4467,12,0.88750035,5.19433355
4468,12,0.87212491,3.12482548
4469,12,0.85558927,2.82160354
4470,12,0.80390978,3.51695037
4471,12,0.80033147,4.40055943
4472,12,0.73687112,4.74763346
4473,12,0.75471520,3.13714123
4474,12,0.96298635,4.35236502
4475,12,0.84198183,2.71706867
4476,12,0.85253787,4.09270191
4477,12,0.72335374,2.99198246
4478,12,0.77863395,3.67300105
4479,12,0.70791197,3.87529349
4480,12,0.93194419,3.53600740
4481,12,0.72945791,3.13263464
4482,12,0.69928920,2.99227333
4483,12,0.75813925,2.85332417
4484,12,0.71092606,2.84250808
4485,12,0.76110393,5.34486866
4486,12,0.67193115,4.00251722
4487,12,0.51384580,2.31229663
4488,12,0.65860367,3.05861211
4489,12,0.76266778,3.44435716
4490,12,0.91549277,3.97893620
4491,12,0.76472366,3.32439828
4492,12,0.72300267,3.49517536
4493,12,0.74180132,2.96135497
4494,12,0.69863117,3.57122254
4495,12,0.92544866,4.61052465
4496,12,0.85855079,3.72603822
4497,12,0.70410389,2.83923173
4498,12,0.67721730,2.35610151
4499,12,0.76218832,3.48247695
4500,12,0.70323122,2.55741191
4501,12,0.82085955,2.22377801
4502,12,0.81043315,3.63152933
4503,12,0.71728194,3.60919929
4504,12,0.80931360,3.14287162
4505,12,0.65328449,3.19315267
4506,12,0.71378219,3.34427929
4507,12,0.65213907,2.64755654
4508,12,0.70498556,2.81766582
4509,12,0.89234984,3.89677858
4510,12,0.72911853,3.47412777
4511,12,0.77157861,4.32394123
4512,12,0.84617162,3.48227406
4513,12,0.83779544,3.39628148
4514,12,0.94192839,2.72550488
4515,12,0.83272588,3.39387488
4516,12,0.76071501,3.33201790
4517,12,0.75969774,3.58201003
4518,12,0.86713696,2.52196431
4519,12,0.74691761,2.94030690
4520,12,0.89456284,3.07299089
4521,12,0.73913109,3.86042571
4522,12,0.77316356,3.54264903
4523,12,0.56864226,2.00335550
4524,12,0.87889791,3.50661993
4525,12,0.97447389,2.97517586
4526,12,0.89483345,2.96640182
4527,12,0.85493779,4.75974274
4528,12,0.93709266,3.89946985
4529,12,0.89768624,2.81568146
4530,12,0.59471929,2.39011359
4531,12,0.75696027,2.95048022
4532,12,0.85632861,2.72875094
4533,12,0.83832169,4.33845091
4534,12,0.74815166,3.21847296
4535,12,0.69117278,2.86967683
4536,12,0.80104721,3.55206728
4537,12,0.68344522,3.52213097
4538,12,0.74062556,2.88151932
4539,12,0.84343308,3.70992517
4540,12,0.76512063,2.34695983
4541,12,0.61386395,2.76730728
4542,12,0.68937212,3.23499656
4543,12,0.77775490,3.99842119
4544,12,0.76620895,4.37691879
4545,12,0.65197003,4.61030579
4546,12,0.73643565,3.40260196
4547,12,0.79038024,2.44547939
4548,12,0.90424436,4.44541359
4549,12,0.88683939,4.27235413
4550,12,0.74882364,3.13156009
4551,12,0.75784940,3.67667794
4552,12,0.82965100,4.06603861
4553,12,0.97016495,3.13716865
4554,12,0.94184566,2.63981271
4555,12,0.77890110,3.98843908
4556,12,0.80033600,3.87466168
4557,12,0.95019573,2.64950442
4558,12,0.84700894,4.06854868
4559,12,0.88674700,2.87443662
4560,12,0.71592855,2.73075533
4561,12,0.83443356,3.23822951
4562,12,0.89839208,2.98883176
4563,12,0.88786530,3.50666833
4564,12,0.83872110,3.30890250
4565,12,0.71857572,2.71119523
4566,12,0.74097943,2.51620603
4567,12,0.68538588,3.81387210
4568,12,0.74092484,2.88203001
4569,12,0.90649533,3.28527141
4570,12,0.69666839,3.21179867
4571,12,0.90392399,3.01173973
4572,12,0.97942162,5.19540787
4573,12,0.85880202,3.31676292
4574,12,0.80594116,3.25052691
4575,12,0.71045530,4.21865749
4576,12,0.90152514,3.25676560
4577,12,0.87592554,3.59173322
4578,12,0.79533279,3.67425680
4579,12,0.74957848,3.59996724
4580,12,0.88376272,3.33388591
4581,12,0.86885214,3.39714432
4582,12,0.74020183,3.13655233
4583,12,1.04827285,6.59750462
4584,12,0.77697635,2.91511607
4585,12,0.72720945,2.62281108
4586,12,0.67506552,4.89722109
4587,12,0.67075586,3.29369926
4588,12,0.96303433,3.20793581
4589,12,1.15874314,3.76154757
4590,12,0.86497736,3.11485004
4591,12,0.51211554,2.72895718
4592,12,0.90187001,3.42595983
4593,12,0.88761461,3.15089059
4594,12,0.82951593,3.30848169
4595,12,0.77285433,3.27567577
4596,12,0.89288127,5.53470612
4597,12,0.70159471,4.42015839
4598,12,0.90424860,2.96508336
4599,12,1.11861539,3.44473100
4600,12,0.94432902,2.77512264
4601,12,0.92171270,4.41023016
4602,12,0.83488262,3.67172956
4603,12,0.79632974,2.49090958
4604,12,0.76166487,2.85851812
4605,12,0.78466153,3.27433991
4606,12,0.92267585,4.16232586
4607,12,0.69423133,3.76221180
4608,12,0.69493699,3.41480875
4609,12,0.69940829,2.25308013
4610,12,0.78368586,3.55981088
4611,12,1.02054250,4.47623396
4612,12,0.77480727,3.92320275
4613,12,0.61734152,2.19682574
4614,12,0.88869393,4.76558208
4615,12,0.75076389,2.83257484
4616,12,0.64378130,2.37517548
4617,12,0.73871052,2.75908732
4618,12,0.69717193,2.82568765
4619,12,0.77838850,3.32154155
4620,12,0.69760239,4.30898714
4621,12,1.01373887,4.40861416
4622,12,0.86308461,3.73358822
4623,12,0.58121800,3.19729400
4624,12,0.71636879,3.69991827
4625,12,0.88395917,3.74741292
4626,12,0.73315734,2.90397429
4627,12,0.92865676,3.03366303
4628,12,0.82364601,2.30625105
4629,12,0.74834716,2.62980413
4630,12,0.74428785,3.51182652
4631,12,0.82200378,3.61599636
4632,12,0.71034598,3.20035958
4633,12,0.71894616,3.06378531
4634,12,0.84590131,2.76998520
4635,12,0.81989491,2.80494523
4636,12,0.72851962,2.86070061
4637,12,0.93556798,4.23036051
4638,12,0.65606189,3.70370436
4639,12,0.69341576,2.72179484
4640,12,0.85164118,4.03581905
4641,12,0.65226394,2.47399592
4642,12,0.77278119,3.22450733
4643,12,0.81723863,5.18306637
4644,12,0.72632301,2.95937800
4645,12,0.96552539,4.36616325
4646,12,0.75519347,3.28201747
4647,12,0.72240859,5.09974289
4648,12,0.76356208,3.89424181
4649,12,0.72782850,3.46573567
4650,12,0.88269734,3.56470752
4651,12,0.90826476,4.11005688
4652,12,0.73607635,3.76103187
4653,12,0.85240489,3.43931985
4654,12,1.03110480,4.02632093
4655,12,0.75711274,3.22269273
4656,12,0.76698971,3.91867232
4657,12,0.61801225,3.18469524
4658,12,0.71426809,3.68634772
4659,12,0.63728070,2.49246764
4660,12,0.85282105,3.51638722
4661,12,0.88177079,3.95910406
4662,12,0.88253236,3.49381280
4663,12,0.75230056,5.05024338
4664,12,0.77152979,3.19793606
4665,12,1.00487578,3.83798265
4666,12,0.67385429,2.83761930
4667,12,0.82282376,2.82310510
4668,12,0.83456051,3.88766050
4669,12,1.00503683,4.64046955
4670,12,1.00152040,3.09810662
4671,12,0.89299494,3.33201647
4672,12,0.76935601,3.41517282
4673,12,0.74931920,3.65898275
4674,12,0.76870310,5.15448141
4675,12,0.84183478,3.42900491
4676,12,0.68675101,3.19561577
4677,12,0.90009654,2.35173464
4678,12,0.81938410,3.13202500
4679,12,0.70639729,3.12585711
4680,12,0.90733361,4.13345718
4681,12,0.85407937,4.09105968
4682,12,0.75835598,3.46013951
4683,12,0.75889134,4.11581087
4684,12,0.85074258,3.26425004
4685,12,0.85292554,3.00160646
4686,12,0.63870579,3.40512943
4687,12,0.87211013,3.08349228
4688,12,0.74154627,3.59912539
4689,12,1.06055093,3.22011590
4690,12,0.93406796,4.27300644
4691,12,0.86708510,4.00837755
4692,13,0.74814165,3.34010172
4693,13,0.90996802,3.13362813
4694,13,0.70720249,2.19098544
4695,13,0.93230075,3.61793709
4696,13,0.76897109,3.19131756
4697,13,0.85103792,3.67123365
4698,13,0.72489989,2.81812811
4699,13,0.85761350,4.44733381
4700,13,0.78318924,4.77011824
4701,13,0.69885457,2.07875013
4702,13,0.91347456,3.78198791
4703,13,0.80374408,4.14583445
4704,13,0.79391599,3.70699954
4705,13,0.61037081,3.48938894
4706,13,0.69815099,3.64306378
4707,13,0.64524132,2.93758249
4708,13,0.73701084,3.49280167
4709,13,0.83848834,3.49128008
4710,13,0.67765170,3.97321343
4711,13,0.78450137,2.94807243
4712,13,0.92398655,3.85430288
4713,13,0.81243312,2.86084437
4714,13,0.78430259,3.19092822
4715,13,0.87340045,4.46387005
4716,13,0.93229067,3.82264900
4717,13,0.79899919,3.61427212
4718,13,0.77390999,3.24387217
4719,13,0.73785377,2.60526085
4720,13,0.89740992,3.48905349
4721,13,0.92074871,3.53295064
4722,13,0.67035043,3.11659074
4723,13,0.58819270,3.58751416
4724,13,0.66792393,2.69064260
4725,13,0.80691421,2.88368869
4726,13,0.85718369,5.37136841
4727,13,0.70603061,3.28132057
4728,13,0.96064806,3.55623698
4729,13,0.65949106,3.34482837
4730,13,0.82967937,4.04067039
4731,13,0.76952338,2.88242221
4732,13,0.71463954,5.15346670
4733,13,0.69733346,3.15618944
4734,13,1.00384676,5.28496122
4735,13,0.81258810,3.02021790
4736,13,0.74791324,3.33451414
4737,13,0.80630970,3.70114303
4738,13,0.71845508,6.69514084
4739,13,0.93564641,4.47032547
4740,13,0.98644972,4.41330910
4741,13,0.73697829,3.17970347
4742,13,0.95307648,4.31152773
4743,13,0.84175789,4.05555391
4744,13,1.02341652,5.19888067
4745,13,0.76403779,3.18739128
4746,13,0.83008093,4.32498217
4747,13,0.83919436,3.69035339
4748,13,0.97721469,4.01862288
4749,13,0.71820343,2.46719790
4750,13,0.85004586,2.89425993
4751,13,0.80645549,2.55011773
4752,13,0.79077113,3.17685604
4753,13,0.70219463,2.77044225
4754,13,0.93885899,4.12939835
4755,13,0.78482109,2.52222943
4756,13,0.91949534,4.29314852
4757,13,0.75969136,2.54583383
4758,13,0.68720132,2.89843917
4759,13,0.66340494,2.43483281
4760,13,0.82864088,4.40837288
4761,13,0.86454493,4.21390676
4762,13,0.76036751,2.17349362
4763,13,0.84878582,3.34402537
4764,13,0.75800657,2.77272296
4765,13,0.68214464,3.76832271
4766,13,0.79279125,3.46803021
4767,13,0.83843094,4.06830502
4768,13,0.89961505,3.40830660
4769,13,0.70831031,2.72654319
4770,13,0.86220640,3.54103374
4771,13,0.68738884,3.41858864
4772,13,0.56204635,2.21536374
4773,13,0.97353667,4.67511940
4774,13,0.92959428,3.34522700
4775,13,0.71381778,3.36380386
4776,13,0.85374808,2.84228754
4777,13,0.64059114,2.45362210
4778,13,0.91046333,2.81621838
4779,13,0.90825558,3.04702258
4780,13,0.81600535,3.29406333
4781,13,0.74388027,2.91293097
4782,13,0.86491919,3.37321711
4783,13,0.63107169,2.53519154
4784,13,0.57469910,2.71413660
4785,13,0.74854147,2.94144797
4786,13,0.79667389,3.05380249
4787,13,0.73643190,2.93613243
4788,13,0.87079811,3.10188270
4789,13,0.71645725,2.53844690
4790,13,0.79318106,4.10997629
4791,13,0.74531698,3.53955650
4792,13,0.73319578,5.81911707
4793,13,0.68813157,2.37616706
4794,13,0.67132950,3.70099354
4795,13,0.67466813,2.35298300
4796,13,0.92085618,4.76266146
4797,13,0.74901152,2.80426455
4798,13,0.91789526,3.15283036
4799,13,0.89894396,3.22575045
4800,13,0.93637317,4.75400448
4801,13,0.77564216,3.50560999
4802,13,0.84437633,2.80666804
4803,13,0.81635439,3.63116932
4804,13,0.78579021,3.38410211
4805,13,0.90413040,3.44425797
4806,13,0.94078755,6.15486336
4807,13,0.82724464,3.19706154
4808,13,0.96522772,3.56040740
4809,13,0.76543534,5.50559378
4810,13,0.79617739,4.49105453
4811,13,0.95376420,3.73475957
4812,13,0.79731101,4.05346823
4813,13,0.79844743,3.41236186
4814,13,0.87496608,2.56542397
4815,13,0.60789436,3.09430218
4816,13,0.89554751,4.67813826
4817,13,0.72637534,3.69835830
4818,13,0.82744765,4.95267153
4819,13,0.85155118,3.05721331
4820,13,0.76371658,4.96914673
4821,13,0.85549408,6.16928387
4822,13,0.94370550,3.88241553
4823,13,0.83103633,3.50023437
4824,13,0.94370067,4.14126301
4825,13,0.76398027,3.73474193
4826,13,1.00982833,3.44199347
4827,13,0.80261534,2.60647941
4828,13,0.76827526,3.75140071
4829,13,0.88448077,3.59948969
4830,13,0.74086469,3.62184429
4831,13,0.88316917,3.66292524
4832,13,0.75360465,2.81198025
4833,13,0.83321643,3.10968232
4834,13,0.85506773,2.99219728
4835,13,0.93132973,4.05129194
4836,13,0.81893486,2.91597366
4837,13,0.80968249,3.65167212
4838,13,0.73500669,4.91159010
4839,13,0.91122651,4.09112358
4840,13,0.77981657,3.83398247
4841,13,0.80604637,5.07973766
4842,13,0.73147720,3.10274220
4843,13,0.70292389,2.45137882
4844,13,0.83631039,2.94151187
4845,13,0.83636284,5.03967953
4846,13,0.88484514,4.27285528
4847,13,1.08375704,5.33393145
4848,13,0.77519494,3.39040470
4849,13,0.89847809,3.65314507
4850,13,0.80515361,2.93140650
4851,13,0.83712900,4.51682997
4852,13,0.81792349,2.54384923
4853,13,0.76026803,3.04160571
4854,13,0.68459988,2.56924963
4855,13,0.96508265,3.51937699
4856,13,0.80892718,4.19371176
4857,13,0.69749177,3.53924799
4858,13,0.88178337,3.00909567
4859,13,0.71613801,2.86770034
4860,13,0.88456917,2.87789583
4861,13,0.75295031,2.55323052
4862,13,0.68640506,2.35194349
4863,13,0.75607753,3.32034349
4864,13,0.62718648,2.44058013
4865,13,0.85484231,3.88846731
4866,13,1.08622456,5.29146051
4867,13,0.78318799,3.48980689
4868,13,0.83267874,4.14565229
4869,13,0.80704981,3.67802119
4870,13,0.82546562,3.85238552
4871,13,0.80172777,3.34948087
4872,13,0.61964381,2.83042407
4873,13,0.85633445,3.77457285
4874,13,0.84493071,3.41573548
4875,13,0.66829741,3.53987479
4876,13,0.89741236,2.76284289
4877,13,0.92231828,4.62562990
4878,13,0.72715485,2.80404568
4879,13,0.89604831,3.80578876
4880,13,0.81930494,2.58738565
4881,13,0.80059576,2.94281983
4882,13,0.73558563,2.86799693
4883,13,0.70846516,3.65673923
4884,13,0.83685660,3.25609827
4885,13,0.82580674,2.77853012
4886,13,0.77831173,3.90986156
4887,13,0.85451484,4.29967260
4888,13,0.72973824,3.43433547
4889,13,0.76522869,2.02544641
4890,13,0.84853792,3.31918764
4891,13,0.62084961,2.03828263
4892,13,0.86525702,3.14095330
4893,13,0.78450608,3.59165192
4894,13,0.88381517,2.81396151
4895,13,0.67710781,3.34361887
4896,13,0.83919537,2.60337782
4897,13,0.85849684,3.26791954
4898,13,0.85102510,4.07632971
4899,13,0.58416724,2.45151949
4900,13,0.68222177,3.23630333
4901,13,0.69254631,3.14970994
4902,13,0.55909169,2.84832239
4903,13,0.84672177,3.28020668
4904,13,0.65459263,3.12447906
4905,13,0.92281997,3.48043823
4906,13,0.60863495,2.59727383
4907,13,0.76800710,3.07858968
4908,13,0.89060509,4.01354170
4909,13,0.71437424,3.48234558
4910,13,0.62666667,2.82711673
4911,13,0.94280493,4.66147184
4912,13,0.85341978,3.55858135
4913,13,0.71538299,3.12479424
4914,13,0.72473669,4.05270863
4915,13,0.72857064,3.15726447
4916,13,0.81766140,2.87617636
4917,13,0.85562885,3.66555095
4918,13,0.74752754,4.58721256
4919,13,0.68474585,2.64614940
4920,13,0.88277638,3.40787745
4921,13,0.70518219,4.37848282
4922,13,0.77232826,4.34039736
4923,13,0.65033299,2.42630959
4924,13,0.77155185,2.69882798
4925,13,0.78786647,2.70669317
4926,13,0.82867789,3.49922276
4927,13,0.68316376,2.84406829
4928,13,0.86806774,4.11961746
4929,13,0.78489304,2.74350882
4930,13,0.79041374,3.83725381
4931,13,0.61093497,3.18613052
4932,13,0.93593192,3.36491394
4933,13,0.86278450,3.61358047
4934,13,0.61737514,2.15581417
4935,13,0.84302139,2.89082909
4936,13,0.75550473,3.59126139
4937,13,0.76791435,3.19581079
4938,13,0.78387475,2.94203258
4939,13,0.79384673,3.48141623
4940,13,0.77693337,3.05553269
4941,13,0.86310393,3.78417015
4942,13,0.90490156,3.01595283
4943,13,0.79948485,3.58816338
4944,13,0.60035235,3.66778851
4945,13,0.70023274,2.81218529
4946,13,0.75908947,3.44836998
4947,13,0.65955687,3.53026795
4948,13,0.74867839,3.57708144
4949,13,0.81309104,3.88785553
4950,13,0.79114294,4.30081034
4951,13,0.86942089,4.53228283
4952,13,0.73898107,4.57302713
4953,13,0.74641144,3.29451227
4954,13,0.67699945,2.65048122
4955,13,1.10256183,4.19752073
4956,13,0.76254982,2.53656864
4957,13,0.70680302,4.37345409
4958,13,0.74948490,3.40543938
4959,13,0.83745348,2.78195763
4960,13,0.72523028,4.34100628
4961,13,0.94507170,6.07174778
4962,13,0.79695594,3.02880788
4963,13,0.83305818,3.96053648
4964,13,0.83527070,3.34563875
4965,13,0.79711717,3.12995291
4966,13,0.77229160,3.37416291
4967,13,0.66142058,2.98029232
4968,13,0.78570747,3.91683578
4969,13,0.86604333,3.43839502
4970,13,0.66468948,3.75132537
4971,13,0.88681388,4.46214247
4972,13,0.65313745,4.47890663
4973,13,0.93271226,4.60469961
4974,13,0.86780959,3.73318720
4975,13,0.78180999,3.88389492
4976,13,0.60836679,3.00947285
4977,13,0.60996604,3.40490913
4978,13,0.78526688,3.61866355
4979,13,0.77747506,2.74281240
4980,13,0.66023350,3.56266665
4981,13,0.89922589,5.13400316
4982,13,0.72652090,4.73184299
4983,13,0.86564720,2.86967444
4984,13,0.79375440,3.57523394
4985,13,0.76506174,3.52933288
4986,13,0.92105985,3.39173126
4987,13,0.79254419,2.74290919
4988,13,0.88166517,3.01642394
4989,13,0.85368800,3.61117625
4990,13,0.62980229,2.62344480
4991,13,0.65502679,2.35721493
4992,13,0.80440187,3.05803800
4993,13,0.68305457,3.06950331
4994,13,0.80399287,2.91261292
4995,13,0.85041690,3.43982124
4996,13,0.81534505,2.63803935
4997,13,0.72784698,3.42157936
4998,13,0.66648602,2.78353596
4999,13,0.82584494,3.55949426
5000,13,0.77170765,2.57439017
5001,13,0.52265960,2.41740537
5002,13,0.87932801,2.83251119
5003,13,0.69871950,2.24886608
5004,13,0.83718514,2.44020867
5005,13,0.81207347,2.60260820
5006,13,0.75429845,4.58981228
5007,13,0.94433665,3.76051664
5008,13,0.72186202,3.44735336
5009,13,0.80102944,4.14772320
5010,13,0.81193495,3.88298988
5011,13,0.84185660,4.11554956
5012,13,0.75396681,2.94818044
5013,13,0.74410659,2.65553951
5014,13,0.59547257,2.59331083
5015,13,0.78908437,3.75910878
5016,13,0.80867612,3.34423590
5017,13,0.72202599,2.89282990
5018,13,0.75232285,2.84519982
5019,13,0.75449353,5.22956610
5020,13,0.74454522,3.41967249
5021,13,0.79799843,3.60997939
5022,13,0.65937591,3.41282010
5023,13,0.65505946,3.31266594
5024,13,0.82359463,3.41681480
5025,13,0.84775996,3.25221348
5026,13,0.71771038,3.89999104
5027,13,0.74909174,2.47791958
5028,13,0.78829467,2.76229358
5029,13,0.84687448,3.49884272
5030,13,0.85309684,3.45704818
5031,13,0.74713486,2.94173622
5032,13,0.85290396,3.98144364
5033,13,0.80996013,4.42738247
5034,13,0.85633713,3.15806532
5035,13,0.85942805,2.55479717
5036,13,0.91170406,3.76306748
5037,13,0.82257032,3.13974953
5038,13,0.79127812,3.68571591
5039,13,0.90551370,3.66255927
5040,13,0.84114468,2.81317687
5041,13,0.88476664,3.19314551
5042,13,0.64225340,3.11133814
5043,13,0.95086014,3.75846934
5044,13,0.68706876,3.05906129
5045,13,1.02354932,3.74904633
5046,13,0.80680770,2.45303917
5047,13,0.78067142,3.11935902
5048,13,0.75752181,2.54666042
5049,13,0.90444005,3.05730224
5050,13,0.83922982,2.77466273
5051,13,0.67107701,3.38235593
5052,13,0.63047278,3.60879374
5053,13,0.69019461,3.90743351
5054,13,0.75825721,2.68110490
5055,13,0.97127753,5.23092175
5056,13,0.69868314,4.32270098
5057,13,0.78196025,3.42905831
5058,13,0.88567162,3.83746672
5059,13,0.68920147,3.36102462
5060,13,0.76528680,3.01449609
5061,13,0.89553559,3.02915835
5062,13,0.86212540,3.74880099
5063,13,0.78045839,3.53656387
5064,13,0.69484377,3.00875020
5065,13,0.60341585,2.57045221
5066,13,0.61897540,2.25633597
5067,13,0.77461386,3.68572617
5068,13,0.74103528,4.32047844
5069,13,0.84431887,3.52599335
5070,13,0.79097229,3.76440024
5071,13,0.91027868,3.00020719
5072,13,0.74224705,3.72193217
5073,13,0.69590271,2.99213433
5074,13,0.83517206,3.53515601
5075,13,0.71753997,2.62604427
5076,13,0.77749741,2.96167827
5077,13,0.80246890,3.00721717
5078,13,0.81120718,2.11115384
5079,13,0.72864771,2.62158942
5080,13,0.72564882,2.72296333
5081,13,0.74902219,3.38581491
5082,13,0.79603159,3.57640457
5083,14,0.66640717,2.00801706
5084,14,0.80594832,3.03796268
5085,14,0.81633174,2.75780821
5086,14,0.75701416,2.59255528
5087,14,0.63878739,4.73181963
5088,14,0.75573605,2.82524848
5089,14,0.65841889,3.78198123
5090,14,0.63476866,3.68366265
5091,14,0.89720654,3.38456297
5092,14,0.77380353,3.63155675
5093,14,0.75909579,2.86171889
5094,14,0.79689944,3.19503379
5095,14,0.68611073,3.90144658
5096,14,0.86070824,3.97230434
5097,14,0.66404068,3.72014332
5098,14,0.77514464,3.28455949
5099,14,0.80560702,4.64384031
5100,14,1.00011754,2.99994659
5101,14,0.70549059,2.84436321
5102,14,0.76959735,3.60766387
5103,14,0.66508889,2.52804852
5104,14,0.48575568,2.47975111
5105,14,0.63441527,2.74567938
5106,14,0.63786370,3.36531377
5107,14,0.72170895,3.32182407
5108,14,0.86095202,4.70147085
5109,14,0.78316849,3.07234883
5110,14,0.67213994,2.64284515
5111,14,0.92074394,5.39039373
5112,14,0.90898585,4.88581991
5113,14,0.77303624,3.92704606
5114,14,0.77370393,3.71287155
5115,14,0.75985706,2.28477693
5116,14,0.89305413,4.48017311
5117,14,0.86130083,3.76506519
5118,14,0.89152592,3.16155910
5119,14,0.79783082,3.64191389
5120,14,0.72097635,2.47930074
5121,14,0.72902465,3.39893961
5122,14,0.75792038,4.71566153
5123,14,0.77937663,3.39854360
5124,14,0.78348935,3.40480328
5125,14,0.65084898,2.90075231
5126,14,0.69793564,2.68935418
5127,14,0.76137364,3.44234896
5128,14,0.71259451,3.33400965
5129,14,0.81372452,2.84723520
5130,14,0.89219856,3.50187755
5131,14,0.86187273,3.56093192
5132,14,0.67110890,3.80764318
5133,14,0.79938942,3.78554010
5134,14,0.81779683,3.33846307
5135,14,0.78360343,3.10054755
5136,14,0.58888888,3.63161111
5137,14,0.71239007,3.00566840
5138,14,0.78090227,2.65930653
5139,14,0.63614333,3.41668630
5140,14,0.65531516,2.79560423
5141,14,0.68124908,3.29897618
5142,14,0.72715616,4.86708784
5143,14,0.66452527,3.15923643
5144,14,0.71758103,3.42585874
5145,14,0.81156057,3.86292481
5146,14,0.95727217,3.96994567
5147,14,0.60752213,2.91110945
5148,14,0.74994880,4.36021280
5149,14,0.65107751,5.21081257
5150,14,0.79876703,2.50623870
5151,14,0.76997232,3.01383305
5152,14,0.65219271,2.20114851
5153,14,0.76535678,4.03887844
5154,14,0.76604819,2.80701876
5155,14,0.71393639,3.77718496
5156,14,0.67026311,2.90340877
5157,14,0.86956090,4.80349064
5158,14,0.72309244,5.03840637
5159,14,0.98104525,2.49874282
5160,14,0.93285853,3.67437482
5161,14,0.76863563,2.33581376
5162,14,0.62522924,2.90181446
5163,14,0.60494924,3.29411530
5164,14,0.76666969,3.29265571
5165,14,0.89899457,4.35025120
5166,14,0.82786131,3.64129519
5167,14,0.74334168,3.84666204
5168,14,0.83094311,2.90537453
5169,14,0.91368240,2.90090370
5170,14,0.64422333,2.52501130
5171,14,1.03472447,3.55543613
5172,14,0.70246899,2.91530776
5173,14,0.69700301,2.19620299
5174,14,0.87352633,3.72186589
5175,14,0.73495722,2.77122092
5176,14,0.81868130,2.54749465
5177,14,0.80299926,3.54025435
5178,14,0.61835229,3.86428761
5179,14,0.83636582,2.67688823
5180,14,0.91731876,2.72800398
5181,14,0.70800173,3.61384368
5182,14,0.71977746,2.92559195
5183,14,0.98407757,5.82766533
5184,14,0.84381878,2.89553094
5185,14,0.71185106,2.98111653
5186,14,0.68795800,3.47967291
5187,14,0.92165989,3.80807567
5188,14,0.73834872,4.03800249
5189,14,0.91090572,4.61116314
5190,14,0.83848763,4.09354687
5191,14,0.62405860,2.21180224
5192,14,0.76717019,3.91106439
5193,14,0.80506778,3.11017394
5194,14,0.68006682,3.16382837
5195,14,0.76325285,3.42543960
5196,14,0.79567075,4.23912859
5197,14,0.73469222,2.73527670
5198,14,0.63753599,2.55057383
5199,14,0.49110132,2.24266195
5200,14,0.69120491,3.32302618
5201,14,0.75320661,2.87187314
5202,14,0.73315674,2.80476165
5203,14,0.71180189,3.33854890
5204,14,0.84960580,3.22841072
5205,14,0.71512687,4.02272558
5206,14,0.76869237,2.93195868
5207,14,0.79624152,4.89678621
5208,14,0.98799741,3.45191216
5209,14,0.82239872,3.86691570
5210,14,0.83489013,3.20801926
5211,14,0.78189772,3.87542748
5212,14,0.58206636,3.15543079
5213,14,0.84401542,3.64932346
5214,14,0.74161816,4.01948500
5215,14,0.74807578,4.12908220
5216,14,0.73509824,2.96805453
5217,14,0.64716840,2.33835101
5218,14,0.76465452,2.88430166
5219,14,0.92861021,3.76660991
5220,14,0.68653882,2.55279040
5221,14,0.88230556,3.62799382
5222,14,0.93472123,4.07099247
5223,14,0.82686853,3.73469687
5224,14,0.75308073,3.39098215
5225,14,0.62219697,2.25650001
5226,14,0.78874153,4.17284107
5227,14,0.75500184,2.75589228
5228,14,0.77703565,3.41419554
5229,14,0.74208951,2.02703404
5230,14,0.82589686,3.83274126
5231,14,0.71395123,3.27012181
5232,14,0.80375314,2.83277106
5233,14,0.72626865,2.80517197
5234,14,0.75014597,3.02395582
5235,14,0.89856678,4.34651995
5236,14,0.75125849,3.26156878
5237,14,0.63348114,2.68611979
5238,14,0.85469401,3.15017605
5239,14,0.83219039,4.17910480
5240,14,0.74644709,3.10548139
5241,14,0.64161718,4.13696718
5242,14,0.75790381,3.96024275
5243,14,0.87333864,2.90000653
5244,14,0.69802779,3.17303562
5245,14,0.78290451,4.02604532
5246,14,0.93708587,4.49910688
5247,14,0.59368664,2.89329958
5248,14,0.97080201,2.54716229
5249,14,0.78801072,2.83375311
5250,14,0.65682781,2.21568704
5251,14,0.83161163,2.82477999
5252,14,0.74039352,3.49122620
5253,14,0.71950597,2.63441801
5254,14,0.77394372,2.85163546
5255,14,0.72600651,3.63162613
5256,14,0.88471431,4.21779394
5257,14,0.85439861,3.38825846
5258,14,0.84168732,2.90599322
5259,14,0.86365920,2.85519481
5260,14,0.66793996,2.23047280
5261,14,0.79507440,2.86634827
5262,14,0.79108685,2.94055772
5263,14,0.89571106,2.88680339
5264,14,0.81549972,3.12489676
5265,14,0.65921271,2.97591257
5266,14,0.58369458,3.07248330
5267,14,0.86268055,2.51881266
5268,14,0.64217496,4.14384651
5269,14,0.77961564,3.06113076
5270,14,0.61779273,2.34823132
5271,14,0.67687893,3.32883573
5272,14,0.81140798,3.73969150
5273,14,0.54661012,2.41995168
5274,14,0.75086898,3.54441857
5275,14,0.73793483,3.38252521
5276,14,0.77385342,3.52566624
5277,14,0.86537480,5.34689903
5278,14,0.82632148,6.28038692
5279,14,0.73121661,3.36834121
5280,14,0.63632321,3.24877596
5281,14,0.88619995,3.11708593
5282,14,0.84716916,3.62571788
5283,14,0.84407973,3.15897918
5284,14,0.68263268,3.52009749
5285,14,0.83823329,3.85112119
5286,14,0.76357090,2.91086030
5287,14,0.71577334,2.84636474
5288,14,0.74431455,3.12330341
5289,14,0.86629492,3.33573914
5290,14,0.69566798,2.56328773
5291,14,0.82919812,4.19674921
5292,14,0.75183630,2.72026610
5293,14,0.66064477,3.16817117
5294,14,0.79787350,3.24452639
5295,14,0.73039353,2.85040545
5296,14,0.78578687,3.22784448
5297,14,0.93333811,5.14359665
5298,14,1.11432827,4.73212433
5299,14,0.72591096,3.12005019
5300,14,0.75777847,2.79096675
5301,14,0.82375896,3.44470549
5302,14,0.88824630,3.43190217
5303,14,0.95440662,4.29961157
5304,14,0.84137106,2.59088397
5305,14,0.91144419,2.62098503
5306,14,0.82382768,3.42533755
5307,14,0.76277012,2.41172242
5308,14,0.82608110,2.71957445
5309,14,1.11074913,3.97927690
5310,14,0.75428617,2.83207703
5311,14,0.80544829,3.84697413
5312,14,0.67760366,3.37212706
5313,14,0.74778771,3.58219814
5314,14,0.69862676,3.10467649
5315,14,0.66636890,2.43358207
5316,14,0.62810063,2.54412079
5317,14,0.76241934,5.49078560
5318,14,0.86815637,4.55162811
5319,14,0.75672847,3.48733044
5320,14,0.84746510,3.34694815
5321,14,0.64933538,3.69116449
5322,14,0.84395373,4.34984779
5323,14,0.79700547,3.65045404
5324,14,0.74136782,3.43416905
5325,14,0.90452486,3.69701338
5326,14,0.60319889,3.93685889
5327,14,0.77712554,4.05836058
5328,14,0.78210688,3.75624704
5329,14,0.67952663,3.82813740
5330,14,0.68867075,2.51896453
5331,14,0.64930767,3.91772580
5332,14,0.90101480,2.73654175
5333,14,0.88022017,4.83896112
5334,14,0.87955248,3.46603990
5335,14,0.65026891,3.50331807
5336,14,0.79404724,3.21300530
5337,14,0.91541898,2.77205014
5338,14,0.68402421,3.38209653
5339,14,0.64676344,2.53649426
5340,14,0.70595419,2.36194706
5341,14,0.86063349,3.38606644
5342,14,0.70520675,2.54214525
5343,14,0.69788504,2.61105871
5344,14,0.75308454,3.41564417
5345,14,0.76490414,3.32975125
5346,14,0.78054154,2.41061306
5347,14,0.63139629,2.55132794
5348,14,0.63481963,2.31009960
5349,14,0.92838520,3.27027225
5350,14,0.68797958,2.38104057
5351,14,0.68248510,2.81539488
5352,14,0.75183058,3.88104320
5353,14,0.74657780,4.57334328
5354,14,0.60541749,2.80638695
5355,14,0.56833559,2.22912931
5356,14,0.67514986,2.55789948
5357,14,0.78543550,3.63052726
5358,14,0.69307470,4.42054749
5359,14,0.81814814,3.71390176
5360,14,0.76881456,3.51334262
5361,14,0.84534204,3.63537884
5362,14,0.60308582,2.26118541
5363,14,0.73023909,3.37967706
5364,14,0.71681738,3.52108169
5365,14,0.65796912,3.24820209
5366,14,0.75947833,3.25507140
5367,14,0.65108407,3.31612897
5368,14,0.66396070,3.36726618
5369,14,0.75606257,3.24202561
5370,14,0.83200061,4.38469887
5371,14,0.78724194,4.65735340
5372,14,0.73513979,3.18640637
5373,14,0.93040943,3.89990878
5374,14,0.64759737,2.71283722
5375,14,0.86924100,5.25394058
5376,14,0.67797279,3.50056028
5377,14,0.74322188,3.32184124
5378,14,0.64411920,3.56764436
5379,14,0.89744461,3.75207400
5380,14,1.08648610,3.86405611
5381,14,0.77863544,3.57267737
5382,14,0.83354652,3.23544478
5383,14,0.79773778,3.71241665
5384,14,0.80963838,3.81686473
5385,14,0.79544812,4.73014641
5386,14,0.65473485,3.29354811
5387,14,0.86552936,4.42068863
5388,14,0.62778807,3.86305094
5389,14,0.89704174,3.83739161
5390,14,0.68222946,2.65803576
5391,14,0.68625247,2.30545521
5392,14,0.81050473,4.02252531
5393,14,0.98814809,4.57416677
5394,14,0.73519206,3.87891984
5395,14,0.74800980,2.46938157
5396,14,0.82328057,2.82150412
5397,14,0.71242154,2.89693022
5398,14,0.81605297,3.59607124
5399,14,0.57700592,3.37880611
5400,14,0.67335308,2.61097693
5401,14,0.76303518,2.71037865
5402,14,0.75154102,3.36849213
5403,14,0.68040001,3.08717847
5404,14,0.78272712,4.44118166
5405,14,0.75748682,3.22355819
5406,14,0.74546194,2.95187044
5407,14,0.73997235,3.70860481
5408,14,0.56758547,2.52818990
5409,14,0.75611317,3.43763494
5410,14,0.65698516,3.19246554
5411,14,0.58693200,2.48837566
5412,14,0.71861482,3.96132088
5413,14,0.80100280,4.22988272
5414,14,0.83747762,3.41163540
5415,14,0.68107241,4.16910362
5416,14,0.67776245,3.75917315
5417,14,0.80990803,5.15963078
5418,14,0.70296109,3.46935201
5419,14,0.88558221,4.43642330
5420,14,0.71665651,3.24390936
5421,14,0.65244651,3.94039726
5422,14,0.76100749,3.07241368
5423,14,0.75210261,4.16320324
5424,14,0.79454279,3.40883660
5425,14,0.77455890,3.07172561
5426,14,0.74258637,3.34905291
5427,14,0.79220116,3.85686707
5428,14,0.82034707,3.32803202
5429,14,0.79353392,3.44278932
5430,14,0.82743776,2.94507623
5431,14,0.86203742,3.87800241
5432,14,0.81958085,3.19840002
5433,14,0.82574177,3.40843487
5434,14,0.78100419,3.97636390
5435,14,0.83270240,4.31294155
5436,14,0.79340053,3.02090859
5437,14,0.64117301,2.58512712
5438,14,0.95747429,2.95317554
5439,14,0.56735158,3.37920475
5440,14,0.62087131,3.55436969
5441,14,0.89441770,4.38766289
5442,14,0.66727978,4.27315903
5443,14,0.69236982,4.27785397
5444,14,0.86137527,2.69731903
5445,14,0.73691857,3.09973001
5446,14,0.66962898,3.70578289
5447,14,0.85299665,2.93542576
5448,14,0.70906150,3.31806493
5449,14,0.88111907,4.20575333
5450,14,0.74754238,2.53703952
5451,14,0.81442344,3.34584284
5452,14,0.86959207,4.90980244
5453,14,0.68083048,2.79819036
5454,14,0.73106700,3.72464466
5455,14,0.79002792,3.33377337
5456,14,0.76767039,3.45002580
5457,14,0.75114763,3.35029030
5458,14,0.64954442,2.88177228
5459,14,0.80533785,4.27397776
5460,14,0.53763056,3.42552900
5461,14,0.88068235,2.81638336
5462,14,0.71992159,3.23814654
5463,14,0.93549156,4.33127069
5464,14,0.65607357,2.54771495
5465,14,0.55029297,2.50467443
5466,14,0.76330638,3.13427901
5467,14,0.80482280,3.29321122
5468,14,0.85852796,3.06702423
5469,14,0.71205664,2.43108153
5470,14,0.65433174,3.60095930
5471,14,0.83553100,3.43670249
5472,14,0.82152140,2.70578933
5473,14,0.79146212,4.60479212
5474,15,0.81662142,2.78174257
5475,15,0.59682739,3.05830526
5476,15,0.57184434,2.17835712
5477,15,0.93302536,3.67122674
5478,15,0.90943462,4.13723946
5479,15,0.80167866,3.18919396
5480,15,0.79967272,3.46510887
5481,15,0.92921078,4.56534767
5482,15,0.90230036,3.55947161
5483,15,0.79572248,2.37139440
5484,15,0.62608528,2.99586511
5485,15,0.75717205,3.08475161
5486,15,0.69953978,3.22196245
5487,15,0.69534814,3.99498510
5488,15,0.76799929,3.45090485
5489,15,0.68702161,2.29326200
5490,15,0.82348657,3.42544556
5491,15,0.78870350,4.27793074
5492,15,0.83604050,3.28053546
5493,15,0.75403988,2.26725912
5494,15,0.72318935,3.39990592
5495,15,0.94842792,4.30876446
5496,15,0.73420244,4.08525229
5497,15,0.73203456,7.79454517
5498,15,0.70628428,2.63060284
5499,15,0.75073266,3.44600010
5500,15,0.81270838,4.11466837
5501,15,0.85838675,3.94501853
5502,15,0.73410255,3.10170770
5503,15,0.52940196,3.03596091
5504,15,0.87939632,3.70705962
5505,15,0.80541849,2.99740219
5506,15,0.88467288,3.50322104
5507,15,0.61602843,3.07850814
5508,15,0.61019969,3.44492626
5509,15,0.74065012,2.45164561
5510,15,0.71472991,3.82296753
5511,15,0.55206728,2.28925300
5512,15,0.73421562,3.25191593
5513,15,0.58170581,3.45260620
5514,15,0.74657404,2.57309175
5515,15,0.63384610,3.52867389
5516,15,0.70704907,4.48095179
5517,15,0.71414196,3.69260573
5518,15,0.81612432,3.92931271
5519,15,0.76121390,4.28755188
5520,15,0.92213726,3.52621293
5521,15,0.65204340,3.32652855
5522,15,0.77023500,2.99372840
5523,15,0.93683404,6.09678173
5524,15,0.76560986,4.06467104
5525,15,0.87320971,2.85013151
5526,15,0.71994734,2.59460020
5527,15,0.70432335,3.12841821
5528,15,0.76467180,6.02473307
5529,15,0.72159094,4.47800159
5530,15,0.99481928,3.84218740
5531,15,0.93267357,3.02153587
5532,15,0.74376583,2.83757663
5533,15,0.77109039,3.25596356
5534,15,0.74389380,3.47723246
5535,15,0.68869936,3.17263579
5536,15,0.71979368,4.37390327
5537,15,0.82614291,2.25462341
5538,15,0.92547804,3.76542878
5539,15,0.71802402,2.46584606
5540,15,0.91484284,4.72669888
5541,15,0.73844993,3.17589402
5542,15,0.90909529,3.02907848
5543,15,0.73876679,3.23605347
5544,15,0.72519773,2.78650403
5545,15,0.67670912,3.56581879
5546,15,0.64239722,4.10994434
5547,15,0.90288359,3.65851641
5548,15,1.00194216,3.89499021
5549,15,0.96245891,4.98071861
5550,15,0.75222129,2.46950936
5551,15,0.72943866,2.55684614
5552,15,0.71190226,2.60922575
5553,15,0.79467380,3.78036070
5554,15,0.80509126,3.06246305
5555,15,0.64221436,3.51317739
5556,15,1.01077294,4.91282845
5557,15,0.74841410,3.27077556
5558,15,0.67147005,2.98043346
5559,15,0.81476820,2.69465017
5560,15,0.94512743,4.15407181
5561,15,0.69774926,2.85124207
5562,15,0.66367203,2.97863674
5563,15,0.64830762,2.51252341
5564,15,0.68917000,2.39816904
5565,15,0.88223994,3.10583425
5566,15,0.66486055,2.30961585
5567,15,0.75326765,3.27853942
5568,15,0.70057583,3.59898639
5569,15,0.74239373,3.33308506
5570,15,0.83417976,4.09187794
5571,15,0.59220707,2.86258316
5572,15,0.63103151,3.83661056
5573,15,0.69910419,3.42456198
5574,15,0.83064455,3.08187246
5575,15,0.81544793,3.79099941
5576,15,0.92112195,4.05322075
5577,15,0.74685180,2.70046759
5578,15,0.96818244,3.85271192
5579,15,0.78350794,3.24658918
5580,15,0.82088637,3.72116923
5581,15,0.77617776,3.28029180
5582,15,0.94753063,5.93063831
5583,15,0.63705969,2.76483989
5584,15,0.92097503,4.83293056
5585,15,0.66234273,3.06927896
5586,15,0.88598680,3.46835542
5587,15,0.90319294,4.05670214
5588,15,0.68221080,2.81515861
5589,15,0.85229194,5.49290752
5590,15,1.01856768,4.04456139
5591,15,0.74898446,4.18015766
5592,15,0.74313164,3.52697587
5593,15,0.76065898,2.87533879
5594,15,0.66681260,5.06348610
5595,15,0.76488459,3.29541349
5596,15,0.79660213,3.65391588
5597,15,0.77213776,4.55730629
5598,15,0.66621888,3.41334367
5599,15,0.80504894,2.37117410
5600,15,0.80570531,3.17203593
5601,15,0.68351930,2.49377513
5602,15,0.58510351,3.05862141
5603,15,0.84270692,3.36548567
5604,15,0.79356933,4.39407778
5605,15,0.61443543,4.05687618
5606,15,0.69744110,3.29179311
5607,15,0.65712065,2.42770529
5608,15,0.57840168,2.96773624
5609,15,0.91970235,5.04949760
5610,15,0.81814659,4.21399307
5611,15,0.75062382,3.21852875
5612,15,0.79316336,3.40129375
5613,15,0.83818460,4.44481564
5614,15,0.79723394,3.71183896
5615,15,0.77964497,3.46824646
5616,15,0.90915447,3.67920136
5617,15,0.69569319,2.81178331
5618,15,0.67433441,2.92222977
5619,15,0.74552321,2.47465706
5620,15,0.76274586,3.70594382
5621,15,0.67202944,3.22393227
5622,15,0.68692404,2.88434148
5623,15,0.65856695,2.75173426
5624,15,0.66100514,2.57512307
5625,15,0.80793571,2.67622590
5626,15,0.55907178,2.27472806
5627,15,0.79802352,4.77458429
5628,15,0.72344655,2.62480021
5629,15,0.70966768,3.19125056
5630,15,0.89269412,3.15924621
5631,15,0.85994029,3.35594368
5632,15,0.75692666,3.40009832
5633,15,0.82493401,5.08852959
5634,15,0.58375096,3.52131939
5635,15,0.43476635,2.00605798
5636,15,0.67369854,2.46396732
5637,15,0.77335709,3.06945944
5638,15,0.73656166,4.76818848
5639,15,0.68880802,3.36077905
5640,15,0.75682545,5.55060768
5641,15,0.73530233,4.03231573
5642,15,0.92195958,4.55957460
5643,15,0.95536339,4.53927660
5644,15,0.87426239,4.31063890
5645,15,0.84359860,3.75780630
5646,15,0.75709200,3.66421890
5647,15,0.77170479,3.43383574
5648,15,0.71079499,3.26997447
5649,15,0.89469659,3.97842622
5650,15,0.74431908,3.37738514
5651,15,0.80602074,2.99518585
5652,15,0.74977100,3.48125100
5653,15,0.68595350,2.37410045
5654,15,0.73071134,2.76501346
5655,15,0.82968956,3.03078890
5656,15,0.71891677,1.79753900
5657,15,0.61859179,2.07779336
5658,15,0.59136915,2.94304609
5659,15,0.95341897,2.94805145
5660,15,0.64007831,2.75741863
5661,15,0.68359691,3.61091638
5662,15,0.60713387,3.24256897
5663,15,0.58339357,2.92451978
5664,15,0.77552879,2.71513438
5665,15,0.77880257,2.72103524
5666,15,0.61525738,3.25326276
5667,15,0.72595459,2.75736094
5668,15,0.93509197,6.43371344
5669,15,0.68232548,3.27944207
5670,15,0.69859588,4.69230032
5671,15,0.79096985,4.03778601
5672,15,0.74415612,3.19832349
5673,15,0.84056622,3.29636025
5674,15,0.80773938,3.74051619
5675,15,0.75860727,3.36221099
5676,15,0.66475606,2.43755317
5677,15,0.80508459,3.07690835
5678,15,0.74874032,3.93344164
5679,15,0.80390358,3.00576115
5680,15,0.84365982,3.67760348
5681,15,0.84146702,3.06667066
5682,15,0.90770745,3.86053038
5683,15,0.80622482,3.11145329
5684,15,0.87752879,3.17579126
5685,15,0.70661378,2.77076745
5686,15,0.80246717,2.85550761
5687,15,0.70932615,5.25192976
5688,15,0.74124253,3.17364073
5689,15,0.61909723,2.40696383
5690,15,0.78949302,3.76545286
5691,15,0.82386959,3.42632341
5692,15,0.67172432,2.98089647
5693,15,0.71844727,3.33770871
5694,15,0.64097798,2.47894406
5695,15,0.73410302,2.98247838
5696,15,0.75674129,2.86709666
5697,15,0.68146229,2.97193789
5698,15,0.78750378,3.41617823
5699,15,0.74563378,3.66362000
5700,15,0.79149920,4.02278566
5701,15,0.74148214,3.83659387
5702,15,0.79930776,3.92088914
5703,15,0.82334924,4.54263210
5704,15,0.88526952,3.42349648
5705,15,0.74194229,3.18302894
5706,15,0.61345404,2.80684018
5707,15,0.74261576,3.32342696
5708,15,0.70573980,4.26027918
5709,15,0.66052330,2.45210648
5710,15,0.79518837,3.88124442
5711,15,0.83642417,3.33356404
5712,15,0.71798456,2.91121364
5713,15,0.69827139,4.33111858
5714,15,0.80321646,2.68731475
5715,15,0.77039993,3.43916345
5716,15,0.72824198,2.06659603
5717,15,0.66858274,3.20965695
5718,15,0.85355806,3.26634407
5719,15,0.69791871,3.13024616
5720,15,0.87478030,4.38918829
5721,15,0.72578704,3.20817614
5722,15,0.70771646,4.24167347
5723,15,0.92256188,3.23939347
5724,15,0.63946384,2.90583348
5725,15,0.78168797,3.30928755
5726,15,0.77523744,3.54838634
5727,15,0.81757051,3.79352164
5728,15,0.77830064,2.94384551
5729,15,0.83092922,2.91062999
5730,15,0.84262139,2.80705690
5731,15,0.76034772,3.93931270
5732,15,0.74078083,3.35424805
5733,15,0.67691410,3.36236382
5734,15,0.60302490,2.77901602
5735,15,0.69133461,3.03082061
5736,15,0.65190828,3.19859934
5737,15,0.67407346,3.27173090
5738,15,0.77187812,2.51476884
5739,15,0.73228884,2.93570995
5740,15,0.66607070,3.15065455
5741,15,0.77964926,2.59995556
5742,15,0.84794867,2.87650919
5743,15,0.66459453,2.63306355
5744,15,0.61777866,3.43806720
5745,15,0.84825599,4.29906607
5746,15,0.64849490,2.81372905
5747,15,0.78536284,3.31956244
5748,15,0.86391705,3.11942220
5749,15,0.64146823,2.84428263
5750,15,0.71420515,3.22658372
5751,15,0.82742643,4.22841501
5752,15,0.72314018,3.18387771
5753,15,0.85917675,5.89141226
5754,15,0.66709059,3.41534281
5755,15,1.01710510,4.46101427
5756,15,0.65171647,4.55983543
5757,15,0.66701871,4.16998529
5758,15,0.57242143,2.86614680
5759,15,0.65689433,4.23599195
5760,15,0.52202100,2.56692576
5761,15,0.63909638,2.54552245
5762,15,0.77613437,3.20743799
5763,15,0.60859573,2.12960577
5764,15,0.68471146,2.29006982
5765,15,0.68545991,2.18973470
5766,15,0.84848469,3.10246110
5767,15,0.69048953,4.26551199
5768,15,0.86795723,3.52723622
5769,15,0.76490617,5.44540596
5770,15,0.82604766,2.97289777
5771,15,0.96199000,5.89920044
5772,15,0.83878493,4.88062096
5773,15,0.94065678,3.69363523
5774,15,0.74389344,3.13463473
5775,15,0.88859844,3.89067030
5776,15,0.63988853,3.25520897
5777,15,0.67138714,2.57490015
5778,15,0.77584368,2.77093291
5779,15,0.75163448,2.96214199
5780,15,0.87371749,3.89450336
5781,15,0.77162421,3.89682150
5782,15,0.88564301,3.17077112
5783,15,0.63349712,2.66755557
5784,15,0.65719306,2.48026967
5785,15,0.82805037,4.44487524
5786,15,0.83203781,3.50661325
5787,15,0.85539210,3.39067721
5788,15,0.60261345,2.95905614
5789,15,0.73820561,3.74729133
5790,15,0.78042239,3.24213099
5791,15,0.87662017,3.28613377
5792,15,0.80487061,3.96342325
5793,15,0.54212528,2.82146692
5794,15,0.79808909,3.60992646
5795,15,0.76313221,3.43422937
5796,15,0.51870728,2.38480425
5797,15,0.93941319,3.81718349
5798,15,0.74136209,4.92788076
5799,15,0.78345233,2.99995542
5800,15,0.69195199,2.72591281
5801,15,0.60177279,2.27180505
5802,15,0.98990583,4.06069136
5803,15,0.74656332,4.36609793
5804,15,0.68309021,3.41697311
5805,15,0.72258759,5.29641771
5806,15,0.75617880,2.21594834
5807,15,0.54542291,3.06284809
5808,15,0.91354144,3.88295841
5809,15,0.76740241,3.66620374
5810,15,0.72145259,3.07955980
5811,15,1.04703891,4.34213734
5812,15,0.65472203,2.79173183
5813,15,0.82437843,3.34359765
5814,15,0.76200366,3.11394262
5815,15,0.67024279,2.43381286
5816,15,0.92152482,4.30952883
5817,15,0.91443998,3.50676823
5818,15,0.87846458,3.04104972
5819,15,0.68035662,2.53259063
5820,15,0.62423086,2.50876617
5821,15,0.94497192,3.98681664
5822,15,0.70734137,2.34024239
5823,15,0.65529871,2.67364144
5824,15,0.70345807,3.73727179
5825,15,0.76072562,3.11233068
5826,15,0.85689467,4.59651375
5827,15,0.59583825,3.34917927
5828,15,0.83099759,2.76428914
5829,15,0.90509987,3.61851811
5830,15,0.74442017,2.20823145
5831,15,0.86542606,3.26135707
5832,15,0.62454021,2.66765857
5833,15,0.90440083,3.92008781
5834,15,0.83473921,2.96674824
5835,15,0.67650962,2.18168259
5836,15,0.75095165,3.93769240
5837,15,0.80439425,3.37679052
5838,15,0.70771348,2.88486242
5839,15,0.86516178,2.56600142
5840,15,0.58808446,2.65762162
5841,15,0.65444791,2.71199608
5842,15,0.78923064,3.53210592
5843,15,0.60856938,1.74382925
5844,15,0.72602928,3.24386287
5845,15,0.74340004,4.44785595
5846,15,0.70902705,2.77061057
5847,15,0.75450432,3.48784637
5848,15,0.69451010,2.83452296
5849,15,0.77511519,2.49868298
5850,15,0.82192934,3.88972497
5851,15,0.61383677,2.37278104
5852,15,0.69795787,3.28420043
5853,15,0.80124891,3.14264274
5854,15,0.98864818,3.56449175
5855,15,0.80470806,2.68465328
5856,15,0.85065132,3.71523976
5857,15,0.83263075,3.58432460
5858,15,0.66787231,4.44178772
5859,15,0.67946911,2.80499744
5860,15,0.68674183,2.57341814
5861,15,0.69781935,3.17499971
5862,15,0.85751617,2.27675319
5863,15,0.72975588,3.19672036
5864,15,0.72382122,4.28614426
5865,16,0.86612308,2.98522687
5866,16,0.67113250,2.06936288
5867,16,0.79225194,2.53392816
5868,16,0.64842749,2.58649015
5869,16,1.00843692,3.32279587
5870,16,0.77974772,3.23275161
5871,16,0.81154823,3.01083684
5872,16,0.73241234,2.32690930
5873,16,0.57374460,1.91112173
5874,16,0.77784574,3.14146328
5875,16,0.58013386,2.33944464
5876,16,0.73718750,3.58074260
5877,16,0.94886738,5.10382080
5878,16,0.72496814,3.21763062
5879,16,0.84406674,3.13669348
5880,16,0.65835589,3.62298203
5881,16,0.57177699,2.75722432
5882,16,0.67828429,2.90029883
5883,16,0.73292971,2.84315038
5884,16,0.75100756,2.83788013
5885,16,0.58115697,2.80048156
5886,16,0.73929214,3.43900108
5887,16,0.69707263,3.90104818
5888,16,0.72316283,5.00201416
5889,16,0.73656303,3.61450410
5890,16,0.77919853,3.19752026
5891,16,0.67178297,2.69784880
5892,16,0.62150991,2.89370227
5893,16,0.65801942,2.86338305
5894,16,0.82539105,5.52754641
5895,16,0.65558976,2.65354109
5896,16,0.64948964,3.86022687
5897,16,0.82087934,3.37691617
5898,16,0.79962581,3.00710893
5899,16,0.61111784,2.18084216
5900,16,0.70657563,3.01943660
5901,16,0.56507736,2.48667359
5902,16,0.62917507,2.57448912
5903,16,0.81713670,2.67116237
5904,16,0.79933387,2.78185797
5905,16,0.65864325,3.96196079
5906,16,0.61417079,3.24982071
5907,16,0.73808247,3.57835579
5908,16,0.47106889,3.54934287
5909,16,0.71599704,5.61582184
5910,16,0.70859206,2.86965990
5911,16,0.58554798,2.08484030
5912,16,0.98244107,3.75087309
5913,16,0.83455765,4.33639097
5914,16,0.73057663,4.46494532
5915,16,0.83532763,4.73464823
5916,16,0.66771132,3.97828031
5917,16,0.62911415,2.55784941
5918,16,0.72613537,3.18111849
5919,16,0.74425083,3.07096338
5920,16,0.71581697,2.96344662
5921,16,0.84729123,3.28457141
5922,16,0.96335238,5.11847496
5923,16,0.67749178,3.87631202
5924,16,0.76504999,5.58593607
5925,16,0.58787203,3.97339749
5926,16,0.74506700,2.67645144
5927,16,0.69218510,2.95294213
5928,16,0.64584106,2.98716307
5929,16,0.84587014,2.78504920
5930,16,0.71462804,3.39218259
5931,16,0.68152326,4.20776176
5932,16,0.85625291,3.09277558
5933,16,0.70445180,3.36536264
5934,16,0.73080522,3.28502512
5935,16,0.63335598,3.10296726
5936,16,0.74067450,3.04251528
5937,16,0.67615455,2.21829510
5938,16,0.75800651,4.15455246
5939,16,0.65633845,2.95705104
5940,16,0.61780918,2.71257758
5941,16,0.75036407,4.01660681
5942,16,0.69801331,2.63941526
5943,16,0.76215857,4.22999382
5944,16,0.66738427,3.06935239
5945,16,0.72312981,3.25195527
5946,16,0.64691257,2.78350329
5947,16,0.65136009,2.25212002
5948,16,0.80320215,4.22041464
5949,16,0.77321708,3.79261971
5950,16,0.67807519,4.37865877
5951,16,0.64628893,4.07448387
5952,16,0.83077919,2.93739486
5953,16,0.71396810,4.28992987
5954,16,0.57801723,3.78891206
5955,16,0.72642553,3.65770054
5956,16,0.70163542,2.73142576
5957,16,0.68920034,2.82521582
5958,16,0.81856966,3.69087625
5959,16,0.60083437,5.52433252
5960,16,0.71669304,4.09713745
5961,16,0.82747382,3.87291598
5962,16,0.79741299,3.84468603
5963,16,0.67981339,2.65908337
5964,16,0.66783750,2.30026340
5965,16,0.76341403,4.51155472
5966,16,0.71718740,3.11141372
5967,16,0.69541693,2.73272347
5968,16,0.61054325,2.67561650
5969,16,0.82518870,3.20562434
5970,16,0.75190580,3.25029898
5971,16,0.89690775,4.65495062
5972,16,0.86016721,3.99716735
5973,16,0.61843598,3.30416799
5974,16,0.91805977,4.68905544
5975,16,0.74823725,3.27526999
5976,16,0.75395918,5.98471880
5977,16,0.77808195,3.04925871
5978,16,0.83170336,3.19651747
5979,16,0.87741870,4.14857864
5980,16,0.77263749,4.72997141
5981,16,0.64016414,3.24499035
5982,16,0.76779240,3.93137026
5983,16,0.80976623,3.48068404
5984,16,0.65250659,3.21496487
5985,16,0.80165446,3.33100176
5986,16,0.78836805,3.32017159
5987,16,0.59797871,2.98330760
5988,16,0.91612816,3.70834351
5989,16,0.82947385,3.56859040
5990,16,0.71649158,3.61029720
5991,16,0.76903880,2.63266969
5992,16,0.77748251,3.21689844
5993,16,0.76413536,4.47543097
5994,16,0.90295494,3.41541076
5995,16,0.62189472,2.45299888
5996,16,0.54861134,2.97089648
5997,16,0.70170009,2.38116550
5998,16,0.72373503,3.96152282
5999,16,0.71495473,3.67977667
6000,16,0.60424209,3.54167390
6001,16,0.68038297,2.89908934
6002,16,0.59603131,3.76655316
6003,16,0.54422522,1.91375136
6004,16,0.78669387,3.55215120
6005,16,0.64943779,2.88202238
6006,16,0.75201166,3.35630822
6007,16,0.63422757,3.06629276
6008,16,0.67935908,3.55335188
6009,16,0.77879202,3.87197852
6010,16,0.74016631,3.63946152
6011,16,0.71078575,3.56849957
6012,16,0.58623827,2.98222065
6013,16,0.69745171,3.11844683
6014,16,0.68495333,4.32403517
6015,16,0.82753515,5.16466045
6016,16,0.75405598,3.78501081
6017,16,0.69909328,3.31447005
6018,16,0.65073597,3.05369329
6019,16,0.56509197,3.86698055
6020,16,0.75250697,4.67343616
6021,16,0.79410648,3.68558311
6022,16,0.63424104,3.50303602
6023,16,0.83668470,2.98183155
6024,16,0.68738985,3.58130264
6025,16,0.62851375,2.65579867
6026,16,0.81360722,4.10456753
6027,16,0.73039168,2.75975251
6028,16,0.72033656,3.52316403
6029,16,0.86415410,3.51383185
6030,16,0.69274372,3.59893799
6031,16,0.76334518,2.71897984
6032,16,0.67815715,3.55272937
6033,16,0.75145108,3.08051467
6034,16,0.64470804,3.14246202
6035,16,0.70223308,5.37750101
6036,16,0.60587794,3.28798819
6037,16,0.74305779,4.33112574
6038,16,0.70780027,3.01960254
6039,16,0.76219916,3.58165622
6040,16,0.89812285,4.23400736
6041,16,0.83295405,3.60471797
6042,16,0.85984194,4.80166912
6043,16,0.90376580,3.62881041
6044,16,0.87133873,3.40715551
6045,16,0.63854980,2.86223817
6046,16,0.57566762,3.02252364
6047,16,0.71002829,4.82764959
6048,16,0.95792717,4.13395882
6049,16,0.73056555,2.75584078
6050,16,0.69008547,2.20800781
6051,16,0.87462091,3.65606689
6052,16,0.72359508,3.21463037
6053,16,0.62914634,3.38761854
6054,16,0.83659810,2.88311839
6055,16,0.80921519,2.88291049
6056,16,0.61168385,2.35554504
6057,16,0.76099288,3.83667254
6058,16,0.92868972,4.18043900
6059,16,0.71241468,3.21356559
6060,16,0.55464828,2.28166127
6061,16,0.87525117,4.07645607
6062,16,0.72403264,2.52970600
6063,16,0.74031782,3.09633803
6064,16,0.66516197,2.32823706
6065,16,0.76987189,2.85737300
6066,16,0.64794016,4.53188086
6067,16,0.69552779,3.09593081
6068,16,0.70550740,4.39166594
6069,16,0.68514943,2.76460862
6070,16,0.73806363,3.96156192
6071,16,0.64823800,3.99425960
6072,16,0.69306540,5.30988646
6073,16,0.75843757,5.25949383
6074,16,0.62168080,2.96291113
6075,16,0.68315387,3.35826969
6076,16,0.94529223,3.91909313
6077,16,0.75263959,3.41501093
6078,16,0.59855157,2.74148965
6079,16,0.83268362,3.65887785
6080,16,0.68061775,3.27612925
6081,16,0.71546292,2.56014085
6082,16,0.70480025,4.16781044
6083,16,0.66961122,2.95868063
6084,16,0.80837083,3.85169649
6085,16,0.69526374,3.10940576
6086,16,0.72048283,3.62242365
6087,16,0.54254508,3.46220160
6088,16,0.76034015,3.90675044
6089,16,0.83181691,2.92507195
6090,16,0.82182503,3.39150834
6091,16,0.63425434,2.40723157
6092,16,0.75337529,3.23407674
6093,16,0.80313468,4.00723410
6094,16,0.91913718,3.59495997
6095,16,0.67465353,2.40919065
6096,16,0.85529697,3.89649439
6097,16,0.68781698,2.45591950
6098,16,0.77818143,4.17076731
6099,16,0.76817369,2.45125175
6100,16,0.63492131,2.76933241
6101,16,0.76057899,2.86907983
6102,16,0.70712733,3.11865139
6103,16,0.72514904,3.01025844
6104,16,0.67733467,4.05520487
6105,16,0.71173227,3.02818513
6106,16,0.75221407,4.47801924
6107,16,0.72591734,4.16042709
6108,16,0.80463982,3.02993965
6109,16,0.83179092,3.28589678
6110,16,0.63020110,3.05422401
6111,16,0.70314962,3.12621737
6112,16,0.69210696,2.55781102
6113,16,0.79272991,2.98787618
6114,16,0.79159504,2.80093360
6115,16,0.69810349,3.53038740
6116,16,0.88353485,3.59489584
6117,16,0.69673693,3.50607276
6118,16,0.84671098,3.01130724
6119,16,0.83156753,3.22310328
6120,16,0.72160822,2.74886441
6121,16,0.71831632,2.88546944
6122,16,0.83151585,3.20105886
6123,16,0.61152893,2.55326867
6124,16,0.67419899,2.68848085
6125,16,0.80724239,3.55290341
6126,16,0.86123490,3.41487408
6127,16,0.88419425,3.30501151
6128,16,0.81521654,3.49890757
6129,16,0.68131673,2.90449071
6130,16,0.85237074,3.24146032
6131,16,0.76323843,3.59143877
6132,16,0.67114711,2.50403333
6133,16,0.76605046,3.20904040
6134,16,0.61625648,2.68541193
6135,16,0.82734799,5.44509983
6136,16,0.77608591,3.69599104
6137,16,0.66270185,4.83524179
6138,16,0.61148083,2.33344793
6139,16,0.82982707,3.38142228
6140,16,0.52436715,2.21233106
6141,16,0.74021161,4.08076191
6142,16,0.69076180,3.43003607
6143,16,0.67708516,4.36612606
6144,16,0.60516018,3.13897991
6145,16,0.62885499,3.57018542
6146,16,0.81875581,4.33435535
6147,16,0.79088557,inf
6148,16,0.72922975,3.04574418
6149,16,0.68036950,3.64716625
6150,16,0.78745067,5.45923758
6151,16,0.70203298,4.02682686
6152,16,0.77575177,3.90876555
6153,16,0.76566339,3.67819715
6154,16,0.68859392,2.67652082
6155,16,0.79395187,3.35770965
6156,16,0.60466880,5.59200144
6157,16,0.59373808,2.81196690
6158,16,0.87624103,3.57408524
6159,16,0.85305935,3.37501240
6160,16,0.97792405,3.40159845
6161,16,0.77390397,3.00472498
6162,16,0.53315049,2.19234872
6163,16,0.76536512,3.63976073
6164,16,0.82857734,3.18310642
6165,16,0.72547686,3.88332057
6166,16,0.84048289,2.35688066
6167,16,0.67849529,2.60155535
6168,16,0.71132207,2.83685279
6169,16,0.67902541,2.47799015
6170,16,0.84098089,4.52539921
6171,16,0.58955729,2.83299994
6172,16,0.73140693,4.20700312
6173,16,0.73439014,3.36804128
6174,16,0.76044476,3.99510145
6175,16,0.78788197,3.24643254
6176,16,0.84967405,3.61733842
6177,16,0.76279497,2.57212615
6178,16,0.78157365,3.41550660
6179,16,0.68374395,2.27372098
6180,16,0.73702538,2.12233377
6181,16,0.74321997,5.29750395
6182,16,0.83114326,2.97233367
6183,16,0.68885314,3.34616637
6184,16,0.58646357,3.30292821
6185,16,1.03404522,3.36631823
6186,16,0.68723154,3.69395208
6187,16,0.77384806,3.37264609
6188,16,0.82165176,3.13604903
6189,16,0.76592660,4.23893404
6190,16,0.75568521,3.79313755
6191,16,0.72468519,3.09422040
6192,16,0.84352851,3.59851551
6193,16,0.86553085,3.42454720
6194,16,0.67349571,3.08331466
6195,16,0.72483999,3.36725140
6196,16,0.76509398,3.93811488
6197,16,0.73573643,2.81167912
6198,16,0.72345537,2.69755793
6199,16,0.79040122,3.06928039
6200,16,0.85648143,3.01596999
6201,16,0.68423337,3.28890705
6202,16,0.73260266,2.93927503
6203,16,0.77356440,4.09089994
6204,16,0.69362515,2.55509591
6205,16,0.59149837,3.36639023
6206,16,0.87877738,2.85637641
6207,16,0.71947908,3.19240427
6208,16,0.61225665,2.32000136
6209,16,0.50386941,3.10498166
6210,16,0.68024325,3.86577415
6211,16,0.77596533,3.63654709
6212,16,0.69897974,3.46966839
6213,16,0.73124838,6.14739799
6214,16,0.73265493,3.14053273
6215,16,0.85670060,3.52885866
6216,16,0.61730063,3.96643400
6217,16,0.77040195,inf
6218,16,0.93604696,3.91808057
6219,16,0.79547912,4.01133680
6220,16,0.62187517,2.78243089
6221,16,0.76146400,5.72706890
6222,16,0.84401488,4.23387384
6223,16,0.84824914,3.27889395
6224,16,0.78019345,3.01398301
6225,16,0.87632215,4.38429022
6226,16,0.65248591,3.87216926
6227,16,0.94891584,4.02132273
6228,16,0.81255937,3.42870378
6229,16,0.88856226,3.00966668
6230,16,0.76737547,3.45152068
6231,16,0.84019291,4.12898111
6232,16,0.88065362,3.90567970
6233,16,0.57662010,1.99830425
6234,16,0.67458582,3.14578915
6235,16,0.72954559,2.22183585
6236,16,0.65888810,2.52024031
6237,16,0.72435832,2.56934047
6238,16,0.72534370,4.32902050
6239,16,0.91075468,4.94163132
6240,16,0.76011395,2.55279422
6241,16,0.61854565,3.21920323
6242,16,0.71874481,3.67575598
6243,16,0.89889377,3.50176406
6244,16,0.69495094,2.78219962
6245,16,0.68618858,2.56180143
6246,16,0.65539229,3.17290711
6247,16,0.74254769,2.59964967
6248,16,0.73588431,3.92211628
6249,16,0.72102749,3.24883699
6250,16,0.63774216,2.58498454
6251,16,0.67764270,3.27988601
6252,16,0.62164837,2.51552701
6253,16,0.50087881,2.45023251
6254,16,0.83539927,3.94593024
6255,16,0.82403171,4.17902040
6256,17,0.66738915,3.79972482
6257,17,0.60969329,2.86146665
6258,17,0.67217290,3.98928905
6259,17,0.75785840,3.15056705
6260,17,0.86241567,3.97328424
6261,17,0.46907735,3.04749584
6262,17,0.74570930,3.45855832
6263,17,0.74242610,4.02853775
6264,17,0.65995419,2.82720947
6265,17,0.72733200,5.11347580
6266,17,0.83379871,3.03219986
6267,17,0.80960763,3.81740046
6268,17,0.81984329,3.35365891
6269,17,0.69316560,4.23633862
6270,17,0.74678671,3.21957541
6271,17,0.58148694,2.23683262
6272,17,0.79483426,2.62252712
6273,17,0.64126909,1.77114105
6274,17,0.56365067,3.19587445
6275,17,0.77178442,2.90566015
6276,17,0.72711551,3.33444118
6277,17,0.62447548,2.72183728
6278,17,0.61619103,2.83038521
6279,17,0.71769297,4.66751766
6280,17,0.79325879,3.65324759
6281,17,0.52472436,2.61737299
6282,17,0.88986599,4.69571495
6283,17,0.76331234,4.93323851
6284,17,0.81889319,3.41427803
6285,17,0.68788558,2.53587127
6286,17,0.63109434,2.32541466
6287,17,0.71423042,2.94353461
6288,17,0.64301658,2.95275831
6289,17,0.85543478,5.07462645
6290,17,0.82973611,3.60785604
6291,17,0.67652106,3.08210921
6292,17,0.53737086,3.06509185
6293,17,0.73650455,4.31267071
6294,17,0.62836844,3.02417278
6295,17,0.84348178,3.33062744
6296,17,0.69479966,3.73491025
6297,17,0.78539896,4.35046482
6298,17,0.73112738,3.70085478
6299,17,0.62747175,2.84896278
6300,17,0.63160765,3.13984585
6301,17,0.75614679,3.38943791
6302,17,0.78356975,3.50384569
6303,17,0.69518554,3.16006970
6304,17,0.93027854,4.81396866
6305,17,0.75864315,5.06717396
6306,17,0.73031151,3.40768051
6307,17,0.81735772,4.87859154
6308,17,0.69884825,2.81190228
6309,17,0.78284550,3.79434276
6310,17,0.70059717,3.09026980
6311,17,0.67919111,3.85722136
6312,17,0.85936695,4.32938910
6313,17,0.73539209,2.89740896
6314,17,0.83097887,3.41527677
6315,17,0.84998357,3.54106903
6316,17,0.68042296,3.18198013
6317,17,0.73172063,4.36595964
6318,17,0.69011146,3.19745088
6319,17,0.74928093,2.53694105
6320,17,0.98951751,4.64276361
6321,17,0.68281066,2.54093146
6322,17,0.71072179,3.72103882
6323,17,0.60660589,2.32492328
6324,17,0.69709373,3.45104885
6325,17,0.59254497,2.37085319
6326,17,0.68307221,3.00108480
6327,17,0.63127017,3.58272910
6328,17,0.65610385,2.63060236
6329,17,0.70261812,2.67496824
6330,17,0.71284807,2.79067969
6331,17,0.76914096,2.89801764
6332,17,0.72387356,3.37962627
6333,17,0.65941179,3.26318789
6334,17,0.66708785,3.41217804
6335,17,0.75036657,3.72536159
6336,17,0.63989991,2.74825454
6337,17,0.75431287,3.11695337
6338,17,0.64196932,2.55638146
6339,17,0.79002249,3.20771337
6340,17,0.68037999,3.21234417
6341,17,0.65505219,5.88931179
6342,17,0.66398209,2.70671201
6343,17,0.65654600,3.22764492
6344,17,0.74338973,4.56742620
6345,17,0.68496412,2.37497354
6346,17,0.87941462,3.34207225
6347,17,0.79863310,3.56547475
6348,17,0.76201725,3.88368726
6349,17,0.63386089,3.47998762
6350,17,0.65795887,2.65929699
6351,17,0.81329769,2.57088947
6352,17,0.70724428,4.44089270
6353,17,0.77671254,6.49385548
6354,17,0.66641235,2.78417158
6355,17,0.84048748,3.11626744
6356,17,0.88339198,5.77509975
6357,17,0.98817581,3.91486239
6358,17,0.73101723,2.78439045
6359,17,0.69875848,2.74517894
6360,17,0.63506019,2.66520357
6361,17,0.76733929,2.73745131
6362,17,0.64047062,2.85965705
6363,17,0.71425462,3.13293552
6364,17,0.62124395,3.60407853
6365,17,0.75971407,3.73046446
6366,17,0.72250950,3.16715312
6367,17,0.82046425,4.14907455
6368,17,0.77549011,4.52828598
6369,17,0.74112093,4.40819740
6370,17,0.65371889,2.92031598
6371,17,0.73532677,2.49493980
6372,17,0.82685459,4.28334475
6373,17,0.79982293,2.72368264
6374,17,0.72496831,2.81365442
6375,17,0.61504149,2.55536222
6376,17,0.75567603,3.52961993
6377,17,0.78774786,3.03356504
6378,17,0.64588130,2.87735724
6379,17,0.74645340,2.86218309
6380,17,0.60376686,3.29321146
6381,17,0.84514010,2.98019195
6382,17,0.68523169,2.75411129
6383,17,0.67986512,3.49981618
6384,17,0.67065346,2.62005115
6385,17,0.58238119,3.21627259
6386,17,0.66842091,2.72288299
6387,17,0.79651868,4.57647514
6388,17,0.63489175,3.42340279
6389,17,0.99770403,4.07217598
6390,17,0.73593581,2.10975790
6391,17,0.64741552,2.03842974
6392,17,0.69644952,3.93296027
6393,17,0.70799762,4.17145872
6394,17,0.76585090,3.52547741
6395,17,0.63874102,2.56698585
6396,17,0.79685014,2.59593892
6397,17,0.63790631,3.34173393
6398,17,0.65952516,3.14784265
6399,17,0.73588222,3.10775137
6400,17,0.78934395,4.49215031
6401,17,0.64695597,3.07406402
6402,17,0.67249358,3.25613689
6403,17,0.63883519,2.99211049
6404,17,0.72736257,3.79061747
6405,17,0.67151570,3.71218777
6406,17,0.87555850,4.02794218
6407,17,0.66220176,3.73371005
6408,17,0.76510251,3.19386053
6409,17,0.66108829,3.90775776
6410,17,0.69263303,3.71416044
6411,17,0.74557436,3.91468406
6412,17,0.80658108,3.07662773
6413,17,0.61267853,2.47567987
6414,17,0.74085033,3.53376842
6415,17,0.90437311,3.12826347
6416,17,0.58878738,4.23043919
6417,17,0.76102996,4.12362432
6418,17,0.54654944,2.47498345
6419,17,0.74679965,2.85855412
6420,17,0.64634347,3.76776814
6421,17,0.81322503,3.66139078
6422,17,0.70051253,3.31732965
6423,17,0.91045189,4.06521940
6424,17,0.66145027,2.97615457
6425,17,0.72801453,3.16325355
6426,17,0.83050293,4.46819592
6427,17,0.63683629,2.33695817
6428,17,0.73670191,3.25923252
6429,17,0.71572202,2.91811132
6430,17,0.72405362,3.90966964
6431,17,0.73720205,2.89224863
6432,17,0.58867782,2.47795177
6433,17,0.83080000,3.05690789
6434,17,0.57297724,3.35403562
6435,17,0.68851876,2.87552762
6436,17,0.91099614,4.84145212
6437,17,0.80298090,3.59004235
6438,17,0.68611783,3.70284772
6439,17,0.58157051,2.62057757
6440,17,0.63315678,2.56082678
6441,17,0.79581058,3.28927422
6442,17,0.72888404,3.25974393
6443,17,0.75568140,2.97672629
6444,17,0.94937325,4.11781836
6445,17,0.87515187,4.56500721
6446,17,0.75743651,3.29682660
6447,17,0.79589063,2.70744467
6448,17,0.55925405,2.02759552
6449,17,0.68651313,4.56753111
6450,17,0.74094975,4.34781647
6451,17,0.75711405,3.37547803
6452,17,0.68550521,2.11736131
6453,17,0.68703866,2.33514786
6454,17,0.81903887,3.66559887
6455,17,0.62824571,2.57436085
6456,17,0.92312968,4.81168842
6457,17,0.80001903,3.71935558
6458,17,0.95695317,4.56794977
6459,17,0.86262918,3.29925108
6460,17,0.79067534,2.61131692
6461,17,0.74398410,2.69409156
6462,17,0.71198225,2.25583673
6463,17,0.82995516,2.11661530
6464,17,0.83016789,3.78772449
6465,17,0.88035274,3.19028926
6466,17,0.78554225,3.91606998
6467,17,0.80796009,3.57023144
6468,17,0.66988993,2.97578597
6469,17,0.71827197,2.02540636
6470,17,0.75812495,3.40612578
6471,17,0.62144578,3.08197927
6472,17,0.68659484,2.51569343
6473,17,0.68267292,2.83994555
6474,17,0.80118966,5.17789793
6475,17,0.75904453,3.45414400
6476,17,0.59188664,3.32668114
6477,17,0.78484160,2.85254407
6478,17,0.65172911,3.43134141
6479,17,0.82127523,4.27416420
6480,17,0.67975736,3.03174400
6481,17,0.68216634,3.56544709
6482,17,0.66019070,3.39252257
6483,17,0.74579847,3.67336679
6484,17,0.70900685,2.65109682
6485,17,0.48278272,3.95483375
6486,17,0.69596189,3.34841204
6487,17,0.68139851,3.58516359
6488,17,0.77299881,3.20397115
6489,17,0.60339415,2.85268021
6490,17,0.80395818,5.14761639
6491,17,0.74020326,2.72782493
6492,17,0.67446005,2.83251309
6493,17,0.69282627,2.96262479
6494,17,0.63432002,2.95576692
6495,17,0.74921232,3.92752409
6496,17,0.77554119,2.82003689
6497,17,0.76083320,3.23881507
6498,17,0.66271198,2.79870796
6499,17,0.70716465,3.11803460
6500,17,0.59759617,3.94925022
6501,17,0.66648006,3.07747316
6502,17,0.51529837,2.96435738
6503,17,0.65968430,2.17606974
6504,17,0.61314881,2.20815277
6505,17,0.75867593,2.96888161
6506,17,0.67751044,2.84207964
6507,17,0.55699646,2.93041801
6508,17,0.72881252,2.86608720
6509,17,0.61792755,3.44481897
6510,17,0.75073999,4.38128328
6511,17,0.66276479,5.12722588
6512,17,0.60192293,2.79606986
6513,17,0.66195422,3.63337493
6514,17,0.75293148,2.54786325
6515,17,0.75656509,5.15296936
6516,17,0.86270332,6.59106207
6517,17,0.73326820,3.11426950
6518,17,0.81156856,3.69112229
6519,17,0.70827186,3.08428741
6520,17,0.73553860,3.67605233
6521,17,0.60194153,2.70510125
6522,17,0.76270396,4.15988636
6523,17,0.66148448,3.20291710
6524,17,0.64742887,3.13181901
6525,17,0.92040271,3.42145419
6526,17,0.70734525,3.46739602
6527,17,0.66678077,3.21473765
6528,17,0.97211778,4.73014402
6529,17,0.83581150,4.33758593
6530,17,0.69813704,3.72751522
6531,17,0.57889950,2.48858595
6532,17,0.73205334,3.73102760
6533,17,0.70256293,4.09232521
6534,17,0.90118015,3.78509068
6535,17,0.99560249,3.50493789
6536,17,0.65559018,2.40400267
6537,17,0.76087266,3.09213829
6538,17,0.70099550,3.90705585
6539,17,0.60534906,3.29254317
6540,17,0.82976311,2.78322053
6541,17,0.87528980,2.77032757
6542,17,0.64504266,2.34550619
6543,17,0.64982617,3.16162372
6544,17,0.73780572,4.67592525
6545,17,0.42424774,2.20369434
6546,17,0.77762723,3.23512244
6547,17,0.67639101,3.22948456
6548,17,0.79561770,2.58442116
6549,17,0.69140404,6.18837738
6550,17,0.82584441,3.60638833
6551,17,0.68754107,4.17829657
6552,17,0.69442296,3.82105112
6553,17,0.66451752,4.84059763
6554,17,0.66286367,2.41990924
6555,17,0.64619315,3.21832013
6556,17,0.56103814,2.35348034
6557,17,0.65453041,2.69047451
6558,17,0.86894697,4.65429020
6559,17,0.69064730,4.34247589
6560,17,0.79606396,3.07652259
6561,17,0.66094434,3.35058475
6562,17,0.97815788,5.03818703
6563,17,0.55381894,2.91989827
6564,17,0.72154999,3.54355979
6565,17,0.67324030,2.45422363
6566,17,0.77582926,4.36865330
6567,17,0.84435666,3.07878089
6568,17,0.55365705,2.40822124
6569,17,0.53962910,3.76339483
6570,17,0.68039680,2.75312233
6571,17,0.60774529,3.50087762
6572,17,0.78674346,3.13146615
6573,17,0.63411617,3.27575088
6574,17,0.66392654,2.78900838
6575,17,0.71969354,2.90550542
6576,17,0.63269544,2.58345294
6577,17,0.61133265,2.48244405
6578,17,0.77260667,3.29166961
6579,17,0.60283577,2.68357730
6580,17,0.77964389,3.26584744
6581,17,0.71955705,3.49890876
6582,17,0.71514964,3.45878363
6583,17,0.77860922,2.93847179
6584,17,0.65762258,3.36774635
6585,17,0.53576505,4.07054710
6586,17,0.74616832,4.43000650
6587,17,0.65579700,2.73397470
6588,17,0.69396192,2.75290394
6589,17,0.67188221,3.76456261
6590,17,0.74329156,3.04161811
6591,17,0.65337002,2.36122417
6592,17,0.74667072,2.97131896
6593,17,0.80269247,3.01717281
6594,17,0.84795064,4.56022263
6595,17,0.56867480,3.53062868
6596,17,0.68615800,2.60465479
6597,17,0.56357336,2.86115980
6598,17,0.67481089,3.45360088
6599,17,0.85205507,3.79836941
6600,17,0.57817566,2.82408619
6601,17,0.58113354,2.71745872
6602,17,0.71006083,2.99271774
6603,17,0.45767719,3.08300233
6604,17,0.68286359,3.18158770
6605,17,0.60127968,2.91870332
6606,17,0.74765062,4.89189768
6607,17,0.64387864,3.01009893
6608,17,0.76029289,3.28791499
6609,17,0.59616321,3.21125197
6610,17,0.71943158,2.76142001
6611,17,0.68498468,4.25774240
6612,17,0.75576508,3.68784857
6613,17,0.69255280,3.21192336
6614,17,0.66247356,2.80544519
6615,17,0.77923226,3.83839750
6616,17,0.73876715,2.91726398
6617,17,0.86204469,2.92363858
6618,17,0.66467541,2.98150539
6619,17,0.66530156,2.62509274
6620,17,0.66903424,3.27406073
6621,17,0.82145894,4.23135090
6622,17,0.84924388,3.13392591
6623,17,0.67288637,3.16927433
6624,17,0.60977948,2.11263204
6625,17,0.68136954,2.83169627
6626,17,0.69772661,3.14768887
6627,17,0.80265045,2.68387866
6628,17,0.67138779,3.07017159
6629,17,0.68538511,2.76284528
6630,17,0.90484774,6.01668978
6631,17,0.68385184,2.44938588
6632,17,0.83971792,3.48312569
6633,17,0.75024092,3.36189818
6634,17,0.80130494,3.77828646
6635,17,0.65701318,2.72087693
6636,17,0.78683132,3.11628389
6637,17,0.83875591,3.34800744
6638,17,0.83983594,3.96722841
6639,17,0.54497910,1.90399730
6640,17,0.70818496,3.08085299
6641,17,0.86550188,4.36721563
6642,17,0.69849116,2.20171785
6643,17,0.80577183,3.68470526
6644,17,0.75141454,3.86275196
6645,17,0.71441495,3.66946650
6646,17,0.92648709,4.69867182
6647,18,0.78615880,2.46513534
6648,18,0.77498507,3.27108455
6649,18,0.99780703,3.34066892
6650,18,0.65121800,2.55994821
6651,18,0.69084179,2.86504865
6652,18,0.47414675,1.80996728
6653,18,0.79934567,2.83982325
6654,18,0.80250996,3.97504592
6655,18,0.81401628,2.83648348
6656,18,0.65287912,2.76780248
6657,18,0.76768917,3.56063008
6658,18,0.76215512,3.47305894
6659,18,0.72755164,3.72904181
6660,18,0.88238668,4.59395599
6661,18,0.64289200,2.79102039
6662,18,0.56597269,2.35526586
6663,18,0.79147685,3.36303687
6664,18,0.89435577,3.09480906
6665,18,0.65092194,2.98677325
6666,18,0.52288026,2.95220375
6667,18,0.91856080,3.67542696
6668,18,0.72057897,6.17659187
6669,18,0.66802275,3.38227034
6670,18,0.64663064,3.82672596
6671,18,0.64421946,3.56217742
6672,18,0.60415208,3.12063813
6673,18,0.62439919,3.87562227
6674,18,0.63665396,2.93942690
6675,18,0.62693161,3.27255464
6676,18,0.57853651,2.44021153
6677,18,0.77916563,3.37718487
6678,18,0.66950095,4.46113062
6679,18,0.61919272,2.53637242
6680,18,0.75266588,4.19195795
6681,18,0.80373210,2.71051955
6682,18,0.69624114,3.88476324
6683,18,0.75239736,3.35974312
6684,18,0.68379551,3.42055464
6685,18,0.78654492,3.05206537
6686,18,0.77475023,2.47842550
6687,18,0.53220654,2.82550645
6688,18,0.74049485,3.51542854
6689,18,0.71297109,2.95492768
6690,18,0.61365902,2.29650450
6691,18,0.65607488,2.78378654
6692,18,0.63325614,4.68883371
6693,18,0.88637739,5.36042166
6694,18,0.73497450,3.79269767
6695,18,0.71360838,2.99129415
6696,18,0.72112620,3.80902815
6697,18,0.67361534,3.54004836
6698,18,0.68395752,3.58570027
6699,18,0.61433303,3.28100157
6700,18,0.78408599,4.03743553
6701,18,0.56704628,1.85722923
6702,18,0.70726585,3.00723314
6703,18,0.64867115,3.02879024
6704,18,0.74263263,3.01810884
6705,18,0.67798394,3.50384545
6706,18,0.66327453,4.44898224
6707,18,0.90276968,3.62120223
6708,18,0.78683400,3.21437335
6709,18,0.69490242,4.83101940
6710,18,0.53398186,2.29744577
6711,18,0.79045862,3.27916074
6712,18,0.59785450,3.28216171
6713,18,0.84277797,3.91651702
6714,18,0.64153117,2.73515368
6715,18,0.77173054,3.76465273
6716,18,0.69886553,3.78286719
6717,18,0.75886488,3.42852521
6718,18,0.49221796,2.58077717
6719,18,0.82917696,3.28964090
6720,18,0.79906315,5.00673676
6721,18,0.61787808,4.26217175
6722,18,0.59003687,2.54571486
6723,18,0.76272339,4.01074362
6724,18,0.75431323,3.01146603
6725,18,0.74832046,3.65361714
6726,18,0.64351624,2.75968099
6727,18,0.67988354,2.78717828
6728,18,0.73038870,2.60678244
6729,18,0.74464011,3.97395706
6730,18,0.55522239,3.52788544
6731,18,0.68086982,2.47166800
6732,18,0.83835155,3.51718950
6733,18,0.64151967,3.45793843
6734,18,0.61366451,2.53314400
6735,18,0.77649868,3.24562120
6736,18,0.69616246,5.12884521
6737,18,0.57606184,2.69047403
6738,18,0.69473875,3.37490678
6739,18,0.61733198,3.91676307
6740,18,0.64638841,3.14915609
6741,18,0.63224185,4.39061165
6742,18,0.66337913,4.17608356
6743,18,0.76850557,2.99043393
6744,18,0.71579260,3.11121631
6745,18,0.86181474,4.60976315
6746,18,0.75734842,2.97757292
6747,18,0.76545441,3.50019431
6748,18,0.65981209,4.35925961
6749,18,0.75142765,3.43401694
6750,18,0.75779271,3.84188628
6751,18,0.69550872,3.93529844
6752,18,0.67812669,3.32863426
6753,18,0.57814854,3.17890954
6754,18,0.74562967,3.06660485
6755,18,0.68538702,4.11750460
6756,18,0.84366387,3.55420208
6757,18,0.79941493,3.63989544
6758,18,0.78526783,4.13887405
6759,18,0.73633528,3.67625427
6760,18,0.73881221,2.55006766
6761,18,0.72072852,2.91327834
6762,18,0.72677243,3.63849759
6763,18,0.60065722,2.27232409
6764,18,0.84026885,4.01136827
6765,18,0.87655860,3.25633478
6766,18,0.72770029,3.76816487
6767,18,0.67353237,4.02994394
6768,18,0.81527734,4.08617353
6769,18,0.72669220,4.23801804
6770,18,0.76442140,4.07411146
6771,18,0.76175666,3.97508645
6772,18,0.69629401,3.05022216
6773,18,0.59949046,3.57178855
6774,18,0.73143232,3.46303511
6775,18,0.77064013,3.22148752
6776,18,0.63587338,3.05948257
6777,18,0.71238160,3.07449269
6778,18,0.61239207,4.55713749
6779,18,0.76158822,3.35828805
6780,18,0.56951046,2.92351508
6781,18,0.76001817,3.76220584
6782,18,0.70344192,2.96951771
6783,18,0.66993111,3.62919259
6784,18,0.69203579,4.28633833
6785,18,0.66343832,3.46143317
6786,18,0.62279940,3.12364888
6787,18,0.59207439,4.96480799
6788,18,0.77941102,3.58107972
6789,18,0.76089048,3.50915051
6790,18,0.74298787,5.07423639
6791,18,0.77217448,2.86222410
6792,18,0.48824584,3.24443436
6793,18,0.69037187,3.87554049
6794,18,0.93060017,5.05247116
6795,18,0.52936256,3.36557937
6796,18,0.76489031,4.39510250
6797,18,0.81473231,2.54652739
6798,18,0.73940742,4.71706963
6799,18,0.91156465,3.40985870
6800,18,0.64837778,2.36686301
6801,18,0.73522085,2.86499166
6802,18,0.59075034,4.07377195
6803,18,0.71291292,2.72248483
6804,18,0.74120557,4.31160259
6805,18,0.57475382,2.16068339
6806,18,0.55418962,2.17712331
6807,18,0.51404017,2.89562893
6808,18,0.84616947,2.76710272
6809,18,0.76280499,3.10424852
6810,18,0.60375375,2.69223547
6811,18,0.71787292,3.42286205
6812,18,0.64705777,2.97692680
6813,18,0.72743809,2.32925677
6814,18,0.50212675,3.28211665
6815,18,0.82792306,2.54146194
6816,18,0.97296286,4.43786812
6817,18,0.87336874,5.80987644
6818,18,0.66372222,2.73167753
6819,18,0.64347613,5.12953806
6820,18,0.67015731,3.52330017
6821,18,0.66451025,3.02171803
6822,18,0.95665425,4.86600971
6823,18,0.57578784,2.77387214
6824,18,0.51851392,3.01734352
6825,18,0.72273076,3.35096502
6826,18,0.86020684,2.88563299
6827,18,0.79225683,4.15351963
6828,18,0.65845537,3.96281934
6829,18,0.69941652,3.98114181
6830,18,0.68858510,3.97589183
6831,18,0.53717476,2.38971138
6832,18,0.65133417,3.89167929
6833,18,0.66604125,2.81395912
6834,18,0.65631890,2.55635762
6835,18,0.79368722,3.00328016
6836,18,0.79095066,3.28940105
6837,18,0.69458950,3.54881835
6838,18,0.87361538,4.76625490
6839,18,0.63151783,3.92841172
6840,18,0.76217866,3.41886926
6841,18,0.57957256,2.72442770
6842,18,0.66296303,3.40468621
6843,18,0.78798783,4.08469725
6844,18,0.51364958,2.87453747
6845,18,0.72825313,2.77107286
6846,18,0.59837353,2.06585717
6847,18,0.66593909,3.23048234
6848,18,0.61407906,3.25212121
6849,18,0.70799160,2.90289545
6850,18,0.55241501,3.19328809
6851,18,0.63046193,2.91310930
6852,18,0.66313392,2.13471985
6853,18,0.55743039,3.08502579
6854,18,0.80147916,2.80425406
6855,18,0.58686453,2.22338629
6856,18,0.57057410,2.00932693
6857,18,0.71185189,5.86062002
6858,18,0.55620521,1.96834600
6859,18,0.90438664,4.01386690
6860,18,0.74863523,3.66776633
6861,18,0.74004388,3.42430449
6862,18,0.58591759,2.33196163
6863,18,0.71973515,3.77099514
6864,18,0.68551654,3.32102776
6865,18,0.68350893,3.51558971
6866,18,0.58982563,2.76796246
6867,18,0.60860705,3.01236224
6868,18,0.63766468,4.43580389
6869,18,0.55940461,2.45545149
6870,18,0.60986531,4.11827087
6871,18,0.77367079,3.96937418
6872,18,0.67626166,2.28700805
6873,18,0.64468288,3.03203082
6874,18,0.71083224,4.21227932
6875,18,0.39173329,1.71960199
6876,18,0.74268919,3.84556675
6877,18,0.65037537,3.84974933
6878,18,0.63376164,3.29778743
6879,18,0.90458101,8.73647022
6880,18,0.68905926,3.31710982
6881,18,0.54483360,2.49091840
6882,18,0.72374272,2.94693136
6883,18,0.72222519,3.32228065
6884,18,0.76057100,2.58785200
6885,18,0.71824473,3.05639124
6886,18,0.61341077,3.03806949
6887,18,0.79475296,3.78828001
6888,18,0.71272898,2.74786711
6889,18,0.72422647,2.94357538
6890,18,0.71822774,2.90422273
6891,18,0.68380994,3.21990299
6892,18,0.46981233,1.59864867
6893,18,0.74127281,3.26415467
6894,18,0.87307489,5.48807478
6895,18,0.72150779,2.73465586
6896,18,0.68474078,2.57928157
6897,18,0.79516101,4.29602432
6898,18,0.64399755,2.43373728
6899,18,0.65445745,2.71828127
6900,18,0.78518856,3.24576831
6901,18,0.58839273,2.55237150
6902,18,0.89765990,3.51623893
6903,18,0.61830288,1.98869979
6904,18,0.72399116,2.96509194
6905,18,0.71278745,3.48331642
6906,18,0.52979046,2.53247166
6907,18,0.66277099,2.92053270
6908,18,0.54302233,3.05095100
6909,18,0.68715465,4.80881929
6910,18,0.50571752,2.60537219
6911,18,0.72042143,3.08313942
6912,18,0.68019098,2.84947038
6913,18,0.77738702,3.81845331
6914,18,0.74280566,3.64550591
6915,18,0.58002603,3.09595132
6916,18,0.66557586,3.22718167
6917,18,0.74215364,2.43827319
6918,18,0.83397144,3.92991543
6919,18,0.90450013,4.36392879
6920,18,0.62614673,3.78232837
6921,18,0.60593373,3.35497856
6922,18,0.70247775,3.09667945
6923,18,0.76824111,3.59868598
6924,18,0.65459311,2.86037445
6925,18,0.59531498,2.50150418
6926,18,0.52303761,2.73005414
6927,18,0.61600918,2.61156917
6928,18,0.65633106,2.58123851
6929,18,0.69584674,2.46031594
6930,18,0.70942402,3.73256731
6931,18,0.63712060,2.82773995
6932,18,0.62050176,4.30367231
6933,18,0.75910902,4.52861547
6934,18,0.55118114,2.36339903
6935,18,0.72669852,3.54062915
6936,18,0.68428755,3.73612213
6937,18,0.77906275,3.93316674
6938,18,0.91124320,4.87366819
6939,18,0.78962040,3.78160667
6940,18,0.70121765,3.33832669
6941,18,0.74788821,2.98848152
6942,18,0.69964314,2.76927614
6943,18,0.78951716,3.18651104
6944,18,0.78157061,2.95438623
6945,18,0.81389296,3.78647208
6946,18,0.71026564,3.86113739
6947,18,0.70102811,4.94939661
6948,18,0.67259949,3.29795289
6949,18,0.67242008,2.42334390
6950,18,0.75674963,2.86019778
6951,18,0.63620722,2.43135786
6952,18,0.77987719,4.99424028
6953,18,0.68508738,3.01450729
6954,18,0.72079253,2.81149030
6955,18,0.72309446,3.04983330
6956,18,0.76974392,3.07554173
6957,18,0.54205358,1.82642424
6958,18,0.75677133,3.41172624
6959,18,0.70327306,3.05705571
6960,18,0.76015842,2.86657882
6961,18,0.77151978,3.66672540
6962,18,0.66453809,3.51761651
6963,18,0.69826120,3.30397868
6964,18,0.76824951,3.54173493
6965,18,0.72676599,2.78234577
6966,18,0.76701552,3.61093187
6967,18,0.70888221,3.79526472
6968,18,0.70554340,3.09342360
6969,18,0.66625726,3.50520968
6970,18,0.88464385,4.31347418
6971,18,0.85031438,5.79640198
6972,18,0.62791592,2.60375071
6973,18,0.69819117,3.41722417
6974,18,0.57924956,3.03283215
6975,18,0.81384122,2.52030230
6976,18,0.69181716,3.61920786
6977,18,0.57313818,2.92798233
6978,18,0.66078746,3.05752373
6979,18,0.71288037,3.39551926
6980,18,0.81858081,5.30578899
6981,18,0.78725743,3.11791515
6982,18,0.68295193,3.35498285
6983,18,0.65509868,2.49163342
6984,18,0.56783015,4.33006763
6985,18,0.68840551,3.05942464
6986,18,0.71323967,2.82267570
6987,18,0.69288826,4.85827589
6988,18,0.58953989,3.01705766
6989,18,0.64369118,2.95396590
6990,18,0.91738415,2.66649365
6991,18,0.87621909,4.13080025
6992,18,0.74070048,4.61674833
6993,18,0.74441862,3.46794200
6994,18,0.62985694,3.07768154
6995,18,0.69506717,3.35011601
6996,18,0.60800350,5.03769207
6997,18,0.79149318,3.78341150
6998,18,0.83218658,3.74085951
6999,18,0.73314679,4.44466162
7000,18,0.86571562,6.06989717
7001,18,0.67763317,4.92116499
7002,18,0.61292386,3.25554228
7003,18,0.72140151,3.00165629
7004,18,0.72439730,2.86949372
7005,18,0.69511235,4.15424538
7006,18,0.66259372,3.12775159
7007,18,0.72134745,4.10191107
7008,18,0.82003266,3.43336201
7009,18,0.69072306,3.72774339
7010,18,0.67366087,4.70204544
7011,18,0.78693497,5.26492834
7012,18,0.82335609,2.86782527
7013,18,0.87050366,2.70255876
7014,18,0.77637559,4.12386942
7015,18,0.62360907,3.03945160
7016,18,0.77944136,2.99212980
7017,18,0.57914460,3.57067442
7018,18,0.82964182,3.61605740
7019,18,0.78964841,3.14665294
7020,18,0.98795027,8.66350937
7021,18,0.58895260,2.23906374
7022,18,0.61934441,3.40173912
7023,18,0.77666807,3.40448046
7024,18,0.74378622,4.30141354
7025,18,0.71498573,3.81659770
7026,18,0.61624748,2.47400379
7027,18,0.59801102,3.17010903
7028,18,0.71412396,3.36971331
7029,18,0.81207448,3.49669456
7030,18,0.59845650,3.47289562
7031,18,0.66891295,2.56924534
7032,18,0.70345008,3.27771306
7033,18,0.66582704,3.47662711
7034,18,0.79866093,4.17676973
7035,18,0.82122803,4.43757391
7036,18,0.63612342,2.59702706
7037,18,0.75426799,4.10630703
7038,19,0.90391237,4.02442074
7039,19,0.51564598,2.40418530
7040,19,0.65724480,2.65214229
7041,19,0.69272220,4.36393785
7042,19,0.67782015,5.35441303
7043,19,0.69419205,3.27770805
7044,19,0.65613616,3.72026539
7045,19,0.78333139,3.14996839
7046,19,0.64910114,2.75736070
7047,19,0.80948555,4.05851078
7048,19,0.55177033,3.43435431
7049,19,0.63668513,2.30913591
7050,19,0.56402814,2.80736327
7051,19,0.51098937,2.86168051
7052,19,0.57674861,2.79395342
7053,19,0.67661947,4.17252779
7054,19,0.69745851,3.62472391
7055,19,0.79245418,3.62769389
7056,19,0.71512598,2.30883121
7057,19,0.74575067,3.46587849
7058,19,0.69029605,2.35803175
7059,19,0.53175312,2.05432105
7060,19,0.59081894,2.11923933
7061,19,0.64396399,3.25231194
7062,19,0.70260584,2.71789861
7063,19,0.58868152,2.46174169
7064,19,0.53917038,2.64218259
7065,19,0.59295297,3.19340920
7066,19,0.64166081,2.98620081
7067,19,0.71599030,3.47571158
7068,19,0.71083724,3.25809932
7069,19,0.83484370,3.01573133
7070,19,0.67126703,2.60816097
7071,19,0.56969988,2.52822900
7072,19,0.75797844,2.32345271
7073,19,0.52081919,1.90457535
7074,19,0.63128388,2.69384575
7075,19,0.71762323,2.70900559
7076,19,0.70968449,3.73620749
7077,19,0.56844258,2.83577132
7078,19,0.65418196,2.67741632
7079,19,0.63946784,5.38410568
7080,19,0.79067594,3.89386797
7081,19,0.67460555,3.21430421
7082,19,0.73672545,3.80592704
7083,19,0.64151728,1.93032813
7084,19,0.62984490,3.17712092
7085,19,0.68422431,3.87133431
7086,19,0.79629338,4.75177050
7087,19,0.62995279,3.75378299
7088,19,0.66741413,4.43938398
7089,19,0.70734352,4.93448353
7090,19,0.74857777,2.45749760
7091,19,0.69344109,3.43456483
7092,19,0.64793086,2.76998663
7093,19,0.70825845,3.61087990
7094,19,0.59113193,2.51703715
7095,19,0.79936522,3.47441959
7096,19,0.58014119,3.62359738
7097,19,0.83854401,2.64410758
7098,19,0.74913108,3.33788228
7099,19,0.76082689,3.66781974
7100,19,0.87729502,5.78922415
7101,19,0.64371222,2.63607597
7102,19,0.68138981,2.98661590
7103,19,0.77948231,3.51028895
7104,19,0.74121976,4.61859608
7105,19,0.71812809,4.21987867
7106,19,0.71374935,2.60447669
7107,19,0.89587760,3.22519040
7108,19,0.82873571,5.26740694
7109,19,0.57907116,3.06802535
7110,19,0.69373882,2.79340076
7111,19,0.72297120,4.86459446
7112,19,0.65941811,2.74110079
7113,19,0.93410259,3.43529487
7114,19,0.70571637,3.38407183
7115,19,0.67539513,3.75245667
7116,19,0.57075036,2.93250299
7117,19,0.64642495,2.65547037
7118,19,0.59505445,2.82006025
7119,19,0.82183421,2.59017563
7120,19,0.68273306,2.78490162
7121,19,0.65871251,2.28187966
7122,19,0.64409697,2.48397970
7123,19,0.75721526,3.49422646
7124,19,0.71323848,2.72623587
7125,19,0.41951263,3.77313495
7126,19,0.67448539,3.20279336
7127,19,0.53507334,2.27507448
7128,19,0.66133869,4.20030642
7129,19,0.55877739,2.73355174
7130,19,0.63474166,3.71915007
7131,19,0.69995177,4.06144047
7132,19,0.70513445,4.16422606
7133,19,0.64904010,2.98911333
7134,19,0.69110930,3.43251395
7135,19,0.44888276,2.38490820
7136,19,0.73437071,3.57199979
7137,19,0.55782568,3.17076421
7138,19,0.62233299,4.41008425
7139,19,0.69565380,4.21426296
7140,19,0.64093840,3.12292290
7141,19,0.53473091,2.20424914
7142,19,0.61239541,2.40894604
7143,19,0.50632071,2.86222935
7144,19,0.65163606,3.23793626
7145,19,0.78383607,4.05803156
7146,19,0.87683594,6.17144108
7147,19,0.75594008,4.13322258
7148,19,0.62403786,2.80692434
7149,19,0.67368066,3.21382904
7150,19,0.72682995,3.49439025
7151,19,0.63334477,3.69271541
7152,19,0.61859119,2.49227071
7153,19,0.69371450,4.52218342
7154,19,0.73568487,4.05292988
7155,19,0.60985976,2.89036894
7156,19,0.63634205,2.26341653
7157,19,0.62822795,3.36238456
7158,19,0.65138561,4.10218287
7159,19,0.63121963,2.49783683
7160,19,0.69048321,3.42583704
7161,19,0.64608848,3.69378686
7162,19,0.78382355,3.25597620
7163,19,0.69983256,5.45037794
7164,19,0.82595623,4.28835392
7165,19,0.71273339,2.87119246
7166,19,0.64966607,4.34187841
7167,19,0.93920201,3.94935012
7168,19,0.77078182,4.84809780
7169,19,0.62936121,2.55826283
7170,19,0.90210831,4.21632338
7171,19,0.69169670,3.56885695
7172,19,0.68549836,3.30392790
7173,19,0.68535125,2.78224158
7174,19,0.73223376,2.69378591
7175,19,0.72261024,3.74842477
7176,19,0.77579987,3.95007062
7177,19,0.77953947,3.29871035
7178,19,0.73006034,3.08049536
7179,19,0.73407173,3.87967801
7180,19,0.87157500,3.84788227
7181,19,0.64129353,3.35977793
7182,19,0.62073445,3.45883942
7183,19,0.80714047,2.97338891
7184,19,0.55278409,2.97959352
7185,19,0.75911123,3.66048002
7186,19,0.81780457,3.39806700
7187,19,0.59334689,4.31221962
7188,19,0.69843239,3.63765788
7189,19,0.74475950,3.22386956
7190,19,0.83713281,2.69599724
7191,19,0.76619357,2.76679349
7192,19,0.74515152,3.64854383
7193,19,0.90190923,5.85883951
7194,19,0.84617221,3.97101736
7195,19,0.65360343,3.58097315
7196,19,0.76713282,3.68536997
7197,19,0.66208947,2.49692488
7198,19,0.72609508,6.21507406
7199,19,0.66673112,4.20449781
7200,19,0.85196066,3.50846791
7201,19,0.77636361,4.01156569
7202,19,0.80689108,3.70407963
7203,19,0.62618464,3.58574677
7204,19,0.67201674,3.29771924
7205,19,0.79659718,2.77270103
7206,19,0.79961097,3.49195528
7207,19,0.74443197,3.13095236
7208,19,0.64109999,3.12419438
7209,19,0.71427828,6.94923639
7210,19,0.72476321,2.98252416
7211,19,0.74946076,4.05253744
7212,19,0.67206854,3.80973649
7213,19,0.65192187,3.88950968
7214,19,0.86198592,3.47918177
7215,19,0.67158091,3.17809415
7216,19,0.73612988,3.26062918
7217,19,0.82747853,2.82210350
7218,19,0.77579331,2.81168199
7219,19,0.71093833,2.71371174
7220,19,0.63315320,3.43967581
7221,19,0.59838468,2.44394302
7222,19,0.65188086,3.06225514
7223,19,0.70530111,3.14742446
7224,19,0.64806908,3.99826574
7225,19,0.63807696,2.66403270
7226,19,0.56757653,2.00117016
7227,19,0.52968252,2.60336828
7228,19,0.62041688,2.10614252
7229,19,0.73912477,3.30279541
7230,19,0.52383673,3.61706614
7231,19,0.74475479,3.83919048
7232,19,0.73515189,3.27862620
7233,19,0.65400791,3.01148510
7234,19,0.75788808,3.39797139
7235,19,0.71568966,4.56689930
7236,19,0.77737892,3.89298248
7237,19,0.68377084,4.04294348
7238,19,0.61962950,2.83351398
7239,19,0.82546252,3.24198914
7240,19,0.65424109,2.74173260
7241,19,0.67096370,3.35813475
7242,19,1.00072098,3.84034729
7243,19,0.84422719,5.30924797
7244,19,0.61174667,2.03130293
7245,19,0.54886377,2.88170266
7246,19,0.62797004,2.69143224
7247,19,0.88733906,4.49695015
7248,19,0.77202767,2.90952659
7249,19,0.68908012,2.34849405
7250,19,0.70599997,2.99048233
7251,19,0.77251571,2.89385533
7252,19,0.65537000,2.58876491
7253,19,0.85117102,3.46706796
7254,19,0.77396178,2.54997087
7255,19,0.82766587,2.89684319
7256,19,0.62081045,3.08261490
7257,19,0.77021790,3.07867050
7258,19,0.71728921,4.17293835
7259,19,0.52825773,2.33164811
7260,19,0.78884685,3.04060674
7261,19,0.65911323,2.28453732
7262,19,0.79166710,3.49173665
7263,19,0.68058848,3.21565700
7264,19,0.72922879,3.28657198
7265,19,0.51171547,2.53702879
7266,19,0.71311092,3.06580925
7267,19,0.49964014,2.51387239
7268,19,0.53105795,3.77347827
7269,19,0.63278699,3.03491950
7270,19,0.70155442,3.95353675
7271,19,0.58202368,3.35112190
7272,19,0.63972902,3.28523397
7273,19,0.78188324,5.12876749
7274,19,0.76246059,3.18827057
7275,19,0.67898417,3.65889072
7276,19,0.66955495,4.11201000
7277,19,0.65594953,2.73723793
7278,19,0.72397172,4.05043030
7279,19,0.72357589,4.76281118
7280,19,0.70159161,4.56655931
7281,19,0.67362279,3.04156852
7282,19,0.60996908,4.50669146
7283,19,0.66287553,4.07955647
7284,19,0.76424229,2.84545422
7285,19,0.73856801,3.25589442
7286,19,0.75038785,5.16206026
7287,19,0.63647932,3.43119168
7288,19,0.96641564,3.71879816
7289,19,0.73731518,3.71626925
7290,19,0.67205739,4.08887959
7291,19,0.51393044,2.35727930
7292,19,0.82122970,3.47435880
7293,19,0.70799696,6.95333815
7294,19,0.76952279,2.21416426
7295,19,0.73906589,2.56628132
7296,19,0.83604264,3.55540252
7297,19,0.74507380,2.81323862
7298,19,0.84083498,3.55000114
7299,19,0.82342082,3.13443995
7300,19,0.89551222,3.75995183
7301,19,0.93503368,3.95712733
7302,19,0.65727329,3.96489406
7303,19,0.64038348,3.66471672
7304,19,0.66891313,3.15949535
7305,19,0.64553666,3.14719129
7306,19,0.76879930,3.76643658
7307,19,0.69824862,3.85336161
7308,19,0.61066002,2.11563325
7309,19,0.55423474,3.67978883
7310,19,0.65824783,2.73608971
7311,19,0.58128101,2.50146365
7312,19,0.75990534,3.53359199
7313,19,0.81735551,2.86365223
7314,19,0.76776630,3.22050142
7315,19,0.89351982,5.42186594
7316,19,0.81264204,4.08816862
7317,19,0.77879107,3.02454352
7318,19,0.67369282,3.85506940
7319,19,0.82533842,3.66796255
7320,19,0.74184167,3.88079095
7321,19,0.80102116,2.45453739
7322,19,0.81145358,3.32414293
7323,19,0.69960678,3.35283709
7324,19,0.71374106,3.76838303
7325,19,0.60644644,3.00609303
7326,19,0.90514797,3.01136184
7327,19,0.84041756,2.82418132
7328,19,0.80497801,3.91735196
7329,19,0.67088759,3.00819373
7330,19,0.68568861,2.12447858
7331,19,0.60561097,2.70269585
7332,19,0.87080240,2.58640480
7333,19,0.57561463,2.75912595
7334,19,0.61081123,2.11193037
7335,19,0.65960836,3.04694939
7336,19,0.66230619,3.32925320
7337,19,0.69649684,4.30522633
7338,19,0.77766615,3.50717235
7339,19,0.80658007,2.96318817
7340,19,0.61764628,3.43110514
7341,19,0.74170387,2.81350350
7342,19,0.71409816,3.20527148
7343,19,0.60315442,3.86904716
7344,19,0.80224705,3.19131327
7345,19,0.61633337,2.26123881
7346,19,0.60766292,2.67896199
7347,19,0.77329123,2.86713934
7348,19,0.73953211,2.79531097
7349,19,0.63993573,2.25859356
7350,19,0.72542155,3.03615880
7351,19,0.71628410,2.55043745
7352,19,0.56321096,3.53879285
7353,19,0.67182350,2.43132186
7354,19,0.50243014,2.12410784
7355,19,0.93914956,3.05803323
7356,19,0.79629332,3.19069290
7357,19,0.68193835,4.35160637
7358,19,0.64188218,2.13674760
7359,19,0.65313327,3.16991639
7360,19,0.52095914,2.08130002
7361,19,0.71289355,3.14830112
7362,19,0.69662464,2.62904763
7363,19,0.64295077,4.12026930
7364,19,0.69110030,3.10838652
7365,19,0.66344142,3.50204062
7366,19,0.75524628,3.17033124
7367,19,0.57717288,3.02777147
7368,19,0.94253230,2.99486566
7369,19,0.70400608,2.45759439
7370,19,0.62470526,2.53249121
7371,19,0.63655758,5.64538097
7372,19,0.62548602,3.21294379
7373,19,0.85033268,5.32757902
7374,19,0.76618457,3.19826937
7375,19,0.72913051,2.64836407
7376,19,0.54694486,2.48446202
7377,19,0.59364510,2.84637761
7378,19,0.66103911,3.22613621
7379,19,0.92761397,5.30226469
7380,19,0.73430240,2.87919879
7381,19,0.85969520,4.51051044
7382,19,0.76899844,2.74545193
7383,19,0.82642829,2.84900236
7384,19,0.72380376,2.63458443
7385,19,0.78907043,3.39914274
7386,19,0.79680306,2.64382243
7387,19,0.61711180,2.56583023
7388,19,0.76236778,2.79518795
7389,19,0.61745709,2.96285915
7390,19,0.72571254,3.38974690
7391,19,0.77838171,3.73146963
7392,19,0.79648793,3.96868730
7393,19,0.85185868,2.85833979
7394,19,0.81801879,3.26991439
7395,19,0.51236182,1.99412954
7396,19,0.58089519,2.35185719
7397,19,0.68190598,2.86080408
7398,19,0.73915756,2.91255593
7399,19,0.75490016,3.08618593
7400,19,0.81180131,3.03500414
7401,19,0.59744722,2.10581994
7402,19,0.68008125,3.17921638
7403,19,0.69674510,2.52584052
7404,19,0.72548181,2.67745948
7405,19,0.69560790,2.63400960
7406,19,0.70589566,4.67279625
7407,19,0.66598475,4.05752850
7408,19,0.63096404,2.49976397
7409,19,0.56700426,2.29893041
7410,19,0.56204283,3.58462238
7411,19,0.62897313,2.88895869
7412,19,0.55251634,2.62670851
7413,19,0.74590498,3.52535963
7414,19,0.66769540,4.72768354
7415,19,0.57133567,3.97590923
7416,19,0.67761576,4.67193508
7417,19,0.71767652,3.10164595
7418,19,0.82922566,3.96471429
7419,19,0.65212405,2.63586473
7420,19,0.65859228,2.95647883
7421,19,0.77076876,2.84670925
7422,19,0.67275667,4.04004383
7423,19,0.67666817,4.00176334
7424,19,0.77457666,4.10505342
7425,19,0.67556489,3.08496118
7426,19,0.58788681,2.90688825
7427,19,0.77958703,3.04016256
7428,19,0.63110459,3.91512370
7429,20,0.59914535,2.56932831
7430,20,0.58642876,3.95586967
7431,20,0.69775891,2.90269661
7432,20,0.68643868,4.47353029
7433,20,0.62648654,3.08178496
7434,20,0.60367239,3.04408693
7435,20,0.80112696,4.47821426
7436,20,0.70497453,2.77487493
7437,20,0.63346875,4.73946762
7438,20,0.82624191,4.14357042
7439,20,0.67152071,4.15291548
7440,20,0.63407630,2.52056098
7441,20,0.72992682,2.93746924
7442,20,0.66153538,3.13517451
7443,20,0.61394411,3.08441305
7444,20,0.67965889,3.28040028
7445,20,0.69926101,3.75676608
7446,20,0.65226018,3.02958488
7447,20,0.61089909,3.63226390
7448,20,0.75429296,3.59596896
7449,20,0.69125444,2.12065291
7450,20,0.78916562,5.21316004
7451,20,0.53998536,2.35091424
7452,20,0.82399839,5.41355801
7453,20,0.70598722,3.03976655
7454,20,0.89883208,4.42330790
7455,20,0.62363708,3.65206456
7456,20,0.70270431,2.68003058
7457,20,0.63273054,2.61956787
7458,20,0.50597560,3.19760323
7459,20,0.87311417,4.06180525
7460,20,0.64474201,2.78194809
7461,20,0.58718789,3.08320093
7462,20,0.65131378,3.50396419
7463,20,0.79985189,2.69591045
7464,20,0.71850997,4.14695215
7465,20,0.77743387,3.45999956
7466,20,0.69200754,2.75811505
7467,20,0.63968796,3.82675815
7468,20,0.74587959,3.17524695
7469,20,0.54527497,3.65195870
7470,20,0.66753042,3.82903528
7471,20,0.62532341,2.51704812
7472,20,0.88938117,3.05867815
7473,20,0.62550193,2.74970198
7474,20,0.51468968,2.40817332
7475,20,0.69065237,3.62666488
7476,20,0.82625592,3.15489173
7477,20,0.63717735,2.36840391
7478,20,0.58239007,2.89039063
7479,20,0.53291881,3.56801963
7480,20,0.58884418,3.02025914
7481,20,0.62919360,2.58716011
7482,20,0.69251823,2.87863708
7483,20,0.79142928,3.59205794
7484,20,0.62351465,2.22455716
7485,20,0.57938385,2.98214531
7486,20,0.69940686,3.90242481
7487,20,0.66249567,2.79484367
7488,20,0.63310099,3.07325172
7489,20,0.86028826,3.41132665
7490,20,0.86059451,3.52782369
7491,20,0.57109535,3.14350605
7492,20,0.69859868,3.13136148
7493,20,0.81880772,3.28459096
7494,20,0.44479096,2.19432545
7495,20,0.70328164,3.15510154
7496,20,0.87244242,3.50281596
7497,20,0.67488575,3.12311816
7498,20,0.80055690,3.60417414
7499,20,0.64033836,2.49655962
7500,20,0.58208823,3.10322547
7501,20,0.72355276,3.28774095
7502,20,0.56308198,3.08089018
7503,20,0.56067961,2.56542587
7504,20,0.67402351,2.56828809
7505,20,0.69499391,2.87514496
7506,20,0.73338294,2.74534011
7507,20,0.64423186,3.11286569
7508,20,0.94130969,4.09793091
7509,20,0.43187085,2.42006326
7510,20,0.53217375,2.72188735
7511,20,0.44732276,2.56495309
7512,20,0.67150211,3.16417027
7513,20,0.69202274,3.70445347
7514,20,0.70776033,2.86853814
7515,20,0.72994506,2.91033196
7516,20,0.55593216,3.32445574
7517,20,0.61202824,3.14550424
7518,20,0.76923484,2.98812580
7519,20,0.70429647,3.01354527
7520,20,0.65783668,3.73271108
7521,20,0.67885357,3.40952563
7522,20,0.53673548,3.35970902
7523,20,0.67751986,3.05007505
7524,20,0.64669651,3.96702051
7525,20,0.67435533,2.92981505
7526,20,0.73288238,3.87263322
7527,20,0.70525062,6.08097363
7528,20,0.82751882,3.11336374
7529,20,0.63980758,3.50066018
7530,20,0.57243490,3.10715270
7531,20,0.77976060,3.47497296
7532,20,0.69890845,3.60743594
7533,20,0.64615059,3.17595959
7534,20,0.79228956,4.02892828
7535,20,0.86612296,4.51590538
7536,20,0.64122093,2.65912700
7537,20,0.86079156,5.74816561
7538,20,0.64247859,3.70029330
7539,20,0.61875534,2.97543740
7540,20,0.70277798,3.11058688
7541,20,0.56720173,2.90660787
7542,20,0.69252264,2.78254414
7543,20,0.68601412,3.48105812
7544,20,0.74545908,3.07948208
7545,20,0.64376104,4.04754829
7546,20,0.85394371,3.05396986
7547,20,0.64594179,2.75919008
7548,20,0.51075238,3.11847544
7549,20,0.66227955,3.23884892
7550,20,0.71455508,2.88034153
7551,20,0.60698473,3.70547915
7552,20,0.54308575,2.61139631
7553,20,0.61711860,2.40103650
7554,20,0.90260673,3.81264377
7555,20,0.77484268,3.77280998
7556,20,0.83504581,3.02721810
7557,20,0.75122476,3.81044483
7558,20,0.68301958,2.70581460
7559,20,0.76115876,3.15278959
7560,20,0.63561964,2.24025464
7561,20,0.63072890,3.30160928
7562,20,0.68949109,2.88601422
7563,20,0.76522124,5.58494425
7564,20,0.68187642,4.62136984
7565,20,0.56471461,2.26708341
7566,20,0.62310785,3.20483065
7567,20,0.63248229,3.06112885
7568,20,0.75464368,2.86754274
7569,20,0.57567406,2.93430376
7570,20,0.71783191,5.76905584
7571,20,0.75107324,4.39109373
7572,20,0.82650340,3.55422807
7573,20,0.60865974,3.35947561
7574,20,0.53572583,2.92313862
7575,20,0.60816991,3.91547751
7576,20,0.68645918,3.65820241
7577,20,0.83341920,4.02627850
7578,20,0.49926028,3.14004278
7579,20,0.90124071,3.88915944
7580,20,0.76058501,3.64084744
7581,20,0.74665409,5.15340233
7582,20,0.73110843,3.32815170
7583,20,0.54773957,3.01863408
7584,20,0.66939598,5.09933138
7585,20,0.79065931,2.63112688
7586,20,0.67781675,2.90984011
7587,20,0.80039352,4.25989485
7588,20,0.61888242,2.76841044
7589,20,0.69376278,2.64625978
7590,20,0.61487687,2.33714819
7591,20,0.64124423,2.59183145
7592,20,0.77184200,3.10241389
7593,20,0.75515205,3.33754039
7594,20,0.68464434,3.56489682
7595,20,0.67103541,3.38532662
7596,20,0.75756633,4.92783308
7597,20,0.58114469,3.07460165
7598,20,0.59651351,2.77084661
7599,20,0.57064509,2.10645533
7600,20,0.59511960,3.01411867
7601,20,0.63428950,3.22290802
7602,20,0.73885000,3.16155601
7603,20,0.55094939,3.91295505
7604,20,0.77084923,3.65505385
7605,20,0.63795662,3.40217972
7606,20,0.63672155,4.20911694
7607,20,0.70389271,5.18345928
7608,20,0.68633044,4.43153954
7609,20,0.60521340,2.61284137
7610,20,0.76803207,3.44805694
7611,20,0.58789617,3.34441066
7612,20,0.59048623,3.36007977
7613,20,0.70300984,4.03226471
7614,20,0.74322927,3.26588106
7615,20,0.64033949,2.46709228
7616,20,0.79947752,4.57540989
7617,20,0.53072834,3.70812941
7618,20,0.65620548,4.34297228
7619,20,0.78261912,3.54445052
7620,20,0.51735842,2.56522369
7621,20,0.53746730,3.54828548
7622,20,0.66394377,3.15694165
7623,20,1.03749454,4.79431295
7624,20,0.84364915,4.99851227
7625,20,0.72275507,2.49792862
7626,20,0.84706831,3.26590252
7627,20,0.79654205,3.43928576
7628,20,0.75730246,3.28592992
7629,20,0.81167078,3.25082850
7630,20,0.63476205,3.00285244
7631,20,0.83062977,2.65274048
7632,20,0.68859243,3.66299725
7633,20,0.68070418,3.41722918
7634,20,0.65021116,2.38368416
7635,20,0.57110333,2.04948449
7636,20,0.61704755,2.67807484
7637,20,0.67537642,2.52580905
7638,20,0.56396699,3.13574338
7639,20,0.63381076,2.53051925
7640,20,0.65333629,3.11111999
7641,20,0.69376624,2.62833214
7642,20,0.59262133,2.45138574
7643,20,0.69832969,3.16775846
7644,20,0.67276895,5.79347563
7645,20,0.75353563,3.07532501
7646,20,0.97166455,5.12208700
7647,20,0.50507516,3.33524227
7648,20,0.73836839,4.08736610
7649,20,0.64779925,3.28270817
7650,20,0.70346409,2.74278998
7651,20,0.44608092,2.53819776
7652,20,0.63253212,3.79404354
7653,20,0.74398661,2.88519526
7654,20,0.58936954,2.18580294
7655,20,0.78052163,4.10336924
7656,20,0.76246959,3.85445046
7657,20,0.66647542,2.84749246
7658,20,0.54324168,3.49769211
7659,20,0.72995102,3.57472730
7660,20,0.55308855,1.95667398
7661,20,0.65025747,3.33205056
7662,20,0.52763039,2.38710189
7663,20,0.71119237,2.88657808
7664,20,0.65621334,2.83866048
7665,20,0.59427863,2.41890883
7666,20,0.69201136,4.18872213
7667,20,0.92927080,3.81784391
7668,20,0.67921269,3.42671847
7669,20,0.59003055,2.60545206
7670,20,0.53359824,2.24957323
7671,20,0.74319541,3.46415687
7672,20,0.69607562,3.55066800
7673,20,0.70009077,4.29394102
7674,20,0.65250778,2.86209249
7675,20,0.75355494,4.12502432
7676,20,0.71708345,2.97397447
7677,20,0.75694478,4.23997211
7678,20,0.68662298,5.03477859
7679,20,0.68358457,3.61720681
7680,20,0.76617634,4.84040546
7681,20,0.43651599,2.58439207
7682,20,0.63185501,3.14511633
7683,20,0.61934382,3.27909946
7684,20,0.69467366,3.65674043
7685,20,0.56828094,4.58281422
7686,20,0.68050283,3.08377957
7687,20,0.56902730,2.49223471
7688,20,0.59211713,4.79174185
7689,20,0.57160765,2.59898639
7690,20,0.67045575,3.23572755
7691,20,0.67138535,3.44498301
7692,20,0.65301669,2.97082186
7693,20,0.78852338,4.23852301
7694,20,0.78367114,4.14395809
7695,20,0.74480253,4.68491220
7696,20,0.83352023,2.81250501
7697,20,0.49050763,2.89239025
7698,20,0.73101932,4.21002626
7699,20,0.85034704,3.85950565
7700,20,0.89776480,4.32332897
7701,20,0.67679453,5.02101326
7702,20,0.80446327,3.69362855
7703,20,0.77486432,2.96769047
7704,20,0.70419943,5.88759613
7705,20,0.62060988,5.02818441
7706,20,0.70568740,4.21621418
7707,20,0.52612728,2.26102495
7708,20,0.65322590,4.65459156
7709,20,0.75745946,3.70465946
7710,20,0.83284849,3.58535385
7711,20,0.67316669,3.52444935
7712,20,0.83595216,3.81588459
7713,20,0.70007116,3.17163229
7714,20,0.60426259,2.80955029
7715,20,0.74455780,3.93394041
7716,20,0.85385245,3.70373702
7717,20,0.66046900,4.54643679
7718,20,0.69763845,4.48193884
7719,20,0.90740693,4.08218718
7720,20,0.55108261,3.82942176
7721,20,0.70537025,4.25072575
7722,20,0.58091331,3.07912350
7723,20,0.69429410,3.41197586
7724,20,0.75172281,3.60068083
7725,20,0.59446609,3.63643551
7726,20,0.58991408,3.25646281
7727,20,0.73907655,2.85448122
7728,20,0.69264960,4.77459717
7729,20,0.77740788,3.95587921
7730,20,0.83584499,3.41232681
7731,20,0.77286124,3.29177761
7732,20,0.77475989,3.20952082
7733,20,0.82698190,3.41380262
7734,20,0.63176584,2.60051632
7735,20,0.68651772,2.85265398
7736,20,0.71918643,3.45353127
7737,20,0.68680912,3.47442865
7738,20,0.85539073,2.78880763
7739,20,0.78110904,3.64765954
7740,20,0.87095124,2.98100924
7741,20,0.68209887,3.30381823
7742,20,0.86378133,3.74620438
7743,20,0.67334682,2.30953026
7744,20,0.61272252,2.81557012
7745,20,0.72184485,3.14135385
7746,20,0.71671116,2.45174456
7747,20,0.77996933,2.99632430
7748,20,0.70382041,3.25933576
7749,20,0.67650586,3.03273296
7750,20,0.59195864,1.76050425
7751,20,0.69921482,2.86664772
7752,20,0.68388623,2.57543039
7753,20,0.65055823,2.91633439
7754,20,0.68641907,3.17340446
7755,20,0.80143785,3.46089411
7756,20,0.63847548,3.36599636
7757,20,0.54255605,2.37229252
7758,20,0.47075304,2.58498621
7759,20,0.87574691,4.39739275
7760,20,0.62607741,3.59210038
7761,20,0.68698579,3.27458525
7762,20,0.60342985,2.95810008
7763,20,0.77535152,3.57830048
7764,20,0.54080784,3.39630532
7765,20,0.76682621,3.85494900
7766,20,0.64047134,3.52227354
7767,20,0.64043885,2.74708509
7768,20,0.73590147,4.17439079
7769,20,0.73583603,4.07708216
7770,20,0.63949507,2.86869907
7771,20,0.84561598,3.60534000
7772,20,0.61966825,3.36194682
7773,20,0.65385199,2.78802752
7774,20,0.62442023,2.68687439
7775,20,0.58473396,2.87501669
7776,20,0.75415111,3.82968092
7777,20,0.82885885,3.04019141
7778,20,0.53185886,1.90461850
7779,20,0.53965628,2.78089118
7780,20,0.83217561,4.00536919
7781,20,0.56710124,3.12600708
7782,20,0.65453702,3.15256667
7783,20,0.61152864,4.00389433
7784,20,0.68163848,3.75657821
7785,20,0.71598136,2.84543848
7786,20,0.61246514,3.61044407
7787,20,0.63951147,2.72966266
7788,20,0.68443751,3.04988837
7789,20,0.66931617,2.34877777
7790,20,0.76012850,3.04639411
7791,20,0.62580717,3.49109745
7792,20,0.59497589,4.50459719
7793,20,0.61664766,2.80407286
7794,20,0.71131849,3.40921736
7795,20,0.71594101,2.49302506
7796,20,0.64674848,2.50310755
7797,20,0.75502640,3.77502728
7798,20,0.53094023,3.02995300
7799,20,0.63181984,2.66855764
7800,20,0.59180307,2.71401048
7801,20,0.57639307,3.66548872
7802,20,0.73861051,3.05598140
7803,20,0.65704608,3.08288312
7804,20,0.53527141,2.03662062
7805,20,0.83526140,3.92103577
7806,20,0.62788475,4.01134253
7807,20,0.72276098,2.64642167
7808,20,0.84834558,4.08253527
7809,20,0.75474322,3.56552148
7810,20,0.75328219,3.00337553
7811,20,0.70172536,3.03402901
7812,20,0.61240518,2.93646169
7813,20,0.60797089,2.61074162
7814,20,0.86401701,3.78606081
7815,20,0.75546241,3.21040964
7816,20,0.88338757,5.18450212
7817,20,0.54970974,2.51132393
7818,20,0.68443775,2.56177306
7819,20,0.63862276,3.76091123
