global_step,epoch,loss,grad_norm
0,1,2.30413818,0.21321428
1,1,2.30082703,0.15072151
2,1,2.29931641,0.15165541
3,1,2.29684448,0.20522170
4,1,2.28773499,0.27253613
5,1,2.29208374,0.25888437
6,1,2.28771973,0.26840362
7,1,2.29380035,0.36313352
8,1,2.28938293,0.45954511
9,1,2.28685760,0.48560163
10,1,2.29096985,0.42737463
11,1,2.25900269,0.44915169
12,1,2.25734711,0.44854602
13,1,2.25772858,0.55835694
14,1,2.24974823,0.70611125
15,1,2.23291016,0.68141317
16,1,2.19953918,0.70743418
17,1,2.13625336,0.76991183
18,1,2.23049164,2.44947219
19,1,2.15776825,1.03629327
20,1,2.18386841,2.41161013
21,1,2.20684814,2.79468513
22,1,2.18455505,1.66628897
23,1,2.08760071,1.95897293
24,1,2.17680359,1.86489046
25,1,2.13113785,2.52566719
26,1,2.06592560,1.62684774
27,1,2.25737762,4.52467012
28,1,2.16641998,1.48902059
29,1,2.06427383,2.04773188
30,1,2.08854675,1.50790536
31,1,2.06708145,2.59834099
32,1,2.10671234,2.38138199
33,1,2.02137756,2.66151905
34,1,2.04520416,1.25504458
35,1,1.99856949,2.74190760
36,1,2.14369965,3.90703702
37,1,2.03697968,2.50080991
38,1,2.03569794,2.84928560
39,1,2.06290817,3.17540956
40,1,1.94740677,2.86958122
41,1,2.08111382,6.53689146
42,1,2.04046249,4.74262524
43,1,2.01280594,2.82824326
44,1,1.99686050,3.62100220
45,1,1.96329880,4.90413237
46,1,1.99702454,1.40771425
47,1,2.11833954,4.71639299
48,1,2.02624130,3.82238603
49,1,1.95320511,3.03214622
50,1,2.02046204,2.47241664
51,1,2.07206345,3.46251583
52,1,2.10220337,5.24173355
53,1,2.05195236,1.69595480
54,1,1.95692825,2.03546953
55,1,2.09989166,4.70808268
56,1,2.07012558,2.96387935
57,1,2.06378174,4.37752533
58,1,2.02399445,1.28627110
59,1,2.10655594,3.94198346
60,1,2.05986404,3.08640480
61,1,1.95571899,2.03790021
62,1,1.99184799,2.03138828
63,1,2.09109497,1.81707644
64,1,2.02641678,1.54820776
65,1,1.99389267,3.37953138
66,1,1.97544098,1.30607426
67,1,2.09423065,1.49175632
68,1,1.97717667,2.86450052
69,1,1.89468002,2.52115607
70,1,2.03553391,1.45152009
71,1,2.02748108,4.25222492
72,1,1.98814774,2.91809964
73,1,2.15009308,4.62996387
74,1,2.02101898,4.82311296
75,1,1.92681885,1.67137206
76,1,1.99494934,1.50513673
77,1,2.00752640,2.38085699
78,1,1.97647095,5.93863344
79,1,1.97636032,3.33257222
80,1,1.88229752,1.51025987
81,1,2.04888153,4.62936258
82,1,1.88162994,4.53402281
83,1,2.01684189,4.68180895
84,1,1.99508667,2.02190590
85,1,1.95523834,3.87159920
86,1,2.09364319,4.75992250
87,1,1.97042847,3.00253940
88,1,1.87611771,2.70196271
89,1,1.93615341,2.82620096
90,1,2.04759598,1.91628516
91,1,1.81604004,1.81967485
92,1,1.94281578,2.59771013
93,1,1.97703934,2.56727791
94,1,1.94160843,1.48913145
95,1,1.95211411,3.38139987
96,1,1.82000732,2.97241592
97,1,1.89143753,5.31293869
98,1,1.91281128,2.84735274
99,1,1.83978271,2.98887038
100,1,1.99478531,2.88916564
101,1,1.86107254,3.31650615
102,1,1.99267960,4.09123421
103,1,1.92542267,4.33692646
104,1,1.90896606,8.66259193
105,1,1.97572708,2.60678196
106,1,1.83999825,3.78706551
107,1,2.04367828,2.47102284
108,1,1.89469910,4.41857147
109,1,1.83705902,2.84497452
110,1,1.84933472,4.89370441
111,1,1.96859741,4.90186501
112,1,1.86609650,3.35481763
113,1,1.88777924,5.96577644
114,1,1.89784241,4.34008074
115,1,1.89424706,2.64708233
116,1,1.92189026,6.31337929
117,1,1.82455826,7.41785049
118,1,1.87147427,4.73938465
119,1,1.87623978,6.86336946
120,1,2.03875732,8.17157459
121,1,1.96527863,5.49196529
122,1,1.87092209,1.96773720
123,1,1.86682034,5.92719078
124,1,2.01558304,7.79081774
125,1,1.88094902,6.16432428
126,1,1.84167480,1.64863050
127,1,1.92788124,4.81466007
128,1,1.97149658,6.25999498
129,1,2.02752876,4.52454567
130,1,1.90695953,3.00981927
131,1,1.80987358,2.64136004
132,1,1.86597633,4.37207174
133,1,1.91956329,4.76829243
134,1,1.84716415,1.96656668
135,1,1.87753677,2.20689535
136,1,1.93524170,3.34299970
137,1,1.92546082,4.60586262
138,1,1.90382004,5.98033667
139,1,1.89686966,1.76336110
140,1,1.86812401,3.18497157
141,1,1.92390823,5.37933874
142,1,2.00845337,5.97196054
143,1,1.87676239,2.96289182
144,1,1.87287521,9.01692200
145,1,1.88286209,6.38920927
146,1,1.89622498,1.92163110
147,1,1.98401260,6.35722446
148,1,2.01390457,5.30213833
149,1,1.78329468,1.74141514
150,1,1.81749535,2.10028458
151,1,1.92631721,2.01837850
152,1,2.00081635,5.35841417
153,1,1.90858841,2.61848211
154,1,1.69292259,1.72935843
155,1,1.71675205,2.13373661
156,1,1.85665798,5.22062922
157,1,1.73982811,2.44759583
158,1,1.84305859,1.89468694
159,1,1.89816666,4.65407038
160,1,1.94496346,3.85960746
161,1,1.87733078,4.33730173
162,1,1.90395927,2.33301663
163,1,1.80348587,3.72878432
164,1,1.76855087,2.96908832
165,1,1.74199677,3.96429110
166,1,1.75955582,3.17592502
167,1,1.82797623,5.10918713
168,1,1.82925415,6.02988958
169,1,1.85450554,9.03246880
170,1,1.88164711,4.02045298
171,1,1.75901985,3.41371155
172,1,1.87689590,6.17327738
173,1,1.97433472,9.15421867
174,1,1.75846863,1.42204511
175,1,1.83972359,6.16154099
176,1,1.85071182,6.58352137
177,1,1.80076218,4.97990894
178,1,1.75554466,2.61447811
179,1,1.77460289,2.46644950
180,1,1.81311989,9.87619305
181,1,1.75384521,4.94745922
182,1,1.77574921,3.40573049
183,1,1.78129196,3.71596956
184,1,1.74762917,3.88554883
185,1,1.80998802,4.23967123
186,1,1.75435925,4.51587677
187,1,1.71435738,3.65396214
188,1,1.78460693,5.55233574
189,1,1.78475094,6.47013855
190,1,1.69871426,3.15148258
191,1,1.60680389,2.16802287
192,1,1.82098579,5.91067076
193,1,1.83562279,6.21111727
194,1,1.84548759,3.38916135
195,1,1.65567970,2.95734429
196,1,1.81253529,3.80710196
197,1,1.65107918,3.01008987
198,1,1.76693344,3.97613454
199,1,1.96579742,3.75802279
200,1,1.83312225,3.14754343
201,1,1.78360176,2.96628237
202,1,1.76826859,2.44158411
203,1,1.80576134,7.51764345
204,1,1.68366051,3.62834883
205,1,1.66691971,2.26819801
206,1,1.85965157,6.82144451
207,1,1.68241882,4.45245123
208,1,1.73577309,4.07169294
209,1,1.77297592,2.87004519
210,1,1.84922409,8.80874729
211,1,1.85011673,6.99137831
212,1,1.78104210,4.60985374
213,1,1.87539101,6.77989912
214,1,1.86563873,8.25496960
215,1,1.77928162,5.14116096
216,1,1.80643463,5.89599466
217,1,1.67662621,2.45710421
218,1,1.72996902,3.39551044
219,1,1.68464088,1.94210029
220,1,1.77192879,2.58368492
221,1,1.81339264,5.09127378
222,1,1.80295753,3.25907850
223,1,1.74969673,3.37505889
224,1,1.62943459,2.27138066
225,1,1.63868332,3.05502868
226,1,1.90332222,5.24258089
227,1,1.79482651,4.63785648
228,1,1.71855354,3.46567678
229,1,1.83779335,11.26392746
230,1,1.70812511,2.84015942
231,1,1.78273964,4.55090380
232,1,1.80856323,10.07469273
233,1,1.73922920,5.36042976
234,1,1.76196289,4.51343679
235,1,1.73582697,6.73755312
236,1,1.65928078,6.10014820
237,1,1.75909710,3.97377920
238,1,1.70893288,6.26387882
239,1,1.77133369,6.75431395
240,1,1.71297073,4.21869850
241,1,1.75308609,3.10511780
242,1,1.66628075,4.71228504
243,1,1.81601715,5.73948956
244,1,1.55840302,2.71324706
245,1,1.78636551,3.51837182
246,1,1.63843822,3.28659225
247,1,1.77390289,6.98830700
248,1,1.78462410,5.14133215
249,1,1.74509621,5.98849630
250,1,1.68136501,7.12230825
251,1,1.61560440,4.83156586
252,1,1.52134991,4.35036755
253,1,1.73599243,2.50169396
254,1,1.65962172,3.64777231
255,1,1.71125174,4.01433325
256,1,1.70510006,4.54806471
257,1,1.79203892,5.53836298
258,1,1.69726562,5.01753807
259,1,1.75918007,3.95802593
260,1,1.67281342,2.21297669
261,1,1.53913212,5.54479885
262,1,1.60206985,3.97981977
263,1,1.76134300,4.05411720
264,1,1.71377087,6.32611799
265,1,1.52314186,2.87191892
266,1,1.74884987,2.69329476
267,1,1.70505905,8.88877487
268,1,1.53164577,8.33879280
269,1,1.62536907,2.37970757
270,1,1.54654717,5.79232216
271,1,1.74103642,8.31332588
272,1,1.91829181,5.87256861
273,1,1.73518372,3.92297864
274,1,1.61985064,3.71385384
275,1,1.51958752,4.67836809
276,1,1.66258335,5.21388388
277,1,1.69770432,6.69754171
278,1,1.77274990,5.00140190
279,1,1.67300415,3.02785873
280,1,1.69451618,7.62398005
281,1,1.74031067,7.10093069
282,1,1.61012840,3.37225580
283,1,1.49147797,2.77536488
284,1,1.60284996,5.69234419
285,1,1.68201160,8.88038063
286,1,1.63858318,5.18945456
287,1,1.72496414,7.36631823
288,1,1.61979675,4.13814116
289,1,1.71403861,4.75842381
290,1,1.67961025,3.31661797
291,1,1.53034782,4.05499315
292,1,1.66308880,8.05498505
293,1,1.71000242,4.14673138
294,1,1.64586020,2.51960778
295,1,1.60189056,3.39257622
296,1,1.80802345,5.54771566
297,1,1.56300640,4.28663492
298,1,1.60882378,3.51660728
299,1,1.55477142,4.93035603
300,1,1.61068535,3.09035087
301,1,1.55658817,3.08608842
302,1,1.69751740,5.27156925
303,1,1.53275156,5.15112495
304,1,1.69559669,2.63047361
305,1,1.61327648,4.77978373
306,1,1.62339640,5.76626158
307,1,1.59801102,4.02669907
308,1,1.57324600,4.94237471
309,1,1.62622118,2.61432338
310,1,1.42399406,4.69212961
311,1,1.59763527,3.08766198
312,1,1.56937838,5.46976566
313,1,1.78006935,4.68986940
314,1,1.61419106,3.63620496
315,1,1.65546989,5.72074461
316,1,1.55459595,4.09756136
317,1,1.57909584,3.42804289
318,1,1.56395054,4.05178595
319,1,1.54419804,4.55470085
320,1,1.61099052,3.07241535
321,1,1.66363239,3.70453668
322,1,1.52875185,6.35098124
323,1,1.70040703,4.71256542
324,1,1.60577536,5.06231403
325,1,1.59823370,4.51937675
326,1,1.58058357,5.37685490
327,1,1.54301071,4.49413681
328,1,1.67967653,7.02099371
329,1,1.77158642,5.62824440
330,1,1.33507633,4.69591045
331,1,1.52099228,4.98348570
332,1,1.78625488,9.24394321
333,1,1.58187294,3.25468516
334,1,1.72226048,7.12620115
335,1,1.48954773,6.17671061
336,1,1.68288803,3.66470575
337,1,1.46099472,3.74430871
338,1,1.65563774,6.17887306
339,1,1.67650414,5.95216513
340,1,1.68063927,4.16279745
341,1,1.49764252,4.98493338
342,1,1.60683346,9.12086582
343,1,1.66929054,7.73821831
344,1,1.60548782,3.34677362
345,1,1.61514473,6.86729765
346,1,1.54826355,5.40025663
347,1,1.65505600,5.17128134
348,1,1.65749788,6.42328501
349,1,1.52917576,5.20886517
350,1,1.69553280,7.94380474
351,1,1.74099183,4.26059484
352,1,1.46113205,4.22506237
353,1,1.58612871,5.97719860
354,1,1.55046082,5.15148926
355,1,1.44692421,2.66791582
356,1,1.43901825,4.17147112
357,1,1.64628792,4.16172361
358,1,1.53477764,5.63122892
359,1,1.79829693,10.94314480
360,1,1.59467840,3.42919540
361,1,1.46719074,7.67669678
362,1,1.47873688,4.23842001
363,1,1.48981762,6.35665560
364,1,1.51308918,4.97705793
365,1,1.47682333,5.20517492
366,1,1.60475540,5.21097469
367,1,1.56815672,5.92633915
368,1,1.65073204,4.06947660
369,1,1.59735680,4.75157356
370,1,1.61557865,4.74780083
371,1,1.38096356,4.91178846
372,1,1.55319452,6.84629059
373,1,1.66319990,4.38993549
374,1,1.56529236,3.39506006
375,1,1.53242302,5.27544737
376,1,1.56191444,4.84995937
377,1,1.36654997,3.03291368
378,1,1.53610706,4.81891489
379,1,1.67313957,5.85968447
380,1,1.68622971,7.60761452
381,1,1.70373249,5.39929295
382,1,1.56087303,5.21823597
383,1,1.46456957,2.88957310
384,1,1.49800777,5.32102156
385,1,1.52450609,5.58771801
386,1,1.48997641,6.57394600
387,1,1.70499372,4.14395094
388,1,1.57956219,4.54761410
389,1,1.57116079,5.66739607
390,1,1.65180659,7.32549763
391,2,1.43745446,5.34588623
392,2,1.56981587,7.30541897
393,2,1.64965343,4.42175627
394,2,1.56883740,3.81727862
395,2,1.63321686,6.08333397
396,2,1.54356098,3.57661223
397,2,1.57182956,4.04876041
398,2,1.49720955,4.64754152
399,2,1.43366051,5.05983067
400,2,1.48319530,6.97344112
401,2,1.50882721,6.81950808
402,2,1.52124977,5.60483551
403,2,1.63434029,7.90812778
404,2,1.54856443,10.46349621
405,2,1.51009130,3.67105317
406,2,1.63690257,5.76079655
407,2,1.54089546,3.78458142
408,2,1.52468872,6.70393467
409,2,1.49501514,2.98219490
410,2,1.54178381,6.15944815
411,2,1.50547218,3.24405575
412,2,1.58983755,5.97363949
413,2,1.25504827,3.75514698
414,2,1.45958328,3.77692294
415,2,1.42438078,5.31809616
416,2,1.53944302,5.16901636
417,2,1.43271232,2.33887577
418,2,1.39924908,4.26186085
419,2,1.66116226,8.31352425
420,2,1.54580688,5.91524935
421,2,1.47833443,6.11652851
422,2,1.56176949,5.56219769
423,2,1.47781181,3.32838535
424,2,1.47571468,6.76237011
425,2,1.36881542,3.35844493
426,2,1.50269461,2.86574626
427,2,1.36143208,6.04951859
428,2,1.55005646,6.55594349
429,2,1.64995003,5.67746305
430,2,1.43224442,4.94895267
431,2,1.48602343,6.57724476
432,2,1.50423717,10.41397285
433,2,1.34262085,3.46121025
434,2,1.51723051,7.88205957
435,2,1.61774635,9.25883007
436,2,1.42476273,5.46249819
437,2,1.63383102,7.17571640
438,2,1.73980618,8.58996677
439,2,1.52252054,10.11365318
440,2,1.34440780,7.24007511
441,2,1.45573211,5.35212612
442,2,1.57331038,11.57184887
443,2,1.43487453,8.41452026
444,2,1.69892788,6.17399788
445,2,1.58680677,9.40849209
446,2,1.53400445,7.52389145
447,2,1.53489304,5.95906448
448,2,1.53810263,6.52748203
449,2,1.39760113,6.19069624
450,2,1.52368712,7.06459904
451,2,1.48362350,5.77285814
452,2,1.57595062,6.88969898
453,2,1.57972336,6.75627232
454,2,1.36472845,3.28636217
455,2,1.61426926,6.94193459
456,2,1.64717579,5.26480961
457,2,1.39288902,5.72274494
458,2,1.48198938,7.70372009
459,2,1.56413651,7.28267050
460,2,1.50755072,5.09511042
461,2,1.64668274,8.96973801
462,2,1.42190552,3.60993385
463,2,1.52584743,4.30334711
464,2,1.53381634,6.20053291
465,2,1.66417050,8.99472141
466,2,1.53921127,5.35269165
467,2,1.47139788,4.95338011
468,2,1.51938820,7.22059107
469,2,1.51369762,6.07240438
470,2,1.55580401,8.71907902
471,2,1.48798442,3.72322679
472,2,1.50329876,5.53573275
473,2,1.47059631,5.74331236
474,2,1.50719261,5.96435738
475,2,1.46479940,5.42485046
476,2,1.54671574,5.65817261
477,2,1.56291676,3.79688954
478,2,1.57989311,5.00723934
479,2,1.55667210,5.46431684
480,2,1.41363430,4.60685921
481,2,1.54123783,4.37804937
482,2,1.47710228,7.27154827
483,2,1.55587053,4.05977297
484,2,1.48199463,4.12242126
485,2,1.42734563,3.18889141
486,2,1.36895466,6.14655161
487,2,1.45185375,3.54815555
488,2,1.46742129,3.95869994
489,2,1.42990303,4.88489103
490,2,1.36916566,3.50971580
491,2,1.35352468,5.01406813
492,2,1.36932564,7.49013186
493,2,1.51365209,8.64326954
494,2,1.50197971,3.41178465
495,2,1.68747234,11.78538990
496,2,1.62770891,8.85613346
497,2,1.61336565,3.78283548
498,2,1.60688877,4.48245525
499,2,1.51644182,8.08134842
500,2,1.42968369,9.44752502
501,2,1.42668247,3.95226431
502,2,1.54251194,6.11237574
503,2,1.55393648,9.56748772
504,2,1.58724594,6.71922159
505,2,1.45910406,3.05203247
506,2,1.54677010,6.67914629
507,2,1.62352896,8.48302650
508,2,1.49170780,7.16923189
509,2,1.53601170,3.45081854
510,2,1.42683601,6.58155870
511,2,1.44689751,6.46829510
512,2,1.49394178,8.03969097
513,2,1.73429704,4.43545866
514,2,1.47166824,3.21764731
515,2,1.50531197,4.53785944
516,2,1.41230822,7.86742067
517,2,1.50665188,5.62813663
518,2,1.49399090,3.89942455
519,2,1.55384445,3.30975223
520,2,1.50366640,6.17042828
521,2,1.61021161,7.31120872
522,2,1.42120171,6.95566320
523,2,1.43536186,4.36155462
524,2,1.46133709,10.74389744
525,2,1.47136593,7.53393888
526,2,1.41449070,7.57916021
527,2,1.52477312,3.35640073
528,2,1.43303108,5.66375256
529,2,1.62708426,8.59968853
530,2,1.45918131,7.02117348
531,2,1.28330636,3.24287748
532,2,1.41680384,6.80565882
533,2,1.49284935,6.12620020
534,2,1.38436985,6.21601725
535,2,1.42838979,4.33010435
536,2,1.53209603,4.76202583
537,2,1.57995105,8.47958469
538,2,1.45010519,5.50281572
539,2,1.49673557,5.58897161
540,2,1.48397160,4.97072506
541,2,1.56182194,3.70893168
542,2,1.47451782,5.63419199
543,2,1.36782646,3.45819163
544,2,1.22349882,4.46442986
545,2,1.50836039,5.82837296
546,2,1.31783581,2.40428162
547,2,1.53450739,5.61353588
548,2,1.46941876,7.14276886
549,2,1.44671726,6.52751637
550,2,1.47513616,4.19840050
551,2,1.47545171,8.09843731
552,2,1.48880470,5.56639242
553,2,1.40035439,6.58501625
554,2,1.32682848,6.45954180
555,2,1.45874429,10.77886963
556,2,1.32049799,6.61909533
557,2,1.33918667,3.67844176
558,2,1.42297435,3.55347681
559,2,1.50104761,7.65413952
560,2,1.38932657,4.80646992
561,2,1.43168426,7.06672668
562,2,1.46597004,4.30872774
563,2,1.39844251,5.49193811
564,2,1.35548615,4.00501060
565,2,1.34455204,3.83464265
566,2,1.41892457,4.51848745
567,2,1.46451354,7.80539942
568,2,1.39015865,5.56233549
569,2,1.39006114,6.03613949
570,2,1.31019998,4.29638100
571,2,1.41253567,6.79550362
572,2,1.43245125,4.98109388
573,2,1.42250586,4.75169611
574,2,1.50603199,4.37997055
575,2,1.29609060,4.65122223
576,2,1.56715441,4.94485760
577,2,1.48478794,7.72450972
578,2,1.36600542,3.97996855
579,2,1.32853365,3.57377791
580,2,1.41363478,4.65318918
581,2,1.49482155,6.41176128
582,2,1.51558745,5.73200274
583,2,1.49877214,9.89755821
584,2,1.44365644,3.02394247
585,2,1.31335831,3.63508654
586,2,1.36088395,9.38037682
587,2,1.22379351,4.27309179
588,2,1.28646600,7.27860308
589,2,1.33663607,6.98596621
590,2,1.38351321,3.80790877
591,2,1.43422771,5.77122641
592,2,1.52397585,7.25297642
593,2,1.39450145,6.37017632
594,2,1.51333070,5.71139193
595,2,1.33176708,3.93889856
596,2,1.50223327,6.54440165
597,2,1.30432129,7.56082106
598,2,1.36552882,6.10498619
599,2,1.45119381,3.32836413
600,2,1.24703312,3.53004360
601,2,1.46941376,7.21774912
602,2,1.32267952,4.51653051
603,2,1.34829807,4.26317930
604,2,1.40099370,6.49182796
605,2,1.50999463,6.61931944
606,2,1.50303888,5.65317106
607,2,1.39368105,4.40801811
608,2,1.33670247,5.57811117
609,2,1.43466020,6.04671383
610,2,1.35546637,4.18640566
611,2,1.24506021,3.95358229
612,2,1.32323003,4.07592773
613,2,1.31771541,6.70014620
614,2,1.38141918,5.15600586
615,2,1.45763636,4.21376371
616,2,1.53421831,11.46961880
617,2,1.37107325,4.73651028
618,2,1.33491850,6.51974154
619,2,1.48556232,6.84034252
620,2,1.35294151,5.31222820
621,2,1.41863704,5.48075914
622,2,1.45747066,5.56311989
623,2,1.31927538,6.38479090
624,2,1.49352455,6.54135799
625,2,1.36250925,10.70310307
626,2,1.38780308,6.53138876
627,2,1.18503809,3.85185552
628,2,1.43714762,4.19946098
629,2,1.32626319,3.89022541
630,2,1.37022746,6.37691021
631,2,1.23055696,3.70976281
632,2,1.30749178,4.30583572
633,2,1.29236460,5.45690060
634,2,1.41273141,8.20138359
635,2,1.23105288,4.38024282
636,2,1.21524119,6.06634617
637,2,1.39789462,5.70464563
638,2,1.49155474,3.82045889
639,2,1.27512860,4.57854223
640,2,1.49824393,5.51454687
641,2,1.31146145,4.45818138
642,2,1.41531348,8.74363804
643,2,1.40473104,4.00533533
644,2,1.26035023,3.60349655
645,2,1.56132054,5.82312536
646,2,1.39592218,6.07633495
647,2,1.33900261,6.83542395
648,2,1.48622131,7.26582050
649,2,1.28268003,3.82277131
650,2,1.34487677,9.11453819
651,2,1.35913944,4.97683811
652,2,1.36611938,3.77790880
653,2,1.29499054,6.93491554
654,2,1.40144873,7.67774773
655,2,1.33995140,6.32964945
656,2,1.55734229,9.28328991
657,2,1.35703695,6.22713327
658,2,1.22848225,4.27932405
659,2,1.53522611,8.86716557
660,2,1.49644685,4.73776388
661,2,1.30946660,3.55097795
662,2,1.46031189,5.30273819
663,2,1.49028969,7.92893600
664,2,1.40001106,6.96574640
665,2,1.51429892,5.92755032
666,2,1.33866882,4.88415337
667,2,1.38494778,6.98892498
668,2,1.47889948,8.01092911
669,2,1.39197397,7.53428602
670,2,1.30750227,6.28389645
671,2,1.48324180,8.60762787
672,2,1.47609377,7.63591051
673,2,1.49089074,4.28683233
674,2,1.44690323,5.83561897
675,2,1.31510115,8.09632969
676,2,1.35469151,6.71303463
677,2,1.44843435,4.28651476
678,2,1.50438309,5.32992125
679,2,1.56504416,8.63800144
680,2,1.31139123,6.71913481
681,2,1.42091417,4.56105137
682,2,1.40844488,7.68616247
683,2,1.35826373,4.36219025
684,2,1.30798078,5.29847622
685,2,1.32272530,7.28594255
686,2,1.31279087,4.99866819
687,2,1.33699870,3.57340527
688,2,1.30100346,5.71122789
689,2,1.34558964,4.15485334
690,2,1.48318005,5.78070116
691,2,1.44625640,7.92913198
692,2,1.37563205,4.44060850
693,2,1.41056895,7.93026876
694,2,1.40820098,6.61529398
695,2,1.27995872,4.85514784
696,2,1.33008385,4.63839674
697,2,1.38513374,8.85926723
698,2,1.36236191,7.47677660
699,2,1.31922317,4.41537094
700,2,1.32666063,5.82031536
701,2,1.33616018,5.41851616
702,2,1.35709763,4.13164425
703,2,1.39327836,5.43705940
704,2,1.36738658,3.70252419
705,2,1.31503797,4.19052315
706,2,1.25789309,3.77053213
707,2,1.27837896,5.42743206
708,2,1.34206462,3.52159572
709,2,1.34080076,6.01120281
710,2,1.35174751,5.29941940
711,2,1.52392042,4.01994848
712,2,1.62394500,5.34291887
713,2,1.37158370,4.43172026
714,2,1.28960419,7.19056177
715,2,1.36644089,6.34567022
716,2,1.44333494,6.28686523
717,2,1.37462330,6.06399918
718,2,1.19149303,4.51097584
719,2,1.38496184,5.02530050
720,2,1.19120812,6.71107054
721,2,1.28028584,5.55407667
722,2,1.39207339,5.62908936
723,2,1.29630220,4.03883314
724,2,1.38681269,6.22150564
725,2,1.41420090,4.93599844
726,2,1.44896257,5.87844515
727,2,1.34420848,8.71009064
728,2,1.41682494,5.15518379
729,2,1.44501257,8.71960926
730,2,1.40092278,9.20493412
731,2,1.38642931,2.95645809
732,2,1.31422019,6.09398746
733,2,1.47213173,4.43983984
734,2,1.28878939,6.58908749
735,2,1.39720845,4.87070799
736,2,1.39042950,3.67646503
737,2,1.46951008,5.71486902
738,2,1.36285281,5.95185423
739,2,1.36055994,5.98618650
740,2,1.18754244,4.25445604
741,2,1.50457931,7.11731482
742,2,1.41329098,5.61556721
743,2,1.38175201,5.50799322
744,2,1.39879894,4.13282681
745,2,1.34393740,5.65453672
746,2,1.39237547,4.96799421
747,2,1.41701877,5.16947794
748,2,1.31361961,3.99140596
749,2,1.48915911,7.39290762
750,2,1.37080956,6.93724966
751,2,1.49777722,9.50274372
752,2,1.34876776,5.48984385
753,2,1.17006230,5.65549707
754,2,1.41561699,5.70758343
755,2,1.42456675,6.07623482
756,2,1.26635933,8.57369709
757,2,1.31597495,8.08417320
758,2,1.18748820,5.57678413
759,2,1.32728434,6.20007753
760,2,1.37352562,6.95182037
761,2,1.34459901,4.36243486
762,2,1.35775757,6.70549297
763,2,1.39087784,9.31783867
764,2,1.27057934,4.14765263
765,2,1.20318460,7.95265484
766,2,1.32834363,6.60747290
767,2,1.45850456,5.59807014
768,2,1.35437846,4.96326351
769,2,1.45935965,5.45525503
770,2,1.20102262,5.23894310
771,2,1.35627508,5.70420694
772,2,1.23861265,5.44452524
773,2,1.08028460,7.50810719
774,2,1.14211941,2.95135713
775,2,1.42854571,6.10328960
776,2,1.33619165,6.23209000
777,2,1.23676789,7.56081867
778,2,1.38236237,6.23243141
779,2,1.27709222,6.12350607
780,2,1.51137733,11.81244373
781,2,1.24968183,10.78779602
782,3,1.30673766,9.18702126
783,3,1.24528003,7.79559851
784,3,1.43539524,16.87321091
785,3,1.27839160,8.57094002
786,3,1.39820838,11.95691109
787,3,1.28931808,9.19545746
788,3,1.37753701,8.59120560
789,3,1.35338473,5.88882828
790,3,1.28319001,6.24824905
791,3,1.27255487,8.41049004
792,3,1.30980074,7.14861488
793,3,1.28847742,5.32180262
794,3,1.26260698,4.03626490
795,3,1.32416153,8.78373337
796,3,1.34320951,3.68394828
797,3,1.32466459,5.60791206
798,3,1.21092796,4.45699549
799,3,1.25494862,5.24787426
800,3,1.24067914,5.27308226
801,3,1.39640236,6.74147987
802,3,1.24873090,3.70189524
803,3,1.20481944,3.76365852
804,3,1.34124851,4.49910641
805,3,1.13227880,6.28270674
806,3,1.24482000,6.61055756
807,3,1.18849468,6.92308521
808,3,1.36461508,6.59519339
809,3,1.24288750,7.65314960
810,3,1.35848856,10.99101257
811,3,1.37223899,8.27081490
812,3,1.31131339,8.17458344
813,3,1.21792626,7.12869453
814,3,1.19418550,6.95239687
815,3,1.38468766,6.51271296
816,3,1.38285518,9.71241856
817,3,1.34636545,5.86388159
818,3,1.42484140,12.78815174
819,3,1.23033261,5.95723438
820,3,1.22573996,7.42401457
821,3,1.32683682,7.02193213
822,3,1.44892311,6.78927517
823,3,1.15199673,4.79032946
824,3,1.11844635,4.07493687
825,3,1.29147148,6.00033426
826,3,1.24041176,8.56670380
827,3,1.57600236,9.05851078
828,3,1.36646867,8.28392982
829,3,1.33969259,7.54806232
830,3,1.33596420,7.72427416
831,3,1.18733668,9.14374733
832,3,1.38812578,4.98808336
833,3,1.32097876,3.60314345
834,3,1.29701447,6.37496614
835,3,1.37098503,10.07603073
836,3,1.39136004,10.58006954
837,3,1.43592489,9.49427795
838,3,1.27508771,4.69330454
839,3,1.31200671,6.32310438
840,3,1.30585837,10.14670277
841,3,1.39050317,6.12704039
842,3,1.29670477,4.65522909
843,3,1.37787259,5.01202059
844,3,1.11342359,3.53304768
845,3,1.27650142,7.55353498
846,3,1.40417814,8.37913895
847,3,1.23026609,5.07458448
848,3,1.20248532,8.42846966
849,3,1.39505553,4.68967581
850,3,1.18287587,4.46094561
851,3,1.13260853,7.70880508
852,3,1.38299799,6.93851757
853,3,1.02687633,5.25886297
854,3,1.24711215,6.89333057
855,3,1.40160370,7.50395536
856,3,1.10335159,5.82521009
857,3,1.24492955,10.42286110
858,3,1.22232831,6.02462053
859,3,1.25769997,5.41717291
860,3,1.17055631,6.06575251
861,3,1.24408054,5.61023331
862,3,1.24716282,6.04043293
863,3,1.25199211,9.94236565
864,3,1.42189336,6.93378019
865,3,1.24443746,6.54452944
866,3,1.11211896,4.29617882
867,3,1.21247268,3.81674743
868,3,1.26427794,8.00949192
869,3,1.26194322,6.33814812
870,3,1.18781209,8.96773720
871,3,1.23990154,6.83405304
872,3,1.25501394,5.00638628
873,3,1.40951681,9.50004959
874,3,1.31173325,9.37156487
875,3,1.23973727,4.27338696
876,3,1.12816906,4.92413235
877,3,1.37507820,5.99685383
878,3,1.25778699,5.17274857
879,3,1.35413456,7.67636919
880,3,1.25870764,5.75950289
881,3,1.25220060,9.26636887
882,3,1.31185961,10.12130928
883,3,1.12198997,3.64723969
884,3,1.33988094,8.23585796
885,3,1.29762864,4.85513306
886,3,1.31964529,6.45649767
887,3,1.33353543,6.11447001
888,3,1.33860731,7.02852345
889,3,1.25199747,5.73306513
890,3,1.22243309,4.56926155
891,3,1.26094651,7.42271566
892,3,1.39884615,8.06792450
893,3,1.22376227,6.22477722
894,3,1.26718593,6.39828205
895,3,1.30415714,6.04982853
896,3,1.21766925,4.07769632
897,3,1.36328411,4.67578936
898,3,1.40374100,inf
899,3,1.36321640,9.01207161
900,3,1.21117163,8.17822552
901,3,1.19610310,7.12376451
902,3,1.29845929,6.08489037
903,3,1.27194035,5.52615976
904,3,1.26352561,7.10092545
905,3,1.39136100,10.64874458
906,3,1.23710942,4.41224194
907,3,1.33279991,5.48282862
908,3,1.39255524,9.59417152
909,3,1.30059958,5.18616915
910,3,1.23673272,9.27761841
911,3,1.27617586,6.67980719
912,3,1.33640373,6.09452820
913,3,1.22600555,3.90936089
914,3,1.39207792,9.58844185
915,3,1.07055557,6.21559477
916,3,1.22023296,5.51141357
917,3,1.19757187,5.52554703
918,3,1.15451121,9.52128887
919,3,1.07716501,6.68180037
920,3,1.31740093,12.34509945
921,3,1.26252067,10.56754589
922,3,1.21483469,7.91351557
923,3,1.46037126,6.06713390
924,3,1.20808148,9.46290874
925,3,1.11799741,7.56219864
926,3,1.36252546,6.34743261
927,3,1.23237073,5.12637758
928,3,1.23165107,10.00077915
929,3,1.22630095,7.48228502
930,3,1.12871432,6.85931349
931,3,1.26201475,5.21472740
932,3,1.12533998,4.93151951
933,3,1.13053393,5.05577612
934,3,1.34831715,6.54617977
935,3,1.17401779,3.62343478
936,3,1.32587743,7.64848185
937,3,1.30180991,5.77376366
938,3,1.27334702,5.29959726
939,3,1.35817158,7.17055988
940,3,1.17614150,8.16982079
941,3,1.24435711,5.66547918
942,3,1.22662258,7.21515131
943,3,1.23920190,4.68247604
944,3,1.17693663,7.18941164
945,3,1.19863999,6.89999437
946,3,1.21972525,6.55795527
947,3,1.29309559,8.33776093
948,3,1.51749587,8.29059696
949,3,1.19019175,4.83760834
950,3,1.17475021,5.55733967
951,3,1.16312909,5.74014568
952,3,1.29818177,5.93634844
953,3,1.21980429,6.24401760
954,3,1.28880167,5.27954769
955,3,1.23188210,4.16947508
956,3,1.35524678,5.21860886
957,3,1.09999609,4.78061914
958,3,1.19742584,4.25385237
959,3,1.31042230,3.44059896
960,3,1.35008001,6.65509272
961,3,1.25717950,3.53976274
962,3,1.28160417,7.65447998
963,3,1.20992839,9.48327637
964,3,1.23790991,6.09183311
965,3,1.19314981,8.74250698
966,3,1.26947045,7.98407555
967,3,1.10664093,5.09933805
968,3,1.21113896,6.93578434
969,3,1.18605304,8.82839394
970,3,1.14462483,9.37980080
971,3,1.24763668,4.76972103
972,3,1.17841411,10.81910133
973,3,1.23714185,7.28518772
974,3,1.19728518,8.92122078
975,3,1.08948588,8.60116482
976,3,1.25466537,7.29091454
977,3,1.26209068,9.58998013
978,3,1.26024437,8.62562752
979,3,1.23828590,6.59153271
980,3,1.33666730,10.83389759
981,3,1.34985733,12.22457218
982,3,1.38535821,7.23051977
983,3,1.19321454,9.68956947
984,3,1.35447621,9.22816944
985,3,1.13205135,7.19977283
986,3,1.26999068,6.90138721
987,3,1.15823793,7.14699507
988,3,1.34961247,6.46080399
989,3,1.15421414,5.33350897
990,3,1.25873280,7.99431372
991,3,1.36368012,8.59042263
992,3,1.37400293,7.89732695
993,3,1.18769073,6.31249380
994,3,1.24821353,6.34047318
995,3,1.24060774,7.92561245
996,3,1.21199787,9.42235184
997,3,1.35096598,6.82023096
998,3,1.34407318,5.59220600
999,3,1.42160964,9.61369514
1000,3,1.38303041,5.94203854
1001,3,1.17286384,4.02308512
1002,3,1.27636433,6.33934593
1003,3,1.31630683,11.34710598
1004,3,1.19871294,4.69333553
1005,3,1.33624935,6.71616459
1006,3,1.30619490,3.87128592
1007,3,1.26726842,8.38386440
1008,3,1.38294721,6.17120171
1009,3,1.26168454,4.76568794
1010,3,1.23542154,5.84315443
1011,3,1.27961385,6.33799887
1012,3,1.14306569,5.32100964
1013,3,1.24440742,5.52763414
1014,3,1.15401924,9.02747917
1015,3,1.34295988,5.23524141
1016,3,1.22396088,5.42258310
1017,3,1.28114581,7.27898073
1018,3,1.26139617,6.55039072
1019,3,1.24506998,4.58667517
1020,3,1.30900824,12.30166531
1021,3,1.11092210,7.45647240
1022,3,1.13589120,6.04802036
1023,3,1.23802352,4.83615541
1024,3,1.27990532,10.84908485
1025,3,1.32177055,5.40277290
1026,3,1.28148746,4.71114731
1027,3,1.09389377,6.71427774
1028,3,1.12415767,4.71606064
1029,3,1.40030980,8.22417068
1030,3,1.39366245,7.88178682
1031,3,1.22559571,6.75628471
1032,3,1.38740158,9.07442665
1033,3,1.30846810,11.25017166
1034,3,1.10443938,5.92149448
1035,3,1.38719273,9.73415184
1036,3,1.24326181,5.43362522
1037,3,1.37993646,7.56910276
1038,3,1.12586403,8.27859592
1039,3,1.23314703,8.66102028
1040,3,1.32322955,7.01680756
1041,3,1.11037111,4.39212608
1042,3,1.31929243,9.42349434
1043,3,1.20246625,8.10102940
1044,3,1.07933712,3.36105347
1045,3,1.08878756,5.21098328
1046,3,1.34135914,7.36114359
1047,3,1.20072746,5.10074997
1048,3,1.21321750,6.03126621
1049,3,1.15161705,3.65316892
1050,3,1.23217523,6.03622484
1051,3,1.04748654,4.29218102
1052,3,1.22344124,7.06358671
1053,3,0.98159230,4.99310875
1054,3,1.39482522,8.20652676
1055,3,1.30373001,9.79973984
1056,3,1.23959410,6.70460606
1057,3,1.09369051,3.91663456
1058,3,1.31928754,5.25946188
1059,3,1.25741398,5.30132532
1060,3,1.25244546,7.07143879
1061,3,1.09613323,4.65858793
1062,3,1.21495032,5.05207968
1063,3,1.18737030,3.65443039
1064,3,1.19298458,4.10268259
1065,3,1.11204410,7.11720657
1066,3,1.17995834,7.49540710
1067,3,1.06864130,5.24681330
1068,3,1.14991629,5.02999592
1069,3,1.15334821,5.11259985
1070,3,1.34128428,7.54862022
1071,3,1.18344069,7.49423790
1072,3,1.06079626,5.96499872
1073,3,1.14514494,6.35937548
1074,3,1.29195130,11.45661640
1075,3,1.38365650,5.19324255
1076,3,1.13327050,7.82985449
1077,3,1.25780845,9.44391155
1078,3,1.11292315,6.95969868
1079,3,1.15390360,7.08465052
1080,3,1.36535764,12.78453159
1081,3,1.15078652,9.72598553
1082,3,1.11826301,6.17210388
1083,3,1.13891447,8.89615059
1084,3,1.15174997,11.33760262
1085,3,1.20720696,4.78387737
1086,3,1.30561829,7.87060690
1087,3,1.28431368,7.84330177
1088,3,1.30509508,7.91383743
1089,3,1.26398420,9.05360413
1090,3,1.03230739,5.24716759
1091,3,1.26519465,6.38920164
1092,3,1.30996656,6.19577694
1093,3,1.09308004,7.95091009
1094,3,1.26806664,7.37720013
1095,3,1.34894967,6.92119837
1096,3,1.12482047,6.07502937
1097,3,1.03068972,3.89514184
1098,3,1.13597119,4.16633940
1099,3,1.10595155,6.24127054
1100,3,1.19393098,8.97097683
1101,3,1.29162359,5.98152733
1102,3,1.13193214,6.80196095
1103,3,1.18759561,5.97069883
1104,3,1.25516701,8.58670521
1105,3,0.98202682,4.55562544
1106,3,1.39345896,7.68219852
1107,3,1.15216970,7.13784456
1108,3,1.04729927,6.00695896
1109,3,1.31389642,12.00403500
1110,3,1.25150251,5.80563974
1111,3,1.24224544,5.20892239
1112,3,1.15471900,6.05726147
1113,3,1.11358702,6.20572758
1114,3,1.29758000,6.34647083
1115,3,1.12386560,4.62819862
1116,3,1.12693667,6.59036255
1117,3,1.12016356,5.51305199
1118,3,0.92915821,4.24373913
1119,3,1.13000631,4.84331942
1120,3,1.11911798,5.27289295
1121,3,1.16084659,6.38926411
1122,3,1.22058904,8.18384933
1123,3,1.21493626,4.17144489
1124,3,1.07333553,5.93363142
1125,3,1.14599085,5.56624746
1126,3,1.23324251,12.26463509
1127,3,1.17811251,5.67124462
1128,3,1.07093143,6.18828011
1129,3,1.18560004,8.44916439
1130,3,1.25115991,6.86914921
1131,3,1.16280389,4.77021360
1132,3,1.09632337,5.27833748
1133,3,1.22770452,7.10423851
1134,3,1.07566559,10.18607140
1135,3,1.16176963,6.57912779
1136,3,1.32220173,5.88757086
1137,3,1.35985053,4.91792727
1138,3,1.13967681,6.34544373
1139,3,1.33650970,11.80007744
1140,3,1.25199366,7.55366659
1141,3,1.22379780,7.19286013
1142,3,1.24405456,5.63683081
1143,3,1.33551943,4.85780191
1144,3,1.08161259,3.82401800
1145,3,1.09171915,7.92735243
1146,3,1.32755578,5.42979908
1147,3,1.27375710,6.42889929
1148,3,1.16813302,5.20173836
1149,3,1.36796319,7.32953882
1150,3,1.05876422,4.22395468
1151,3,1.07686222,5.86039829
1152,3,1.13786530,4.67059326
1153,3,1.06184542,6.61120558
1154,3,1.12176013,6.65332985
1155,3,1.28456962,5.57953930
1156,3,1.02300262,7.08609056
1157,3,1.19101238,9.41990089
1158,3,1.12413371,10.85455704
1159,3,1.17317104,5.42935896
1160,3,1.35701013,11.96846485
1161,3,1.34749615,7.76429701
1162,3,1.24545383,6.52537584
1163,3,1.29316401,12.18707943
1164,3,1.13647807,5.01916456
1165,3,1.16513920,7.72761154
1166,3,1.14568019,5.58968353
1167,3,1.14211059,5.98121452
1168,3,1.19303071,4.36556768
1169,3,0.98511910,4.91692019
1170,3,1.17807019,7.34595776
1171,3,1.28682423,5.29267406
1172,3,0.82748854,5.01383400
1173,4,1.25334871,8.70703983
1174,4,1.27264237,7.14834070
1175,4,1.11339140,5.74875784
1176,4,1.26010609,9.07470608
1177,4,1.20846212,5.06308126
1178,4,1.29251492,7.36621237
1179,4,1.15648198,5.83011723
1180,4,1.14880824,7.78597069
1181,4,1.22059369,7.43744755
1182,4,1.17928243,6.20097017
1183,4,1.08852124,4.74305058
1184,4,1.18328500,4.56834793
1185,4,1.44811201,9.34401894
1186,4,1.15798521,7.57141972
1187,4,1.11711705,5.70973158
1188,4,1.28329349,5.76757383
1189,4,1.13259161,6.72509718
1190,4,1.12867713,4.73049593
1191,4,1.12997067,8.63343620
1192,4,1.22788811,7.24257278
1193,4,1.19018054,5.42383671
1194,4,1.04111004,5.14811707
1195,4,1.19990253,8.91372108
1196,4,1.19710016,7.14278698
1197,4,1.24225020,4.77259493
1198,4,1.11312973,13.38758564
1199,4,1.26104307,10.12260723
1200,4,1.01069283,6.77496815
1201,4,1.15588558,8.02373600
1202,4,1.10123551,3.95884013
1203,4,1.06074309,5.31561852
1204,4,1.24009359,8.07234192
1205,4,1.13597274,4.57754469
1206,4,1.15652442,5.87831259
1207,4,1.15464985,6.15394592
1208,4,1.11493874,8.28662205
1209,4,1.09691930,6.62467337
1210,4,1.34948957,6.58286190
1211,4,1.07782221,5.71265507
1212,4,1.23498774,9.48569012
1213,4,1.19302940,7.00787735
1214,4,1.07806897,5.54821444
1215,4,1.10658467,10.00892448
1216,4,1.18776762,7.75484848
1217,4,1.10321856,4.66045141
1218,4,1.18595302,8.78765774
1219,4,1.12943769,6.69115257
1220,4,1.00263906,7.23392105
1221,4,1.18214726,5.59052038
1222,4,1.21217799,7.96787024
1223,4,1.14534330,6.98585129
1224,4,1.05373263,7.23132324
1225,4,1.10987568,4.40686846
1226,4,1.00046909,7.91141701
1227,4,0.98674321,5.68306971
1228,4,1.07276249,6.67874289
1229,4,1.08124769,7.25912333
1230,4,1.05936813,6.43692589
1231,4,1.21518826,7.56043196
1232,4,1.09843087,7.53282166
1233,4,1.14269471,9.11508560
1234,4,1.23012578,8.29030228
1235,4,1.12050676,6.37681484
1236,4,1.08267617,5.93920374
1237,4,1.20784831,7.12100172
1238,4,1.00897074,6.79441118
1239,4,1.07088494,6.86054087
1240,4,1.14804196,5.90674400
1241,4,1.20931578,6.55474663
1242,4,1.20774531,5.92607832
1243,4,1.19169772,6.33443165
1244,4,1.17190313,9.64856148
1245,4,1.02475226,5.17629337
1246,4,1.14590037,5.91156244
1247,4,1.13461518,5.75185394
1248,4,1.06081831,8.86871624
1249,4,1.01399827,5.52434587
1250,4,1.16827571,5.92826748
1251,4,1.10223365,5.71426249
1252,4,1.02273822,6.05009699
1253,4,1.08343446,9.65175247
1254,4,1.18103921,7.10564375
1255,4,1.12207961,6.32534075
1256,4,1.22502971,8.75263309
1257,4,0.98732686,5.35365725
1258,4,1.07512450,6.89968729
1259,4,1.08638859,7.24771452
1260,4,1.03485048,5.58080149
1261,4,1.10016060,8.11688423
1262,4,1.16071427,7.20402670
1263,4,0.97820687,4.73260260
1264,4,1.05690730,8.69449425
1265,4,1.11263692,6.68901873
1266,4,1.31315780,11.98447895
1267,4,1.23236203,8.55877686
1268,4,1.10898733,8.15032864
1269,4,1.12405431,9.46753120
1270,4,1.05689037,7.72902107
1271,4,0.98643965,6.24861526
1272,4,0.99209607,6.54521322
1273,4,1.03501141,7.26709318
1274,4,0.95356166,5.27634335
1275,4,1.11041725,7.01484728
1276,4,1.09705997,7.52641296
1277,4,1.10420644,6.79540348
1278,4,1.07072031,10.64324760
1279,4,1.27493584,12.75576973
1280,4,1.19030261,8.82065392
1281,4,1.07152152,6.21209908
1282,4,1.16928148,8.81275272
1283,4,1.16901720,7.78213167
1284,4,1.17825699,9.08903122
1285,4,1.01227558,6.11707354
1286,4,1.10322332,7.19691706
1287,4,1.10905647,9.58799553
1288,4,1.50017238,16.76488304
1289,4,1.04185367,9.06195831
1290,4,1.19569850,5.43115139
1291,4,1.20980954,8.42257500
1292,4,1.24702621,9.27210808
1293,4,1.14058948,7.82272768
1294,4,1.07168925,5.25488758
1295,4,1.12033653,4.95770741
1296,4,1.18716311,5.45881748
1297,4,1.11963606,4.52266979
1298,4,1.22332406,6.88249207
1299,4,1.38180530,9.19184589
1300,4,1.17369485,6.05060101
1301,4,1.12860465,5.36969185
1302,4,1.12425959,5.62955856
1303,4,1.09926295,5.87085485
1304,4,0.94147944,4.72598696
1305,4,1.30785537,8.06919670
1306,4,1.10894704,6.27779102
1307,4,1.07653582,6.24900389
1308,4,1.21129036,6.32102966
1309,4,1.16894627,9.37328625
1310,4,1.08781397,9.02390385
1311,4,0.99438262,5.04424620
1312,4,1.19195962,8.07696056
1313,4,1.05113745,5.35971880
1314,4,1.15816760,6.55763245
1315,4,1.00365305,5.11121416
1316,4,1.12696266,9.96187496
1317,4,1.19166458,8.25075340
1318,4,1.05227351,7.57118893
1319,4,1.10824156,7.88188982
1320,4,1.18420231,6.54007387
1321,4,1.23644495,7.76765966
1322,4,1.10899472,5.44559431
1323,4,1.11753106,5.43094301
1324,4,1.15608287,4.48670292
1325,4,1.08456945,5.90543318
1326,4,1.09748888,8.02125549
1327,4,1.08972681,6.63511229
1328,4,0.99980474,4.94349480
1329,4,1.12874115,5.37303638
1330,4,1.15056086,12.21706295
1331,4,1.00677729,4.17748070
1332,4,1.16755319,8.07477951
1333,4,1.16911197,5.85284615
1334,4,1.12926745,5.87548637
1335,4,1.20296001,6.51083136
1336,4,1.11234260,4.65022373
1337,4,1.12749100,4.61535931
1338,4,1.06269503,7.76494884
1339,4,1.21083844,6.02653503
1340,4,1.01791525,6.37460279
1341,4,1.09657812,6.51323891
1342,4,1.16679573,9.70086670
1343,4,1.03030002,7.40180779
1344,4,1.03957176,6.85416651
1345,4,1.06726468,6.04611397
1346,4,0.99816555,8.60749817
1347,4,1.18046081,8.57827091
1348,4,1.11155081,7.87079191
1349,4,1.19644213,9.13232613
1350,4,1.13876653,13.46407223
1351,4,1.00219417,7.77234077
1352,4,1.08408940,5.70290422
1353,4,1.12728572,9.26012135
1354,4,1.19167686,8.33561420
1355,4,1.08989525,5.20993042
1356,4,1.01536608,5.09265423
1357,4,1.14208817,6.14272881
1358,4,1.10358799,7.32532787
1359,4,1.10899508,7.40490198
1360,4,0.89429665,5.27076101
1361,4,1.26805806,11.40198994
1362,4,1.06630051,9.87131119
1363,4,1.07453179,9.05439949
1364,4,1.21609735,6.18293190
1365,4,0.92379224,7.01639557
1366,4,1.05544710,6.31858587
1367,4,1.01603889,6.50667524
1368,4,1.10581553,8.15625191
1369,4,1.21913099,7.30173826
1370,4,1.13902354,7.38221312
1371,4,1.08966517,10.49035645
1372,4,1.11618435,8.37064266
1373,4,1.28957236,7.66646194
1374,4,1.14857435,8.15277767
1375,4,1.06602144,9.00189209
1376,4,0.99431145,7.74650049
1377,4,1.10568690,7.62590313
1378,4,1.18693638,8.18895817
1379,4,1.10568333,11.36153030
1380,4,0.96603763,8.88553333
1381,4,1.12382901,10.13610554
1382,4,1.16102612,11.13778400
1383,4,1.00440812,6.42925024
1384,4,1.11287022,5.08673620
1385,4,1.18132663,14.59363651
1386,4,0.99113327,7.13222837
1387,4,0.99016947,5.56357288
1388,4,1.05123734,6.78202868
1389,4,1.19698226,6.53033066
1390,4,1.22602797,7.78809929
1391,4,1.09110820,9.59510803
1392,4,1.19695830,8.95386887
1393,4,1.14688754,5.50258446
1394,4,1.10024571,6.21214294
1395,4,1.13543940,9.23661709
1396,4,1.24342155,11.25572491
1397,4,1.09386551,5.52600384
1398,4,1.14598393,9.29196262
1399,4,1.38356113,14.48521328
1400,4,1.15117371,6.12590742
1401,4,1.07959878,4.86755371
1402,4,1.05403471,7.49832916
1403,4,1.08216262,7.37172031
1404,4,1.26578367,8.97310734
1405,4,1.08264780,9.36851501
1406,4,1.22826672,11.18716049
1407,4,1.30060053,8.95090580
1408,4,1.17409968,8.05285168
1409,4,1.06670070,7.22516155
1410,4,1.26418936,10.30149364
1411,4,1.22511280,7.19634724
1412,4,1.11612749,5.19179916
1413,4,1.22645724,7.37597847
1414,4,1.16423893,7.56488705
1415,4,1.30697465,8.25586414
1416,4,1.06541920,9.22281456
1417,4,1.13903582,6.94832611
1418,4,1.02775037,5.22342157
1419,4,0.95667845,4.79933643
1420,4,1.07119036,6.29989624
1421,4,1.17982686,10.19070625
1422,4,1.12705040,9.93192005
1423,4,1.13427377,8.29843616
1424,4,1.04620743,5.38923264
1425,4,1.16414797,12.76524258
1426,4,0.98931372,6.56311846
1427,4,1.10910475,6.26230049
1428,4,1.07305312,6.24134541
1429,4,1.08379173,7.54434538
1430,4,0.97947305,7.87159777
1431,4,0.96639371,8.09738350
1432,4,0.99875772,9.06130123
1433,4,1.00461626,5.50210524
1434,4,1.10829020,8.06224918
1435,4,1.07974935,10.39020538
1436,4,0.91848135,5.11123943
1437,4,1.03086281,7.25677824
1438,4,1.07690036,4.84589577
1439,4,0.93992424,11.39257145
1440,4,1.14773655,6.14866829
1441,4,1.04874659,7.07261133
1442,4,1.00373626,4.78222370
1443,4,1.08299136,6.09036398
1444,4,1.10758543,7.67704535
1445,4,1.02244222,5.99236727
1446,4,1.11497939,6.47161531
1447,4,1.07839656,6.87671232
1448,4,1.14097798,8.40191650
1449,4,1.01702976,8.49746418
1450,4,0.95289063,5.86203051
1451,4,1.11254120,8.18561268
1452,4,1.21753836,8.52563477
1453,4,1.03032207,7.36849308
1454,4,1.02146077,5.03028297
1455,4,1.04361844,5.48308706
1456,4,1.10599351,6.59968948
1457,4,1.27828848,7.60080338
1458,4,1.15645111,7.57801723
1459,4,1.03750324,5.00315189
1460,4,1.02636468,8.38244247
1461,4,1.13087237,9.28218746
1462,4,1.15387440,9.98493385
1463,4,0.92877835,4.10156584
1464,4,1.19319701,6.04348516
1465,4,1.22053254,7.13191032
1466,4,1.06915259,8.40459919
1467,4,1.15432537,6.88480425
1468,4,1.15167296,7.10298061
1469,4,1.09162796,4.44294167
1470,4,1.05942035,4.44817972
1471,4,1.04984379,7.96038532
1472,4,1.02937436,5.81725407
1473,4,0.98344839,7.37749767
1474,4,1.07246184,6.44920635
1475,4,1.24749255,6.35483742
1476,4,1.21407247,8.77444839
1477,4,1.33048320,9.80961704
1478,4,0.94480741,8.82985592
1479,4,0.98034757,8.42935467
1480,4,1.10513449,7.04284811
1481,4,1.12177038,8.66190338
1482,4,1.21861923,13.68392372
1483,4,1.14724493,11.37317657
1484,4,1.08483374,11.61559677
1485,4,1.17790246,7.85073566
1486,4,1.04998422,9.28092289
1487,4,1.11356235,8.16088772
1488,4,1.19924545,8.95481110
1489,4,1.09040022,7.67574310
1490,4,1.16083360,8.32174206
1491,4,1.10883749,7.81619072
1492,4,1.10436869,6.75369596
1493,4,1.08333337,5.84612322
1494,4,1.13121080,6.35647392
1495,4,1.15994358,7.56981373
1496,4,1.20370352,5.05429554
1497,4,1.04960418,5.98189878
1498,4,1.10255384,7.33688593
1499,4,1.16442609,5.31995344
1500,4,1.08758152,6.10482931
1501,4,1.09281158,5.11419153
1502,4,1.04431868,5.75687742
1503,4,1.27186465,7.45422792
1504,4,0.97489387,5.80918074
1505,4,0.95624560,5.60576868
1506,4,1.00425363,7.98767138
1507,4,1.10299802,4.95548439
1508,4,1.06615150,6.89647865
1509,4,1.00314093,8.09111595
1510,4,1.04186475,4.38338518
1511,4,0.98319513,5.19561291
1512,4,1.07278860,5.72703171
1513,4,0.82326305,6.13587284
1514,4,0.91916198,7.09300613
1515,4,0.99550343,5.90596771
1516,4,1.14209032,4.09409142
1517,4,1.20150709,6.99781799
1518,4,1.21549535,7.63455772
1519,4,1.00660300,7.55694532
1520,4,1.01351118,8.08959007
1521,4,1.04059684,9.26437855
1522,4,1.09200346,7.97883368
1523,4,1.14697933,5.34420443
1524,4,1.04265285,5.67284203
1525,4,0.92856252,6.75914860
1526,4,0.96921194,6.76649427
1527,4,0.95698273,6.43583488
1528,4,0.94273818,6.84793568
1529,4,0.99404937,6.91542816
1530,4,1.11821127,12.30385017
1531,4,0.88750273,5.78701162
1532,4,1.10601830,7.65175152
1533,4,1.18553686,7.42198992
1534,4,1.25949717,7.10882425
1535,4,1.08092260,7.38631201
1536,4,1.09597397,6.33177137
1537,4,0.96151590,6.94181347
1538,4,0.97738814,5.80107975
1539,4,1.17647958,9.20675755
1540,4,1.33281207,11.21083736
1541,4,1.03295350,9.36462402
1542,4,1.01277328,5.01526165
1543,4,1.15622044,5.49811363
1544,4,0.90963697,3.89701986
1545,4,1.20738888,6.66366768
1546,4,1.04629302,8.13060856
1547,4,1.00037003,7.10254955
1548,4,1.12964261,6.19645834
1549,4,0.87210751,5.17444944
1550,4,0.99511653,6.70567513
1551,4,1.08680677,5.52644110
1552,4,1.11802888,5.63998413
1553,4,1.12056279,7.07877064
1554,4,1.12953663,8.09821224
1555,4,0.96061689,4.71872616
1556,4,1.05842733,7.55923367
1557,4,1.17459857,5.86662245
1558,4,0.96610820,6.95819378
1559,4,1.21593380,5.86514187
1560,4,1.01442468,8.55253220
1561,4,1.00305104,9.36497784
1562,4,0.98100376,5.17391825
1563,4,1.02979052,5.32631636
1564,5,0.87715638,5.31602669
1565,5,0.96551871,9.35316277
1566,5,1.03496873,5.58410645
1567,5,0.99460560,6.78332949
1568,5,0.83350074,6.12278700
1569,5,0.92243516,9.75384712
1570,5,0.94438255,9.22099209
1571,5,1.06881952,9.01360226
1572,5,1.19173133,9.60693264
1573,5,1.01028156,11.43946934
1574,5,1.16542053,10.36470222
1575,5,1.52539372,18.60877228
1576,5,1.05904055,6.62077332
1577,5,1.07444787,6.75295830
1578,5,1.16145754,10.88182735
1579,5,1.25548649,12.28643417
1580,5,0.85970545,5.66900206
1581,5,0.96868950,7.36104202
1582,5,0.98977578,7.56834126
1583,5,1.10879445,13.17749500
1584,5,1.04179001,5.05240822
1585,5,0.99810374,5.38898277
1586,5,1.02061772,6.05793810
1587,5,1.06269169,7.77826118
1588,5,1.09886050,7.91173601
1589,5,1.09577107,6.32588053
1590,5,1.18405342,8.46667290
1591,5,1.08387005,7.27372789
1592,5,1.13755167,7.96579075
1593,5,0.89197606,8.28361130
1594,5,1.20663786,9.60882854
1595,5,1.00823236,6.94465685
1596,5,0.94136584,4.14241362
1597,5,0.92880666,7.20119572
1598,5,1.04747486,7.20648670
1599,5,0.89357471,5.83123302
1600,5,0.88641793,7.05995750
1601,5,0.83749110,6.34779358
1602,5,1.02381980,8.18131828
1603,5,1.19993281,10.09943104
1604,5,1.09939837,9.70754433
1605,5,0.96917236,5.79839754
1606,5,1.04467177,7.08382654
1607,5,1.15898478,8.86736584
1608,5,1.10083961,7.67207766
1609,5,1.04850626,8.51431179
1610,5,1.09034312,4.97738838
1611,5,1.17084408,9.57040977
1612,5,0.93850732,4.78170252
1613,5,1.08502400,5.91684818
1614,5,0.98542547,5.34738207
1615,5,0.96882880,5.89298773
1616,5,1.11461425,5.76504946
1617,5,0.93927139,6.51570559
1618,5,1.03547955,6.31272125
1619,5,1.03863883,6.86794996
1620,5,1.09691000,7.14733839
1621,5,1.03978848,4.29925013
1622,5,1.05106235,5.31840801
1623,5,1.09876776,7.07751322
1624,5,0.88238418,5.83328152
1625,5,1.11957335,7.84017897
1626,5,1.09956396,6.38289833
1627,5,1.03791952,7.76431561
1628,5,0.99493188,5.15387964
1629,5,0.93487012,5.58477926
1630,5,1.02480531,6.73607206
1631,5,0.99312782,7.24801064
1632,5,1.00928712,4.84618282
1633,5,1.06887722,7.20209312
1634,5,0.98547691,5.86431551
1635,5,0.95487928,4.16770315
1636,5,1.17295861,8.44303226
1637,5,0.99555838,10.19078350
1638,5,1.09004951,8.58729839
1639,5,1.13275743,9.02035236
1640,5,0.94412076,6.45975637
1641,5,0.99425197,7.38251019
1642,5,1.07427526,8.86900806
1643,5,1.08178329,8.13247967
1644,5,1.02567649,8.45437622
1645,5,1.01324415,8.83055687
1646,5,1.04117584,4.39986467
1647,5,1.07224274,7.14400768
1648,5,1.03725266,6.28197336
1649,5,1.34889984,8.66890144
1650,5,0.91838187,7.34912777
1651,5,0.98011196,8.21385860
1652,5,0.78893709,8.55427074
1653,5,0.84942037,6.15372515
1654,5,1.01384759,9.83471584
1655,5,1.05949903,7.20367050
1656,5,1.01857245,8.00545311
1657,5,1.05127180,8.61084461
1658,5,0.97589594,6.23183203
1659,5,0.98100275,7.73947716
1660,5,1.16155005,8.13870239
1661,5,0.95236444,6.46099615
1662,5,1.00935578,8.79212189
1663,5,1.02090180,7.68664932
1664,5,1.13983703,8.74348450
1665,5,0.96866918,7.70067739
1666,5,1.03369379,6.97810984
1667,5,0.90954947,6.97118044
1668,5,1.11889935,7.33566427
1669,5,1.20165932,9.45107651
1670,5,1.07843971,8.13516045
1671,5,0.90878791,5.04109812
1672,5,0.93216085,5.87608337
1673,5,1.00311065,5.87300491
1674,5,1.11633265,7.34853172
1675,5,0.89516592,9.45890808
1676,5,1.21331704,6.84062624
1677,5,1.11437547,7.20805788
1678,5,1.13433790,8.09873581
1679,5,0.90566623,7.70355797
1680,5,1.00521576,7.42692280
1681,5,1.12255096,7.04336452
1682,5,0.92522800,9.26715374
1683,5,0.97129035,7.48910904
1684,5,0.95514560,5.68137932
1685,5,1.04600465,7.45969534
1686,5,1.10801589,11.26556587
1687,5,1.01346874,7.55435276
1688,5,1.01948977,5.99051189
1689,5,1.09193265,11.68586636
1690,5,1.05314445,8.94166946
1691,5,1.08436203,7.63528204
1692,5,1.01016450,6.19556475
1693,5,0.97021163,5.64625025
1694,5,1.02567220,7.43524885
1695,5,0.94066978,10.09556580
1696,5,1.08995175,12.83494854
1697,5,0.94349617,5.32966900
1698,5,0.91417104,9.12849903
1699,5,1.01875842,8.93358040
1700,5,1.06595337,11.27782345
1701,5,1.00315058,7.54930067
1702,5,1.22087789,9.67282581
1703,5,0.91902739,7.72406054
1704,5,1.09294915,7.63994789
1705,5,1.12667584,10.94969559
1706,5,0.97706741,8.66934967
1707,5,1.06152797,7.86524630
1708,5,1.17334569,13.87422371
1709,5,0.96098167,5.11273813
1710,5,0.95600438,6.81841660
1711,5,1.01411438,7.65496206
1712,5,0.94804180,7.13406944
1713,5,0.93618321,9.17164803
1714,5,1.05944920,9.14704609
1715,5,0.82576036,7.07885504
1716,5,1.06889486,7.62596512
1717,5,1.13703799,11.89926529
1718,5,1.04947174,9.92501926
1719,5,0.94823211,6.43169451
1720,5,0.95249903,6.09881639
1721,5,0.97337329,12.10034752
1722,5,0.96860743,7.10321712
1723,5,1.06118393,9.23938084
1724,5,1.19076037,7.44697142
1725,5,1.01756096,8.21709156
1726,5,1.06045747,4.20031929
1727,5,0.89034623,9.03594208
1728,5,0.91418272,7.75717020
1729,5,1.03469777,4.58202505
1730,5,0.98318315,7.35148382
1731,5,0.82642061,5.93485737
1732,5,0.94411266,6.83876324
1733,5,1.05581379,10.32473278
1734,5,0.97096932,7.93705273
1735,5,1.04920280,9.91821003
1736,5,0.95710844,6.30156898
1737,5,1.00388277,7.68967152
1738,5,0.96641481,8.55543232
1739,5,1.08713579,6.77206802
1740,5,0.88246065,4.23866463
1741,5,0.90200233,8.45086288
1742,5,0.91145265,8.28426647
1743,5,1.04164314,13.41900539
1744,5,0.91939890,6.06307983
1745,5,0.80971658,5.69555664
1746,5,0.89070177,12.51851368
1747,5,1.07841301,11.91413212
1748,5,0.99798822,10.93559265
1749,5,1.13741052,8.67979050
1750,5,1.07880771,10.37646008
1751,5,0.96098959,5.03733253
1752,5,1.03182721,10.43654060
1753,5,1.05925214,6.81904840
1754,5,1.05284047,7.74778223
1755,5,0.92242259,10.12107754
1756,5,1.13655460,6.57750940
1757,5,1.17416120,9.17087936
1758,5,1.11407065,9.52492619
1759,5,0.98245335,7.49044609
1760,5,1.08017373,7.17273855
1761,5,0.98587090,5.43436575
1762,5,0.91607964,6.65428305
1763,5,1.05554581,7.12421370
1764,5,1.02034283,5.44472837
1765,5,0.93113315,4.38006926
1766,5,1.07338452,4.06849670
1767,5,1.07478189,8.82791615
1768,5,1.00548697,6.82803917
1769,5,1.10535204,7.13361216
1770,5,0.94046342,5.48195648
1771,5,1.12056065,7.34446907
1772,5,0.90859479,6.85224581
1773,5,0.91516852,4.14175606
1774,5,0.87816095,8.77425480
1775,5,1.09568918,7.18287563
1776,5,1.04648972,6.84817553
1777,5,0.86825287,7.12116718
1778,5,0.97057962,5.33297920
1779,5,0.91091669,6.56722403
1780,5,0.90376508,7.64593697
1781,5,0.93116415,8.35564423
1782,5,0.93737125,8.70943642
1783,5,1.06799376,11.53755474
1784,5,0.87569255,5.83190680
1785,5,0.99877310,7.04999542
1786,5,0.84565961,8.45652485
1787,5,0.83415359,8.25650692
1788,5,0.88550150,6.98542547
1789,5,0.97100556,6.47049904
1790,5,0.80650038,7.37481976
1791,5,0.86732513,7.70504379
1792,5,0.96217960,6.40239811
1793,5,0.93996119,5.57493687
1794,5,1.23666358,8.36787796
1795,5,0.99307257,4.93125629
1796,5,1.09763145,5.89677191
1797,5,0.93079174,6.00227261
1798,5,1.01190388,7.22127724
1799,5,0.98601341,5.98592949
1800,5,0.95876670,8.61364174
1801,5,0.95568132,9.42908287
1802,5,1.00173235,7.98007679
1803,5,1.08730888,10.13525486
1804,5,0.97360051,9.92186737
1805,5,1.00045228,9.81116676
1806,5,1.14172268,7.80574179
1807,5,0.90005803,6.33203650
1808,5,1.23251319,11.40337086
1809,5,1.08543444,10.19220638
1810,5,0.89837331,6.43861723
1811,5,0.99621344,7.37347221
1812,5,1.05197096,7.87535524
1813,5,1.00365257,8.96937561
1814,5,1.00121665,8.54616451
1815,5,1.06977487,6.75927114
1816,5,0.89567536,6.85886288
1817,5,0.80616212,5.38650513
1818,5,1.01073313,8.78186703
1819,5,0.90538013,9.62653255
1820,5,0.96565485,7.05046177
1821,5,0.96384692,7.73867846
1822,5,1.09186757,8.11638069
1823,5,0.82622743,5.76280546
1824,5,1.04410732,8.93216228
1825,5,0.97362381,7.07256842
1826,5,0.66165316,4.86236906
1827,5,1.13554585,8.68899632
1828,5,0.88162327,7.56444693
1829,5,0.86987066,7.85931301
1830,5,0.91698933,7.20227003
1831,5,0.93578905,6.38379288
1832,5,1.00338793,6.28506947
1833,5,0.93391109,7.07903004
1834,5,1.00527740,6.55794144
1835,5,1.02763605,5.63724184
1836,5,0.72077590,6.63462353
1837,5,1.15758967,6.54813528
1838,5,1.00660443,6.43387651
1839,5,1.07992578,10.12882710
1840,5,0.73564893,5.83552170
1841,5,0.92167854,5.78087664
1842,5,0.95147425,7.25822115
1843,5,0.92233384,7.44074965
1844,5,0.87988853,6.49478340
1845,5,0.82638979,7.59859037
1846,5,0.90954959,11.61576271
1847,5,0.88740396,6.97822189
1848,5,1.04652369,6.74820089
1849,5,0.91886723,9.83140850
1850,5,0.89449692,6.62250710
1851,5,0.94351119,6.99551010
1852,5,1.16254234,11.80230713
1853,5,0.84951735,8.86115360
1854,5,0.96034062,5.93473959
1855,5,0.98798048,6.98811245
1856,5,1.07173181,12.96042633
1857,5,1.15325379,9.98353958
1858,5,0.74916339,5.21233797
1859,5,0.95154774,9.09024620
1860,5,0.91475135,9.17125130
1861,5,1.01507795,8.16668606
1862,5,1.09778750,10.75820351
1863,5,0.96384394,6.62479639
1864,5,1.00201321,9.13136196
1865,5,1.12425029,11.50712395
1866,5,0.92906183,12.70553017
1867,5,1.04355145,6.44297886
1868,5,0.84024626,5.21286488
1869,5,0.97818112,9.17670155
1870,5,0.90272272,7.24247456
1871,5,0.85980886,5.30065203
1872,5,0.95476431,6.69212389
1873,5,1.13559389,6.62136745
1874,5,1.00327635,10.44374847
1875,5,0.91348171,6.83727407
1876,5,1.02483118,6.98142242
1877,5,0.99982035,6.29765415
1878,5,0.93399298,5.72617531
1879,5,0.94360149,9.17786407
1880,5,1.01087999,7.46231890
1881,5,0.88231528,6.01781750
1882,5,0.88662857,5.54462433
1883,5,0.93881750,7.91869116
1884,5,1.00856709,5.63056660
1885,5,0.94335902,13.56801891
1886,5,1.00091326,6.48625946
1887,5,1.06911635,8.79550171
1888,5,0.93204689,8.61704350
1889,5,0.92621887,12.32106304
1890,5,1.06733942,6.35415363
1891,5,1.02848411,8.72746658
1892,5,1.14199412,11.76191902
1893,5,1.07416880,10.67683887
1894,5,0.97358149,7.48765230
1895,5,0.88362938,8.81114674
1896,5,0.95164901,9.84112835
1897,5,0.90088868,6.43375778
1898,5,1.01890635,8.32372952
1899,5,1.05263424,6.08022356
1900,5,0.89332312,7.28242970
1901,5,0.94333982,5.74995756
1902,5,0.98949111,8.27957821
1903,5,0.95503134,7.36289454
1904,5,0.94253731,4.93357325
1905,5,0.93352157,6.09969139
1906,5,0.92872411,7.51751614
1907,5,0.94229555,6.09164572
1908,5,1.00663257,6.80103922
1909,5,0.92869836,5.85340023
1910,5,0.98423135,7.46378422
1911,5,0.97235107,7.63689232
1912,5,1.22341776,7.81955528
1913,5,1.00513244,6.62831306
1914,5,0.87410355,8.73383141
1915,5,1.07800364,9.28013802
1916,5,0.93779564,6.87991238
1917,5,1.01741290,7.66598320
1918,5,1.01745462,7.43638659
1919,5,0.82808053,5.17679453
1920,5,0.79379839,4.06413126
1921,5,0.90363872,5.48306513
1922,5,0.87566423,5.79341507
1923,5,0.84762615,6.28159332
1924,5,1.04505682,8.51010609
1925,5,0.96064496,5.13327599
1926,5,0.86951149,7.13433409
1927,5,1.02813566,9.58837414
1928,5,1.01220179,6.30971146
1929,5,0.94429260,6.66418600
1930,5,0.87648523,6.92805052
1931,5,0.92578858,9.29125881
1932,5,0.92573726,7.37046719
1933,5,1.13506413,9.11833763
1934,5,0.92503858,9.54383469
1935,5,1.05368853,10.17346001
1936,5,0.95301819,6.06625319
1937,5,0.94340372,8.55994797
1938,5,0.97288489,8.34305954
1939,5,1.04214621,9.98501682
1940,5,1.02683675,6.53956556
1941,5,0.87215185,5.65437508
1942,5,1.02490377,6.98459578
1943,5,0.95406771,9.15511322
1944,5,0.91323316,5.54540968
1945,5,0.89016151,7.03362322
1946,5,0.87644935,4.99676609
1947,5,0.92136383,7.35600567
1948,5,0.99044067,6.14718676
1949,5,0.91102952,6.38282490
1950,5,1.01206207,6.28336143
1951,5,0.84396505,8.34568501
1952,5,0.89942265,6.48532724
1953,5,1.01965427,6.26356649
1954,5,1.03241324,13.62507439
1955,6,0.78052223,4.82072973
1956,6,0.76051593,6.78783083
1957,6,0.81423169,6.75300217
1958,6,0.88285804,8.27291107
1959,6,0.93389058,10.04029274
1960,6,0.91590995,6.84357738
1961,6,0.81704038,7.11707687
1962,6,0.98621953,9.68013477
1963,6,0.84707737,7.70712709
1964,6,0.90856826,7.64107847
1965,6,0.86923355,6.81159782
1966,6,0.86640394,6.98873615
1967,6,1.01274920,10.67118263
1968,6,0.97950190,13.05271244
1969,6,1.00009656,8.05263042
1970,6,1.00492764,13.54037666
1971,6,1.09158862,16.90884972
1972,6,0.87744045,11.97484970
1973,6,1.09845996,10.62035275
1974,6,1.08084965,14.31740665
1975,6,1.24591041,12.57354450
1976,6,0.98315561,11.77078533
1977,6,0.88439232,9.46632767
1978,6,0.93187523,7.90691471
1979,6,0.93388528,7.54905367
1980,6,1.02865458,10.35999870
1981,6,1.06382084,10.35007000
1982,6,0.94888276,7.34448719
1983,6,0.91590941,4.72401142
1984,6,0.99956274,4.02352762
1985,6,1.18632710,7.12070417
1986,6,1.05625010,6.67375660
1987,6,1.05644488,7.30443335
1988,6,0.99503100,6.31120253
1989,6,1.06153166,6.48225498
1990,6,1.04489172,6.66060591
1991,6,1.02027762,5.92503738
1992,6,0.90493917,8.50138569
1993,6,0.83139521,7.03048038
1994,6,0.78038228,4.75432825
1995,6,1.07644320,7.42657185
1996,6,0.96822965,5.48116875
1997,6,0.88890421,5.55142069
1998,6,0.95749891,4.58851480
1999,6,0.99351108,6.81690311
2000,6,0.93773103,7.71805429
2001,6,1.00437522,6.55099535
2002,6,0.80364430,8.33953285
2003,6,0.99979532,8.11734867
2004,6,0.96363759,5.38228941
2005,6,0.96021724,5.96828699
2006,6,0.82485902,7.31469154
2007,6,0.95331043,6.49830818
2008,6,0.93988806,7.99077225
2009,6,1.07898283,8.55439949
2010,6,0.96746922,8.27565289
2011,6,0.87953889,9.02027798
2012,6,0.98009777,8.55219364
2013,6,0.87654948,7.09711504
2014,6,1.09384561,8.99887753
2015,6,0.97232747,6.08967924
2016,6,0.88870621,4.83591986
2017,6,0.93532240,8.65043068
2018,6,0.90144420,6.13980341
2019,6,0.92592376,6.28162861
2020,6,0.93145752,6.61643267
2021,6,0.91572762,7.39646769
2022,6,0.87408280,6.28681278
2023,6,0.73118985,9.42855740
2024,6,0.87018663,5.88117886
2025,6,0.76524520,6.26742220
2026,6,1.03640985,8.17012405
2027,6,0.89905334,8.83147621
2028,6,0.93686843,6.70544434
2029,6,0.93626219,11.04019833
2030,6,1.08646202,13.48234463
2031,6,1.02028310,13.08089828
2032,6,1.14947820,10.48687744
2033,6,1.01845133,11.72149754
2034,6,0.89834589,9.27006340
2035,6,1.14764977,11.76803684
2036,6,0.88446498,7.96689749
2037,6,0.91027129,10.95525646
2038,6,0.91517758,6.38631248
2039,6,1.06042612,8.21430683
2040,6,1.00451326,13.47278500
2041,6,0.76754653,7.09675455
2042,6,0.95742238,4.70313740
2043,6,0.90704763,6.14522886
2044,6,0.91134322,7.84818268
2045,6,0.85424709,4.38099766
2046,6,0.93607885,6.20320415
2047,6,0.94950390,7.06910467
2048,6,0.96827430,5.84722328
2049,6,0.74823475,6.52564049
2050,6,0.83652014,6.01165485
2051,6,0.91200006,6.11183882
2052,6,0.94743246,7.64225483
2053,6,1.04454052,7.64896297
2054,6,1.04563737,7.93647861
2055,6,0.90407968,8.48483944
2056,6,0.90712893,5.47700500
2057,6,0.93095255,8.32874012
2058,6,0.85836065,6.57554054
2059,6,1.20388615,12.48091984
2060,6,0.92439407,11.35957336
2061,6,1.04878664,6.87497854
2062,6,0.94441706,5.61298943
2063,6,0.84080833,8.71962929
2064,6,0.95254862,6.27817488
2065,6,0.91159713,9.92949581
2066,6,0.94964981,10.10943413
2067,6,0.84690106,7.58943701
2068,6,1.02435482,7.26227140
2069,6,0.97277671,9.75571060
2070,6,1.00138855,6.76276112
2071,6,0.89371985,7.75500441
2072,6,0.76870632,7.11345196
2073,6,0.90952808,9.80694580
2074,6,0.99451435,5.84910154
2075,6,1.03801453,8.67216587
2076,6,0.87655199,6.54444408
2077,6,1.06290519,8.04496288
2078,6,0.79056358,4.91744471
2079,6,0.87808704,6.51416922
2080,6,0.91717321,6.27180624
2081,6,0.81699371,8.25259209
2082,6,0.85544658,7.42213964
2083,6,0.74308360,7.24166870
2084,6,0.81451726,12.79921436
2085,6,0.85133731,8.58394337
2086,6,0.94836187,5.85743380
2087,6,0.88668317,6.82179642
2088,6,0.98658872,7.93017292
2089,6,0.74076438,5.20825958
2090,6,0.99213046,8.02909565
2091,6,0.94475889,5.73182678
2092,6,0.95310748,8.44933319
2093,6,0.72641802,10.31887341
2094,6,1.02562690,8.92810822
2095,6,0.98582774,8.70142365
2096,6,0.83582258,7.06742382
2097,6,0.91533917,9.82120800
2098,6,0.88450998,10.81120110
2099,6,0.96439278,9.04973698
2100,6,0.94355679,7.16103935
2101,6,0.79703599,8.26662350
2102,6,1.09100926,9.19035625
2103,6,0.92889941,5.55256891
2104,6,0.80667961,4.87147045
2105,6,0.88544905,6.26926136
2106,6,1.03878260,8.12818813
2107,6,0.86539102,6.72094250
2108,6,0.89257669,6.69521427
2109,6,0.80258763,6.61591673
2110,6,0.83374000,5.94656658
2111,6,0.89421630,6.52862740
2112,6,0.96442729,5.83258247
2113,6,0.96310979,7.31908894
2114,6,0.94188869,6.89947033
2115,6,0.83995163,5.61022758
2116,6,0.78368926,5.30632210
2117,6,0.91939270,10.96136379
2118,6,1.05949795,6.44426060
2119,6,0.76804149,7.03546238
2120,6,0.94265050,6.70058584
2121,6,0.83463776,7.27378178
2122,6,0.96448720,8.97865772
2123,6,0.72972512,4.76572466
2124,6,0.84670651,7.32761717
2125,6,1.04918075,5.51040792
2126,6,1.01757240,7.12622929
2127,6,0.93352824,7.38914442
2128,6,0.95877755,10.90102482
2129,6,0.77081865,5.54242516
2130,6,0.86364579,6.19122314
2131,6,0.86984384,7.39915609
2132,6,0.76695299,8.95747280
2133,6,0.66790837,5.74764061
2134,6,0.88587081,6.25114393
2135,6,0.96512735,7.10410786
2136,6,0.87124884,6.79848146
2137,6,0.75471187,5.80702066
2138,6,0.85530567,6.36812639
2139,6,0.99476045,8.36169910
2140,6,0.96313423,10.55908298
2141,6,0.87318254,5.13537598
2142,6,0.67568213,4.99125242
2143,6,0.79767233,9.46528244
2144,6,0.89859080,8.17789459
2145,6,0.71635211,6.11141825
2146,6,0.91053504,9.86181641
2147,6,1.03113699,6.22464418
2148,6,0.88489795,8.31798172
2149,6,1.08409786,7.40854073
2150,6,0.99600768,8.69599152
2151,6,0.93527406,6.44711208
2152,6,0.91298252,4.89779615
2153,6,1.09128046,6.37026548
2154,6,0.79200971,7.77578020
2155,6,0.84649932,7.60045671
2156,6,0.94342387,5.09403610
2157,6,0.89482290,5.42350483
2158,6,0.81057531,5.66855097
2159,6,0.93453479,5.83676291
2160,6,0.89920115,7.24340820
2161,6,1.07295477,6.97499084
2162,6,0.86716354,6.14946556
2163,6,0.84543943,9.38659382
2164,6,0.71064609,5.72824240
2165,6,0.96425319,8.46347809
2166,6,0.99105704,11.42098331
2167,6,0.88501859,10.11026955
2168,6,0.83799458,4.29769325
2169,6,1.02602899,6.28581190
2170,6,0.99630433,10.23443985
2171,6,0.81707263,7.70479202
2172,6,0.97544181,10.66892529
2173,6,0.85387862,8.95410156
2174,6,0.85529226,6.08165073
2175,6,0.96110940,9.47105026
2176,6,0.90963143,7.88661957
2177,6,0.85250580,6.23916626
2178,6,0.84295046,7.33590174
2179,6,0.96782035,7.77638292
2180,6,1.00921047,9.12291145
2181,6,0.82789081,7.40448952
2182,6,0.77939403,5.56021166
2183,6,1.01742578,5.87301588
2184,6,0.96837509,8.68193913
2185,6,0.74612761,6.52902603
2186,6,0.88607454,5.67219973
2187,6,1.08277524,9.34478855
2188,6,0.85392261,7.95419598
2189,6,0.80418038,7.55275583
2190,6,0.82750219,7.81230783
2191,6,0.93222624,5.64347219
2192,6,0.80860192,8.92334080
2193,6,1.02774739,11.70483780
2194,6,0.91880947,7.30437708
2195,6,0.92745924,8.25793076
2196,6,0.85785896,8.52669716
2197,6,0.84192359,7.28860235
2198,6,0.84458101,6.50512457
2199,6,0.91670465,11.75839520
2200,6,0.74709731,6.45928001
2201,6,0.90956157,8.46287155
2202,6,0.94205904,8.33240128
2203,6,0.96609080,8.34681606
2204,6,0.93450457,8.34654331
2205,6,0.84207654,7.38652658
2206,6,0.71786928,8.43294811
2207,6,0.83528197,8.17360973
2208,6,1.05551672,8.10875416
2209,6,0.88532972,7.47580004
2210,6,0.94132185,8.57606506
2211,6,0.79683894,6.15214825
2212,6,0.98357272,7.81223726
2213,6,0.89468646,5.73110628
2214,6,0.82455599,6.30125523
2215,6,0.82786030,7.39660597
2216,6,0.94931328,5.64630604
2217,6,0.88892037,5.29526806
2218,6,0.82800221,6.52220726
2219,6,0.79922795,8.35840130
2220,6,1.08386064,8.33470821
2221,6,1.04234564,9.30348969
2222,6,1.13291454,8.24703884
2223,6,0.81015015,6.97594070
2224,6,0.96355367,9.04854298
2225,6,0.83876061,9.18159580
2226,6,0.70369506,6.88525724
2227,6,0.90741694,8.29015350
2228,6,0.77456760,12.11130714
2229,6,0.90213090,16.60404968
2230,6,0.84411287,6.40696907
2231,6,0.94602358,7.33197784
2232,6,1.06875491,8.36066437
2233,6,0.93665516,7.16191864
2234,6,1.08029890,9.04424095
2235,6,0.99758595,9.00078964
2236,6,0.89565384,5.42479563
2237,6,0.79010105,7.10747814
2238,6,0.81552219,4.82994604
2239,6,0.84203982,7.06129599
2240,6,0.84807169,6.82519531
2241,6,1.02580428,5.64730072
2242,6,0.91425157,7.66471720
2243,6,0.76308388,8.09486866
2244,6,0.89803302,5.86842108
2245,6,0.89375687,6.42841244
2246,6,0.85502708,6.97449446
2247,6,0.95631623,8.12789536
2248,6,0.98189640,7.75267124
2249,6,0.78781563,7.58138704
2250,6,0.84280902,6.52786446
2251,6,0.93578231,10.11802292
2252,6,0.81098604,7.89194202
2253,6,0.77193981,5.15588808
2254,6,0.79172480,7.74023199
2255,6,0.90770352,6.76715183
2256,6,0.91849917,9.63091660
2257,6,0.97752309,7.93555641
2258,6,1.01383913,9.33564377
2259,6,0.82010221,6.38555050
2260,6,0.95957363,11.29007626
2261,6,0.91478080,6.21136379
2262,6,0.80920553,7.24936485
2263,6,0.93916416,6.71634722
2264,6,1.05148625,13.16378212
2265,6,0.85492802,9.52323341
2266,6,0.92461741,7.24509096
2267,6,0.82078004,5.26415873
2268,6,0.94005322,6.84670210
2269,6,0.83447421,7.64363670
2270,6,0.87257117,8.95221043
2271,6,1.00137246,8.81918621
2272,6,1.03924239,7.07687759
2273,6,0.89496922,7.52722836
2274,6,0.64569169,4.56877518
2275,6,0.83410722,6.26713085
2276,6,0.94534993,7.18928051
2277,6,0.76795620,6.23173285
2278,6,0.81655967,4.69538307
2279,6,0.79204094,7.56723309
2280,6,1.12717342,9.41641808
2281,6,0.95534343,9.56525898
2282,6,0.94254845,7.65810108
2283,6,0.97001112,6.82193184
2284,6,0.92851293,7.70750666
2285,6,0.90909368,7.89373159
2286,6,0.89026612,8.19787884
2287,6,0.85434717,7.75082541
2288,6,0.79867887,8.01111126
2289,6,0.95264554,6.93678045
2290,6,0.80071449,7.33543396
2291,6,0.81879538,10.02835369
2292,6,0.88286114,7.65821266
2293,6,0.82626688,5.68644571
2294,6,1.00479817,6.02812243
2295,6,0.86459476,7.59932756
2296,6,0.92219299,4.89603519
2297,6,0.90141517,6.64670086
2298,6,0.92059988,8.78962803
2299,6,0.99526072,7.31871462
2300,6,0.81385052,7.38401461
2301,6,0.99151498,8.52736855
2302,6,1.02494180,13.14556980
2303,6,0.79783392,6.19547558
2304,6,1.00552917,8.68928432
2305,6,0.81799430,6.95813036
2306,6,0.84708005,9.61852455
2307,6,0.98718870,11.29550934
2308,6,0.77635384,6.45362854
2309,6,0.98963726,14.35716248
2310,6,0.89278412,13.01745510
2311,6,0.88397491,11.48576355
2312,6,0.80840445,5.08712769
2313,6,0.72206289,6.87808084
2314,6,0.94038832,7.81839228
2315,6,0.92815387,9.13083649
2316,6,1.10506845,6.44040918
2317,6,0.96064806,6.74816418
2318,6,0.77009892,7.59882116
2319,6,0.77118826,7.35101175
2320,6,0.78880537,5.51026249
2321,6,0.97340667,8.86140823
2322,6,0.89953101,8.00408745
2323,6,1.03590918,6.04735565
2324,6,0.83992589,5.39307737
2325,6,0.89879096,9.94813156
2326,6,0.85777676,7.45090389
2327,6,0.87433398,9.34354019
2328,6,0.85864067,5.61819124
2329,6,0.95853758,8.94729424
2330,6,0.88008600,5.89032173
2331,6,0.86830014,5.40405560
2332,6,0.98670077,12.94037056
2333,6,0.90243548,5.79982710
2334,6,0.86131054,7.51676464
2335,6,0.94770777,10.19955158
2336,6,0.82048523,7.94388819
2337,6,0.85298967,5.39376116
2338,6,0.70402479,10.92759991
2339,6,0.85664475,5.41502476
2340,6,0.84797323,6.43814039
2341,6,0.85756648,12.26288128
2342,6,0.93464804,6.84506178
2343,6,0.83472472,7.12656498
2344,6,0.68485701,6.06410027
2345,6,0.96587002,12.30954266
2346,7,0.76129162,6.16846943
2347,7,0.85028863,6.29867887
2348,7,1.00833583,9.25897789
2349,7,0.88984919,11.27355766
2350,7,0.88801020,7.36496305
2351,7,0.81929964,8.93170357
2352,7,1.01258087,9.49451065
2353,7,0.78271008,8.30708408
2354,7,0.98345703,7.22468376
2355,7,0.96674597,5.85250187
2356,7,0.81172359,6.52924681
2357,7,0.83446479,11.28273106
2358,7,0.93321371,6.80085325
2359,7,0.81758869,6.00657558
2360,7,0.77036834,10.79346371
2361,7,0.81482190,6.86951637
2362,7,0.90884769,7.19259930
2363,7,0.87801075,9.27532768
2364,7,0.79528081,6.46720076
2365,7,0.87607217,7.54957390
2366,7,0.88172305,6.39728117
2367,7,0.68407714,5.98428822
2368,7,0.82095277,8.84194565
2369,7,0.84345955,8.40014362
2370,7,0.63723266,6.50414991
2371,7,0.99180567,7.16359234
2372,7,0.79956603,7.06899929
2373,7,0.85302895,9.74772739
2374,7,0.83852559,6.66656160
2375,7,0.92247391,9.87215042
2376,7,0.84497845,9.25539684
2377,7,0.80592620,6.56401920
2378,7,0.90227997,7.40485907
2379,7,0.83183640,6.76389790
2380,7,0.87661588,8.98067856
2381,7,0.77410674,6.74807167
2382,7,0.83968472,8.31622887
2383,7,0.80481327,8.30345249
2384,7,0.70919240,9.02625656
2385,7,0.97740501,11.07166195
2386,7,0.75288630,9.19283009
2387,7,0.93010557,11.12565136
2388,7,0.84582436,7.65950537
2389,7,0.98631018,6.92520618
2390,7,0.83144116,9.64009190
2391,7,0.76544106,8.44593430
2392,7,0.88696194,5.99373436
2393,7,0.92032516,6.55264854
2394,7,0.94912368,8.01910496
2395,7,0.83490288,8.66421413
2396,7,0.93137813,7.78318024
2397,7,0.94347918,8.81262493
2398,7,0.66150677,5.51981497
2399,7,0.72989595,5.09051657
2400,7,0.81127751,5.63452482
2401,7,0.74370217,6.38546181
2402,7,0.78581500,8.77273083
2403,7,0.87000489,9.58200359
2404,7,0.89419162,5.77829409
2405,7,0.82627702,7.99279165
2406,7,0.91651523,12.82367516
2407,7,0.81902099,6.04369640
2408,7,0.91625261,6.13511467
2409,7,0.92804408,11.11860085
2410,7,0.79437721,9.46964359
2411,7,1.05595374,10.14526558
2412,7,0.84895891,6.43274117
2413,7,1.00609660,9.59338856
2414,7,0.87577164,9.13789463
2415,7,0.86578190,9.77373409
2416,7,0.95360506,5.86589479
2417,7,0.80034208,7.55652142
2418,7,0.74216813,6.41634655
2419,7,0.93089825,10.06366158
2420,7,0.80508018,7.97867107
2421,7,0.78580225,7.80231667
2422,7,1.02295589,9.98951530
2423,7,0.75890255,4.88182306
2424,7,0.87050414,8.81872940
2425,7,0.80708081,9.07668495
2426,7,1.02640450,6.85890484
2427,7,0.76217580,7.42720842
2428,7,0.75577438,5.07650232
2429,7,0.87051308,9.40984058
2430,7,0.93109059,9.15801525
2431,7,0.94441390,9.24666882
2432,7,0.81402826,6.67685652
2433,7,0.78227431,6.35371399
2434,7,0.77718037,7.10744143
2435,7,0.81165087,5.39176559
2436,7,0.83527702,5.65833712
2437,7,1.11767256,10.86708069
2438,7,0.69829786,6.05699444
2439,7,0.92859554,7.50303316
2440,7,0.82407880,6.57642078
2441,7,0.83176327,7.56474066
2442,7,0.84045297,10.40277290
2443,7,0.98814541,10.46500015
2444,7,0.83850658,5.91131687
2445,7,0.74742472,9.52349377
2446,7,0.64666581,5.69131994
2447,7,0.74827123,4.96156120
2448,7,1.02372897,8.67733192
2449,7,0.78659272,8.05140972
2450,7,0.81344354,4.65218306
2451,7,0.75967610,6.04084539
2452,7,0.80961627,6.74784994
2453,7,0.98448491,9.83202267
2454,7,0.68538469,7.60020161
2455,7,0.90243137,9.26734924
2456,7,0.81709689,7.71943712
2457,7,0.74444330,9.44060135
2458,7,0.83761656,5.48335505
2459,7,1.06321692,7.70869350
2460,7,0.84529370,5.76593256
2461,7,0.80017686,5.74833870
2462,7,0.84283042,8.29225159
2463,7,0.82282758,7.50505304
2464,7,0.71816409,6.62078571
2465,7,0.67520833,6.17021132
2466,7,0.77605855,8.85416603
2467,7,0.80499899,7.67115784
2468,7,0.82531828,7.64429998
2469,7,0.83842880,6.98379803
2470,7,0.82449174,5.76330090
2471,7,0.78546143,7.43153238
2472,7,0.80559063,7.62935925
2473,7,0.86738968,7.08960962
2474,7,0.86303926,9.51679230
2475,7,0.83942366,8.12147522
2476,7,0.84535074,9.24201775
2477,7,1.04797697,13.06170464
2478,7,0.86200047,9.94098663
2479,7,0.83146214,5.55176973
2480,7,0.85560918,7.56407785
2481,7,1.08933878,8.34028149
2482,7,0.85234237,8.17255688
2483,7,0.75373143,7.11200047
2484,7,0.82873404,6.99981737
2485,7,0.89320183,6.79951715
2486,7,0.98796010,6.72071981
2487,7,0.78285289,6.10698748
2488,7,0.91124952,7.33356524
2489,7,0.77833235,8.51458645
2490,7,0.83335626,8.34634972
2491,7,0.80652028,7.01492310
2492,7,0.78881013,11.83409786
2493,7,0.78732324,5.77395868
2494,7,0.81860238,7.88002157
2495,7,0.93402326,9.83207607
2496,7,0.80053818,8.33053493
2497,7,0.88511074,6.28355408
2498,7,0.80561435,6.56959152
2499,7,0.90983415,9.11354351
2500,7,0.73267496,5.29398537
2501,7,0.69406831,8.78685570
2502,7,0.69930053,8.14265728
2503,7,0.79663992,9.51353359
2504,7,0.65095878,7.36743450
2505,7,0.75541908,6.84924507
2506,7,0.95482278,10.20279408
2507,7,0.77939343,9.13064575
2508,7,0.88338637,7.23179197
2509,7,0.97793430,8.56806755
2510,7,0.69663328,8.75706291
2511,7,0.72330427,8.72140598
2512,7,0.65903986,5.89989042
2513,7,0.85849816,7.37164593
2514,7,0.84941775,6.23621416
2515,7,0.98716390,12.13510609
2516,7,0.89510906,7.04559612
2517,7,0.73592508,9.23676777
2518,7,0.81288040,7.95930910
2519,7,0.74488568,8.53940868
2520,7,0.95632905,10.40240002
2521,7,0.72844499,7.88759422
2522,7,0.70758390,8.95448685
2523,7,0.95341218,6.49435520
2524,7,0.74261522,8.68409061
2525,7,0.95548403,10.87423420
2526,7,0.77828628,9.11790752
2527,7,0.85349309,5.78445911
2528,7,0.77629632,7.55336332
2529,7,0.81240833,7.10592508
2530,7,0.95042825,7.25990677
2531,7,0.96363699,7.52283669
2532,7,0.90128148,9.94566631
2533,7,0.84360516,8.42409325
2534,7,0.77929628,5.60729504
2535,7,0.73576212,7.24519777
2536,7,0.69984794,7.95486116
2537,7,0.92760873,10.94978714
2538,7,0.83230150,9.88358688
2539,7,0.88927948,8.22481251
2540,7,1.06009626,9.75934315
2541,7,0.90748531,10.90618992
2542,7,0.74623489,6.24840832
2543,7,0.81626779,5.81049681
2544,7,0.98622698,9.72463799
2545,7,0.76725447,6.86975098
2546,7,1.09247303,10.13221264
2547,7,0.85141134,7.77274179
2548,7,0.69030577,5.20593500
2549,7,1.07560134,7.64785528
2550,7,1.00951147,7.43415594
2551,7,0.98570418,6.83916712
2552,7,0.68582571,9.14841747
2553,7,0.72604764,5.92236042
2554,7,1.01959264,8.65866375
2555,7,0.83636630,5.75843573
2556,7,0.74338555,8.03405762
2557,7,0.83594698,8.31639385
2558,7,0.78662735,7.89036751
2559,7,0.67000955,6.35267448
2560,7,0.94806045,7.65968275
2561,7,0.81488061,6.37514782
2562,7,0.83839595,8.82454491
2563,7,0.72834826,7.99934578
2564,7,0.78101623,5.60697079
2565,7,0.75994039,8.13627338
2566,7,0.91993976,15.67432213
2567,7,0.83159572,7.46263409
2568,7,0.74115920,6.28792858
2569,7,0.81500041,11.86570549
2570,7,1.00578809,8.67156887
2571,7,0.84862375,9.17078114
2572,7,0.54830050,5.82104635
2573,7,0.74779499,7.71059275
2574,7,0.80599689,10.07339287
2575,7,0.89506662,9.22798920
2576,7,0.91011333,10.74362564
2577,7,0.98888224,12.10129166
2578,7,0.99007511,12.14101505
2579,7,0.71336997,9.35405254
2580,7,0.77994817,10.63038731
2581,7,0.83654261,9.38258362
2582,7,0.79212207,11.42190266
2583,7,0.95902610,8.98040771
2584,7,0.80847692,5.71368885
2585,7,0.86165410,7.68006420
2586,7,0.82541883,7.02282000
2587,7,0.78373945,9.34812355
2588,7,0.78720915,6.49750805
2589,7,0.81721079,7.80885458
2590,7,0.64139259,7.72996950
2591,7,0.96109468,7.50070047
2592,7,0.88598925,9.14031315
2593,7,0.90827417,10.95428562
2594,7,0.65613180,8.45317936
2595,7,0.80830169,12.11999798
2596,7,0.84422243,10.54175949
2597,7,0.73946345,6.88921070
2598,7,0.84566092,8.18663216
2599,7,0.79135650,8.14597988
2600,7,1.02681792,8.58913326
2601,7,0.90176433,11.44734192
2602,7,0.85305941,6.26951075
2603,7,0.84644043,7.75721741
2604,7,0.94073719,7.46505642
2605,7,0.80872250,11.99394608
2606,7,0.91598058,9.30596352
2607,7,0.74373472,8.63870907
2608,7,0.83474714,7.44481134
2609,7,0.71048820,5.74212551
2610,7,0.88230312,9.42791939
2611,7,0.74629164,8.32640934
2612,7,0.74181455,6.39706898
2613,7,0.61159837,6.82949162
2614,7,0.78539276,7.39086866
2615,7,0.77922297,10.05164051
2616,7,0.85449743,9.22601604
2617,7,0.73640609,5.96465969
2618,7,0.76285172,7.31390619
2619,7,0.86695898,11.26601124
2620,7,0.89620578,11.01478100
2621,7,0.87784827,8.79911613
2622,7,0.71479440,5.53713083
2623,7,0.69981861,5.29199457
2624,7,1.12070954,8.08640385
2625,7,0.86547387,10.91496658
2626,7,0.70587003,9.20661068
2627,7,0.72482038,7.57830858
2628,7,0.89179027,6.61823988
2629,7,0.88338464,6.74197149
2630,7,0.76341879,7.17116404
2631,7,0.84305602,6.37420559
2632,7,1.01838279,10.69611740
2633,7,0.85133791,8.02475739
2634,7,0.75516135,6.04198217
2635,7,0.80335790,7.76835728
2636,7,0.98869050,11.85368538
2637,7,0.86143339,9.39781570
2638,7,0.75217366,5.64165068
2639,7,0.73935211,6.72938156
2640,7,0.74156332,7.78403378
2641,7,0.87167525,10.67968178
2642,7,0.97070706,6.61586905
2643,7,0.78542054,6.62420321
2644,7,0.65021360,7.09030867
2645,7,0.95889419,7.84430981
2646,7,0.91445327,6.70725632
2647,7,0.84081614,6.58805275
2648,7,0.71524316,9.77957249
2649,7,0.88189703,9.28110123
2650,7,0.86733848,7.80465889
2651,7,0.70842022,6.03452206
2652,7,0.78321630,8.96018982
2653,7,0.80309832,8.36526585
2654,7,0.97299141,11.46630192
2655,7,1.04645479,9.58554459
2656,7,1.00030136,7.45601749
2657,7,0.63459408,6.00073862
2658,7,0.70278203,7.86239719
2659,7,0.79122239,10.12011337
2660,7,0.89774215,8.20381165
2661,7,0.89700580,10.50880527
2662,7,0.90065938,7.89188051
2663,7,0.78309423,7.64980841
2664,7,0.88832927,7.99849272
2665,7,0.63911796,6.28556108
2666,7,0.69800144,7.15243006
2667,7,0.87131417,10.89559364
2668,7,0.79122508,8.92541409
2669,7,0.86855084,7.24081326
2670,7,0.67041159,6.54024506
2671,7,1.00723219,10.12668991
2672,7,0.92772406,10.32843876
2673,7,0.72551537,6.68260527
2674,7,0.90268707,6.18097115
2675,7,0.80966640,9.37836742
2676,7,0.79066384,5.76531172
2677,7,0.79767728,7.43257904
2678,7,0.78142655,5.63316154
2679,7,0.91361880,8.72781086
2680,7,0.75212938,4.73522472
2681,7,0.64727539,5.50439548
2682,7,0.74538696,8.18558979
2683,7,0.82038027,5.91078186
2684,7,0.70994914,6.47848225
2685,7,0.86081100,8.74730015
2686,7,0.77266788,7.71080303
2687,7,0.73584896,8.16948509
2688,7,0.82137418,9.14860153
2689,7,0.73299599,6.30762911
2690,7,0.67434776,8.01960945
2691,7,0.72637022,7.36359930
2692,7,0.73718011,6.15331268
2693,7,0.81573665,8.50902557
2694,7,0.92090237,9.84982395
2695,7,0.71038991,8.36694431
2696,7,0.93222499,8.32959461
2697,7,0.71845400,6.51375866
2698,7,0.75316703,6.43371010
2699,7,0.75110555,6.71413708
2700,7,0.73309314,9.54065800
2701,7,0.85689658,9.71725464
2702,7,0.83408940,6.29323435
2703,7,0.73610771,6.60127974
2704,7,0.89263499,6.21461821
2705,7,0.78916293,8.78107452
2706,7,0.82519752,7.53539181
2707,7,0.92446434,8.64958572
2708,7,0.72328115,9.09234715
2709,7,0.71394861,5.13593388
2710,7,0.81543499,7.75246048
2711,7,0.83077174,9.55738926
2712,7,0.70366573,7.05067444
2713,7,0.93012500,6.14621305
2714,7,0.75293767,6.51931953
2715,7,0.88000959,8.30563736
2716,7,0.70045245,11.34498692
2717,7,0.83901870,9.62522507
2718,7,0.88766146,10.64247990
2719,7,0.98872972,12.04974556
2720,7,0.72650039,6.96714926
2721,7,0.89431876,8.56727028
2722,7,0.67448533,8.71253395
2723,7,0.88133335,7.82861996
2724,7,0.70522654,11.62519836
2725,7,0.74838948,7.36257267
2726,7,0.78107798,8.47941017
2727,7,1.00386465,9.09146786
2728,7,0.82192731,10.59492683
2729,7,0.90441632,9.78997707
2730,7,0.62771004,5.42549801
2731,7,0.87310183,6.46990538
2732,7,0.75674880,5.98273468
2733,7,0.83665127,7.54211330
2734,7,0.76151681,9.66508389
2735,7,0.79335093,9.57267094
2736,7,0.98989379,9.27867413
2737,8,0.76390326,8.52225113
2738,8,0.75441569,5.01643991
2739,8,0.96456027,8.47003937
2740,8,0.91122174,8.80408764
2741,8,0.89760923,7.15478373
2742,8,0.70636576,5.59061050
2743,8,0.75275296,5.98062229
2744,8,0.80646086,6.23597050
2745,8,0.81010479,7.42754316
2746,8,0.80231547,7.59471607
2747,8,0.88421869,6.83737564
2748,8,0.53677082,5.35359430
2749,8,0.78052413,4.92363405
2750,8,0.79252779,8.34934235
2751,8,0.75735486,8.97194767
2752,8,0.70144105,7.90979242
2753,8,0.92917776,9.86515713
2754,8,0.77308732,8.24750423
2755,8,0.79697776,9.45065022
2756,8,0.80631244,8.56720543
2757,8,0.70112002,7.27304459
2758,8,0.65993655,7.32679605
2759,8,0.84284353,6.04447365
2760,8,0.91476494,8.92237091
2761,8,0.70476496,5.78001022
2762,8,0.83893979,6.20005369
2763,8,0.72537547,6.79772902
2764,8,0.65797055,5.87050438
2765,8,0.89025354,8.86929417
2766,8,0.87783486,9.81847572
2767,8,0.55246758,5.58214331
2768,8,0.81203556,6.15959167
2769,8,0.84403658,6.38758898
2770,8,0.70945561,9.01696014
2771,8,0.83554238,6.71311235
2772,8,0.67373300,6.76615238
2773,8,0.73543715,4.55859232
2774,8,0.92156023,5.96164274
2775,8,0.71212244,6.77838087
2776,8,0.96115589,6.34743500
2777,8,0.83883584,8.53215885
2778,8,0.65085912,7.99815083
2779,8,0.86458367,7.89614820
2780,8,1.00909019,8.30786991
2781,8,0.75598609,5.60274601
2782,8,0.71008623,5.54144382
2783,8,0.82208228,5.66047764
2784,8,0.80002630,7.63979721
2785,8,0.80553067,7.48347092
2786,8,0.90675765,8.58758163
2787,8,0.60644394,6.11743593
2788,8,0.85434186,14.40919113
2789,8,0.73009610,10.26332092
2790,8,0.86611009,9.89378929
2791,8,0.73196840,7.75331545
2792,8,0.83538508,7.98547649
2793,8,0.86168635,10.84380627
2794,8,0.97473228,9.86658287
2795,8,0.90172577,5.95241261
2796,8,0.69892102,10.59716415
2797,8,0.77241081,6.95255852
2798,8,0.75560629,8.00357342
2799,8,0.94226122,10.54824543
2800,8,0.68170142,7.48393250
2801,8,0.77877229,7.20934010
2802,8,0.81995666,13.35305023
2803,8,0.93902379,11.54401875
2804,8,0.84393471,7.26310778
2805,8,0.71949506,8.38107491
2806,8,0.65699017,6.91273022
2807,8,0.81149840,7.80758238
2808,8,0.80275726,10.56992626
2809,8,0.81260502,8.15789795
2810,8,0.72254455,9.14845181
2811,8,0.61701083,6.32266092
2812,8,0.80937576,8.55592251
2813,8,0.84386826,8.43167591
2814,8,0.85756630,9.74727631
2815,8,0.79948008,8.32313824
2816,8,0.68778563,6.20508003
2817,8,0.77041823,11.36715317
2818,8,0.87270749,8.82872868
2819,8,0.77397549,8.30448246
2820,8,0.73203701,6.41772747
2821,8,0.63306403,9.00421810
2822,8,0.71911901,9.04633141
2823,8,0.87279892,6.62052917
2824,8,0.74545324,10.38293266
2825,8,0.82468188,5.72723341
2826,8,0.65931123,4.96377277
2827,8,0.84477401,7.23821545
2828,8,0.75414723,7.59122038
2829,8,0.77374178,6.29481268
2830,8,0.59457839,6.52845335
2831,8,0.70000577,9.64982319
2832,8,0.62917060,6.02190018
2833,8,0.65092134,6.88366270
2834,8,0.75244927,8.09151077
2835,8,0.69503140,8.46175575
2836,8,0.69299948,5.65158796
2837,8,0.75739282,6.45597649
2838,8,0.78442669,9.73685265
2839,8,0.72830939,7.21242189
2840,8,0.64705312,6.81545115
2841,8,0.72910935,9.29274178
2842,8,0.84351516,7.75142193
2843,8,0.90825069,7.13304853
2844,8,0.79337835,10.21465588
2845,8,0.96375924,8.22449875
2846,8,0.75315672,7.82090139
2847,8,0.68586731,7.32243252
2848,8,0.64473951,7.62327766
2849,8,0.69501621,5.86139917
2850,8,0.70794117,5.55426264
2851,8,0.64982164,7.90887547
2852,8,0.66088998,6.62811804
2853,8,0.76605421,8.45821953
2854,8,0.75296628,5.77343130
2855,8,0.65946651,6.24245691
2856,8,0.81495571,7.01443577
2857,8,0.66975427,7.40980864
2858,8,0.83078933,8.99189758
2859,8,0.86731076,9.16853809
2860,8,0.83398247,7.94722748
2861,8,0.92529070,9.11397648
2862,8,0.68335915,8.10133171
2863,8,0.97337860,9.08872795
2864,8,0.84932512,8.95773315
2865,8,0.67973769,7.74936342
2866,8,0.99081081,10.13550091
2867,8,0.72288013,5.36780357
2868,8,0.71364713,6.26700163
2869,8,0.71367335,7.94041061
2870,8,0.75046176,6.42244959
2871,8,0.69690287,6.99959660
2872,8,0.68610454,7.96871996
2873,8,0.74624121,8.86803532
2874,8,0.77986377,8.64144325
2875,8,0.76609403,9.16850948
2876,8,0.92788291,9.72236252
2877,8,0.77188414,8.05008221
2878,8,0.83376169,9.61765766
2879,8,0.70597923,8.38173962
2880,8,0.79348862,14.88187790
2881,8,0.86141890,8.46216011
2882,8,0.76105797,7.92205954
2883,8,0.88399339,8.96699047
2884,8,0.66931385,8.09854412
2885,8,0.80891562,9.85807228
2886,8,0.86152375,11.41351414
2887,8,0.66164243,6.01330280
2888,8,0.91078597,13.20903778
2889,8,0.71015298,6.53607178
2890,8,0.66226864,8.03044701
2891,8,0.73097122,8.21307850
2892,8,0.80955160,9.28704071
2893,8,0.73867482,7.56322432
2894,8,0.81303191,5.21246433
2895,8,0.78270566,6.78261614
2896,8,0.89260638,7.78129053
2897,8,0.77055115,5.72073174
2898,8,0.66375989,4.64522314
2899,8,0.59408027,9.52100372
2900,8,0.79883242,7.55428267
2901,8,0.77476829,5.12553453
2902,8,0.81134152,9.08890152
2903,8,0.82371658,10.41475964
2904,8,0.77623534,9.96650696
2905,8,0.68221283,7.13811970
2906,8,0.70391834,8.31875992
2907,8,1.00948334,13.67141056
2908,8,0.68798161,8.83765888
2909,8,0.72105408,5.88030720
2910,8,0.79142523,8.19504261
2911,8,0.92011440,9.18773842
2912,8,0.74098688,7.89259624
2913,8,0.94327569,7.25814199
2914,8,0.60749453,5.82587910
2915,8,0.73721206,8.64918327
2916,8,0.67018312,6.11821079
2917,8,0.74715948,6.72995901
2918,8,0.91672075,7.10334015
2919,8,0.72471678,6.80391836
2920,8,0.74414492,7.06391382
2921,8,0.75841522,5.99956179
2922,8,0.76341605,8.74768734
2923,8,0.65254462,8.46196175
2924,8,0.82059819,8.29176712
2925,8,0.78444016,10.71192169
2926,8,0.69474095,7.70603800
2927,8,0.76393771,12.09825134
2928,8,0.65466017,6.21950150
2929,8,0.79270685,7.23833752
2930,8,0.76549053,9.38872910
2931,8,0.77842999,11.43417740
2932,8,0.75680029,14.08725548
2933,8,0.97146404,inf
2934,8,0.65631485,10.39600277
2935,8,0.74774653,8.13148403
2936,8,0.78389025,8.73230076
2937,8,0.74084044,11.46852493
2938,8,0.75920212,11.17387676
2939,8,0.80723464,7.33463240
2940,8,0.61823958,7.15002155
2941,8,0.84603703,10.97215462
2942,8,0.81058043,9.73060131
2943,8,0.67915964,8.38358498
2944,8,0.84145582,8.67198753
2945,8,0.75489789,10.05158329
2946,8,0.66260827,8.15969563
2947,8,1.00215578,13.52799702
2948,8,0.64488935,6.50454807
2949,8,0.69321203,6.62574291
2950,8,0.64758432,5.42059326
2951,8,0.84846920,6.92619324
2952,8,0.68035722,6.76239586
2953,8,0.86779207,6.38769913
2954,8,0.71163750,7.28958225
2955,8,0.49791548,5.80091333
2956,8,0.79398698,6.15062094
2957,8,0.83220851,9.73514938
2958,8,0.83304656,9.43910694
2959,8,0.89307982,9.55267906
2960,8,0.64566940,6.40955782
2961,8,0.75981444,7.44190025
2962,8,0.78187442,6.25282001
2963,8,0.80468607,8.60540867
2964,8,0.71845591,7.55488253
2965,8,0.70347685,8.04316998
2966,8,0.69329858,8.17863083
2967,8,0.84222227,6.18239784
2968,8,0.81889439,7.45981169
2969,8,0.73773646,6.75176764
2970,8,0.92346525,7.64193201
2971,8,0.80921566,7.23872995
2972,8,0.82509398,7.44769573
2973,8,0.91350543,7.31930542
2974,8,0.74796462,7.68713045
2975,8,0.73734426,7.92201519
2976,8,0.81482786,7.41287279
2977,8,0.67504990,5.97505903
2978,8,0.59594542,6.19215202
2979,8,0.77240241,5.69479084
2980,8,0.69477659,5.81006289
2981,8,0.80596185,8.68510342
2982,8,0.76572520,11.43694782
2983,8,0.69816113,8.65695572
2984,8,0.81558692,7.66875458
2985,8,0.69669706,8.53748608
2986,8,0.59896064,7.40767431
2987,8,0.72429955,8.95617771
2988,8,0.58335972,7.24857569
2989,8,0.85395861,6.84543991
2990,8,0.79864770,7.89192295
2991,8,0.79838312,5.40006924
2992,8,0.70248079,7.64681721
2993,8,0.79142475,7.30567265
2994,8,0.66295671,11.04988098
2995,8,0.68507802,7.05043030
2996,8,0.61574042,7.35727692
2997,8,0.65699899,5.31974411
2998,8,0.97483504,7.92373276
2999,8,0.73218381,5.90380049
3000,8,0.65268362,7.13063431
3001,8,0.72524625,6.56192255
3002,8,0.84948528,7.37947702
3003,8,0.66069007,7.53727770
3004,8,0.78742921,8.65732670
3005,8,0.98868519,10.42312050
3006,8,0.71912014,7.93518353
3007,8,0.68910849,5.37128401
3008,8,0.78151369,6.20251083
3009,8,0.68738312,9.16567993
3010,8,0.77343786,8.51619816
3011,8,0.89106405,13.40455437
3012,8,0.66374671,7.96928358
3013,8,0.62073886,4.52482367
3014,8,0.76356739,6.85039806
3015,8,0.73496330,7.15606070
3016,8,0.80962408,9.33464241
3017,8,0.73981607,7.34065533
3018,8,0.78029871,8.47073936
3019,8,0.66666520,8.00747204
3020,8,0.78004253,6.52987766
3021,8,0.63822889,5.44892502
3022,8,0.83212316,7.86846733
3023,8,0.71169055,7.13826799
3024,8,0.62227613,7.12906408
3025,8,0.76649570,6.69227600
3026,8,0.56688750,9.79248810
3027,8,0.67635804,7.74640131
3028,8,0.87210357,8.01020050
3029,8,0.72862935,9.63616371
3030,8,0.57121813,5.88077736
3031,8,0.66153014,5.31604338
3032,8,0.74592024,7.53724384
3033,8,0.69677788,9.46278667
3034,8,0.79375565,7.87819624
3035,8,0.64686942,10.35283852
3036,8,0.65316951,8.49221516
3037,8,0.75921756,7.52526569
3038,8,0.73064387,8.45142365
3039,8,0.88450968,8.56422806
3040,8,0.63104677,6.96638107
3041,8,0.72197151,7.14800310
3042,8,0.77441192,8.25436401
3043,8,0.79941827,8.79904556
3044,8,0.72866815,8.68961620
3045,8,0.64865971,7.52983093
3046,8,0.79083657,9.44315338
3047,8,0.67654991,9.24364948
3048,8,0.78118920,8.38269615
3049,8,0.87085056,9.45438290
3050,8,0.74683809,9.57072258
3051,8,0.68962675,6.97403288
3052,8,0.71013206,8.22736454
3053,8,0.69278318,10.22268772
3054,8,0.61711115,7.67456913
3055,8,0.90021956,8.39931011
3056,8,0.81407911,11.43303299
3057,8,0.79477739,11.20729637
3058,8,0.63703644,6.46896744
3059,8,0.61265075,6.90506315
3060,8,0.80091703,12.60107517
3061,8,0.73675919,9.49596882
3062,8,0.89965153,7.26400948
3063,8,0.72479844,6.46153545
3064,8,0.76976299,9.61287880
3065,8,0.80672526,8.31329060
3066,8,0.76436704,6.65191174
3067,8,0.69927788,6.68445063
3068,8,0.71720207,6.92062902
3069,8,0.51536775,6.32713985
3070,8,0.81794655,8.79945469
3071,8,0.66531271,5.35385513
3072,8,0.86904895,8.23865795
3073,8,0.61335671,8.71473694
3074,8,0.69632316,8.76859760
3075,8,0.65267390,6.92107821
3076,8,0.78634572,8.89891148
3077,8,0.82906663,10.71870995
3078,8,0.81237984,7.87758303
3079,8,0.65003586,8.97680378
3080,8,0.76490206,8.11202335
3081,8,0.77521360,7.27628231
3082,8,0.62885082,7.31377935
3083,8,0.72088027,6.00777864
3084,8,0.76779026,9.31660271
3085,8,0.73706317,8.90238857
3086,8,0.76772565,5.96031904
3087,8,0.84057474,9.46979141
3088,8,0.67220587,6.83886671
3089,8,0.70554954,9.63254833
3090,8,0.72808564,6.88096094
3091,8,0.87702435,13.64888096
3092,8,0.72715211,7.43603945
3093,8,0.69864833,6.43567419
3094,8,0.94735944,8.65794563
3095,8,0.78591919,11.22422314
3096,8,0.72343582,10.10501957
3097,8,0.72421181,5.10258484
3098,8,0.72014225,6.46512794
3099,8,0.68735337,8.13128376
3100,8,0.77263063,9.04616261
3101,8,0.70775235,9.47700214
3102,8,0.90681940,9.81422520
3103,8,0.80443358,9.37410927
3104,8,0.67478311,6.22685575
3105,8,0.62030149,6.87990761
3106,8,0.72458255,8.26542664
3107,8,1.04393816,9.54464531
3108,8,0.65137488,6.65058661
3109,8,0.77197182,9.77297878
3110,8,0.69331086,5.93554163
3111,8,0.79921079,9.29787731
3112,8,0.73230445,6.65355921
3113,8,0.69393218,7.44054270
3114,8,0.87412387,11.58448601
3115,8,0.69425565,9.11657333
3116,8,0.60706639,9.97514725
3117,8,0.63401592,10.15107155
3118,8,0.69169033,7.21055508
3119,8,0.82341993,8.73015022
3120,8,0.74073899,9.59789562
3121,8,0.86805415,9.89750481
3122,8,0.75617987,8.53333664
3123,8,0.77640253,7.17455912
3124,8,0.97720492,11.09868336
3125,8,0.69761598,6.17975712
3126,8,0.61377096,11.06193447
3127,8,0.79133934,11.16231251
3128,9,0.80800766,7.47377014
3129,9,0.72275341,5.85591030
3130,9,0.77255785,8.65061378
3131,9,0.63520277,6.14626408
3132,9,0.74798959,5.42405367
3133,9,0.69397867,6.38479948
3134,9,0.76179910,7.88756657
3135,9,0.66525900,8.45683479
3136,9,0.88962662,7.22746277
3137,9,0.72183812,6.05814219
3138,9,0.83936650,6.89718580
3139,9,0.56984669,6.84184027
3140,9,0.72064674,10.05852127
3141,9,0.76737380,7.52178097
3142,9,0.61398172,6.79391813
3143,9,0.61980271,9.11020947
3144,9,0.82351351,9.37394810
3145,9,0.82365400,9.45770454
3146,9,0.63758576,8.66728687
3147,9,0.82676142,8.69985867
3148,9,0.74170947,9.75269508
3149,9,0.80721080,8.32707500
3150,9,0.75970608,9.49835873
3151,9,0.91786778,13.08926296
3152,9,0.63843167,6.41949081
3153,9,0.72718632,6.42783308
3154,9,0.74930543,7.93958092
3155,9,0.70800292,8.84294796
3156,9,0.78201056,10.47360992
3157,9,0.76178330,8.12785721
3158,9,0.66127825,7.26237679
3159,9,0.70476210,6.72813320
3160,9,0.74759907,6.75729179
3161,9,0.58869278,8.10677147
3162,9,0.73756206,9.11261368
3163,9,0.69808227,7.37872839
3164,9,0.76497614,5.71569824
3165,9,0.78319263,5.72038984
3166,9,0.86582398,8.03934956
3167,9,0.61649585,6.89022493
3168,9,0.78853011,13.42183113
3169,9,0.77575397,8.26181698
3170,9,0.85079384,9.04179001
3171,9,0.71267295,5.59902716
3172,9,0.80311841,8.85938740
3173,9,0.78278416,7.72656155
3174,9,0.84292924,9.48899555
3175,9,0.67719871,6.52265024
3176,9,0.52799076,6.10900116
3177,9,0.79103756,11.66870213
3178,9,0.58859634,7.46830606
3179,9,0.82775497,8.08058262
3180,9,0.73222637,11.17872810
3181,9,0.72104943,6.29712677
3182,9,0.73305345,8.25797558
3183,9,0.73012620,13.60386562
3184,9,0.65107960,14.79577541
3185,9,0.68403089,10.42470074
3186,9,0.70684874,7.71203518
3187,9,0.84943402,8.26294136
3188,9,0.75351346,8.99073410
3189,9,0.71452737,9.07431698
3190,9,0.63889742,7.70040178
3191,9,0.70051646,6.40067148
3192,9,0.79639685,10.10398102
3193,9,0.74923742,12.31292057
3194,9,0.67402303,7.96517038
3195,9,0.75097132,8.60196018
3196,9,0.66395879,6.49772644
3197,9,0.76067400,6.55092335
3198,9,0.76012969,8.88935471
3199,9,0.70211899,7.05088043
3200,9,0.75890589,6.69082546
3201,9,0.74571037,8.61285210
3202,9,0.94857723,8.99081802
3203,9,0.69202858,7.34112072
3204,9,0.68125939,8.78939819
3205,9,0.71617430,8.03892136
3206,9,0.74350113,7.31293821
3207,9,0.64150381,8.10783195
3208,9,0.63399249,7.48940706
3209,9,0.69451928,6.48782873
3210,9,0.58089393,6.30129147
3211,9,0.73443228,8.32938099
3212,9,0.56243175,6.89461803
3213,9,0.60730642,6.79338217
3214,9,0.72072685,6.90081358
3215,9,0.87116623,8.68876553
3216,9,0.69111335,8.20690346
3217,9,0.63196599,6.62166023
3218,9,0.84455270,9.45371342
3219,9,0.64782369,6.68742037
3220,9,0.70551747,8.66859055
3221,9,0.74523389,9.18399620
3222,9,0.67083335,9.89887524
3223,9,0.62384164,6.07131815
3224,9,0.80233502,10.58521652
3225,9,0.76956767,6.58284044
3226,9,0.78696114,9.04669857
3227,9,0.80617964,8.93904305
3228,9,0.75178206,8.43446255
3229,9,0.66761875,6.57507038
3230,9,0.64640069,6.80776167
3231,9,0.80650032,12.96480179
3232,9,0.94071960,9.39938354
3233,9,0.64429015,5.40915585
3234,9,0.72549856,9.23752975
3235,9,0.59314066,6.37458754
3236,9,0.83336151,7.94754076
3237,9,0.59083319,8.77021885
3238,9,0.52056164,5.82558775
3239,9,0.66836536,5.97398567
3240,9,0.60014260,5.64856243
3241,9,0.71657038,6.46323490
3242,9,0.71219265,7.19372177
3243,9,0.79305995,8.27068329
3244,9,0.66319370,7.13297033
3245,9,0.76991236,10.63868237
3246,9,0.68426341,7.43414211
3247,9,0.72192359,7.58992386
3248,9,0.72714698,11.43681049
3249,9,0.67307329,10.47216988
3250,9,0.66267502,6.52343273
3251,9,0.67396045,6.86202049
3252,9,0.68664694,8.01676464
3253,9,0.61998826,6.64305687
3254,9,0.62597251,7.16618109
3255,9,0.74093109,6.29846907
3256,9,0.69375175,8.49698448
3257,9,0.63372171,7.71191168
3258,9,0.67661417,6.36547709
3259,9,0.73224378,10.92451572
3260,9,0.77794445,7.95829153
3261,9,0.70474494,6.51138878
3262,9,0.88360381,8.54712486
3263,9,0.72562885,7.65828419
3264,9,0.61823165,7.12761211
3265,9,0.59188390,7.17355108
3266,9,0.77789992,7.21384764
3267,9,0.65536642,8.69101143
3268,9,0.72456241,8.63024902
3269,9,0.58787030,6.58676958
3270,9,0.84490913,13.33727360
3271,9,0.63799477,9.08970928
3272,9,0.61472481,5.88398933
3273,9,0.75686795,7.51754856
3274,9,0.83506131,8.53202534
3275,9,0.56035721,6.76507092
3276,9,0.73316675,6.70905638
3277,9,0.68715179,7.02174044
3278,9,0.82479566,9.96668911
3279,9,0.52973127,5.35458899
3280,9,0.71135902,7.64546347
3281,9,0.85436559,6.49813890
3282,9,0.78697324,6.55281162
3283,9,0.73403209,7.66951036
3284,9,0.63363099,5.59031343
3285,9,0.61412835,8.53070641
3286,9,0.75595194,8.69157696
3287,9,0.65025961,6.32684278
3288,9,0.62245864,6.39014339
3289,9,0.83539122,7.56129169
3290,9,0.51562917,7.24324131
3291,9,0.70047784,8.80527020
3292,9,0.57106489,5.49117184
3293,9,0.72844815,6.75873899
3294,9,0.74277943,8.21419716
3295,9,0.71808475,7.73864889
3296,9,0.84960425,6.72894287
3297,9,0.75453806,8.93712044
3298,9,0.60782665,5.00979185
3299,9,0.76869917,8.17408180
3300,9,0.66210765,8.21391296
3301,9,0.79259306,11.58098412
3302,9,0.79256451,9.33532810
3303,9,0.79958504,6.02431154
3304,9,0.54316449,6.03169298
3305,9,0.71700835,8.75531197
3306,9,0.69366252,6.80281448
3307,9,0.70510048,9.41124630
3308,9,0.68558162,10.02252674
3309,9,0.82914156,8.97246838
3310,9,0.91826940,7.31205750
3311,9,0.56995511,5.06258154
3312,9,0.73773336,12.37502861
3313,9,0.78003097,8.25010014
3314,9,0.47616416,6.88849258
3315,9,0.69729209,7.37712479
3316,9,0.69989926,7.89268160
3317,9,0.75572693,7.32433748
3318,9,0.69819260,9.85490608
3319,9,0.67064363,9.71060753
3320,9,0.62471044,10.57900906
3321,9,0.75011039,7.13175440
3322,9,0.84886873,7.94891739
3323,9,0.57054150,8.62252712
3324,9,0.60636246,6.88236475
3325,9,0.76433039,8.21014118
3326,9,0.60432553,9.18164253
3327,9,0.73725843,7.90341902
3328,9,0.64432120,7.24493504
3329,9,0.86744094,10.77044773
3330,9,0.67465711,6.49442387
3331,9,0.67088038,10.19194221
3332,9,0.61422193,6.64291430
3333,9,0.53799862,7.57781601
3334,9,0.65090227,6.50306797
3335,9,0.65946400,7.08624029
3336,9,0.77250385,7.51721478
3337,9,0.79447198,9.71813488
3338,9,0.59929651,6.83980227
3339,9,0.53009796,7.88497400
3340,9,0.57143927,7.79327393
3341,9,0.77085441,12.50024319
3342,9,0.76716495,10.59363079
3343,9,0.51411051,8.32508373
3344,9,0.91655612,9.84716892
3345,9,0.67921638,12.00022888
3346,9,0.71259785,8.73465252
3347,9,0.88323355,10.28741264
3348,9,0.75489473,9.06643105
3349,9,0.68444622,8.12922001
3350,9,0.53803211,8.74844646
3351,9,0.76431441,10.95915699
3352,9,0.68554628,8.90131855
3353,9,0.67056012,7.29321480
3354,9,0.79318142,10.63705349
3355,9,0.65324283,8.91786385
3356,9,0.66411328,7.25121498
3357,9,0.66021955,6.63711691
3358,9,0.72320175,9.90527725
3359,9,0.60679233,6.26189804
3360,9,0.62024999,7.44769573
3361,9,0.76883292,8.96623135
3362,9,0.93725830,11.90788460
3363,9,0.63606334,5.86946011
3364,9,0.74295092,8.35186386
3365,9,0.70133245,6.37354803
3366,9,0.63260186,7.58266783
3367,9,1.00361371,8.71518612
3368,9,0.74061298,6.40414810
3369,9,0.67812425,7.65908241
3370,9,0.88662422,12.77756691
3371,9,0.84918094,6.38846779
3372,9,0.73368919,7.34389687
3373,9,0.69696397,8.14119339
3374,9,0.78676152,9.62226295
3375,9,0.77178478,8.39357948
3376,9,0.68658316,7.33858776
3377,9,0.87366003,7.68303061
3378,9,0.65857685,8.18169689
3379,9,0.65908635,7.52397966
3380,9,0.74876869,8.59571838
3381,9,0.81475163,10.63719845
3382,9,0.74948907,11.48880196
3383,9,0.67014861,6.08268118
3384,9,0.63249409,8.34901333
3385,9,0.73056471,7.23965216
3386,9,0.73559749,6.83855867
3387,9,0.56577134,7.25736380
3388,9,0.60382313,6.09181356
3389,9,0.71895373,9.73398113
3390,9,0.76606989,7.43943691
3391,9,0.71302402,7.71063805
3392,9,0.82842386,7.69790697
3393,9,0.90670252,10.00381184
3394,9,0.86019611,11.49888039
3395,9,0.52947772,6.88091755
3396,9,0.76326835,10.47664547
3397,9,0.85265172,10.06480408
3398,9,0.86056083,8.98913956
3399,9,0.56603980,8.80403709
3400,9,0.85275745,10.77826214
3401,9,0.65522903,7.92298555
3402,9,0.74661899,7.31150770
3403,9,0.61557740,7.80187702
3404,9,0.85161102,8.96794319
3405,9,0.77616751,8.02437019
3406,9,0.79449558,8.35371685
3407,9,0.71294832,7.55405903
3408,9,0.84343231,9.03736210
3409,9,0.61721826,9.62437153
3410,9,0.67688841,9.34911537
3411,9,0.66192091,6.39558744
3412,9,0.69207352,7.71235371
3413,9,0.73732972,11.89138126
3414,9,0.80371511,9.63838196
3415,9,0.66718817,7.87576056
3416,9,0.95506203,8.15155888
3417,9,0.76104540,6.83123493
3418,9,0.58314884,10.11600971
3419,9,0.82934546,13.89110756
3420,9,0.74024349,8.20128250
3421,9,0.62269652,6.93764210
3422,9,0.86493146,11.73825932
3423,9,0.68863583,6.60020685
3424,9,0.76776391,8.18808079
3425,9,0.84516025,9.10028362
3426,9,0.63761771,8.39998341
3427,9,0.82353973,8.64050865
3428,9,0.71988529,7.52777195
3429,9,0.65011549,8.24261284
3430,9,0.94585979,10.42893124
3431,9,0.67831898,7.71446180
3432,9,0.60515356,6.73736191
3433,9,0.79279137,9.10868359
3434,9,0.64430296,7.36452484
3435,9,0.81426620,9.37156773
3436,9,0.81158876,6.35819244
3437,9,0.79970729,6.31659126
3438,9,0.69176638,6.02504349
3439,9,0.69646692,7.44444752
3440,9,0.82259327,7.05507565
3441,9,0.79686260,7.76781082
3442,9,0.86311579,11.50509357
3443,9,0.75481361,9.50569344
3444,9,0.84409964,8.99840546
3445,9,0.62815827,7.11180973
3446,9,0.65480953,7.79071951
3447,9,0.90630388,14.04898548
3448,9,0.77554345,10.41478348
3449,9,0.59931219,6.03589725
3450,9,0.92660695,11.35417461
3451,9,0.53229916,5.74016333
3452,9,0.65541607,6.72485638
3453,9,0.70144832,7.49991274
3454,9,0.82508171,7.88918543
3455,9,0.65782905,7.43666506
3456,9,0.81057501,10.31010246
3457,9,0.52942967,7.18768406
3458,9,0.75523710,8.11327362
3459,9,0.79819691,6.41203976
3460,9,0.54700047,5.85844660
3461,9,0.65438712,7.79046535
3462,9,0.79523605,11.74844360
3463,9,0.77215058,7.41029453
3464,9,0.74658138,9.32916451
3465,9,0.62444288,7.83609581
3466,9,0.62852019,7.86599350
3467,9,0.56592774,7.32954502
3468,9,0.65175414,5.77567005
3469,9,0.74029982,8.60474586
3470,9,0.59633672,10.03380489
3471,9,0.69613469,6.82391071
3472,9,0.52638674,5.91766548
3473,9,0.76252931,11.43350029
3474,9,0.71030951,12.74291229
3475,9,1.02683687,9.68114662
3476,9,0.88757175,9.39391899
3477,9,0.64524615,10.64872456
3478,9,0.83468521,9.19798183
3479,9,0.74050289,10.16500568
3480,9,0.72784382,6.92589760
3481,9,0.57577550,6.22013855
3482,9,0.75282955,7.84191990
3483,9,0.68210036,7.37488174
3484,9,0.79502654,11.20576763
3485,9,0.80299026,6.77032232
3486,9,0.71100390,6.18144083
3487,9,0.79622471,6.51046133
3488,9,0.71696413,6.62114763
3489,9,0.63201976,8.48776245
3490,9,0.57952398,7.84351254
3491,9,0.64804679,7.04289865
3492,9,0.63135564,8.28400135
3493,9,0.76582336,8.54069710
3494,9,0.70330131,5.95708179
3495,9,0.68865645,7.34297848
3496,9,0.74273789,7.61080790
3497,9,0.61819828,8.39875889
3498,9,0.68858039,6.10310507
3499,9,0.69122517,7.75644350
3500,9,0.64984286,8.63755703
3501,9,0.73945129,6.99052191
3502,9,0.78558111,9.89908981
3503,9,0.58300304,8.86918449
3504,9,0.68606877,6.99338770
3505,9,0.68260312,7.49809837
3506,9,0.74083734,9.78336525
3507,9,0.83122867,7.91833401
3508,9,0.87358403,8.78485394
3509,9,0.97268939,12.40034389
3510,9,0.71250415,8.08852959
3511,9,0.65181172,8.02404594
3512,9,0.70225281,6.15334988
3513,9,0.79575366,10.94756126
3514,9,0.73699594,6.45784855
3515,9,0.74687791,9.93696022
3516,9,0.78925687,7.50340891
3517,9,0.61509192,7.55814886
3518,9,0.69493532,9.90151024
3519,10,0.71166527,6.94527388
3520,10,0.56461352,8.83533287
3521,10,0.77334142,8.99648857
3522,10,0.65955108,7.31304884
3523,10,0.66873723,8.69499397
3524,10,0.73522699,11.61637211
3525,10,0.64326882,7.21361971
3526,10,0.87293065,6.83502007
3527,10,0.73454523,5.88280964
3528,10,0.65820307,7.76262569
3529,10,0.51539910,6.39068890
3530,10,0.64720440,9.78280258
3531,10,0.58347237,6.85021591
3532,10,0.89767367,6.69873524
3533,10,0.83280706,7.34610224
3534,10,0.72023737,10.32254028
3535,10,0.53912407,6.57617235
3536,10,0.59206265,6.28630400
3537,10,0.65832335,6.32286119
3538,10,0.72486711,8.23828030
3539,10,0.71513033,7.56899357
3540,10,0.70251584,5.96226645
3541,10,0.63136768,12.34638977
3542,10,0.49365723,6.60020018
3543,10,0.80733180,6.30527115
3544,10,0.70008326,9.69923782
3545,10,0.70368195,9.72008228
3546,10,0.56747454,8.03709316
3547,10,0.73771501,9.95880604
3548,10,0.70628786,12.69738770
3549,10,0.70373857,7.71187973
3550,10,0.73328733,8.77026939
3551,10,0.68357146,8.68789577
3552,10,0.66224062,8.41811275
3553,10,0.54817569,7.61305618
3554,10,0.67734736,6.12909555
3555,10,0.60211658,7.98982620
3556,10,0.84031105,9.77396011
3557,10,0.64160210,6.15991735
3558,10,0.68066078,7.41182613
3559,10,0.55340868,7.76028776
3560,10,0.81251043,9.51953316
3561,10,0.62609911,8.71101379
3562,10,0.62599272,6.58698559
3563,10,0.72347081,7.18169117
3564,10,0.63935500,7.81165314
3565,10,0.67289686,9.41958714
3566,10,0.58051461,9.34283352
3567,10,0.81894636,8.30357742
3568,10,0.55636019,7.10461998
3569,10,0.60023069,6.46146107
3570,10,0.77382934,10.25177383
3571,10,0.60708034,6.04908705
3572,10,0.46570146,6.26363611
3573,10,0.69137996,8.79662514
3574,10,0.73666608,6.54161310
3575,10,0.79984021,8.21698761
3576,10,0.62202680,9.14846706
3577,10,0.80554867,8.03399372
3578,10,0.81572104,7.82280207
3579,10,0.59028316,8.15665340
3580,10,0.64784253,5.39730644
3581,10,0.66037893,8.35514450
3582,10,0.54458165,4.95632219
3583,10,0.64014906,8.18472767
3584,10,0.76705742,11.39949799
3585,10,0.62822092,7.75207710
3586,10,0.68031406,6.67262268
3587,10,0.60965431,7.65992260
3588,10,0.62543005,7.49998188
3589,10,0.64303994,8.83384800
3590,10,0.57993436,8.09907341
3591,10,0.59230787,8.74352741
3592,10,0.58865523,7.65453053
3593,10,0.66576242,8.21292210
3594,10,0.78339839,10.34766483
3595,10,0.70736271,7.91152430
3596,10,0.65607893,10.11947918
3597,10,0.85810888,7.68644667
3598,10,0.66184813,9.40152454
3599,10,0.72307992,12.78150082
3600,10,0.63782698,9.66220665
3601,10,0.62312287,9.30528641
3602,10,0.73416173,6.92669010
3603,10,0.51486266,9.44442558
3604,10,0.88463247,12.96957493
3605,10,0.62206852,7.74228191
3606,10,0.82337689,10.40181637
3607,10,0.75058746,6.55864096
3608,10,0.72180730,10.30258465
3609,10,0.70312488,10.90529919
3610,10,0.72607338,11.26084423
3611,10,0.81326187,8.73490143
3612,10,0.54111576,7.41396761
3613,10,0.58128822,6.77040529
3614,10,0.70637822,8.32925034
3615,10,0.61168224,10.97528172
3616,10,0.59698129,8.70928288
3617,10,0.66507137,6.97237158
3618,10,0.63966644,6.89139748
3619,10,0.77690268,9.84731960
3620,10,0.71238935,7.79961729
3621,10,0.84411550,7.01328659
3622,10,0.70322609,9.68183041
3623,10,0.72838783,11.01979828
3624,10,0.57043189,8.11257744
3625,10,0.60279858,6.40005636
3626,10,0.54734111,7.82236147
3627,10,0.60552424,6.30915594
3628,10,0.80670762,11.70111847
3629,10,0.49119854,7.38929844
3630,10,0.79310954,11.65320778
3631,10,0.78266066,6.45280600
3632,10,0.60452199,6.76945305
3633,10,0.91425991,7.73753786
3634,10,0.65706247,6.31189394
3635,10,0.53746688,6.79544687
3636,10,0.57087493,7.11130524
3637,10,0.68562222,9.08947849
3638,10,0.61937362,8.28938675
3639,10,0.68359673,6.99957752
3640,10,0.55666381,7.40935707
3641,10,0.68756431,5.80746460
3642,10,0.63164556,5.82249498
3643,10,0.54873395,6.68445778
3644,10,0.56476641,7.36531925
3645,10,0.67182839,7.45191813
3646,10,0.73179102,5.61611986
3647,10,0.71607453,9.79340172
3648,10,0.54087365,8.73657513
3649,10,0.62568784,7.00528479
3650,10,0.62255955,7.09488964
3651,10,0.70713019,9.46133518
3652,10,0.72653484,8.31844711
3653,10,0.49357131,4.64336920
3654,10,0.51503885,6.39846516
3655,10,0.66831982,8.59271908
3656,10,0.79334509,11.20252419
3657,10,0.87442887,6.53266668
3658,10,0.70756865,6.27433205
3659,10,0.71920466,7.73005104
3660,10,0.73386389,6.74947309
3661,10,0.64476442,6.52547312
3662,10,0.64681447,6.98827267
3663,10,0.71057010,9.42939949
3664,10,0.66828316,5.31288719
3665,10,0.73771060,8.06503487
3666,10,0.77685386,6.54933882
3667,10,0.55522311,7.01301241
3668,10,0.59188843,7.58419895
3669,10,0.69572210,6.96419048
3670,10,0.73350447,5.90776491
3671,10,0.76754189,6.37597847
3672,10,0.65406013,7.44433641
3673,10,0.63125336,5.25483704
3674,10,0.65218794,6.31123161
3675,10,0.76429272,9.75480843
3676,10,0.70958543,7.73802900
3677,10,0.57922542,6.09012032
3678,10,0.63880026,7.49823809
3679,10,0.66972816,7.64014959
3680,10,0.55289304,6.58864260
3681,10,0.67110479,7.67456818
3682,10,0.54975730,6.94390869
3683,10,0.72357225,7.78496885
3684,10,0.69186240,9.22943306
3685,10,0.73452353,9.88985348
3686,10,0.63753462,6.87333250
3687,10,0.68030751,7.97809553
3688,10,0.70043159,6.16932726
3689,10,0.63760930,6.70750093
3690,10,0.60779774,6.33089209
3691,10,0.52644145,7.57902479
3692,10,0.59332484,8.28442574
3693,10,0.83809292,9.45956230
3694,10,0.83853251,9.52464581
3695,10,0.50807178,9.25364017
3696,10,0.81236780,10.55451393
3697,10,0.65302920,7.91072559
3698,10,0.70615256,5.91146660
3699,10,0.71796203,10.04072666
3700,10,0.71031159,7.46279716
3701,10,0.74393761,7.33152008
3702,10,0.59676462,8.81812286
3703,10,0.70235592,7.45546055
3704,10,0.57038617,6.97791767
3705,10,0.70989698,7.58532906
3706,10,0.79229081,9.08750153
3707,10,0.51879311,8.25206089
3708,10,0.60977066,10.20609665
3709,10,0.64972872,6.75349760
3710,10,0.77560711,8.55852127
3711,10,0.65342218,7.35864544
3712,10,0.73566878,8.26391029
3713,10,0.61205274,6.59831381
3714,10,0.72399926,10.51007652
3715,10,0.75474501,11.53224182
3716,10,0.51960438,5.27349710
3717,10,0.64806038,6.68542957
3718,10,0.80909675,8.62888145
3719,10,0.65180993,8.19695377
3720,10,0.59278512,8.12294483
3721,10,0.76804143,10.66672802
3722,10,0.77784491,8.70320034
3723,10,0.79759473,7.99028111
3724,10,0.74617565,10.73773384
3725,10,0.58415103,8.96895123
3726,10,0.70435494,6.98558426
3727,10,0.78925061,10.08050251
3728,10,0.70700943,7.62461185
3729,10,0.67741221,8.21757984
3730,10,0.77361882,8.41498566
3731,10,0.71683389,9.15995979
3732,10,0.64933443,8.16481590
3733,10,0.65913486,9.25166988
3734,10,0.68697965,8.21594429
3735,10,0.82505977,8.72384834
3736,10,0.62495959,6.85783386
3737,10,0.65850359,9.73470116
3738,10,0.62277919,6.98909569
3739,10,0.72348821,8.75764370
3740,10,0.66278315,5.80992126
3741,10,0.66071230,8.94566345
3742,10,0.69501507,9.55358601
3743,10,0.67247450,10.33462048
3744,10,0.53905064,7.11346245
3745,10,0.57832998,5.85511351
3746,10,0.61699575,11.60229397
3747,10,0.57222700,6.08465576
3748,10,0.72417772,7.30089283
3749,10,0.58986390,9.48756886
3750,10,0.63194066,9.10792446
3751,10,0.74557298,6.10856342
3752,10,0.67550611,10.31221008
3753,10,0.66536188,6.30181932
3754,10,0.70439363,10.19141960
3755,10,0.57455975,6.91241741
3756,10,0.69490087,8.01187611
3757,10,0.55349809,4.78403568
3758,10,0.62216246,7.41522646
3759,10,0.62702703,12.63024998
3760,10,0.66910112,6.92454529
3761,10,0.66859341,6.37132025
3762,10,0.77755547,6.51764393
3763,10,0.52748775,6.21358633
3764,10,0.61100221,4.88407898
3765,10,0.62951267,6.40785837
3766,10,0.74700266,8.38436890
3767,10,0.58672285,7.32108021
3768,10,0.63356429,8.72185993
3769,10,0.70788109,10.15565777
3770,10,0.54863876,6.93728113
3771,10,0.67226052,7.71448565
3772,10,0.73022223,6.66900921
3773,10,0.57630777,9.94079685
3774,10,0.84628206,10.43959808
3775,10,0.63373971,5.44039774
3776,10,0.68199885,7.74732304
3777,10,0.65683800,9.18683529
3778,10,0.60032082,10.68013954
3779,10,0.75734043,8.49854851
3780,10,0.72158527,10.45522404
3781,10,0.66374624,7.69601536
3782,10,0.74172044,9.12538815
3783,10,0.62545884,6.86669207
3784,10,0.63829929,8.09973526
3785,10,0.71258998,8.58386707
3786,10,0.65398872,6.52681828
3787,10,0.53995597,6.19701433
3788,10,0.57168943,6.93472147
3789,10,0.91181755,8.93258381
3790,10,0.59016538,5.96817780
3791,10,0.72476774,7.40838909
3792,10,0.53622264,6.30497646
3793,10,0.57709920,6.93436050
3794,10,0.51912510,7.48380136
3795,10,0.49959227,6.41254711
3796,10,0.75495899,11.25337601
3797,10,0.69126534,12.32342625
3798,10,0.70497656,7.41890621
3799,10,0.68918371,12.92909908
3800,10,0.67936909,8.79439545
3801,10,0.50948209,7.80790424
3802,10,0.76997274,7.06194401
3803,10,0.83311850,10.02624893
3804,10,0.57253182,5.57821608
3805,10,0.75822026,7.94180918
3806,10,0.71804607,6.91201496
3807,10,0.60354769,7.02967787
3808,10,0.61993170,8.09425449
3809,10,0.63330674,8.15691948
3810,10,0.62799507,8.83202553
3811,10,0.61980081,7.12746096
3812,10,0.58949834,6.72685003
3813,10,0.77298230,8.13082886
3814,10,0.73485148,6.84421206
3815,10,0.76739019,8.31045055
3816,10,0.66657269,8.74490929
3817,10,0.68708801,7.35044813
3818,10,0.50297350,5.40705538
3819,10,0.61879176,6.54957438
3820,10,0.68891501,7.82199335
3821,10,0.51757038,8.60632706
3822,10,0.56253326,7.42119837
3823,10,0.70917088,6.26949739
3824,10,0.63154310,7.21367073
3825,10,0.69075668,7.05383110
3826,10,0.48509690,6.75828457
3827,10,0.64354491,6.91647243
3828,10,0.68104029,6.96662617
3829,10,0.79501259,8.26222897
3830,10,0.61861318,9.91480350
3831,10,0.70537651,9.18902111
3832,10,0.54528135,7.77538586
3833,10,0.59478259,5.15604401
3834,10,0.60326779,7.44105196
3835,10,0.82258874,11.19253445
3836,10,0.56790900,7.33500624
3837,10,0.52226686,5.90527344
3838,10,0.75766408,7.22997379
3839,10,0.61117053,5.79352427
3840,10,0.59277463,8.65409660
3841,10,0.73988330,10.85871410
3842,10,0.53619766,8.52817917
3843,10,0.54773778,7.21750069
3844,10,0.51445675,10.15966129
3845,10,0.60728252,7.09663820
3846,10,0.75963134,7.94599581
3847,10,0.60921973,8.75591469
3848,10,0.55362892,9.21488953
3849,10,0.49937344,11.14685535
3850,10,0.63290966,9.38909054
3851,10,0.62586427,7.77067709
3852,10,0.55059576,6.77364111
3853,10,0.61702228,10.12817192
3854,10,0.62515920,6.23226023
3855,10,0.66640401,9.07388973
3856,10,0.70018256,8.03931046
3857,10,0.66537285,11.97446442
3858,10,0.65287113,10.26616859
3859,10,0.56688988,7.75416613
3860,10,0.61640012,7.37140656
3861,10,0.67998433,11.71932793
3862,10,0.96368992,13.36256886
3863,10,0.58797753,11.33302498
3864,10,0.55016130,9.42021370
3865,10,0.57397968,7.31578588
3866,10,0.76480561,6.90678215
3867,10,0.71593070,9.96335316
3868,10,0.84556413,10.97907829
3869,10,0.63272804,8.81140423
3870,10,0.73453128,8.44963837
3871,10,0.73021442,8.52785492
3872,10,0.63328403,8.20598125
3873,10,0.49210611,6.40084887
3874,10,0.61439931,10.83932495
3875,10,0.57309639,7.31862211
3876,10,0.59627247,9.87087536
3877,10,0.68157601,6.70698500
3878,10,0.59629786,9.69947529
3879,10,0.65858555,7.26110554
3880,10,0.64979064,11.43497658
3881,10,0.81049365,10.64353371
3882,10,0.72488779,7.17578793
3883,10,0.59936774,7.81205511
3884,10,0.43926150,6.72449732
3885,10,0.85762477,11.37715912
3886,10,0.55383754,6.84251165
3887,10,0.59484291,9.87611675
3888,10,0.76892471,8.06069851
3889,10,0.72515428,9.70633793
3890,10,0.72409391,8.70041275
3891,10,0.58507848,5.11781836
3892,10,0.72898024,6.77807331
3893,10,0.39319456,6.93117952
3894,10,0.66060430,8.63533306
3895,10,0.72201645,7.28731441
3896,10,0.75283027,11.58762360
3897,10,0.64111733,7.76025772
3898,10,0.71692014,9.23139668
3899,10,0.72989810,9.66827011
3900,10,0.70416272,7.93226767
3901,10,0.59060967,7.45951748
3902,10,0.69365990,7.59123516
3903,10,0.67286158,8.56392193
3904,10,0.55910850,8.49277782
3905,10,0.63285589,8.88932800
3906,10,0.68610948,8.79782581
3907,10,0.61737454,8.02861881
3908,10,0.70031655,9.97312641
3909,10,0.55791014,8.84687901
3910,11,0.47203517,5.48205471
3911,11,0.62343633,9.84316540
3912,11,0.70478499,8.06779385
3913,11,0.68179989,6.01136303
3914,11,0.49527085,6.35673618
3915,11,0.75751173,9.40751839
3916,11,0.67858088,6.37941360
3917,11,0.57506025,8.82171917
3918,11,0.54537022,6.81001806
3919,11,0.66235864,7.61133289
3920,11,0.58872527,10.26596260
3921,11,0.55544049,8.54480076
3922,11,0.61950696,7.97890377
3923,11,0.56219983,10.44762516
3924,11,0.71203274,8.92147923
3925,11,0.77646148,8.99872780
3926,11,0.59812593,7.88681698
3927,11,0.57549751,7.55637169
3928,11,0.48923880,8.34720516
3929,11,0.50798452,8.46466923
3930,11,0.55767274,8.18039131
3931,11,0.56214309,5.77252674
3932,11,0.57668245,8.18085194
3933,11,0.64050925,9.17438221
3934,11,0.54776597,6.72628021
3935,11,0.71917778,7.06805086
3936,11,0.54766202,6.57861662
3937,11,0.70703036,7.13652468
3938,11,0.60942972,9.06767178
3939,11,0.63045275,6.60874557
3940,11,0.57722110,6.73902607
3941,11,0.52371234,7.07796955
3942,11,0.79070550,9.39328575
3943,11,0.61358005,6.64022160
3944,11,0.53768212,5.58787775
3945,11,0.75979441,7.34939337
3946,11,0.69127285,7.79070044
3947,11,0.61115122,7.15207100
3948,11,0.64201641,7.74299812
3949,11,0.68722975,10.43580055
3950,11,0.48038644,7.24643278
3951,11,0.57708788,5.88519287
3952,11,0.71088696,6.70318127
3953,11,0.51062536,5.33138466
3954,11,0.79682881,9.09735966
3955,11,0.62937713,6.53263187
3956,11,0.53791988,5.85169792
3957,11,0.52277958,8.36957550
3958,11,0.52580661,9.18372631
3959,11,0.58202630,8.78932190
3960,11,0.65725958,6.89990473
3961,11,0.62519288,9.51392651
3962,11,0.49212199,6.63081646
3963,11,0.72284389,9.62482548
3964,11,0.60123748,6.98250246
3965,11,0.71841145,9.96792507
3966,11,0.51100206,5.61075020
3967,11,0.63139969,10.53431129
3968,11,0.65910482,8.71794224
3969,11,0.61954248,10.31096268
3970,11,0.58450806,8.28483963
3971,11,0.65448982,6.13984871
3972,11,0.62696564,9.71059990
3973,11,0.50865203,5.34015703
3974,11,0.63927418,11.03667736
3975,11,0.56727540,7.00083542
3976,11,0.70819902,10.93743229
3977,11,0.69710600,8.26341248
3978,11,0.57102740,7.65163898
3979,11,0.76703835,9.67761230
3980,11,0.59115267,9.60014629
3981,11,0.65799987,7.52952480
3982,11,0.62721467,8.16629887
3983,11,0.57252789,8.43623924
3984,11,0.59879929,7.33577585
3985,11,0.51447856,7.84857035
3986,11,0.72156924,6.96851778
3987,11,0.71545851,6.86462831
3988,11,0.64550841,6.27569866
3989,11,0.55554110,7.35478115
3990,11,0.83152282,12.23162937
3991,11,0.58842444,8.15752888
3992,11,0.65928447,7.47078514
3993,11,0.60432178,7.71240759
3994,11,0.67566526,7.90662527
3995,11,0.68812114,8.00939465
3996,11,0.59227097,5.78215456
3997,11,0.67665482,6.67843914
3998,11,0.75575721,6.83232164
3999,11,0.68665218,8.86643982
4000,11,0.55254149,5.90879822
4001,11,0.62787491,9.71729469
4002,11,0.55835211,8.36172295
4003,11,0.70066035,7.42717028
4004,11,0.53068811,6.80018616
4005,11,0.47567689,8.68032169
4006,11,0.53589153,6.28320265
4007,11,0.78741044,7.94776773
4008,11,0.69793403,9.34330082
4009,11,0.72221547,8.85209656
4010,11,0.61153555,7.91368675
4011,11,0.60479736,7.79075146
4012,11,0.57971531,6.60139656
4013,11,0.66869283,8.47497463
4014,11,0.51783788,7.11165380
4015,11,0.56869239,7.18922186
4016,11,0.53528512,6.50742865
4017,11,0.51653498,5.23889494
4018,11,0.50237787,9.03185749
4019,11,0.81401783,8.24157810
4020,11,0.61988080,7.43463230
4021,11,0.51811910,5.52384806
4022,11,0.50151521,5.42775011
4023,11,0.55625284,8.62016392
4024,11,0.65451598,13.05117989
4025,11,0.68075836,7.49759674
4026,11,0.68356693,8.72810936
4027,11,0.70248723,6.54596233
4028,11,0.71327341,10.14314175
4029,11,0.65241158,5.51985168
4030,11,0.64989889,7.03030968
4031,11,0.64588040,7.77305746
4032,11,0.63648927,7.65918398
4033,11,0.55288827,6.22176456
4034,11,0.63047713,9.55134964
4035,11,0.63099670,8.72073174
4036,11,0.64774227,8.04045010
4037,11,0.50899130,7.25560141
4038,11,0.67201543,8.14044285
4039,11,0.63511610,5.70530987
4040,11,0.59282917,8.06894112
4041,11,0.65995550,6.81895924
4042,11,0.89817357,9.01381302
4043,11,0.55961311,6.19597054
4044,11,0.59151149,6.30236101
4045,11,0.54468000,6.17380714
4046,11,0.52221811,8.42358112
4047,11,0.72804826,13.51871681
4048,11,0.51610982,6.54535580
4049,11,0.53849137,8.20013428
4050,11,0.63147771,9.71987724
4051,11,0.60505295,7.42924309
4052,11,0.63338625,6.93534470
4053,11,0.66995919,7.15508556
4054,11,0.51917821,7.80259705
4055,11,0.45888960,8.30087757
4056,11,0.65742183,8.56216908
4057,11,0.59557843,7.11941481
4058,11,0.75471532,10.35467720
4059,11,0.46771377,7.85927343
4060,11,0.70243204,9.42640972
4061,11,0.51788068,9.99707031
4062,11,0.47344685,7.96865273
4063,11,0.71647942,11.92423534
4064,11,0.56066692,8.06926155
4065,11,0.55536741,6.54304838
4066,11,0.50560951,6.68219566
4067,11,0.68780762,10.60805702
4068,11,0.69421071,12.28660107
4069,11,0.63768029,11.08254242
4070,11,0.71630669,8.18318272
4071,11,0.60966051,8.00568390
4072,11,0.56929272,8.51478958
4073,11,0.69858491,6.54677057
4074,11,0.60311913,9.76534176
4075,11,0.74929500,8.16600323
4076,11,0.73373199,9.56806850
4077,11,0.67258465,6.78850079
4078,11,0.68120009,8.15046501
4079,11,0.67395836,8.84785461
4080,11,0.56683087,7.28934383
4081,11,0.65055919,9.05297756
4082,11,0.66135758,7.82797432
4083,11,0.77719533,12.91760063
4084,11,0.63096631,7.64321327
4085,11,0.56669766,7.54361439
4086,11,0.69158316,6.50252724
4087,11,0.55101085,9.10511589
4088,11,0.55411923,6.59453249
4089,11,0.55415154,6.40685606
4090,11,0.59363925,6.62971163
4091,11,0.67187464,8.29248524
4092,11,0.61823457,7.22089767
4093,11,0.75431395,9.16740608
4094,11,0.73893094,9.10345268
4095,11,0.64240175,10.63043308
4096,11,0.64385664,7.00386953
4097,11,0.52909631,5.64139175
4098,11,0.66907048,7.25666380
4099,11,0.58753681,9.37199020
4100,11,0.57980841,6.25211430
4101,11,0.69574839,7.85561657
4102,11,0.66824687,7.60598040
4103,11,0.57261282,6.68607140
4104,11,0.65207082,6.20205069
4105,11,0.66198534,9.10849285
4106,11,0.63289571,7.93657446
4107,11,0.62839228,8.53896523
4108,11,0.63161546,10.17590618
4109,11,0.55996227,6.17606735
4110,11,0.57415211,6.02988195
4111,11,0.58296376,6.58568287
4112,11,0.57039154,8.28285980
4113,11,0.65000331,7.43549109
4114,11,0.60251224,6.27959299
4115,11,0.56143934,7.22411680
4116,11,0.52509654,6.52303934
4117,11,0.68828046,8.53801918
4118,11,0.51915646,5.78505087
4119,11,0.50196445,5.31080198
4120,11,0.52462924,7.53011370
4121,11,0.67437416,7.39541340
4122,11,0.81890565,7.38799572
4123,11,0.68278342,6.56717300
4124,11,0.61935389,5.90089607
4125,11,0.75021398,8.93551922
4126,11,0.58462077,8.19090748
4127,11,0.60327148,8.74059772
4128,11,0.70235443,7.09940147
4129,11,0.52837104,5.74886274
4130,11,0.57517397,6.71218872
4131,11,0.55821472,6.94311857
4132,11,0.73621911,11.21879005
4133,11,0.53169721,6.48667049
4134,11,0.65657985,8.30995178
4135,11,0.49644035,5.85850239
4136,11,0.58621293,8.31100750
4137,11,0.49457443,7.40197802
4138,11,0.83543921,8.45132351
4139,11,0.65690160,8.94758129
4140,11,0.75827408,10.07402706
4141,11,0.70558357,9.20224571
4142,11,0.54130781,9.12150764
4143,11,0.61664933,6.92554998
4144,11,0.77106071,9.27905273
4145,11,0.80449986,9.83685970
4146,11,0.72307289,6.91896725
4147,11,0.62989706,8.36714268
4148,11,0.54076838,7.32407522
4149,11,0.77051049,7.54254580
4150,11,0.77381676,10.54406548
4151,11,0.62988639,6.71136951
4152,11,0.62325954,6.93743134
4153,11,0.58820343,6.63412666
4154,11,0.67216033,6.00789118
4155,11,0.63977945,7.18970299
4156,11,0.67188156,8.59614182
4157,11,0.84053624,9.76951885
4158,11,0.57786119,6.49442339
4159,11,0.55446434,8.32379436
4160,11,0.68673414,6.06785440
4161,11,0.65950596,7.07260990
4162,11,0.66122341,8.59133720
4163,11,0.56297940,7.08564234
4164,11,0.65186346,8.27304077
4165,11,0.56362689,6.92638063
4166,11,0.65584433,5.56017256
4167,11,0.59634137,5.90737104
4168,11,0.59819263,7.26892900
4169,11,0.61551362,6.62859440
4170,11,0.64899170,9.02186584
4171,11,0.69560248,7.77679920
4172,11,0.54064202,6.35963726
4173,11,0.57493705,6.19016409
4174,11,0.64415014,6.57646799
4175,11,0.61789745,7.12690353
4176,11,0.62058353,8.63460350
4177,11,0.57191813,8.17521477
4178,11,0.56025982,7.95513582
4179,11,0.59331888,10.23242188
4180,11,0.48930937,7.15351105
4181,11,0.60268271,7.32997274
4182,11,0.59097403,7.07124281
4183,11,0.57695043,9.77401066
4184,11,0.49689192,8.37521648
4185,11,0.64283550,14.26790333
4186,11,0.68990946,9.89491558
4187,11,0.59223539,7.48298597
4188,11,0.66413713,6.16496706
4189,11,0.78530961,10.43961334
4190,11,0.95992506,17.13800621
4191,11,0.67302728,9.79289436
4192,11,0.68258625,6.43516207
4193,11,0.53345793,7.76133013
4194,11,0.55435520,12.90483570
4195,11,0.59443730,7.09272432
4196,11,0.64236182,7.36530924
4197,11,0.70281494,7.17827368
4198,11,0.85039234,10.39262199
4199,11,0.66720974,6.52415895
4200,11,0.54689211,4.43996191
4201,11,0.69043458,7.76691389
4202,11,0.56165302,6.00257254
4203,11,0.83458185,9.38556099
4204,11,0.65658218,6.82622480
4205,11,0.51666105,5.46121883
4206,11,0.51671451,5.10471439
4207,11,0.62513685,9.18511105
4208,11,0.54463160,6.75789595
4209,11,0.46355796,4.68808603
4210,11,0.53048021,5.48261309
4211,11,0.63907176,5.39086294
4212,11,0.47423524,10.04936504
4213,11,0.72470331,8.49207497
4214,11,0.64728254,8.06383991
4215,11,0.64932811,9.50648308
4216,11,0.47587559,9.05061054
4217,11,0.63454962,7.72606421
4218,11,0.52479047,8.57010078
4219,11,0.68692112,9.67084980
4220,11,0.54412794,7.79031754
4221,11,0.52333391,6.83949232
4222,11,0.57292521,6.40198374
4223,11,0.69114029,6.77639198
4224,11,0.70577049,7.63419199
4225,11,0.69565475,12.17307377
4226,11,0.65842795,7.24139690
4227,11,0.58297515,7.59573746
4228,11,0.65637565,9.10351372
4229,11,0.58910078,8.50590038
4230,11,0.70781326,8.81956387
4231,11,0.66885364,11.68074989
4232,11,0.61499465,6.34526205
4233,11,0.57918215,10.06316662
4234,11,0.62154073,7.39666414
4235,11,1.02271497,9.74788189
4236,11,0.61454058,7.64047289
4237,11,0.62821019,7.77407694
4238,11,0.68690717,11.18936062
4239,11,0.52760506,7.23205614
4240,11,0.65700555,9.05282307
4241,11,0.72688234,9.57594490
4242,11,0.58293366,11.84366798
4243,11,0.70307475,7.46705437
4244,11,0.54206437,6.73205948
4245,11,0.50286174,6.50699234
4246,11,0.51601756,5.91416359
4247,11,0.58325803,8.62487507
4248,11,0.54985827,6.84802818
4249,11,0.59363711,5.67393923
4250,11,0.65763128,9.90036583
4251,11,0.58377397,7.86673927
4252,11,0.67822051,9.62588024
4253,11,0.54134810,6.50377846
4254,11,0.50657344,5.14696217
4255,11,0.59867322,5.39393997
4256,11,0.62871599,9.49906254
4257,11,0.53026700,6.26948452
4258,11,0.59805691,7.52158928
4259,11,0.59958720,6.37753820
4260,11,0.55187058,8.29326153
4261,11,0.58614111,7.28109121
4262,11,0.53531480,6.50674629
4263,11,0.52123260,8.13989639
4264,11,0.89319944,10.89666843
4265,11,0.63349998,7.17185974
4266,11,0.67244351,9.71816540
4267,11,0.60649145,8.64951801
4268,11,0.63615882,5.89746380
4269,11,0.67871821,10.06318665
4270,11,0.57531059,5.96931028
4271,11,0.62486172,8.53773117
4272,11,0.59152627,7.60397243
4273,11,0.50347573,6.98025370
4274,11,0.44637913,6.51999569
4275,11,0.55551463,4.87516069
4276,11,0.52016330,9.88525391
4277,11,0.59831244,7.99026823
4278,11,0.70921689,7.90001011
4279,11,0.73828888,11.69708824
4280,11,0.79103184,9.03944492
4281,11,0.58913803,9.31479836
4282,11,0.49704343,8.47811985
4283,11,0.47133592,10.26410389
4284,11,0.60565352,9.29362869
4285,11,0.55769181,8.02588272
4286,11,0.47652587,7.31769085
4287,11,0.60515612,9.54589081
4288,11,0.50788689,7.73001289
4289,11,0.72412348,8.59143257
4290,11,0.67678791,10.83782482
4291,11,0.55538321,8.18943977
4292,11,0.70468181,9.91232681
4293,11,0.44894812,6.55835915
4294,11,0.90583646,9.95485115
4295,11,0.58077800,12.24816418
4296,11,0.64619768,9.57892990
4297,11,0.55538076,8.79562473
4298,11,0.72856981,9.57250118
4299,11,0.64299566,11.06328869
4300,11,0.82677460,9.62094593
4301,12,0.55171108,7.42691088
4302,12,0.89119804,10.07372761
4303,12,0.65662014,9.04849911
4304,12,0.65967202,8.89260101
4305,12,0.68401498,9.00611115
4306,12,0.59606576,7.31571102
4307,12,0.66703486,8.36050701
4308,12,0.65916407,8.42761707
4309,12,0.66760623,8.75941277
4310,12,0.76378721,9.20021057
4311,12,0.68311638,9.13950729
4312,12,0.68697476,6.76998520
4313,12,0.61747533,8.01826763
4314,12,0.58249933,6.34214258
4315,12,0.63983208,8.32754612
4316,12,0.53868401,8.70532513
4317,12,0.54437524,7.40900040
4318,12,0.67361879,7.47196770
4319,12,0.41041046,8.73268795
4320,12,0.63374239,7.01008129
4321,12,0.58424121,6.70807219
4322,12,0.40353197,5.78926897
4323,12,0.60865974,9.41267109
4324,12,0.53400469,8.89183617
4325,12,0.63763148,11.05914783
4326,12,0.57399839,6.17854357
4327,12,0.60360932,6.52141285
4328,12,0.77214003,10.10185623
4329,12,0.48186734,11.12787056
4330,12,0.65073591,7.30629921
4331,12,0.59058738,9.10348320
4332,12,0.62257153,10.25496864
4333,12,0.81900066,9.15861893
4334,12,0.78305048,9.54816151
4335,12,0.61294353,7.70178413
4336,12,0.79622877,11.81315708
4337,12,0.56839478,8.82824707
4338,12,0.70074236,6.44535112
4339,12,0.51126337,8.38699722
4340,12,0.57996607,10.69616413
4341,12,0.50777853,7.06321192
4342,12,0.57739490,7.94578934
4343,12,0.60076970,5.86832952
4344,12,0.60039258,6.13903570
4345,12,0.62798345,8.73110580
4346,12,0.52542055,9.89843273
4347,12,0.60993791,6.69120598
4348,12,0.69018394,6.10762405
4349,12,0.61515719,6.76478243
4350,12,0.48556647,5.83567429
4351,12,0.48954433,5.15257692
4352,12,0.58365142,11.21199036
4353,12,0.65023863,8.81556416
4354,12,0.65025020,8.20127296
4355,12,0.50123292,7.52081823
4356,12,0.59998131,11.16614151
4357,12,0.62121320,7.73405075
4358,12,0.60088950,7.00548029
4359,12,0.52421010,8.49093056
4360,12,0.52623129,7.71946907
4361,12,0.77907825,11.01941872
4362,12,0.57329738,6.81777382
4363,12,0.59639406,6.77708435
4364,12,0.73369896,10.19682693
4365,12,0.61704731,9.69959831
4366,12,0.50321817,7.72254276
4367,12,0.48446092,7.50039721
4368,12,0.39976221,6.05856657
4369,12,0.65257609,8.21534824
4370,12,0.70573336,11.65334797
4371,12,0.58008188,12.17154408
4372,12,0.52948952,5.80513716
4373,12,0.60884702,6.57561207
4374,12,0.53432941,10.31541729
4375,12,0.54339623,8.63252735
4376,12,0.52474260,7.38030386
4377,12,0.74248904,9.75988197
4378,12,0.73092067,8.51439953
4379,12,0.65161604,9.48412991
4380,12,0.60056674,8.91429138
4381,12,0.65081334,7.50389051
4382,12,0.57895166,6.06413412
4383,12,0.55379128,6.14602995
4384,12,0.55962324,6.50790262
4385,12,0.55452418,7.83854055
4386,12,0.55149996,6.53104448
4387,12,0.63229102,8.32734203
4388,12,0.54418099,7.75106716
4389,12,0.61936134,6.32782030
4390,12,0.46698990,4.60858583
4391,12,0.50227249,9.11658955
4392,12,0.58697689,6.81182623
4393,12,0.55722302,6.64298964
4394,12,0.63659495,5.82833385
4395,12,0.81487548,12.69757748
4396,12,0.62947816,10.80761909
4397,12,0.57145691,7.10032177
4398,12,0.69800907,7.30014467
4399,12,0.51244247,7.09264421
4400,12,0.51304722,10.31153393
4401,12,0.58173233,10.38525677
4402,12,0.48302263,5.76775122
4403,12,0.42541021,8.05760574
4404,12,0.51288807,8.37579727
4405,12,0.61996377,9.28315639
4406,12,0.64580500,7.39918375
4407,12,0.57303357,10.62894535
4408,12,0.70093501,8.91128254
4409,12,0.53327936,7.91375732
4410,12,0.47274235,8.29296970
4411,12,0.73850071,11.08157349
4412,12,0.59651053,8.64775658
4413,12,0.61701798,8.22084808
4414,12,0.54340976,7.22909546
4415,12,0.62729293,6.44608355
4416,12,0.61560708,8.39009285
4417,12,0.53960478,7.13514090
4418,12,0.61702448,7.90455818
4419,12,0.55310524,9.50866890
4420,12,0.74340320,7.02541733
4421,12,0.63845426,9.92270756
4422,12,0.55711389,8.39123058
4423,12,0.55677640,9.13485813
4424,12,0.55067420,8.29860497
4425,12,0.55918670,7.30347538
4426,12,0.67775810,7.13145494
4427,12,0.75021470,8.25460529
4428,12,0.74470192,9.97680855
4429,12,0.60930228,9.79858303
4430,12,0.54890418,7.12067413
4431,12,0.51238334,7.26963854
4432,12,0.62259799,6.90211344
4433,12,0.56256998,6.55742264
4434,12,0.53842580,6.61176109
4435,12,0.67145550,7.79464197
4436,12,0.69422102,9.94977856
4437,12,0.68746042,9.27107525
4438,12,0.39791638,5.19079542
4439,12,0.70682722,7.31560993
4440,12,0.45465443,5.71498203
4441,12,0.57696199,7.43663597
4442,12,0.61296314,9.48423004
4443,12,0.56812698,9.43616676
4444,12,0.47891206,7.38659191
4445,12,0.41940743,5.24007845
4446,12,0.69191986,6.76344442
4447,12,0.73675263,12.06475830
4448,12,0.55774891,10.14033413
4449,12,0.66483343,8.40964031
4450,12,0.54339200,7.41877127
4451,12,0.53012282,8.02594948
4452,12,0.63061619,9.85677624
4453,12,0.55165839,10.35841370
4454,12,0.76337266,7.76127958
4455,12,0.53881496,7.72008228
4456,12,0.52151614,7.74846745
4457,12,0.56809890,7.90329981
4458,12,0.76638079,13.03564167
4459,12,0.60522300,10.26212883
4460,12,0.46019036,7.07115030
4461,12,0.49235147,6.19852638
4462,12,0.62650597,9.40140247
4463,12,0.70734203,10.88951015
4464,12,0.50266433,6.84699392
4465,12,0.46292096,10.39275837
4466,12,0.59000462,7.62164116
4467,12,0.63278806,8.43064499
4468,12,0.63294715,5.71344995
4469,12,0.57670015,7.24014759
4470,12,0.54922700,8.71395016
4471,12,0.66656995,7.48312855
4472,12,0.52200514,8.48851109
4473,12,0.58445984,6.84039402
4474,12,0.63715947,7.73880100
4475,12,0.62601244,7.71537638
4476,12,0.45638436,6.54376984
4477,12,0.55985856,8.70891476
4478,12,0.50557923,9.71834087
4479,12,0.48049629,7.76781178
4480,12,0.59869051,8.25717640
4481,12,0.68175822,7.50949574
4482,12,0.49021572,8.70033169
4483,12,0.52585137,8.26046276
4484,12,0.48713842,9.68973541
4485,12,0.51687455,7.82363224
4486,12,0.56099963,9.10438538
4487,12,0.47610655,7.11522245
4488,12,0.51890135,6.86059999
4489,12,0.50142533,8.45748806
4490,12,0.69111377,7.24239779
4491,12,0.56256127,9.00040531
4492,12,0.62881243,7.11059332
4493,12,0.62728524,6.35269833
4494,12,0.50231999,5.90912771
4495,12,0.66109562,10.19468784
4496,12,0.55879492,6.62118578
4497,12,0.63515878,10.12429619
4498,12,0.59263134,8.12197018
4499,12,0.65991223,7.72243309
4500,12,0.53381848,7.23344326
4501,12,0.71950704,9.26448822
4502,12,0.51933897,10.58640003
4503,12,0.57619047,7.00022411
4504,12,0.51398492,9.45602036
4505,12,0.49344745,6.51536703
4506,12,0.59694427,8.86330223
4507,12,0.54646593,8.02386379
4508,12,0.51589382,6.79268074
4509,12,0.61851156,7.02710915
4510,12,0.46254200,12.51415920
4511,12,0.65733689,8.68275070
4512,12,0.59477180,7.15993786
4513,12,0.56645143,7.50519180
4514,12,0.61540359,7.46805191
4515,12,0.70876843,8.20750904
4516,12,0.49241984,5.37120581
4517,12,0.60624051,6.69732571
4518,12,0.68629599,7.89563799
4519,12,0.48770493,6.88996744
4520,12,0.49265403,8.09400082
4521,12,0.53842235,9.05088711
4522,12,0.58321476,10.25771809
4523,12,0.53027058,6.83197784
4524,12,0.71861947,7.55280972
4525,12,0.55038047,7.60638762
4526,12,0.54121113,6.70828342
4527,12,0.56490648,8.80399990
4528,12,0.63286734,8.03278923
4529,12,0.49403164,7.81608152
4530,12,0.42755830,6.05275440
4531,12,0.64416206,8.49103069
4532,12,0.66444325,7.76098490
4533,12,0.59515226,10.45733261
4534,12,0.44598043,7.28672552
4535,12,0.58674216,7.86848021
4536,12,0.53949863,10.71288872
4537,12,0.46741021,5.76702070
4538,12,0.46873361,6.27560377
4539,12,0.50048327,7.26221418
4540,12,0.70093977,8.82165718
4541,12,0.50593936,6.20093584
4542,12,0.54938161,5.91307020
4543,12,0.54396033,10.21295166
4544,12,0.44045937,5.91719055
4545,12,0.51247752,7.53498745
4546,12,0.45332885,9.64722061
4547,12,0.54897571,6.97659969
4548,12,0.31455016,5.02396679
4549,12,0.56629419,7.13902712
4550,12,0.56001389,11.31431770
4551,12,0.46351066,9.01489830
4552,12,0.65847874,9.67231560
4553,12,0.67599362,8.00527000
4554,12,0.72779500,10.53573990
4555,12,0.49954742,9.92166138
4556,12,0.62690473,11.11895847
4557,12,0.67032945,8.49745369
4558,12,0.57424301,10.03421688
4559,12,0.65949214,6.76680183
4560,12,0.56423736,10.56822205
4561,12,0.55241847,11.68403339
4562,12,0.64121139,6.21693802
4563,12,0.67454904,9.66340446
4564,12,0.53231859,7.95077753
4565,12,0.58637619,9.83765125
4566,12,0.54796892,6.69138956
4567,12,0.53703797,8.50144482
4568,12,0.54834431,6.80589485
4569,12,0.52926451,6.83477354
4570,12,0.64144546,7.84195948
4571,12,0.65027624,7.78384876
4572,12,0.58273250,7.77942944
4573,12,0.61736131,7.02247572
4574,12,0.58896470,6.70240879
4575,12,0.55299842,7.82508373
4576,12,0.70505995,8.85716152
4577,12,0.63306981,7.75748634
4578,12,0.52109528,6.78154612
4579,12,0.46891552,7.47064877
4580,12,0.68566674,9.11903191
4581,12,0.66200715,8.78997231
4582,12,0.67197526,9.35008335
4583,12,0.65057814,11.21191788
4584,12,0.65292192,8.79256535
4585,12,0.48283303,7.21392727
4586,12,0.49578407,7.38360500
4587,12,0.42600179,6.20106649
4588,12,0.59586120,6.87667704
4589,12,0.77018321,8.28381824
4590,12,0.61134440,7.25915480
4591,12,0.42685962,6.09718847
4592,12,0.54140770,6.37641764
4593,12,0.77964890,8.69981766
4594,12,0.63060391,7.64304161
4595,12,0.54810405,7.67390442
4596,12,0.53026819,5.88842583
4597,12,0.48620078,8.93059826
4598,12,0.57579064,6.08579063
4599,12,0.68053490,8.57978439
4600,12,0.61133111,7.77579546
4601,12,0.58605981,7.70411253
4602,12,0.67942035,6.77712297
4603,12,0.58472037,5.48662996
4604,12,0.46360791,5.47120428
4605,12,0.49038419,7.38520098
4606,12,0.66786635,11.22379494
4607,12,0.64698279,8.45847893
4608,12,0.48556924,6.91245413
4609,12,0.62701964,6.27103472
4610,12,0.58560425,6.60472393
4611,12,0.71992373,10.05938530
4612,12,0.57312572,7.92054176
4613,12,0.46890748,7.03146935
4614,12,0.68130302,14.65817833
4615,12,0.60677546,9.02546597
4616,12,0.49385467,7.05917311
4617,12,0.62171930,8.66928196
4618,12,0.57296252,9.05852890
4619,12,0.70253712,6.19484377
4620,12,0.48071074,8.12166023
4621,12,0.62769628,11.36433983
4622,12,0.64491600,9.75737190
4623,12,0.41408899,5.64881277
4624,12,0.56469107,6.79193449
4625,12,0.68140733,8.36181831
4626,12,0.47581640,8.69013309
4627,12,0.67361838,7.07073689
4628,12,0.77784312,9.25600243
4629,12,0.56785476,8.75949097
4630,12,0.68253750,10.32688713
4631,12,0.58671117,6.64570904
4632,12,0.65804356,10.06390285
4633,12,0.65515119,8.53312492
4634,12,0.58702916,7.46698856
4635,12,0.63028371,9.02151585
4636,12,0.49270141,7.18981361
4637,12,0.66323256,7.81162119
4638,12,0.53333378,7.91883230
4639,12,0.49206302,8.44991875
4640,12,0.65073627,8.65972424
4641,12,0.52473325,7.53519440
4642,12,0.52929038,7.87225866
4643,12,0.61556470,8.36332989
4644,12,0.61284107,9.77410030
4645,12,0.57632649,6.05936527
4646,12,0.61162233,9.23358631
4647,12,0.52831388,9.63536263
4648,12,0.56871414,7.51615238
4649,12,0.47245821,7.11123466
4650,12,0.53437436,7.21723509
4651,12,0.59389341,7.43984938
4652,12,0.57619226,11.20742607
4653,12,0.62451202,7.54582357
4654,12,0.64313734,6.97276735
4655,12,0.46082345,7.27977419
4656,12,0.58933109,7.44866467
4657,12,0.52555656,10.61555290
4658,12,0.58568883,8.19797039
4659,12,0.41238147,6.21817684
4660,12,0.59915632,7.28486061
4661,12,0.50228965,8.05928707
4662,12,0.66100574,9.29661846
4663,12,0.54978979,6.98043871
4664,12,0.52637911,11.51959705
4665,12,0.52931213,6.78979778
4666,12,0.43244809,6.11700535
4667,12,0.59636784,9.08404636
4668,12,0.45448786,8.10488605
4669,12,0.80394214,11.16678905
4670,12,0.70092684,11.59806347
4671,12,0.79887235,9.79426861
4672,12,0.48122102,6.63281536
4673,12,0.57303500,6.51038408
4674,12,0.49895063,6.02096939
4675,12,0.66914487,7.72203875
4676,12,0.47826415,7.05070448
4677,12,0.69546688,7.99409580
4678,12,0.48652634,5.22011852
4679,12,0.48827469,5.81742907
4680,12,0.69366276,7.78986645
4681,12,0.51282328,8.13992405
4682,12,0.64952290,9.32544422
4683,12,0.51411575,5.73901463
4684,12,0.41243291,7.07853079
4685,12,0.68919837,7.61078596
4686,12,0.42710066,6.99071503
4687,12,0.69250625,10.02162266
4688,12,0.65063483,8.96453094
4689,12,0.64336586,9.07074642
4690,12,0.82056576,8.23775578
4691,12,0.71913707,8.25908279
4692,13,0.49244517,8.62378693
4693,13,0.59579968,9.56155872
4694,13,0.53404248,7.52603626
4695,13,0.56386358,10.23174381
4696,13,0.56919163,9.89406109
4697,13,0.58392900,9.68115616
4698,13,0.55004340,9.37265587
4699,13,0.55750442,8.42744732
4700,13,0.43285155,5.25232506
4701,13,0.50687486,8.59490967
4702,13,0.59607911,7.16684675
4703,13,0.55416131,6.67138863
4704,13,0.63572633,7.44673681
4705,13,0.36022681,6.77310085
4706,13,0.53301734,6.68531656
4707,13,0.41253394,5.84688663
4708,13,0.48046643,8.02558136
4709,13,0.58608270,11.72275543
4710,13,0.55735397,6.33957911
4711,13,0.61568439,9.45037270
4712,13,0.63334191,6.03278685
4713,13,0.63356113,9.34577560
4714,13,0.69470787,7.08012247
4715,13,0.67129862,11.67934227
4716,13,0.59003896,7.10553885
4717,13,0.56235993,7.56957436
4718,13,0.49002635,5.05940342
4719,13,0.56525695,7.12666893
4720,13,0.63099277,8.11899090
4721,13,0.52952230,7.90664482
4722,13,0.49709886,7.36487627
4723,13,0.47756356,6.39200783
4724,13,0.44807959,6.14040899
4725,13,0.64103490,6.34422636
4726,13,0.60081095,12.47279644
4727,13,0.46114323,8.42101192
4728,13,0.66129470,11.06711769
4729,13,0.54604948,6.93226957
4730,13,0.63847584,10.37715435
4731,13,0.58062601,9.70251369
4732,13,0.51983005,7.94119358
4733,13,0.51531267,9.05759621
4734,13,0.73810732,8.07210064
4735,13,0.53898931,8.48019600
4736,13,0.50151497,7.61587143
4737,13,0.60989380,9.46365833
4738,13,0.59562695,8.72930908
4739,13,0.72568929,8.72308350
4740,13,0.81515026,10.08152580
4741,13,0.47737336,6.80715132
4742,13,0.57085943,6.18877125
4743,13,0.53298688,6.87568712
4744,13,0.58472544,7.98851156
4745,13,0.50933290,6.05247355
4746,13,0.47637624,5.87951040
4747,13,0.56790447,6.27126265
4748,13,0.64544916,9.39379025
4749,13,0.65715218,10.73766804
4750,13,0.62192917,8.47466278
4751,13,0.46008658,6.31126785
4752,13,0.43730491,8.19757748
4753,13,0.51916379,11.06262398
4754,13,0.65164024,10.98450947
4755,13,0.52707273,6.64265776
4756,13,0.61769086,7.02661896
4757,13,0.53827846,6.80584908
4758,13,0.44760054,7.39757967
4759,13,0.56205893,9.94376469
4760,13,0.57078302,11.06292629
4761,13,0.49599475,6.63945770
4762,13,0.54079878,9.87156010
4763,13,0.66759014,11.95646572
4764,13,0.53821313,6.53335714
4765,13,0.50776672,7.52859926
4766,13,0.54067898,8.37782383
4767,13,0.58805931,7.31091404
4768,13,0.57276714,5.67728662
4769,13,0.40332651,6.27825928
4770,13,0.62884271,7.15654516
4771,13,0.49989545,6.61223936
4772,13,0.40420887,7.70465279
4773,13,0.61986232,9.91273689
4774,13,0.67161739,8.83110523
4775,13,0.44131044,6.17669344
4776,13,0.62601447,8.19127369
4777,13,0.46089056,8.55364132
4778,13,0.74224567,9.15908146
4779,13,0.55284345,7.98746729
4780,13,0.52854139,5.25559807
4781,13,0.45997924,6.35741138
4782,13,0.64726013,7.55166435
4783,13,0.48833638,8.89106846
4784,13,0.51972026,7.55031013
4785,13,0.57213783,8.45859051
4786,13,0.67784524,11.18568039
4787,13,0.61890793,9.07474709
4788,13,0.73938608,11.77899456
4789,13,0.46498835,7.69317389
4790,13,0.47820586,8.05953598
4791,13,0.48615986,5.94758844
4792,13,0.46427125,7.84689331
4793,13,0.52922761,8.73197269
4794,13,0.41385385,8.70592594
4795,13,0.55174893,8.07665920
4796,13,0.56035203,7.57571125
4797,13,0.52380544,6.50451899
4798,13,0.70621777,8.07293129
4799,13,0.63124239,7.89809942
4800,13,0.55666077,9.23536873
4801,13,0.50281101,9.47224140
4802,13,0.64004779,9.84922981
4803,13,0.57691008,5.58267307
4804,13,0.52427673,6.51983261
4805,13,0.74251533,12.17527771
4806,13,0.51106721,9.52874470
4807,13,0.70308554,8.10070229
4808,13,0.64803165,10.34134769
4809,13,0.58188903,8.46028233
4810,13,0.50707453,7.51713848
4811,13,0.62371981,7.23346090
4812,13,0.52312320,8.96539879
4813,13,0.53971171,6.02811098
4814,13,0.61660928,8.30288506
4815,13,0.43958172,6.09785461
4816,13,0.51311016,5.35091305
4817,13,0.64445293,7.65316725
4818,13,0.55640757,8.26897621
4819,13,0.58161658,8.93749332
4820,13,0.65222859,8.46862411
4821,13,0.61404389,7.48333406
4822,13,0.60868311,8.63321590
4823,13,0.42899865,6.90596056
4824,13,0.52730930,8.63252640
4825,13,0.50404143,6.53613567
4826,13,0.62196696,9.46354485
4827,13,0.47085842,5.99954653
4828,13,0.43414173,8.17550468
4829,13,0.61344552,7.58324003
4830,13,0.52819651,6.05435753
4831,13,0.51308846,9.87911320
4832,13,0.52416837,5.39704514
4833,13,0.47478926,6.78819418
4834,13,0.48660755,10.09936714
4835,13,0.50857925,5.49816608
4836,13,0.56756687,9.73092461
4837,13,0.57194901,7.99783039
4838,13,0.58250821,9.89845371
4839,13,0.63717639,9.25192928
4840,13,0.57750285,8.76555443
4841,13,0.54287291,7.36631441
4842,13,0.43290359,6.13250113
4843,13,0.42602220,7.97270966
4844,13,0.77633828,9.23340416
4845,13,0.58703876,7.73063326
4846,13,0.50835311,7.62650585
4847,13,0.57398260,8.77120399
4848,13,0.58835083,8.21727562
4849,13,0.60362828,6.41359806
4850,13,0.63007152,6.44721985
4851,13,0.48535115,8.70728779
4852,13,0.65119672,8.87733173
4853,13,0.63260597,7.61925316
4854,13,0.51181364,7.61752892
4855,13,0.64233637,9.40969563
4856,13,0.42671916,6.41037893
4857,13,0.47762731,9.63182354
4858,13,0.51220143,7.28771544
4859,13,0.40693170,6.40269709
4860,13,0.59504294,6.20629454
4861,13,0.52353132,5.67418575
4862,13,0.42073244,7.25454283
4863,13,0.39413881,6.66556883
4864,13,0.49417600,6.38722467
4865,13,0.70342231,9.84171200
4866,13,0.62038922,6.72844267
4867,13,0.47307637,7.53174877
4868,13,0.48131633,8.30441189
4869,13,0.66986769,9.28091621
4870,13,0.45422244,10.50995159
4871,13,0.58001059,8.43351555
4872,13,0.44686019,8.05835247
4873,13,0.51280028,6.10666656
4874,13,0.64060950,7.73196030
4875,13,0.54946238,7.71543360
4876,13,0.59321225,7.12320614
4877,13,0.74982744,11.30096340
4878,13,0.41963127,5.62745762
4879,13,0.47169322,7.89969349
4880,13,0.50550675,8.47683048
4881,13,0.48567885,6.34339094
4882,13,0.41976166,5.38828802
4883,13,0.54283100,6.40273237
4884,13,0.57181531,10.52175903
4885,13,0.53913379,6.80405331
4886,13,0.56434083,7.90611362
4887,13,0.66528785,7.64771509
4888,13,0.58280230,5.96351862
4889,13,0.61391783,9.82359791
4890,13,0.54061055,7.00826120
4891,13,0.51398635,6.33240080
4892,13,0.57846266,6.52479696
4893,13,0.44961795,6.32430744
4894,13,0.59227282,7.31190729
4895,13,0.52249444,7.58128405
4896,13,0.66763097,10.69291019
4897,13,0.54662907,8.68600559
4898,13,0.49745756,7.04879522
4899,13,0.45421994,6.99705648
4900,13,0.47075468,5.64769840
4901,13,0.43846551,6.42973661
4902,13,0.34353811,4.97829247
4903,13,0.54749584,7.31753826
4904,13,0.43649346,5.74324656
4905,13,0.67237663,8.20270729
4906,13,0.35765380,6.27493763
4907,13,0.50223172,7.63575697
4908,13,0.58292770,8.57360840
4909,13,0.54681665,8.85411644
4910,13,0.47658587,9.90205479
4911,13,0.63581991,12.09242535
4912,13,0.42017534,5.31947947
4913,13,0.41275898,7.95376492
4914,13,0.46821165,7.57067394
4915,13,0.54098475,7.04323244
4916,13,0.58779311,8.52964878
4917,13,0.80649954,11.16150188
4918,13,0.45850232,7.33984232
4919,13,0.48876405,8.97486401
4920,13,0.58418626,8.98388767
4921,13,0.39878857,6.73979807
4922,13,0.51627386,7.29084778
4923,13,0.37849480,6.26291895
4924,13,0.51510394,7.63229275
4925,13,0.61960644,7.50348616
4926,13,0.61915445,8.37459755
4927,13,0.48017412,5.71120691
4928,13,0.60847610,9.97242832
4929,13,0.52277142,5.98415327
4930,13,0.56939530,8.68700123
4931,13,0.45120907,8.21694946
4932,13,0.63951218,7.96818733
4933,13,0.60662174,6.22850800
4934,13,0.47083205,5.32492065
4935,13,0.59553736,8.07430744
4936,13,0.61047339,10.73686409
4937,13,0.50867265,6.51716566
4938,13,0.63955760,8.17020607
4939,13,0.47616303,7.17164707
4940,13,0.49708867,7.29428244
4941,13,0.58498889,11.24956799
4942,13,0.67868495,9.45702362
4943,13,0.56367242,8.12081814
4944,13,0.46520650,5.63936043
4945,13,0.49316844,8.35580158
4946,13,0.50933927,8.81487560
4947,13,0.43715549,5.94225359
4948,13,0.44349575,6.37061119
4949,13,0.52020341,5.50242519
4950,13,0.59323514,7.46115541
4951,13,0.53966922,8.45442772
4952,13,0.45517328,5.75027514
4953,13,0.53590995,7.98574018
4954,13,0.52037859,6.77893353
4955,13,0.85041797,9.10558128
4956,13,0.51587439,5.93476439
4957,13,0.42685860,6.47491789
4958,13,0.54856938,5.61189985
4959,13,0.53621751,11.48611450
4960,13,0.46554822,7.87290096
4961,13,0.68261611,9.94682693
4962,13,0.52987528,6.78250647
4963,13,0.58329481,7.57693386
4964,13,0.40466684,6.17539930
4965,13,0.59314322,9.45503235
4966,13,0.58670104,7.43877411
4967,13,0.47230369,7.50289917
4968,13,0.50667471,5.27748775
4969,13,0.78555846,9.93331337
4970,13,0.35993296,5.10938358
4971,13,0.51057065,7.08182907
4972,13,0.35879225,5.81211329
4973,13,0.56837344,7.04270315
4974,13,0.59496689,6.98454571
4975,13,0.53407758,6.95970726
4976,13,0.37265116,7.50664186
4977,13,0.46041048,6.64776087
4978,13,0.60822076,11.76035786
4979,13,0.54736835,9.26825714
4980,13,0.45427006,5.67222023
4981,13,0.52567732,9.54204082
4982,13,0.53412455,13.18017960
4983,13,0.54475605,8.35888863
4984,13,0.51461351,7.54444361
4985,13,0.61629415,8.31515408
4986,13,0.65834463,11.64666462
4987,13,0.53406537,6.33575630
4988,13,0.58017021,6.42683220
4989,13,0.61613119,9.29756737
4990,13,0.46512374,6.24589872
4991,13,0.54103690,9.15371323
4992,13,0.62351859,7.36154175
4993,13,0.45408392,7.09259081
4994,13,0.52068084,7.65511274
4995,13,0.55540597,7.42024851
4996,13,0.73156500,8.99573708
4997,13,0.41330445,6.37147951
4998,13,0.49927557,7.28440428
4999,13,0.61244923,11.24072075
5000,13,0.55155540,9.79798698
5001,13,0.49193490,7.16539431
5002,13,0.56876969,8.50974464
5003,13,0.54338020,8.78369045
5004,13,0.52640557,10.53700924
5005,13,0.55942321,6.72526789
5006,13,0.53499049,8.67275620
5007,13,0.61504233,8.50805092
5008,13,0.54252827,10.75849056
5009,13,0.54536963,6.82397985
5010,13,0.53164494,6.98888540
5011,13,0.46013406,8.37160683
5012,13,0.52742255,6.43163490
5013,13,0.62302518,inf
5014,13,0.50074595,8.40039158
5015,13,0.57131428,8.49104404
5016,13,0.59934902,9.12386227
5017,13,0.55437648,8.92127895
5018,13,0.56203997,8.28055573
5019,13,0.59981489,15.02553177
5020,13,0.40145868,6.55993795
5021,13,0.68397415,11.46590328
5022,13,0.40943223,8.61719418
5023,13,0.54431570,6.85401058
5024,13,0.53474855,10.25258446
5025,13,0.67302018,11.05071545
5026,13,0.49748790,6.62281179
5027,13,0.58601636,10.00993824
5028,13,0.69203949,12.43279076
5029,13,0.56219280,7.48915863
5030,13,0.50907683,6.74974108
5031,13,0.47333658,6.62097311
5032,13,0.51822472,10.17807198
5033,13,0.53776205,7.10855627
5034,13,0.43737701,5.59777880
5035,13,0.53994793,6.66756725
5036,13,0.61615002,8.94644165
5037,13,0.49874517,7.42155695
5038,13,0.47458678,5.70951843
5039,13,0.55791211,6.34911346
5040,13,0.55280530,5.58132076
5041,13,0.46540740,5.84756470
5042,13,0.49298283,7.39854813
5043,13,0.66857475,10.74140453
5044,13,0.48342979,7.18863630
5045,13,0.56791729,7.69433308
5046,13,0.64733338,8.59399223
5047,13,0.54587924,9.61569023
5048,13,0.45361742,6.28252935
5049,13,0.63868129,8.08872795
5050,13,0.54777867,9.09171486
5051,13,0.55049986,9.77989006
5052,13,0.52439106,6.89024162
5053,13,0.39928198,6.24609995
5054,13,0.51944578,7.93174839
5055,13,0.56581730,8.83066368
5056,13,0.54321837,6.54679441
5057,13,0.68675518,8.34000874
5058,13,0.54914570,9.32877922
5059,13,0.50116295,6.64069128
5060,13,0.46997002,5.88592911
5061,13,0.60472095,7.72303438
5062,13,0.49788365,7.58389282
5063,13,0.57616019,7.75233507
5064,13,0.49891442,7.66706133
5065,13,0.50065482,7.80325842
5066,13,0.43441868,6.78722382
5067,13,0.71563971,10.07234478
5068,13,0.58058929,7.44086981
5069,13,0.58318830,6.57622623
5070,13,0.63347834,7.83151054
5071,13,0.63783777,8.41022491
5072,13,0.50792658,8.43636608
5073,13,0.44211024,5.38228512
5074,13,0.46077341,6.96702814
5075,13,0.57791924,9.70655537
5076,13,0.61888111,8.94664478
5077,13,0.44573727,6.38864422
5078,13,0.59809387,6.50013781
5079,13,0.51190090,7.01423597
5080,13,0.65039784,10.66568565
5081,13,0.59267116,9.73220730
5082,13,0.58217037,9.04309845
5083,14,0.43431669,5.88026667
5084,14,0.52409530,7.38800478
5085,14,0.55171454,8.17382145
5086,14,0.40605390,5.92083263
5087,14,0.47645232,8.41655827
5088,14,0.51222312,8.97776794
5089,14,0.42349508,9.02087307
5090,14,0.47383159,6.83639383
5091,14,0.63308835,9.33296776
5092,14,0.50540292,9.44503784
5093,14,0.71233732,10.37412548
5094,14,0.56098175,8.79508972
5095,14,0.48914102,6.84783220
5096,14,0.48477697,6.34785843
5097,14,0.50022453,7.28962803
5098,14,0.46649879,7.29614353
5099,14,0.66663551,9.80220509
5100,14,0.66722196,9.06058407
5101,14,0.37374142,5.88818359
5102,14,0.60006201,9.70593262
5103,14,0.45490029,5.70315599
5104,14,0.42196751,9.15777969
5105,14,0.41332355,9.18683434
5106,14,0.39308441,8.27099133
5107,14,0.52832210,7.61473083
5108,14,0.56004637,8.23146439
5109,14,0.49369067,8.06623936
5110,14,0.51600486,10.51634502
5111,14,0.59352040,10.54845333
5112,14,0.57221681,9.07985401
5113,14,0.46989360,9.71789074
5114,14,0.44838285,9.73094559
5115,14,0.52206981,9.30817127
5116,14,0.63607907,9.05785465
5117,14,0.69992119,10.65705490
5118,14,0.51074767,7.72654486
5119,14,0.47672632,7.43508387
5120,14,0.54161119,9.57701778
5121,14,0.48425758,9.11488247
5122,14,0.55432689,8.56648254
5123,14,0.59344864,7.74196386
5124,14,0.52491277,14.12884712
5125,14,0.40762359,8.16461182
5126,14,0.49435180,11.63172245
5127,14,0.52629864,7.09158564
5128,14,0.47366789,9.12175560
5129,14,0.59735060,9.35780621
5130,14,0.53387868,8.03386593
5131,14,0.73582828,8.32001305
5132,14,0.55282378,7.03383207
5133,14,0.58824575,9.82807350
5134,14,0.45218474,7.96989822
5135,14,0.48036808,6.86087132
5136,14,0.40832603,10.44482708
5137,14,0.52515739,9.58953571
5138,14,0.52837014,7.71033335
5139,14,0.56147790,11.65013695
5140,14,0.45522743,6.69512892
5141,14,0.55838466,8.73074150
5142,14,0.40746260,6.64320898
5143,14,0.37382579,6.83040857
5144,14,0.52779490,7.91873455
5145,14,0.49693659,6.97280550
5146,14,0.58035469,6.88240671
5147,14,0.45198068,9.34281349
5148,14,0.55953109,10.05343723
5149,14,0.36076176,6.25964642
5150,14,0.61321729,7.77075672
5151,14,0.60075080,6.88724232
5152,14,0.46834192,7.01170015
5153,14,0.48297709,6.86152744
5154,14,0.47795260,6.28020763
5155,14,0.46650621,6.68521976
5156,14,0.44295081,7.48158646
5157,14,0.47001058,7.26403904
5158,14,0.41624239,9.40033340
5159,14,0.72696769,9.15893745
5160,14,0.58562070,8.06153107
5161,14,0.50717098,6.35816479
5162,14,0.40099007,7.05637121
5163,14,0.51821011,7.09462166
5164,14,0.40813583,8.84284782
5165,14,0.53363812,6.34924412
5166,14,0.58758825,10.41201019
5167,14,0.42635420,6.95907164
5168,14,0.54597878,7.41661549
5169,14,0.63673460,8.07300282
5170,14,0.37388054,6.86835384
5171,14,0.55497527,7.74071932
5172,14,0.54773301,9.17713928
5173,14,0.53204072,7.46176386
5174,14,0.60046548,8.76953220
5175,14,0.58078313,7.29243755
5176,14,0.59689796,12.06995678
5177,14,0.57428098,8.87531757
5178,14,0.42128295,5.85532427
5179,14,0.79999834,10.15666294
5180,14,0.67981267,9.87760830
5181,14,0.55128407,7.71186352
5182,14,0.53139251,9.65553570
5183,14,0.59267139,9.90964127
5184,14,0.58598280,10.80990410
5185,14,0.44047794,6.96565437
5186,14,0.57804972,8.63953114
5187,14,0.59677982,9.77547646
5188,14,0.58461863,9.44281673
5189,14,0.80395651,8.27187920
5190,14,0.57495165,7.89944792
5191,14,0.44453144,8.57976341
5192,14,0.57244098,8.03498745
5193,14,0.54346800,9.90917969
5194,14,0.45426482,6.56202555
5195,14,0.61910325,8.45428085
5196,14,0.55339873,8.93320370
5197,14,0.42256975,6.40483332
5198,14,0.56556916,7.81784105
5199,14,0.43104285,6.77489805
5200,14,0.46381336,7.58674526
5201,14,0.48309615,6.91497326
5202,14,0.50847644,7.01629448
5203,14,0.38153189,5.85286093
5204,14,0.56537497,8.50404644
5205,14,0.60149801,8.98239708
5206,14,0.63236034,9.41521263
5207,14,0.45571005,6.29635096
5208,14,0.56718373,7.85457134
5209,14,0.39709991,8.96863651
5210,14,0.67826140,9.78024673
5211,14,0.59049439,8.72092438
5212,14,0.47808307,6.56558657
5213,14,0.69103730,9.73948097
5214,14,0.40231067,5.19950294
5215,14,0.58733153,8.10795879
5216,14,0.59290361,11.43925762
5217,14,0.42546290,8.07341862
5218,14,0.40747708,6.00590754
5219,14,0.59618002,8.15785694
5220,14,0.36262161,4.43586397
5221,14,0.55027896,9.38455772
5222,14,0.67783332,9.14482403
5223,14,0.51865005,8.09963322
5224,14,0.50533199,8.72046661
5225,14,0.33645424,7.07615852
5226,14,0.56337905,8.13990593
5227,14,0.55771708,7.20015860
5228,14,0.47004861,7.43687487
5229,14,0.37326282,5.35598516
5230,14,0.55331320,8.50017643
5231,14,0.47394517,7.61917830
5232,14,0.51360977,8.38615513
5233,14,0.43183821,6.71058989
5234,14,0.59921330,8.53265762
5235,14,0.60857713,9.58572578
5236,14,0.65384513,8.41749954
5237,14,0.37459943,6.75615740
5238,14,0.57436812,8.78414917
5239,14,0.53558201,11.01701736
5240,14,0.44180018,7.79631424
5241,14,0.37121731,7.30095911
5242,14,0.57520485,6.81897211
5243,14,0.41851360,8.34641361
5244,14,0.45943582,8.36998081
5245,14,0.56751466,11.33406258
5246,14,0.59450161,10.46283913
5247,14,0.50308359,12.47612858
5248,14,0.86996460,12.78371048
5249,14,0.68265200,8.87117386
5250,14,0.47474745,10.78451824
5251,14,0.60851783,12.75659657
5252,14,0.57445318,9.52767467
5253,14,0.50017267,7.82286358
5254,14,0.42452067,6.27358675
5255,14,0.42436495,9.98381138
5256,14,0.58433676,8.90761280
5257,14,0.56142110,11.38351536
5258,14,0.54087985,10.80515003
5259,14,0.61385262,6.93504429
5260,14,0.50558853,7.98525000
5261,14,0.45300561,6.33900261
5262,14,0.56994164,7.98596621
5263,14,0.50323522,6.06885815
5264,14,0.55947906,9.33160210
5265,14,0.53902382,10.30213833
5266,14,0.51223308,8.03420734
5267,14,0.67208457,6.73813248
5268,14,0.58855891,8.65835571
5269,14,0.51231402,5.45924044
5270,14,0.54957330,10.80685234
5271,14,0.42125192,7.48063374
5272,14,0.44966614,6.14139652
5273,14,0.38880891,6.43513393
5274,14,0.45678642,10.01437759
5275,14,0.55065095,8.77405548
5276,14,0.47279519,8.11152172
5277,14,0.54144257,6.62908077
5278,14,0.58179784,7.58862066
5279,14,0.54833198,7.43383884
5280,14,0.40916198,6.60023785
5281,14,0.58373106,7.28332138
5282,14,0.53111249,6.84108973
5283,14,0.45629656,7.03004217
5284,14,0.44572976,6.76096058
5285,14,0.54429704,8.15380287
5286,14,0.49530482,8.28659439
5287,14,0.40016979,5.80019188
5288,14,0.51801932,9.05408478
5289,14,0.55161941,7.47122002
5290,14,0.45773366,5.32510996
5291,14,0.60680002,8.90196419
5292,14,0.40620869,6.57927942
5293,14,0.56471002,7.15194082
5294,14,0.41452241,6.61246347
5295,14,0.43799514,6.73962927
5296,14,0.56589735,8.95448589
5297,14,0.57858044,9.17419052
5298,14,0.71489441,7.47296715
5299,14,0.46972555,7.84951401
5300,14,0.50028455,7.18971968
5301,14,0.56285024,9.46690083
5302,14,0.67698801,9.92621899
5303,14,0.74057871,9.96004391
5304,14,0.59737015,8.03744507
5305,14,0.64472032,8.49653625
5306,14,0.56406963,11.17723656
5307,14,0.47698748,8.32260132
5308,14,0.57169861,8.96092319
5309,14,0.67115080,9.33630562
5310,14,0.47807434,7.07017660
5311,14,0.62119544,10.41014671
5312,14,0.44342029,6.63140345
5313,14,0.51610547,10.41691494
5314,14,0.61010289,8.81620979
5315,14,0.49693939,7.07685280
5316,14,0.42337835,5.10792208
5317,14,0.51128387,7.00790930
5318,14,0.60582834,7.61011648
5319,14,0.54194957,10.39628887
5320,14,0.51696837,9.07356834
5321,14,0.54364812,7.83935928
5322,14,0.46780896,6.84408760
5323,14,0.51991087,7.78778172
5324,14,0.49016753,6.13192177
5325,14,0.54589927,7.23317051
5326,14,0.44601715,13.06290722
5327,14,0.57870519,9.85956192
5328,14,0.48104191,7.61654186
5329,14,0.56084037,7.57924128
5330,14,0.46485215,9.80295753
5331,14,0.59459788,11.85357285
5332,14,0.56478226,7.33888149
5333,14,0.47652543,5.98155069
5334,14,0.56161189,9.76798725
5335,14,0.42950284,9.70231724
5336,14,0.55237722,9.85226059
5337,14,0.59874618,7.69631720
5338,14,0.44691062,10.45193577
5339,14,0.48512158,8.26734924
5340,14,0.47023612,8.72619534
5341,14,0.49265832,7.24998140
5342,14,0.47603184,8.90077782
5343,14,0.52201390,8.37972927
5344,14,0.44673175,5.31952715
5345,14,0.49202275,9.71660900
5346,14,0.50888157,10.85664177
5347,14,0.42275700,9.51057148
5348,14,0.56668395,7.18472624
5349,14,0.64028114,8.54375267
5350,14,0.57205880,7.60402489
5351,14,0.54389524,6.35106897
5352,14,0.46214360,9.26901245
5353,14,0.63168514,8.08871269
5354,14,0.48788348,7.45143604
5355,14,0.40917048,7.35201645
5356,14,0.45819342,8.47695827
5357,14,0.59230566,8.05050468
5358,14,0.37228769,8.39363384
5359,14,0.56020284,7.26675987
5360,14,0.55439067,8.61139011
5361,14,0.68552327,11.90741825
5362,14,0.45211291,6.98890114
5363,14,0.48152208,6.60650826
5364,14,0.47797620,8.10293388
5365,14,0.34163800,6.85059690
5366,14,0.46928400,7.20436239
5367,14,0.56340277,7.61318636
5368,14,0.58990324,9.12250423
5369,14,0.61840051,7.27892351
5370,14,0.58410120,6.86132002
5371,14,0.54486656,8.92348766
5372,14,0.39960498,5.65095234
5373,14,0.76159322,10.18674088
5374,14,0.58020854,8.73512077
5375,14,0.55267537,8.11221313
5376,14,0.40404934,6.13767624
5377,14,0.50135905,8.18390274
5378,14,0.40296939,6.57187557
5379,14,0.64910698,9.74006557
5380,14,0.84142756,7.83533430
5381,14,0.57056510,8.22798634
5382,14,0.47511128,6.92446470
5383,14,0.58711928,11.74071598
5384,14,0.45670915,9.61072826
5385,14,0.62609315,8.27927876
5386,14,0.46854836,7.06433821
5387,14,0.45707312,6.53775024
5388,14,0.53671938,7.78859091
5389,14,0.61658043,10.80907154
5390,14,0.46441483,6.18698406
5391,14,0.43625331,5.05581999
5392,14,0.57662106,8.11816502
5393,14,0.57683885,9.72555828
5394,14,0.43360901,5.54573774
5395,14,0.52332360,8.79233170
5396,14,0.58397472,8.62488079
5397,14,0.42021316,7.46036243
5398,14,0.51180828,11.21149349
5399,14,0.42154461,7.14580774
5400,14,0.49997714,7.46468019
5401,14,0.45094800,7.35282516
5402,14,0.49938315,9.97106171
5403,14,0.44079435,9.07580376
5404,14,0.50566787,11.65232372
5405,14,0.58603835,9.50427723
5406,14,0.59717989,8.25970840
5407,14,0.53338706,7.60156441
5408,14,0.52768803,7.88368130
5409,14,0.48679066,7.09522915
5410,14,0.54739517,12.67871571
5411,14,0.44299597,9.77672863
5412,14,0.42900866,7.63333178
5413,14,0.47619736,8.61817551
5414,14,0.53838921,11.62323570
5415,14,0.39872932,8.32500935
5416,14,0.58364522,7.07250547
5417,14,0.55962133,9.75993252
5418,14,0.51253080,7.96008682
5419,14,0.59188247,9.46923447
5420,14,0.42063904,7.43562460
5421,14,0.53116608,7.68111181
5422,14,0.61914313,8.86899662
5423,14,0.54311013,7.84663343
5424,14,0.55027366,8.02576351
5425,14,0.46210611,7.78072309
5426,14,0.55006266,7.96921206
5427,14,0.42604455,5.18500376
5428,14,0.46512336,7.01691103
5429,14,0.57137442,9.04537487
5430,14,0.50119227,9.92821217
5431,14,0.45682162,7.38104773
5432,14,0.56425869,11.43104076
5433,14,0.61414170,7.55799103
5434,14,0.50503230,6.13368797
5435,14,0.56351793,6.35807085
5436,14,0.53736240,10.99423409
5437,14,0.48313993,6.79203892
5438,14,0.73353684,9.40938473
5439,14,0.40776998,6.41705799
5440,14,0.58396888,8.04354668
5441,14,0.77638263,12.24671650
5442,14,0.44966477,6.65630531
5443,14,0.46218103,6.62559652
5444,14,0.63450682,8.92902660
5445,14,0.45718583,7.59267950
5446,14,0.36058563,7.14631939
5447,14,0.52498168,6.40644455
5448,14,0.40345433,6.57423878
5449,14,0.63103688,8.74742889
5450,14,0.51079243,5.31073046
5451,14,0.57012141,9.08958912
5452,14,0.55272597,8.22268677
5453,14,0.52245480,7.56859207
5454,14,0.59843016,9.10305405
5455,14,0.40006548,6.52283096
5456,14,0.40399170,6.31226873
5457,14,0.55611992,7.43531466
5458,14,0.49051228,7.14300585
5459,14,0.57406080,5.97845268
5460,14,0.46931821,6.36805487
5461,14,0.68487215,9.38087749
5462,14,0.42755410,8.60390949
5463,14,0.62538284,7.56386995
5464,14,0.54260981,9.94596481
5465,14,0.42686534,7.11265373
5466,14,0.42711711,7.64767361
5467,14,0.58633614,7.50259399
5468,14,0.52287436,5.77745152
5469,14,0.59686232,9.80430603
5470,14,0.56099194,8.95798683
5471,14,0.62363899,7.44635725
5472,14,0.57974553,6.71553278
5473,14,0.53262013,9.47900677
5474,15,0.49070209,7.64901257
5475,15,0.38061041,6.56343126
5476,15,0.32665753,4.91478491
5477,15,0.61796749,8.03827095
5478,15,0.53531075,6.45147181
5479,15,0.35590130,4.98814631
5480,15,0.46327952,8.35817814
5481,15,0.60523522,10.90861988
5482,15,0.64726615,7.08431005
5483,15,0.46987998,8.38928795
5484,15,0.49744946,11.27760029
5485,15,0.36235052,5.14718866
5486,15,0.36872175,6.80018377
5487,15,0.40370342,8.23917961
5488,15,0.43523425,6.64656496
5489,15,0.44455075,5.77018452
5490,15,0.58778805,10.39455509
5491,15,0.55277944,8.39377499
5492,15,0.45077837,9.34633827
5493,15,0.47775048,7.48200512
5494,15,0.46426320,8.50207424
5495,15,0.58725280,7.64512444
5496,15,0.51436222,7.57776403
5497,15,0.47442198,9.79440689
5498,15,0.48889297,6.79023170
5499,15,0.46326774,8.91527939
5500,15,0.53278422,8.21709728
5501,15,0.57088810,7.31290579
5502,15,0.59553027,7.93619442
5503,15,0.36692494,11.26673508
5504,15,0.55980647,9.43074799
5505,15,0.52073842,8.07509422
5506,15,0.54567277,7.27309799
5507,15,0.36286873,5.46538401
5508,15,0.42981011,9.92011166
5509,15,0.63457274,7.11507511
5510,15,0.42201301,6.62809992
5511,15,0.41501218,7.40145540
5512,15,0.43087292,6.58716154
5513,15,0.37543362,6.09801197
5514,15,0.58179629,9.09240627
5515,15,0.43967122,8.63409233
5516,15,0.55984533,8.20678806
5517,15,0.47653574,7.36564350
5518,15,0.51243353,9.16976452
5519,15,0.58334458,8.88010693
5520,15,0.65867227,7.34907961
5521,15,0.45126489,7.61238194
5522,15,0.49692243,8.10210896
5523,15,0.63191319,11.68441105
5524,15,0.53021216,12.93988991
5525,15,0.53742594,7.50279665
5526,15,0.52230322,6.54349041
5527,15,0.58333433,8.11248779
5528,15,0.54407817,10.37377357
5529,15,0.49914157,7.80232239
5530,15,0.54606807,6.39465427
5531,15,0.47485155,6.00612354
5532,15,0.57005805,7.85603476
5533,15,0.43992573,9.22980690
5534,15,0.55398428,9.07034397
5535,15,0.43788990,7.66533327
5536,15,0.55022591,8.35578728
5537,15,0.51606923,7.64146280
5538,15,0.67495608,8.38109875
5539,15,0.40892613,7.19443226
5540,15,0.61045110,9.57205486
5541,15,0.58767551,8.06559563
5542,15,0.63774055,9.22912884
5543,15,0.47482601,7.17357349
5544,15,0.41052276,7.44704771
5545,15,0.47301349,7.94294834
5546,15,0.44993162,5.31355667
5547,15,0.51729059,7.21007872
5548,15,0.53796285,6.50685835
5549,15,0.67345339,7.12106800
5550,15,0.52075040,8.59810257
5551,15,0.43544257,6.34302711
5552,15,0.52902150,8.80949402
5553,15,0.36552489,6.25486565
5554,15,0.45902637,6.26926851
5555,15,0.44236010,7.65900564
5556,15,0.61474913,10.91863441
5557,15,0.53802896,8.96602440
5558,15,0.51620615,7.23397303
5559,15,0.40050662,6.07921171
5560,15,0.51085615,10.86330414
5561,15,0.45039713,7.41619968
5562,15,0.50575328,8.24955940
5563,15,0.46260303,8.53907013
5564,15,0.33406597,7.04519939
5565,15,0.65910161,11.26949120
5566,15,0.45235106,7.48624229
5567,15,0.57329035,7.59588194
5568,15,0.53625780,9.75573254
5569,15,0.50064129,7.46192646
5570,15,0.50070298,8.95584679
5571,15,0.44307330,8.89044094
5572,15,0.34906980,7.10034800
5573,15,0.45332664,6.89601851
5574,15,0.46830931,5.93220377
5575,15,0.69467187,11.68093491
5576,15,0.49126107,9.04365730
5577,15,0.57730937,8.67602253
5578,15,0.60994768,8.96824741
5579,15,0.50125420,5.68860006
5580,15,0.49107355,8.04973221
5581,15,0.56580186,6.31751966
5582,15,0.54385746,8.23081398
5583,15,0.48590201,8.65363312
5584,15,0.51150048,7.23635387
5585,15,0.42879361,7.23308182
5586,15,0.48884606,7.05798960
5587,15,0.67593277,10.29060841
5588,15,0.34711009,7.32502460
5589,15,0.54498637,5.81961489
5590,15,0.64661849,7.28027868
5591,15,0.47154480,8.53217220
5592,15,0.54109812,7.20024776
5593,15,0.54570508,8.28684998
5594,15,0.45701838,7.58431768
5595,15,0.50445902,7.90662813
5596,15,0.45461583,8.26304817
5597,15,0.30976272,10.53020477
5598,15,0.36800727,7.51600218
5599,15,0.53744733,7.91475630
5600,15,0.55428040,8.99558449
5601,15,0.34463388,5.82644081
5602,15,0.45934623,9.69501972
5603,15,0.47847643,7.22800636
5604,15,0.61492306,10.76566696
5605,15,0.44956511,6.81396151
5606,15,0.40002012,6.43839598
5607,15,0.43808645,6.13405180
5608,15,0.47242242,9.72718620
5609,15,0.58156991,10.45010471
5610,15,0.53069890,8.38153839
5611,15,0.49674410,8.85244465
5612,15,0.43208766,8.67784309
5613,15,0.65520108,8.24844837
5614,15,0.47746080,7.27524090
5615,15,0.48243725,8.08503342
5616,15,0.58187556,7.70780611
5617,15,0.51346850,8.98242378
5618,15,0.63113618,15.10163116
5619,15,0.43169478,7.36319971
5620,15,0.47366327,7.92857933
5621,15,0.41763544,8.60447025
5622,15,0.59672683,7.81023788
5623,15,0.42718887,7.97725391
5624,15,0.49429625,10.37165356
5625,15,0.59442705,6.97324228
5626,15,0.33521423,5.62265205
5627,15,0.50853038,8.52614307
5628,15,0.52470434,10.47995853
5629,15,0.42572677,8.69650364
5630,15,0.71751446,9.62197304
5631,15,0.58078241,6.74532795
5632,15,0.56465161,8.48590851
5633,15,0.56470799,10.21387100
5634,15,0.44844127,9.01352310
5635,15,0.43982285,9.14541340
5636,15,0.47824407,7.70536375
5637,15,0.52628785,7.85249710
5638,15,0.52777529,5.80369949
5639,15,0.44526863,7.65445566
5640,15,0.45447639,11.01681805
5641,15,0.54262817,11.88533306
5642,15,0.49855596,7.68352652
5643,15,0.50682044,5.96076298
5644,15,0.55051553,8.83657455
5645,15,0.49696541,8.35502815
5646,15,0.46956638,11.28012848
5647,15,0.60762000,9.55606270
5648,15,0.34476614,4.76529694
5649,15,0.53974962,6.46845341
5650,15,0.46336997,9.22842026
5651,15,0.46790504,9.16149235
5652,15,0.58007097,12.73727512
5653,15,0.59414369,11.22162437
5654,15,0.43681899,6.92944670
5655,15,0.44651440,6.34867287
5656,15,0.62634003,9.49434566
5657,15,0.54679233,6.85262299
5658,15,0.42372435,8.12504101
5659,15,0.67208123,10.53120899
5660,15,0.42794266,6.15696049
5661,15,0.47877073,7.34866858
5662,15,0.32044086,6.27467012
5663,15,0.54907465,7.13872480
5664,15,0.73104870,9.49479485
5665,15,0.41662443,6.58103037
5666,15,0.28150174,5.75825167
5667,15,0.39962190,6.49920607
5668,15,0.52954566,10.07098866
5669,15,0.46987137,7.43684864
5670,15,0.40084440,8.08534527
5671,15,0.38888699,7.24593353
5672,15,0.45291317,7.28554201
5673,15,0.65070444,8.76803112
5674,15,0.50842541,9.79937267
5675,15,0.56669933,7.23020363
5676,15,0.42734838,6.04436445
5677,15,0.43855393,7.04457283
5678,15,0.50204426,9.77004814
5679,15,0.48112005,7.03262663
5680,15,0.64482379,9.04264355
5681,15,0.52571023,7.18546915
5682,15,0.55255389,6.77540493
5683,15,0.51922548,6.42244148
5684,15,0.59710264,13.59561062
5685,15,0.51129729,9.63810730
5686,15,0.52415770,8.15108204
5687,15,0.44520229,7.08386898
5688,15,0.55796057,10.27133942
5689,15,0.54097414,7.41329193
5690,15,0.56602907,10.78846741
5691,15,0.53628153,6.36775112
5692,15,0.39639878,6.73158646
5693,15,0.36102968,9.70598602
5694,15,0.49111050,6.62394190
5695,15,0.39104772,6.31392765
5696,15,0.57432443,7.27796841
5697,15,0.47719640,6.70206070
5698,15,0.51068139,7.69494677
5699,15,0.45501295,6.06847763
5700,15,0.53393030,8.07957935
5701,15,0.51057166,7.20475626
5702,15,0.49687329,6.21885777
5703,15,0.47972003,7.24288940
5704,15,0.58851761,8.14471626
5705,15,0.48513269,6.01803303
5706,15,0.52171385,8.30839539
5707,15,0.57479435,9.24521923
5708,15,0.39821759,7.00977945
5709,15,0.42239830,9.72326088
5710,15,0.59559047,6.78929615
5711,15,0.52105415,7.46051025
5712,15,0.38463622,7.60842371
5713,15,0.47160536,7.35252476
5714,15,0.50518584,6.34169388
5715,15,0.51174730,7.25506735
5716,15,0.46242660,6.91183996
5717,15,0.46851388,12.59274101
5718,15,0.59190822,7.48942709
5719,15,0.57102197,8.30019474
5720,15,0.56131518,6.99762630
5721,15,0.40126747,5.78797007
5722,15,0.40893811,10.22541714
5723,15,0.60070568,9.87147522
5724,15,0.44343007,7.87580919
5725,15,0.51521331,10.72250938
5726,15,0.55084205,12.69184017
5727,15,0.43171740,7.01565170
5728,15,0.54878891,7.56356525
5729,15,0.51896662,7.43100786
5730,15,0.55137414,9.06065464
5731,15,0.56386018,11.28839684
5732,15,0.48145652,7.41057682
5733,15,0.40722665,8.02130795
5734,15,0.31872299,5.53272057
5735,15,0.53111589,7.44800329
5736,15,0.49414963,7.39471292
5737,15,0.49946076,7.91060162
5738,15,0.58856434,6.38478899
5739,15,0.45919806,8.23538208
5740,15,0.43676102,8.86132526
5741,15,0.59372085,8.24128246
5742,15,0.67982268,6.83409691
5743,15,0.41053003,8.74296665
5744,15,0.38952649,7.49780321
5745,15,0.62401116,8.22943115
5746,15,0.46250948,7.56235409
5747,15,0.46164680,9.22358608
5748,15,0.55834389,8.56605911
5749,15,0.46012053,5.57440996
5750,15,0.51299691,7.56799126
5751,15,0.55994225,7.43365860
5752,15,0.49692929,6.95801735
5753,15,0.48657382,7.18923283
5754,15,0.48327667,9.63589382
5755,15,0.62635010,7.57874823
5756,15,0.41339719,7.52268696
5757,15,0.42668661,7.18619251
5758,15,0.37157547,6.80957985
5759,15,0.43128338,8.24401760
5760,15,0.38305655,7.82619095
5761,15,0.43392304,12.09523964
5762,15,0.67208683,8.67481232
5763,15,0.40405092,6.50632000
5764,15,0.52115464,7.02792168
5765,15,0.44186431,7.10148335
5766,15,0.53734803,6.92799711
5767,15,0.39078921,8.06437016
5768,15,0.52591133,8.32429886
5769,15,0.41502231,7.21827173
5770,15,0.66675490,7.89247847
5771,15,0.69581407,10.57532024
5772,15,0.55118817,9.83067799
5773,15,0.51273280,9.18866158
5774,15,0.59778017,10.23925686
5775,15,0.60256094,7.92506552
5776,15,0.43051136,8.54256821
5777,15,0.49125639,8.58278751
5778,15,0.54257989,8.58980751
5779,15,0.58200574,7.09728670
5780,15,0.50314456,7.54451609
5781,15,0.37019151,6.24662733
5782,15,0.63327038,9.63810444
5783,15,0.55741018,12.40768623
5784,15,0.51232868,7.52205801
5785,15,0.48227543,10.77488136
5786,15,0.58673501,8.30239582
5787,15,0.60225081,7.60329247
5788,15,0.44768026,8.40035725
5789,15,0.55923915,8.35289764
5790,15,0.69146121,9.70950508
5791,15,0.49217206,7.99874258
5792,15,0.45654219,6.55709410
5793,15,0.38345879,7.74949455
5794,15,0.47531709,5.92323542
5795,15,0.52869558,6.25115538
5796,15,0.33893859,9.12120342
5797,15,0.61434650,12.12765026
5798,15,0.58317572,9.07612896
5799,15,0.47594589,9.91889000
5800,15,0.48594606,9.98391914
5801,15,0.43970400,8.21693993
5802,15,0.61229771,9.44472504
5803,15,0.46103662,8.52890491
5804,15,0.65604240,10.23286057
5805,15,0.45143053,5.89007139
5806,15,0.53366053,9.56052494
5807,15,0.27760184,3.53863168
5808,15,0.63161492,9.32179737
5809,15,0.45501104,6.98558283
5810,15,0.58395565,10.38190651
5811,15,0.51243073,9.09147072
5812,15,0.48837841,8.01766777
5813,15,0.49071407,8.73161888
5814,15,0.56835639,10.43888187
5815,15,0.49626797,9.97150135
5816,15,0.55295318,9.03700256
5817,15,0.53819871,8.47001362
5818,15,0.52346826,8.03023815
5819,15,0.36054826,7.78126526
5820,15,0.43416834,6.28585100
5821,15,0.67755210,15.13408852
5822,15,0.48662785,7.26222467
5823,15,0.41916788,7.51951361
5824,15,0.52322125,7.66905355
5825,15,0.37487221,6.91085005
5826,15,0.51656502,10.75699806
5827,15,0.30792582,8.89895344
5828,15,0.42368057,7.82152128
5829,15,0.42207581,6.59772491
5830,15,0.54475367,7.97677374
5831,15,0.61055487,7.86364889
5832,15,0.50419009,11.88274097
5833,15,0.75420797,10.22282696
5834,15,0.47870564,10.31674099
5835,15,0.50597376,6.18029404
5836,15,0.47672075,5.23058701
5837,15,0.37289780,9.79807568
5838,15,0.59242427,7.81221867
5839,15,0.61191380,8.18727398
5840,15,0.39362264,7.96130896
5841,15,0.56790066,7.39239788
5842,15,0.49703240,6.87906170
5843,15,0.43832374,5.88342667
5844,15,0.48285443,8.34443474
5845,15,0.51045793,9.44892979
5846,15,0.42372340,5.85430431
5847,15,0.39373374,5.73363972
5848,15,0.48219147,7.63036966
5849,15,0.55841732,6.33975124
5850,15,0.54872715,6.94696236
5851,15,0.57393610,8.21624279
5852,15,0.53801012,7.72495174
5853,15,0.43730959,7.02704144
5854,15,0.55250013,7.59385872
5855,15,0.48843926,7.57152033
5856,15,0.63007319,8.32790756
5857,15,0.42462263,6.92949057
5858,15,0.40120035,9.11210537
5859,15,0.48627427,7.55476713
5860,15,0.50680894,8.01260853
5861,15,0.36765903,6.57187319
5862,15,0.62844425,7.88346672
5863,15,0.37881532,7.59230900
5864,15,0.54292268,8.72943878
5865,16,0.65784109,12.34922409
5866,16,0.51079595,6.86857796
5867,16,0.59817988,6.42270041
5868,16,0.36033386,5.52040911
5869,16,0.46247536,7.90064621
5870,16,0.41425806,8.13308525
5871,16,0.42568830,5.83673477
5872,16,0.48159128,6.89474821
5873,16,0.40317252,7.73404074
5874,16,0.54962504,5.76793432
5875,16,0.38027608,6.57926941
5876,16,0.39766538,5.20154095
5877,16,0.55065894,10.20762348
5878,16,0.49860808,7.52204466
5879,16,0.58630157,10.10492802
5880,16,0.36324343,9.51358604
5881,16,0.38503343,7.09807205
5882,16,0.52809668,11.82317543
5883,16,0.53096771,8.29433060
5884,16,0.43715638,9.74068928
5885,16,0.40899572,6.74800062
5886,16,0.49227801,6.29148102
5887,16,0.64237082,10.53682709
5888,16,0.49010617,9.86194611
5889,16,0.39605999,6.76252222
5890,16,0.55130047,8.10636139
5891,16,0.36589018,5.84715080
5892,16,0.46402293,6.55277061
5893,16,0.46032345,7.71117878
5894,16,0.52701545,7.08508539
5895,16,0.37531975,7.06095362
5896,16,0.53760123,9.54199314
5897,16,0.49917561,6.60602093
5898,16,0.57310367,6.73518515
5899,16,0.42479730,7.24025297
5900,16,0.56961769,12.02051449
5901,16,0.38311899,7.20871639
5902,16,0.46451476,8.77727413
5903,16,0.56031621,7.19007826
5904,16,0.58615196,8.15377331
5905,16,0.38238934,5.95756197
5906,16,0.42303410,6.91219854
5907,16,0.39624670,8.22804737
5908,16,0.35673282,11.20947647
5909,16,0.42508185,9.00025463
5910,16,0.50904739,10.76761723
5911,16,0.50342762,8.79383469
5912,16,0.64865357,9.29239845
5913,16,0.50874692,8.78398514
5914,16,0.58902895,9.15666866
5915,16,0.50737530,6.96907902
5916,16,0.39553097,6.78392363
5917,16,0.45862997,7.09666252
5918,16,0.46690047,7.66526747
5919,16,0.49658230,7.25407410
5920,16,0.50744253,8.87782383
5921,16,0.55041510,7.82167006
5922,16,0.52051127,8.38810921
5923,16,0.50680059,8.66031933
5924,16,0.56167579,9.97266769
5925,16,0.37991884,6.93860435
5926,16,0.41638976,6.22278690
5927,16,0.39829504,7.23284149
5928,16,0.42541349,7.87257433
5929,16,0.49349812,6.02298164
5930,16,0.48768073,8.21372318
5931,16,0.43353087,8.64854336
5932,16,0.53703415,11.70855427
5933,16,0.45939404,7.23393965
5934,16,0.47079313,9.73307037
5935,16,0.36106297,9.17297554
5936,16,0.47131830,8.27519512
5937,16,0.50041097,6.88804531
5938,16,0.42857772,9.00181007
5939,16,0.51356626,13.59987450
5940,16,0.56023467,8.88508034
5941,16,0.47812545,9.16184902
5942,16,0.51278591,10.13440323
5943,16,0.47631943,10.28495312
5944,16,0.41999745,6.88862371
5945,16,0.50811827,9.53075314
5946,16,0.50355315,11.66381931
5947,16,0.48820570,7.94464827
5948,16,0.46273789,8.09253407
5949,16,0.60962045,10.95507240
5950,16,0.54199636,10.29700947
5951,16,0.34710181,4.73092127
5952,16,0.61520380,10.30050087
5953,16,0.44525117,7.67933798
5954,16,0.37946689,8.07984543
5955,16,0.39884150,7.04661131
5956,16,0.38065904,5.66588926
5957,16,0.45332122,7.71950436
5958,16,0.45408976,7.36904192
5959,16,0.37534922,6.63636065
5960,16,0.34551024,6.29318714
5961,16,0.63284159,8.77284145
5962,16,0.50434721,7.67885017
5963,16,0.45545527,6.49811077
5964,16,0.42534912,9.02160263
5965,16,0.42392653,8.07550240
5966,16,0.42759877,9.10986710
5967,16,0.50780433,10.93237782
5968,16,0.46412700,8.97427177
5969,16,0.47114950,9.03920841
5970,16,0.50747699,7.95446062
5971,16,0.52105105,10.09634018
5972,16,0.40275782,7.33466768
5973,16,0.48095486,8.34048939
5974,16,0.46066636,7.55804539
5975,16,0.49795902,7.86171627
5976,16,0.40428948,6.46015167
5977,16,0.40066183,8.24250698
5978,16,0.55804086,11.57181835
5979,16,0.62509412,8.92748928
5980,16,0.48656571,13.49588776
5981,16,0.36565137,7.70804310
5982,16,0.45430934,10.24512005
5983,16,0.49547213,9.79021454
5984,16,0.43239272,7.63241863
5985,16,0.48249859,8.48612404
5986,16,0.47151035,13.82481289
5987,16,0.37338850,8.22027969
5988,16,0.49842340,10.69799614
5989,16,0.49285543,10.80202866
5990,16,0.35360059,9.54795170
5991,16,0.50654376,7.60265350
5992,16,0.39573240,9.07420826
5993,16,0.38514274,6.88339901
5994,16,0.50490403,7.98412037
5995,16,0.45998347,9.83372021
5996,16,0.29657376,5.78503323
5997,16,0.42052141,7.10537577
5998,16,0.47819620,10.53798485
5999,16,0.49907711,8.76440907
6000,16,0.45020425,7.22987556
6001,16,0.44648954,7.32481670
6002,16,0.38096327,8.42871189
6003,16,0.32621095,5.92764902
6004,16,0.53450948,7.85772800
6005,16,0.42421722,10.11146450
6006,16,0.65996981,11.56749821
6007,16,0.49261653,8.37919235
6008,16,0.38206202,7.37694263
6009,16,0.51688910,9.28701305
6010,16,0.41142100,6.92907858
6011,16,0.51409209,9.49616528
6012,16,0.35553214,7.83112288
6013,16,0.48357671,7.30543041
6014,16,0.35139060,6.43499517
6015,16,0.37436628,9.05996990
6016,16,0.44681770,8.70168018
6017,16,0.62560856,14.90214920
6018,16,0.43037093,5.11990786
6019,16,0.50188482,7.67280960
6020,16,0.35581535,5.97274208
6021,16,0.49400681,7.79204702
6022,16,0.43856764,8.73558140
6023,16,0.52460057,8.46921062
6024,16,0.44424939,7.15206766
6025,16,0.46350577,8.98167992
6026,16,0.38961267,8.26617718
6027,16,0.37744179,6.86615276
6028,16,0.36569059,7.92388248
6029,16,0.56783843,7.96686363
6030,16,0.53870696,7.34684277
6031,16,0.43801016,10.31683445
6032,16,0.59355509,6.00879097
6033,16,0.45756289,8.84127712
6034,16,0.40336597,7.30506516
6035,16,0.47732449,7.65862608
6036,16,0.41279015,6.58904743
6037,16,0.33585888,5.55461264
6038,16,0.43555784,7.07509232
6039,16,0.42547762,7.31186867
6040,16,0.54011589,6.86035728
6041,16,0.41857126,7.31527662
6042,16,0.53905284,8.55576229
6043,16,0.59200931,9.26738739
6044,16,0.52566171,7.72452450
6045,16,0.47199357,10.11800480
6046,16,0.35488769,8.60471058
6047,16,0.42533165,7.74671984
6048,16,0.46452436,8.17704296
6049,16,0.59770942,11.33972359
6050,16,0.43998760,6.05264091
6051,16,0.58376956,10.64438057
6052,16,0.46691239,7.33140898
6053,16,0.37700874,8.44853878
6054,16,0.64969611,8.74212074
6055,16,0.46221966,6.18350840
6056,16,0.43015087,6.06504250
6057,16,0.41856363,5.51862097
6058,16,0.49787962,8.19821644
6059,16,0.38179523,11.38357353
6060,16,0.39690620,5.73447895
6061,16,0.58956236,9.55065155
6062,16,0.55051041,10.12946320
6063,16,0.40796196,7.26072359
6064,16,0.48507223,6.96414423
6065,16,0.33740869,4.89263105
6066,16,0.43020529,10.96139812
6067,16,0.43737254,6.57000780
6068,16,0.45803481,7.26859570
6069,16,0.40050340,6.26966238
6070,16,0.38783407,8.10074806
6071,16,0.43303174,9.21416855
6072,16,0.54739988,9.32754803
6073,16,0.45905417,5.94453859
6074,16,0.40807879,6.82502413
6075,16,0.46438628,7.14222193
6076,16,0.60914934,9.97712421
6077,16,0.42185977,9.65696907
6078,16,0.30458212,5.74016476
6079,16,0.53833133,9.16419601
6080,16,0.44525662,8.99008083
6081,16,0.46979564,7.95252705
6082,16,0.47084817,8.50500965
6083,16,0.54332173,6.62877750
6084,16,0.51207697,9.21656799
6085,16,0.43747950,6.13526869
6086,16,0.45525777,10.05561733
6087,16,0.39955431,9.32634735
6088,16,0.58296657,12.41277313
6089,16,0.50901484,8.72408581
6090,16,0.41890031,7.51780796
6091,16,0.39396930,9.73631954
6092,16,0.52978480,11.84195614
6093,16,0.58266759,10.67321110
6094,16,0.72181213,8.36310577
6095,16,0.44119304,7.69000006
6096,16,0.46326399,7.45998192
6097,16,0.44885856,9.00952148
6098,16,0.59039319,10.88873196
6099,16,0.35358936,6.13919830
6100,16,0.39561296,6.36673641
6101,16,0.38283849,7.08448982
6102,16,0.34910643,10.93272781
6103,16,0.57766688,11.16469765
6104,16,0.48964310,8.25161457
6105,16,0.46315092,8.15738583
6106,16,0.52340460,9.16058636
6107,16,0.34160984,6.23859167
6108,16,0.51038051,5.86380529
6109,16,0.56651509,10.74584198
6110,16,0.43932021,8.64214516
6111,16,0.48248708,8.56010723
6112,16,0.41084284,7.54801178
6113,16,0.55006719,7.65516281
6114,16,0.43620491,10.05770016
6115,16,0.70371103,11.13788223
6116,16,0.63968980,9.54138851
6117,16,0.36864835,7.20102406
6118,16,0.57987052,8.50021744
6119,16,0.48717457,10.30038452
6120,16,0.40362710,6.78844404
6121,16,0.55152869,9.30092907
6122,16,0.51215518,10.11665344
6123,16,0.40954381,8.54214573
6124,16,0.39814097,5.83684063
6125,16,0.53227162,8.93386459
6126,16,0.63275540,9.28835678
6127,16,0.51614571,11.66677952
6128,16,0.55658495,12.25025272
6129,16,0.54652929,10.43266392
6130,16,0.61582077,9.30976105
6131,16,0.48742896,5.66569138
6132,16,0.48666015,6.08927011
6133,16,0.44030452,5.29173470
6134,16,0.48207045,7.68243933
6135,16,0.51284045,9.41585636
6136,16,0.38709790,7.52635574
6137,16,0.36288875,10.16017532
6138,16,0.47102350,5.07406759
6139,16,0.61595690,10.70725918
6140,16,0.31200749,7.59724236
6141,16,0.51325035,6.35244656
6142,16,0.47894275,8.02734566
6143,16,0.43489587,6.84907818
6144,16,0.44408205,8.62721920
6145,16,0.34290913,6.62441587
6146,16,0.47251302,8.15768909
6147,16,0.40917850,10.62317753
6148,16,0.44524729,9.00621700
6149,16,0.48768121,8.69252300
6150,16,0.46855220,6.40605783
6151,16,0.32274538,6.48864126
6152,16,0.35636932,8.06439781
6153,16,0.43630952,8.41185856
6154,16,0.55580491,7.23697472
6155,16,0.67676938,10.75978470
6156,16,0.48071817,7.33625793
6157,16,0.37578851,6.49811125
6158,16,0.45841405,5.78062010
6159,16,0.53494483,7.17947769
6160,16,0.59695017,7.85608387
6161,16,0.53036082,7.27704477
6162,16,0.43676716,7.06445408
6163,16,0.66284740,10.09609699
6164,16,0.37763000,5.41234636
6165,16,0.32352656,8.45057964
6166,16,0.48049921,5.90784168
6167,16,0.55732942,9.22651863
6168,16,0.53318870,6.72574377
6169,16,0.41393501,7.31989670
6170,16,0.39448059,9.30664539
6171,16,0.54987264,7.21332264
6172,16,0.39495111,6.97434807
6173,16,0.58845025,6.43107939
6174,16,0.40345657,8.76734638
6175,16,0.60222632,8.67376232
6176,16,0.51298845,8.39656925
6177,16,0.43319929,6.43879843
6178,16,0.46590173,8.02899551
6179,16,0.38772297,6.44251680
6180,16,0.39534763,7.73580980
6181,16,0.38071284,7.67213821
6182,16,0.51751411,8.42305183
6183,16,0.48101196,8.19992638
6184,16,0.37391201,6.63951588
6185,16,0.61196870,7.78374243
6186,16,0.43890551,10.38197708
6187,16,0.37359163,6.91371775
6188,16,0.60151839,13.24319553
6189,16,0.48969275,10.23414612
6190,16,0.37196013,6.10472345
6191,16,0.52273786,7.11948109
6192,16,0.46883571,10.49491787
6193,16,0.47462767,5.85609818
6194,16,0.46576935,6.45972872
6195,16,0.51072657,7.87296772
6196,16,0.49933472,9.50416470
6197,16,0.40444505,7.04312134
6198,16,0.48843393,8.41743660
6199,16,0.52012849,8.19781876
6200,16,0.50585425,8.55763435
6201,16,0.41833428,8.14758682
6202,16,0.55261290,8.11982059
6203,16,0.47962272,7.18524742
6204,16,0.46013743,8.58839417
6205,16,0.45611036,6.76445484
6206,16,0.64668822,7.76574802
6207,16,0.50807488,8.29145336
6208,16,0.49280652,7.89519835
6209,16,0.37901121,8.00429440
6210,16,0.35709816,6.69722557
6211,16,0.56761318,9.97640038
6212,16,0.48375422,8.24771595
6213,16,0.45214319,6.00569630
6214,16,0.45997366,7.16357708
6215,16,0.52705002,9.98796844
6216,16,0.52582669,10.48411083
6217,16,0.55399048,11.72470856
6218,16,0.47829536,7.60138750
6219,16,0.40403333,6.46534348
6220,16,0.35002780,4.90787745
6221,16,0.48713237,9.93381786
6222,16,0.58186007,7.50535107
6223,16,0.51359320,8.34735584
6224,16,0.56075740,8.53718185
6225,16,0.44838199,6.48195744
6226,16,0.38733763,7.24756384
6227,16,0.60790527,11.78551960
6228,16,0.52736294,7.40283394
6229,16,0.56637371,7.80959892
6230,16,0.51557362,7.52790070
6231,16,0.38863182,5.91430807
6232,16,0.64559513,7.51523685
6233,16,0.45670193,6.35981655
6234,16,0.39976159,6.07700682
6235,16,0.40952927,5.17709875
6236,16,0.42432204,5.88052320
6237,16,0.48705295,8.63314533
6238,16,0.45487049,7.72594213
6239,16,0.46099201,6.13201523
6240,16,0.50092983,8.21991539
6241,16,0.33682257,7.80735970
6242,16,0.46115011,8.20649147
6243,16,0.61241919,9.79041195
6244,16,0.33737189,5.82475090
6245,16,0.48878321,9.19079685
6246,16,0.50128305,7.70147610
6247,16,0.44505024,7.18690681
6248,16,0.55691874,6.69742155
6249,16,0.39411592,6.78921318
6250,16,0.44103503,7.36807489
6251,16,0.45253915,8.74188423
6252,16,0.53759992,7.77879858
6253,16,0.45306140,6.47456884
6254,16,0.53973520,10.74676228
6255,16,0.42201805,9.88840866
6256,17,0.46518815,8.08241081
6257,17,0.44011426,8.94110775
6258,17,0.36993426,6.97139215
6259,17,0.44398776,6.19498873
6260,17,0.49543551,8.17966270
6261,17,0.37951022,8.98614311
6262,17,0.40006006,7.45919561
6263,17,0.49216098,8.69529915
6264,17,0.47013754,8.01614285
6265,17,0.40045300,7.55424547
6266,17,0.43116584,9.19830799
6267,17,0.52285105,7.72528887
6268,17,0.53656262,9.62573719
6269,17,0.41756377,8.35060501
6270,17,0.44138762,8.21919918
6271,17,0.42087716,7.50621653
6272,17,0.52817327,10.26953697
6273,17,0.37101993,6.33428574
6274,17,0.40724450,6.05852175
6275,17,0.39854684,6.52983093
6276,17,0.44936696,7.76500702
6277,17,0.36513096,7.67482042
6278,17,0.37820703,7.16186380
6279,17,0.47300109,8.95762253
6280,17,0.49895477,7.17694473
6281,17,0.44305563,8.71311474
6282,17,0.51778603,10.35893059
6283,17,0.39095947,8.68016052
6284,17,0.60133862,9.03468704
6285,17,0.36304271,7.67467594
6286,17,0.40314910,6.91509628
6287,17,0.38869411,6.76972532
6288,17,0.35947990,7.20458412
6289,17,0.46746010,8.80941296
6290,17,0.39589006,6.91705465
6291,17,0.40631461,6.97113609
6292,17,0.29212970,6.64561224
6293,17,0.36812791,8.09926510
6294,17,0.33403885,6.65430307
6295,17,0.44745159,8.70330906
6296,17,0.46143064,8.37992954
6297,17,0.49412221,9.04417038
6298,17,0.29235673,4.87389088
6299,17,0.31124151,7.37027073
6300,17,0.36582598,6.23299122
6301,17,0.41776931,8.85015678
6302,17,0.37276936,6.30534410
6303,17,0.39670613,6.92196035
6304,17,0.50126618,9.29932690
6305,17,0.38229442,8.16393089
6306,17,0.40564555,5.76575375
6307,17,0.46096373,9.44002533
6308,17,0.42721468,5.88677979
6309,17,0.42987415,6.65428448
6310,17,0.43972754,8.52205181
6311,17,0.36268991,6.35353374
6312,17,0.38188499,8.07553291
6313,17,0.50958759,8.20629787
6314,17,0.29933065,6.24238062
6315,17,0.52156425,8.03588581
6316,17,0.35835806,9.69575024
6317,17,0.44341242,10.18666935
6318,17,0.39660376,10.41798401
6319,17,0.33569103,5.99452400
6320,17,0.60421234,9.84657574
6321,17,0.40545183,5.45606375
6322,17,0.46616387,8.96926403
6323,17,0.47643769,7.47001839
6324,17,0.53587258,11.93087959
6325,17,0.34336591,8.72057533
6326,17,0.35670000,7.77757597
6327,17,0.37931347,6.52997780
6328,17,0.36159897,8.43086624
6329,17,0.40462488,8.61209011
6330,17,0.48648381,9.21884155
6331,17,0.58716434,9.52245140
6332,17,0.47969079,7.59464741
6333,17,0.44934508,8.46796417
6334,17,0.41253242,10.51106071
6335,17,0.45496619,9.29639912
6336,17,0.52673173,7.31007242
6337,17,0.43001676,8.61336422
6338,17,0.48497742,8.72890472
6339,17,0.46839032,10.16979790
6340,17,0.44960219,7.86921263
6341,17,0.44479835,9.22366524
6342,17,0.57347882,9.22990894
6343,17,0.48596197,12.39120579
6344,17,0.54503882,10.72061157
6345,17,0.59068960,7.98430300
6346,17,0.41621733,6.31628036
6347,17,0.44526866,6.70311022
6348,17,0.42018914,8.47846031
6349,17,0.43599337,11.15497017
6350,17,0.50122792,9.60566998
6351,17,0.40842795,4.83985281
6352,17,0.47949266,8.59559727
6353,17,0.44112939,6.74361801
6354,17,0.41097271,6.89842939
6355,17,0.43851173,7.45574999
6356,17,0.56156874,7.01780605
6357,17,0.55635762,7.65312910
6358,17,0.47667766,6.42309332
6359,17,0.41098386,7.50304031
6360,17,0.34872365,7.48043966
6361,17,0.48439673,7.87510872
6362,17,0.33432242,5.33074903
6363,17,0.42657173,10.82117176
6364,17,0.38289121,6.90789413
6365,17,0.42178035,6.71952343
6366,17,0.38991332,9.54540730
6367,17,0.66136295,9.02574921
6368,17,0.31729919,8.60983849
6369,17,0.50873584,8.35946560
6370,17,0.39708674,10.38271427
6371,17,0.41622293,6.12017155
6372,17,0.58321166,7.73074007
6373,17,0.45139921,7.39746428
6374,17,0.45232520,8.56199455
6375,17,0.30952707,5.30346584
6376,17,0.40385970,10.77770805
6377,17,0.52439129,12.71045876
6378,17,0.33382684,5.74004078
6379,17,0.46277562,9.83527470
6380,17,0.28884870,6.44345188
6381,17,0.52533561,7.75714445
6382,17,0.51342797,11.74787617
6383,17,0.47964132,8.65176296
6384,17,0.48067570,7.67233086
6385,17,0.31930473,5.75180006
6386,17,0.43310350,11.01136112
6387,17,0.53804106,7.92053843
6388,17,0.42945272,7.74635649
6389,17,0.56613940,7.72984457
6390,17,0.56201100,8.74524021
6391,17,0.42554337,6.95907927
6392,17,0.46207833,6.66282701
6393,17,0.36245686,6.69787073
6394,17,0.46781954,9.22073936
6395,17,0.50117350,8.19425869
6396,17,0.42268592,6.89779806
6397,17,0.39049101,6.65769482
6398,17,0.48643294,8.21284962
6399,17,0.41668296,9.20737267
6400,17,0.57254988,8.84536076
6401,17,0.47461191,8.21268463
6402,17,0.50617707,8.82490730
6403,17,0.45615464,8.25639343
6404,17,0.51612937,10.82620525
6405,17,0.36471134,6.42833328
6406,17,0.60921705,8.84234238
6407,17,0.37148732,7.85380602
6408,17,0.43504587,7.05175734
6409,17,0.45047739,9.37635612
6410,17,0.41985059,7.54348040
6411,17,0.52131921,9.94092274
6412,17,0.59911394,9.25823689
6413,17,0.39127153,6.73297167
6414,17,0.42886138,12.10285473
6415,17,0.45412558,7.20212603
6416,17,0.41730165,7.70423841
6417,17,0.35212559,7.83115911
6418,17,0.40254718,8.22899246
6419,17,0.46086955,8.09610271
6420,17,0.42204398,7.51276398
6421,17,0.46053815,10.59625340
6422,17,0.42855540,8.47132683
6423,17,0.68730021,9.36641598
6424,17,0.36957729,7.49521494
6425,17,0.45462662,8.87187862
6426,17,0.41771084,8.05081367
6427,17,0.50599176,5.57298708
6428,17,0.48270112,6.92973280
6429,17,0.38061500,7.75619841
6430,17,0.38842219,5.96555471
6431,17,0.43265510,7.59620476
6432,17,0.40248185,9.99244213
6433,17,0.49094135,6.98028421
6434,17,0.25409710,6.20163488
6435,17,0.41745600,6.96437120
6436,17,0.52945757,8.98947048
6437,17,0.52661216,9.29127693
6438,17,0.48697719,7.57204914
6439,17,0.45626712,6.90345478
6440,17,0.38797337,8.40309048
6441,17,0.45179856,8.93935108
6442,17,0.44238144,7.89215040
6443,17,0.53620040,9.16827869
6444,17,0.49520189,10.59554482
6445,17,0.50382543,10.21326923
6446,17,0.46329412,10.47241974
6447,17,0.47018141,7.97991467
6448,17,0.39709443,7.30626154
6449,17,0.51927805,13.87265968
6450,17,0.48783785,8.69370174
6451,17,0.46428186,6.89323425
6452,17,0.44329047,7.80965900
6453,17,0.55388904,9.22966576
6454,17,0.47368461,7.06067324
6455,17,0.45800915,10.43953419
6456,17,0.49543267,8.79414749
6457,17,0.43204510,7.14935064
6458,17,0.64243919,inf
6459,17,0.70886314,11.61198139
6460,17,0.58688390,9.29054642
6461,17,0.56250525,7.76996994
6462,17,0.57389134,7.88204956
6463,17,0.55196303,9.16154575
6464,17,0.56352317,8.11652756
6465,17,0.47411066,8.26415443
6466,17,0.57687730,8.70852852
6467,17,0.38576624,9.43745518
6468,17,0.46299306,8.41185474
6469,17,0.48622051,8.44116116
6470,17,0.40812525,8.01972866
6471,17,0.40183204,7.35661077
6472,17,0.38629323,6.54868937
6473,17,0.37467021,6.49631786
6474,17,0.56319129,8.03195572
6475,17,0.55255413,9.11920834
6476,17,0.41254893,8.84042645
6477,17,0.51550364,7.91835976
6478,17,0.40517730,9.98525333
6479,17,0.46417224,9.49109936
6480,17,0.33406886,7.31382465
6481,17,0.43240964,7.46007204
6482,17,0.55414474,8.85808754
6483,17,0.45897406,10.04081249
6484,17,0.32107073,5.46332169
6485,17,0.43290877,6.11720419
6486,17,0.37659773,7.82284117
6487,17,0.45809510,6.68510723
6488,17,0.49242622,9.02320290
6489,17,0.44044137,7.39755774
6490,17,0.46205553,8.73613930
6491,17,0.42605788,7.58475351
6492,17,0.36590523,10.10141945
6493,17,0.44067889,12.00670242
6494,17,0.58050728,11.35532379
6495,17,0.45959893,8.40614223
6496,17,0.42491251,6.85960579
6497,17,0.52524990,9.55675125
6498,17,0.40425006,8.57138252
6499,17,0.49219429,7.53691292
6500,17,0.41890424,7.30302286
6501,17,0.33749229,6.01714945
6502,17,0.32631227,6.91440105
6503,17,0.39566469,5.95791626
6504,17,0.36909643,7.70609999
6505,17,0.49649149,6.95822954
6506,17,0.43604422,7.83411312
6507,17,0.28627998,6.97438574
6508,17,0.45123529,6.78865576
6509,17,0.38517442,6.22706509
6510,17,0.51544917,8.27746105
6511,17,0.33730805,9.12186241
6512,17,0.35692468,7.66442633
6513,17,0.38656759,6.02099800
6514,17,0.50901580,8.11917210
6515,17,0.40478814,8.61593437
6516,17,0.38651401,7.36996460
6517,17,0.41054618,6.52025032
6518,17,0.55175728,7.60505915
6519,17,0.43440211,8.97649097
6520,17,0.52444792,7.90641069
6521,17,0.41989559,7.01743746
6522,17,0.46995702,9.42548943
6523,17,0.47938797,6.65588856
6524,17,0.43551481,7.93421555
6525,17,0.48986131,7.20353556
6526,17,0.44644389,8.56773949
6527,17,0.47388121,7.94536018
6528,17,0.55655205,10.86703873
6529,17,0.54807544,8.27393818
6530,17,0.43944395,7.47603130
6531,17,0.39158601,8.68432140
6532,17,0.43373477,5.50946236
6533,17,0.44489413,6.90538406
6534,17,0.54233301,10.67949295
6535,17,0.63459063,9.86819744
6536,17,0.54834664,10.02083111
6537,17,0.39919120,9.22765923
6538,17,0.35758138,6.85783863
6539,17,0.39034998,7.77207327
6540,17,0.50015801,9.24561787
6541,17,0.57626301,10.37700844
6542,17,0.36160046,6.36248255
6543,17,0.37442338,7.58439493
6544,17,0.45507532,9.08827972
6545,17,0.30881116,5.63551760
6546,17,0.63735598,10.77231026
6547,17,0.35288298,6.70065260
6548,17,0.54421723,7.29082108
6549,17,0.44724464,10.74592590
6550,17,0.59161782,9.98213959
6551,17,0.36850473,5.81155443
6552,17,0.42646545,6.14836168
6553,17,0.54078615,11.25504494
6554,17,0.35081220,6.13926697
6555,17,0.46608552,11.82293224
6556,17,0.41558257,7.18776560
6557,17,0.43212420,7.06610060
6558,17,0.46872556,10.02895927
6559,17,0.47436452,6.73675442
6560,17,0.52357471,10.28508949
6561,17,0.38849556,9.46406078
6562,17,0.62531924,8.22379494
6563,17,0.44256487,9.27059746
6564,17,0.46754757,8.24179935
6565,17,0.39645606,6.70067453
6566,17,0.46545324,8.31269360
6567,17,0.51249421,8.91251373
6568,17,0.45630196,8.61503124
6569,17,0.38750726,5.47003937
6570,17,0.40376276,7.76380539
6571,17,0.43623954,7.05755234
6572,17,0.43486786,7.55192947
6573,17,0.36669761,8.03661919
6574,17,0.36657286,6.74254990
6575,17,0.37900144,9.75530338
6576,17,0.45030439,8.35195446
6577,17,0.35164493,7.03596878
6578,17,0.37472215,6.11988497
6579,17,0.38787356,7.02260447
6580,17,0.55611873,8.50753117
6581,17,0.38471064,8.60416317
6582,17,0.32446989,8.92804909
6583,17,0.53809291,6.62752199
6584,17,0.39776719,7.30121946
6585,17,0.34347457,6.92145681
6586,17,0.38429558,6.93853474
6587,17,0.45376003,10.26410580
6588,17,0.45591813,10.49404240
6589,17,0.46210766,8.66140366
6590,17,0.40858051,8.73923302
6591,17,0.43105268,7.61797094
6592,17,0.46094376,7.76946783
6593,17,0.47947633,7.85471678
6594,17,0.47009450,7.52657652
6595,17,0.31089169,6.71258307
6596,17,0.47643518,8.28307724
6597,17,0.40765381,9.20877552
6598,17,0.36115867,7.12792158
6599,17,0.50864077,12.15146255
6600,17,0.36380351,7.87400770
6601,17,0.30248606,5.84470320
6602,17,0.32513291,5.67444181
6603,17,0.33924198,7.06129122
6604,17,0.41928560,7.79520988
6605,17,0.38936216,8.78730583
6606,17,0.51376510,11.69436359
6607,17,0.33577901,6.28421545
6608,17,0.33552232,6.29348946
6609,17,0.44030410,9.04581833
6610,17,0.46621692,10.07459164
6611,17,0.40219945,8.27482319
6612,17,0.37688652,8.28259087
6613,17,0.44441593,6.73795223
6614,17,0.38884187,5.65140915
6615,17,0.50463241,9.53543282
6616,17,0.43536460,7.97920799
6617,17,0.41473961,8.18305683
6618,17,0.45235717,9.30106258
6619,17,0.34212804,9.85033703
6620,17,0.44954711,9.84762573
6621,17,0.45840719,7.69439125
6622,17,0.52118111,7.49772787
6623,17,0.40196082,7.61490250
6624,17,0.41662845,9.13322926
6625,17,0.43232605,6.67612791
6626,17,0.42667058,7.01062584
6627,17,0.36135852,6.47222662
6628,17,0.32046890,5.97510719
6629,17,0.39170164,10.90151024
6630,17,0.50623417,11.48975372
6631,17,0.58444935,11.33681679
6632,17,0.47984391,8.87769508
6633,17,0.45531061,7.26770449
6634,17,0.47498494,6.83000088
6635,17,0.37807167,7.91181517
6636,17,0.52733082,8.85903168
6637,17,0.47272086,7.89014101
6638,17,0.57138652,7.87783051
6639,17,0.36657888,5.69963217
6640,17,0.34310928,5.57472467
6641,17,0.52505958,7.83880043
6642,17,0.50168669,6.42665148
6643,17,0.49773413,11.41848278
6644,17,0.57760066,7.90546846
6645,17,0.47037578,6.93943310
6646,17,0.52107453,8.71223259
6647,18,0.49905163,7.49039793
6648,18,0.38457382,8.59046841
6649,18,0.51991153,6.89782381
6650,18,0.42808932,6.61512041
6651,18,0.40191430,7.71516228
6652,18,0.33156252,5.39014673
6653,18,0.64594251,12.04950714
6654,18,0.48532847,8.12796402
6655,18,0.35738826,7.46122360
6656,18,0.32435417,7.95642996
6657,18,0.51851714,7.45043468
6658,18,0.49472806,8.30331898
6659,18,0.35404253,7.28349972
6660,18,0.49292040,6.69743443
6661,18,0.39485711,5.83098125
6662,18,0.34511662,5.85150719
6663,18,0.40474015,6.12381458
6664,18,0.49868554,9.06566525
6665,18,0.39072233,8.55477619
6666,18,0.35819176,7.10307932
6667,18,0.51079750,8.18343925
6668,18,0.42364800,6.48944950
6669,18,0.41327050,6.81585407
6670,18,0.32255459,6.59948587
6671,18,0.39676076,9.38390446
6672,18,0.36439782,6.48737526
6673,18,0.37305397,9.57737637
6674,18,0.46113479,6.96072865
6675,18,0.44029188,8.75939655
6676,18,0.34869891,10.46620369
6677,18,0.49098736,9.17374706
6678,18,0.35356063,6.93349457
6679,18,0.30208558,6.09478951
6680,18,0.46760347,6.93763542
6681,18,0.52607810,9.57853794
6682,18,0.40878421,8.27140999
6683,18,0.40859565,6.69634295
6684,18,0.34191835,7.63764668
6685,18,0.54953825,9.20831966
6686,18,0.48589680,9.26782990
6687,18,0.44243193,6.80631876
6688,18,0.43732572,9.25198460
6689,18,0.41258851,9.03514481
6690,18,0.44616622,6.09022331
6691,18,0.29986739,10.07604790
6692,18,0.41088325,8.22516727
6693,18,0.51262081,6.56175709
6694,18,0.29356176,6.19219637
6695,18,0.39975059,9.17443085
6696,18,0.34258860,8.04393196
6697,18,0.43347618,8.75238895
6698,18,0.33653641,5.84669924
6699,18,0.37906396,6.87754345
6700,18,0.43667606,6.75808191
6701,18,0.36240488,8.66409111
6702,18,0.49480894,7.84279013
6703,18,0.48930034,10.28799152
6704,18,0.48665369,10.82094097
6705,18,0.40246344,9.22937775
6706,18,0.36163867,6.65012741
6707,18,0.47360528,8.53260422
6708,18,0.49667898,11.03438663
6709,18,0.47859818,10.07322216
6710,18,0.40527731,7.60566044
6711,18,0.47459516,14.34496307
6712,18,0.40527436,7.68754148
6713,18,0.48131812,11.66475105
6714,18,0.32402989,7.07004309
6715,18,0.47899869,10.63811779
6716,18,0.50066894,9.32611942
6717,18,0.55176890,10.82031441
6718,18,0.43987674,8.11436081
6719,18,0.43872488,7.10608292
6720,18,0.34361160,7.51336861
6721,18,0.27077037,7.92290831
6722,18,0.33207262,5.14917040
6723,18,0.41663957,8.60378075
6724,18,0.50853521,12.28169537
6725,18,0.50191331,11.73153877
6726,18,0.46672434,7.40377378
6727,18,0.42863989,8.98321438
6728,18,0.34860826,7.91138315
6729,18,0.47252339,7.10008144
6730,18,0.43868086,9.91052818
6731,18,0.41775352,7.92693567
6732,18,0.48471487,7.11856461
6733,18,0.40435669,6.33259964
6734,18,0.43741766,9.18938255
6735,18,0.46310467,9.25185680
6736,18,0.45100886,9.33150768
6737,18,0.35369441,8.91089344
6738,18,0.32106656,7.76194000
6739,18,0.37309307,7.75775194
6740,18,0.35436827,6.42232895
6741,18,0.39106703,6.45319319
6742,18,0.31766835,6.97475195
6743,18,0.58400011,11.89885712
6744,18,0.39096856,7.89178801
6745,18,0.45352066,9.24239922
6746,18,0.36734825,7.28421831
6747,18,0.42428678,8.34916115
6748,18,0.37125781,9.46742153
6749,18,0.50773478,8.66680145
6750,18,0.39292881,6.71280384
6751,18,0.35062408,5.82057476
6752,18,0.48296812,10.88504314
6753,18,0.41615930,6.60578442
6754,18,0.37578124,7.55429935
6755,18,0.35811615,6.59804440
6756,18,0.57318503,6.84662867
6757,18,0.42883730,6.41687393
6758,18,0.45842382,7.95229530
6759,18,0.33457097,6.28137064
6760,18,0.43162054,7.49841881
6761,18,0.63184643,8.40904140
6762,18,0.38723961,9.13963032
6763,18,0.38050652,7.35920191
6764,18,0.44076842,8.35857677
6765,18,0.44114417,6.51548147
6766,18,0.57831407,11.42106247
6767,18,0.38617769,8.31156635
6768,18,0.50447613,8.42972946
6769,18,0.39457291,5.74788380
6770,18,0.41765088,8.34258461
6771,18,0.47654212,10.05919933
6772,18,0.32274520,7.38311720
6773,18,0.38219070,13.70459747
6774,18,0.40513557,7.00365829
6775,18,0.50773764,9.46934605
6776,18,0.39083785,8.63044167
6777,18,0.32138634,7.73430920
6778,18,0.27690384,6.25582170
6779,18,0.47164637,8.60522270
6780,18,0.40972692,9.06772900
6781,18,0.51869214,8.66109180
6782,18,0.39333618,7.34129333
6783,18,0.35068014,7.70155716
6784,18,0.40358141,5.32055950
6785,18,0.53876358,7.74054527
6786,18,0.51294959,7.27807665
6787,18,0.27439791,8.41605282
6788,18,0.50138944,8.33599281
6789,18,0.51001626,12.22304153
6790,18,0.41633409,7.83508873
6791,18,0.51704323,8.76618099
6792,18,0.41766307,7.76612091
6793,18,0.36646706,7.42436695
6794,18,0.35745937,8.06616116
6795,18,0.30753553,8.73911476
6796,18,0.31698990,6.59657621
6797,18,0.28434774,4.48027325
6798,18,0.31979764,6.05649185
6799,18,0.58724707,11.60842323
6800,18,0.44134775,8.69860172
6801,18,0.48526895,7.73620272
6802,18,0.33868906,7.78881264
6803,18,0.46315706,11.14085102
6804,18,0.44873324,8.25780869
6805,18,0.41755068,7.44932222
6806,18,0.34864104,6.54095411
6807,18,0.20512119,4.45186186
6808,18,0.42670274,7.29089403
6809,18,0.41316694,7.91239166
6810,18,0.43603456,10.29067993
6811,18,0.48700449,10.01910019
6812,18,0.41142005,9.08666420
6813,18,0.45901641,10.82535172
6814,18,0.36227685,7.96416664
6815,18,0.42641625,6.58504200
6816,18,0.51273382,9.40933895
6817,18,0.48170054,6.73615074
6818,18,0.51051950,11.20589352
6819,18,0.40325248,9.62351418
6820,18,0.49233902,10.81962490
6821,18,0.36490357,6.26587296
6822,18,0.55384570,9.48394680
6823,18,0.35266253,5.25509453
6824,18,0.41725877,7.64173746
6825,18,0.43953061,9.07595348
6826,18,0.47691840,8.35945797
6827,18,0.31705299,7.94682550
6828,18,0.32535827,7.42672300
6829,18,0.34845331,6.37867403
6830,18,0.34440154,7.18589735
6831,18,0.37278044,7.21170759
6832,18,0.34684545,7.41604090
6833,18,0.42069590,8.29010677
6834,18,0.44738904,6.62310600
6835,18,0.42378116,8.08382988
6836,18,0.40366870,6.54178143
6837,18,0.40380859,7.08677292
6838,18,0.51158810,8.34248161
6839,18,0.38093072,6.26516676
6840,18,0.54414260,9.49164009
6841,18,0.38342211,8.21077538
6842,18,0.41639158,7.66125631
6843,18,0.48160002,9.37642479
6844,18,0.33944625,6.17654324
6845,18,0.35723990,7.01473522
6846,18,0.39375854,6.76905489
6847,18,0.38786691,6.88929605
6848,18,0.33688962,7.16963863
6849,18,0.43865749,9.03715801
6850,18,0.33502564,8.64776611
6851,18,0.34867656,6.52422380
6852,18,0.39839345,8.49594116
6853,18,0.37082249,7.28315401
6854,18,0.50375742,7.51365089
6855,18,0.33622950,6.32829332
6856,18,0.50626028,10.33351612
6857,18,0.36483079,6.65134192
6858,18,0.44861355,8.08079052
6859,18,0.45693803,6.75037193
6860,18,0.57556427,10.45988083
6861,18,0.47445315,6.86608267
6862,18,0.41022193,7.07203817
6863,18,0.53507787,11.29487801
6864,18,0.41000712,8.38618374
6865,18,0.37965429,8.83757114
6866,18,0.33677548,7.33511353
6867,18,0.53861350,9.35800743
6868,18,0.37279940,6.12412739
6869,18,0.36330193,6.76042891
6870,18,0.36044925,7.92993021
6871,18,0.50205046,8.76422119
6872,18,0.46800047,7.41467571
6873,18,0.47820997,7.68585539
6874,18,0.40151778,9.23174095
6875,18,0.37922531,8.97111797
6876,18,0.44230521,8.12212753
6877,18,0.40600401,10.24832726
6878,18,0.42113745,7.80674601
6879,18,0.50006437,11.31054497
6880,18,0.37139946,9.02311420
6881,18,0.44874185,7.70787811
6882,18,0.42631310,7.75028849
6883,18,0.40026107,6.52972460
6884,18,0.43911988,8.60104942
6885,18,0.44541061,9.76926327
6886,18,0.42060411,10.69554424
6887,18,0.36635625,5.88118458
6888,18,0.44756043,8.05037308
6889,18,0.48854652,8.43817425
6890,18,0.43416810,6.74185228
6891,18,0.44875026,7.69964838
6892,18,0.42562914,6.28328037
6893,18,0.49430239,9.19248486
6894,18,0.37987226,9.68574524
6895,18,0.35704693,8.80909443
6896,18,0.39086771,7.93789959
6897,18,0.48245308,7.36144686
6898,18,0.46488649,7.56849337
6899,18,0.41298628,7.96929216
6900,18,0.44919813,6.53946877
6901,18,0.37361416,5.42531347
6902,18,0.57121414,10.01706314
6903,18,0.34145468,5.11912060
6904,18,0.45031407,6.91224432
6905,18,0.49174672,7.90021181
6906,18,0.33471346,6.89673281
6907,18,0.44412482,8.50090504
6908,18,0.33141759,5.38976812
6909,18,0.44986108,8.10469913
6910,18,0.39555964,6.67371416
6911,18,0.46641603,11.39367771
6912,18,0.40500498,6.08290243
6913,18,0.41671818,6.51792002
6914,18,0.40098527,9.01440239
6915,18,0.41348404,7.41138411
6916,18,0.38266650,8.12014389
6917,18,0.53297317,7.17548180
6918,18,0.40184656,5.45835209
6919,18,0.45816061,8.63142872
6920,18,0.30060986,6.03724861
6921,18,0.41544512,7.36531067
6922,18,0.40624800,6.48381138
6923,18,0.49190828,13.25371170
6924,18,0.34531137,6.13687468
6925,18,0.39305887,7.79931831
6926,18,0.43114471,6.72213411
6927,18,0.43948510,7.81387663
6928,18,0.35620824,9.73972130
6929,18,0.59941691,8.98637962
6930,18,0.48574170,8.55711842
6931,18,0.34950837,7.94820166
6932,18,0.36169013,6.52138424
6933,18,0.41916233,10.28081417
6934,18,0.30803677,4.76789570
6935,18,0.34499106,7.52475929
6936,18,0.37143791,8.30224514
6937,18,0.55132055,10.37271404
6938,18,0.47629178,7.30507469
6939,18,0.37476346,11.00931644
6940,18,0.35706419,7.00222301
6941,18,0.46158260,10.57157707
6942,18,0.36530274,6.91420746
6943,18,0.49597946,11.66118240
6944,18,0.31174451,7.57239532
6945,18,0.46719018,7.46189737
6946,18,0.34567019,7.98385477
6947,18,0.31646377,7.02023935
6948,18,0.44710585,7.74409389
6949,18,0.42598239,8.69887352
6950,18,0.44648686,9.47912025
6951,18,0.47127053,7.06114769
6952,18,0.36031309,6.69290829
6953,18,0.41650063,8.09214973
6954,18,0.44242960,6.31419754
6955,18,0.39125472,6.58388090
6956,18,0.44601056,8.70963573
6957,18,0.33509755,7.21762466
6958,18,0.35782975,7.40980148
6959,18,0.42537773,9.51416492
6960,18,0.43991309,7.00237751
6961,18,0.49465829,10.45446682
6962,18,0.36236951,5.39116096
6963,18,0.31061801,5.41256952
6964,18,0.38048717,10.84055805
6965,18,0.32114467,7.80293655
6966,18,0.30593491,7.94097328
6967,18,0.38646978,6.83528233
6968,18,0.40955412,8.48108006
6969,18,0.38961402,9.96424484
6970,18,0.62252790,9.84059048
6971,18,0.62425798,10.50702000
6972,18,0.34839171,5.50584555
6973,18,0.47147784,8.11307716
6974,18,0.40342394,9.81752491
6975,18,0.50085050,10.99705029
6976,18,0.40762287,7.51881266
6977,18,0.46699429,7.44597340
6978,18,0.32419077,7.96117544
6979,18,0.56335944,11.04444408
6980,18,0.38693637,8.52384090
6981,18,0.54796755,8.75587559
6982,18,0.39736980,6.41314411
6983,18,0.39977765,7.74991941
6984,18,0.39166519,8.19928074
6985,18,0.45218831,11.62440300
6986,18,0.62825501,10.12400436
6987,18,0.38009238,8.68110561
6988,18,0.39202088,9.52621555
6989,18,0.39604920,5.87892914
6990,18,0.72305322,10.10137463
6991,18,0.43462399,7.97582626
6992,18,0.33326709,6.67392302
6993,18,0.43330723,6.32357359
6994,18,0.36713991,8.68970394
6995,18,0.29972595,6.77177954
6996,18,0.41676855,8.22343922
6997,18,0.40886056,7.65486431
6998,18,0.48661694,9.23223305
6999,18,0.44090149,6.02249622
7000,18,0.32210499,6.72562981
7001,18,0.37243268,7.11966419
7002,18,0.47980979,7.14608097
7003,18,0.41051495,7.32130909
7004,18,0.49488574,6.20812798
7005,18,0.38060498,8.71364594
7006,18,0.38513094,12.56882095
7007,18,0.36624050,6.75767469
7008,18,0.41842178,10.20499992
7009,18,0.46215391,8.27235603
7010,18,0.29756901,6.50821447
7011,18,0.40677866,7.77860785
7012,18,0.46081519,10.67601395
7013,18,0.41067919,12.63838291
7014,18,0.69322109,10.25470543
7015,18,0.37168893,10.09210777
7016,18,0.57314616,12.40669727
7017,18,0.26989663,4.74125671
7018,18,0.43968779,8.44531155
7019,18,0.62333101,10.34750938
7020,18,0.37312543,8.82731342
7021,18,0.44602498,9.01229477
7022,18,0.39660639,7.25375748
7023,18,0.44995689,8.34639740
7024,18,0.45426410,9.62818241
7025,18,0.41003054,7.13181591
7026,18,0.35733765,5.97187328
7027,18,0.45137581,8.67157555
7028,18,0.40961492,8.18442059
7029,18,0.43192700,6.64395905
7030,18,0.24899010,5.85456038
7031,18,0.48094231,8.31070709
7032,18,0.48779064,9.01510334
7033,18,0.50729948,9.30888367
7034,18,0.43759936,9.79498005
7035,18,0.50159097,10.73084354
7036,18,0.48005056,8.55385494
7037,18,0.48940358,8.98385239
7038,19,0.46773612,8.05692863
7039,19,0.27140164,8.91564941
7040,19,0.50887656,8.79680824
7041,19,0.44626480,9.39019108
7042,19,0.35327747,7.39150906
7043,19,0.43168360,8.08819866
7044,19,0.34829593,6.23360872
7045,19,0.47483936,9.09616470
7046,19,0.28759563,5.73302984
7047,19,0.42859244,6.04767561
7048,19,0.34803706,6.20040989
7049,19,0.31138128,9.80340099
7050,19,0.29134446,6.65441942
7051,19,0.38368765,8.63179493
7052,19,0.29275286,7.62606430
7053,19,0.40756163,8.56330872
7054,19,0.36781424,7.17664766
7055,19,0.42514631,8.19785213
7056,19,0.41702753,6.65977144
7057,19,0.48477146,8.01342773
7058,19,0.41217458,7.04004097
7059,19,0.30609792,5.95006752
7060,19,0.34453028,7.74106073
7061,19,0.44109389,6.77932787
7062,19,0.36714312,6.82279921
7063,19,0.34312552,7.99258947
7064,19,0.32327002,7.87839603
7065,19,0.23432860,7.54597855
7066,19,0.48530748,12.12119579
7067,19,0.45885167,9.83024597
7068,19,0.44303367,10.29647732
7069,19,0.51217616,8.54065037
7070,19,0.37527248,6.63643360
7071,19,0.36816329,7.78522253
7072,19,0.39222527,7.06326008
7073,19,0.35470313,7.89715719
7074,19,0.40833807,8.21658230
7075,19,0.36441833,6.67642927
7076,19,0.43458098,7.76978254
7077,19,0.45142168,6.04760504
7078,19,0.41465092,7.95170116
7079,19,0.31898838,6.68433905
7080,19,0.32393068,6.52213573
7081,19,0.47447518,7.93337393
7082,19,0.38216352,6.99033499
7083,19,0.52365369,9.22530079
7084,19,0.36269075,6.31695271
7085,19,0.41393831,11.14062023
7086,19,0.45662215,10.09668732
7087,19,0.30108094,5.66979456
7088,19,0.39744878,7.51440382
7089,19,0.46183985,9.26267147
7090,19,0.53075337,7.34066057
7091,19,0.39409468,10.16328907
7092,19,0.37591305,9.54169273
7093,19,0.39346653,10.73039532
7094,19,0.45560482,6.32983446
7095,19,0.47092399,7.46282244
7096,19,0.29802436,7.73381138
7097,19,0.51124072,9.91152382
7098,19,0.48300564,9.22972107
7099,19,0.41684413,7.49091434
7100,19,0.45169306,6.23288012
7101,19,0.31205910,6.12817669
7102,19,0.32705337,7.02137280
7103,19,0.41488430,9.12073326
7104,19,0.37365055,9.40463257
7105,19,0.35470831,6.52576542
7106,19,0.45474929,8.90648270
7107,19,0.51497465,10.72044849
7108,19,0.36102676,10.68479443
7109,19,0.36440998,8.04482841
7110,19,0.45864916,9.08962631
7111,19,0.32978308,10.08105087
7112,19,0.46602950,10.24477005
7113,19,0.52003342,8.70165443
7114,19,0.24936116,6.96931314
7115,19,0.31521571,5.88469458
7116,19,0.33052891,9.05377674
7117,19,0.40230954,8.26216125
7118,19,0.37604675,8.36437798
7119,19,0.46828586,7.87401485
7120,19,0.56752551,9.60412121
7121,19,0.33505148,6.40080261
7122,19,0.38501978,7.78598022
7123,19,0.43492946,7.01457024
7124,19,0.41182953,6.51119566
7125,19,0.33970994,6.62930870
7126,19,0.41454920,8.91087914
7127,19,0.39014521,8.50926971
7128,19,0.42604002,9.74666214
7129,19,0.22829324,4.99567270
7130,19,0.30391753,7.53403616
7131,19,0.37375987,8.19209576
7132,19,0.40674648,8.77739334
7133,19,0.36674082,9.38006115
7134,19,0.38680035,9.56378269
7135,19,0.26206744,5.17263699
7136,19,0.45009369,8.61981392
7137,19,0.35207587,8.53279209
7138,19,0.30827525,9.68672848
7139,19,0.33337250,7.24515247
7140,19,0.48640776,7.41795397
7141,19,0.34257179,8.31306076
7142,19,0.30958590,7.22620392
7143,19,0.32302898,6.67557621
7144,19,0.32922328,8.43234253
7145,19,0.39282596,9.36200333
7146,19,0.40728298,11.63651371
7147,19,0.33793861,7.06303835
7148,19,0.52852440,10.73330975
7149,19,0.35786375,7.94172573
7150,19,0.45326000,8.57162666
7151,19,0.33539352,7.21022844
7152,19,0.41746485,8.17353439
7153,19,0.50320292,10.31974411
7154,19,0.49482408,7.54588556
7155,19,0.33609742,8.20306301
7156,19,0.41208082,10.03117085
7157,19,0.21471393,5.10236120
7158,19,0.32121938,9.78656578
7159,19,0.37910721,8.85116482
7160,19,0.40449905,7.81303310
7161,19,0.42973465,10.91570187
7162,19,0.40201610,8.50835037
7163,19,0.44266817,7.76421833
7164,19,0.31615615,6.94185114
7165,19,0.47985655,8.26848412
7166,19,0.37178144,8.46691322
7167,19,0.51402193,7.19770432
7168,19,0.38318014,6.27284718
7169,19,0.41489881,9.67189026
7170,19,0.45309827,7.13291550
7171,19,0.46889526,9.03912640
7172,19,0.36391377,7.35795927
7173,19,0.40533715,8.61398411
7174,19,0.54527062,9.69263649
7175,19,0.51991165,12.85436630
7176,19,0.36990958,6.33163166
7177,19,0.44411531,9.40419197
7178,19,0.43377590,7.38426113
7179,19,0.40327060,7.77633715
7180,19,0.44496334,6.71605015
7181,19,0.30341586,5.19307280
7182,19,0.31785125,8.09717369
7183,19,0.42871583,7.85144424
7184,19,0.31369880,7.64268923
7185,19,0.33873326,7.21664429
7186,19,0.52998281,11.29700661
7187,19,0.37769461,7.45028925
7188,19,0.36091784,9.57905865
7189,19,0.34799689,7.93221188
7190,19,0.48394644,7.73249054
7191,19,0.48446661,9.44615173
7192,19,0.33827451,9.73929214
7193,19,0.41324148,13.39797974
7194,19,0.42910624,9.60534668
7195,19,0.44064075,7.07381773
7196,19,0.49217296,8.41812134
7197,19,0.33180961,9.41960812
7198,19,0.40301859,9.83342266
7199,19,0.33996332,7.08890915
7200,19,0.34471026,7.88863325
7201,19,0.37122130,7.68128633
7202,19,0.41781509,7.23334885
7203,19,0.36705267,8.50020885
7204,19,0.35255939,8.68627357
7205,19,0.41493881,7.64496088
7206,19,0.45614013,9.89005089
7207,19,0.49914682,9.36709023
7208,19,0.37533092,6.76795530
7209,19,0.41103145,7.37139988
7210,19,0.50611544,8.52042007
7211,19,0.39486736,8.76982594
7212,19,0.29721060,6.21507215
7213,19,0.39862639,8.66322327
7214,19,0.50970709,8.78800583
7215,19,0.43152815,7.19934607
7216,19,0.39398146,10.33668709
7217,19,0.49833739,6.87102509
7218,19,0.49607602,7.33244658
7219,19,0.53069288,9.83249092
7220,19,0.39173234,7.46266794
7221,19,0.44754237,7.12642717
7222,19,0.38133997,7.17496634
7223,19,0.36752707,8.28307629
7224,19,0.28527260,5.83231735
7225,19,0.37070766,7.38036156
7226,19,0.35677224,6.67437363
7227,19,0.45404804,8.11178684
7228,19,0.37613374,8.73772717
7229,19,0.44556382,11.44464207
7230,19,0.30383646,7.71285629
7231,19,0.25816429,5.64052486
7232,19,0.40529919,8.25570679
7233,19,0.43203574,10.11881447
7234,19,0.48966920,8.94349861
7235,19,0.37441444,8.64005280
7236,19,0.45405662,8.19843674
7237,19,0.31136748,6.27483845
7238,19,0.35335052,8.67537403
7239,19,0.46178579,7.83456945
7240,19,0.36633894,9.31689739
7241,19,0.42486912,8.57263851
7242,19,0.44705674,9.46175289
7243,19,0.38279182,11.26847076
7244,19,0.36260700,6.38825417
7245,19,0.31177694,7.14430952
7246,19,0.48981440,8.85031223
7247,19,0.58705950,9.89682102
7248,19,0.39646572,9.13316917
7249,19,0.34766877,7.15604591
7250,19,0.41134408,6.90200758
7251,19,0.38208151,8.22859478
7252,19,0.38450801,7.73404312
7253,19,0.38034531,7.66290665
7254,19,0.38446361,6.39112902
7255,19,0.47587287,8.38314724
7256,19,0.44143346,10.81424713
7257,19,0.43719694,7.12318373
7258,19,0.40447113,8.47549915
7259,19,0.31475103,4.88224316
7260,19,0.38400680,11.00164795
7261,19,0.35071003,6.32892752
7262,19,0.36632490,9.84802914
7263,19,0.35998952,9.12687683
7264,19,0.35097069,6.78069067
7265,19,0.22668642,5.82112312
7266,19,0.43255195,7.38980007
7267,19,0.25233698,7.00867081
7268,19,0.30807942,7.19915009
7269,19,0.51010317,13.10702038
7270,19,0.43914819,7.97797871
7271,19,0.39000231,8.32655525
7272,19,0.37227333,7.89275742
7273,19,0.32624388,7.67106676
7274,19,0.26909858,6.51685476
7275,19,0.42496842,9.48545170
7276,19,0.35127354,8.20575142
7277,19,0.32002991,5.26528072
7278,19,0.48077822,9.76233101
7279,19,0.40423346,6.39095402
7280,19,0.31090981,7.44659996
7281,19,0.34311765,7.07318640
7282,19,0.33846694,6.52546644
7283,19,0.27497858,8.01679707
7284,19,0.30114606,5.86425781
7285,19,0.44243142,9.01546288
7286,19,0.43605199,11.07598972
7287,19,0.29428032,7.48082161
7288,19,0.49474907,8.11158276
7289,19,0.35696238,8.32642174
7290,19,0.21384896,6.02357769
7291,19,0.30066067,7.35349560
7292,19,0.36498362,10.60014629
7293,19,0.27721623,9.22149849
7294,19,0.37495667,6.50522804
7295,19,0.43208581,8.02940559
7296,19,0.36694556,8.04042625
7297,19,0.40809098,8.06894016
7298,19,0.40640491,8.32119274
7299,19,0.55993915,8.76830769
7300,19,0.33298779,7.23194981
7301,19,0.63783813,10.53504562
7302,19,0.34363228,5.76011086
7303,19,0.45273530,8.31456852
7304,19,0.28100812,10.64340973
7305,19,0.39949414,6.64403772
7306,19,0.44764930,8.62529278
7307,19,0.42412683,8.82640457
7308,19,0.35330069,7.97525454
7309,19,0.38137931,9.57089710
7310,19,0.37415117,8.26917553
7311,19,0.32025376,7.36781597
7312,19,0.47154248,9.85304546
7313,19,0.52670199,6.27661467
7314,19,0.41732097,9.80075359
7315,19,0.49219346,9.70344257
7316,19,0.45890960,8.88802147
7317,19,0.40676075,6.58931923
7318,19,0.43081433,10.43067169
7319,19,0.42266148,10.86478043
7320,19,0.39512038,6.40921307
7321,19,0.42198122,7.55695009
7322,19,0.55697203,10.87119770
7323,19,0.40900940,9.66790295
7324,19,0.28446540,6.31256199
7325,19,0.29918170,7.22628117
7326,19,0.43900311,11.04845428
7327,19,0.61580932,12.87016773
7328,19,0.44992208,10.74726772
7329,19,0.44256908,7.15341282
7330,19,0.43091178,8.83491135
7331,19,0.33341926,9.68499565
7332,19,0.51296544,9.25951958
7333,19,0.34722692,7.08323383
7334,19,0.48215315,8.40309811
7335,19,0.42245758,13.03900242
7336,19,0.43051988,10.28974819
7337,19,0.39782023,9.40697098
7338,19,0.44335103,9.62572479
7339,19,0.52583033,11.52796841
7340,19,0.36539221,8.64237976
7341,19,0.48180357,10.52341843
7342,19,0.39203262,7.53088236
7343,19,0.31318885,8.03702927
7344,19,0.43768835,7.36665154
7345,19,0.50576383,8.61225796
7346,19,0.29249543,5.03846312
7347,19,0.45775843,7.56368589
7348,19,0.49232975,7.24570894
7349,19,0.39668489,7.24348450
7350,19,0.44815475,8.26919174
7351,19,0.35351455,6.77045536
7352,19,0.30247259,6.66010857
7353,19,0.38452068,6.44490671
7354,19,0.37140006,5.10720730
7355,19,0.49153998,6.45617104
7356,19,0.44746673,8.32602882
7357,19,0.53203452,9.63545227
7358,19,0.30723110,6.97974634
7359,19,0.38193917,7.42108536
7360,19,0.26313573,5.72506571
7361,19,0.47326803,10.56311417
7362,19,0.59032768,11.22077942
7363,19,0.33796209,6.14954662
7364,19,0.40121549,8.88453484
7365,19,0.41273707,7.93025017
7366,19,0.40836722,7.80723190
7367,19,0.47742853,7.20909643
7368,19,0.55035269,8.13082123
7369,19,0.41702658,6.54490662
7370,19,0.40912360,7.16402531
7371,19,0.40356535,6.60397148
7372,19,0.40649164,7.02813339
7373,19,0.38158742,8.60404968
7374,19,0.37921035,7.40117788
7375,19,0.48818350,8.93156242
7376,19,0.37918401,7.21271038
7377,19,0.35483778,5.39467955
7378,19,0.30219758,6.32864332
7379,19,0.39653701,6.36117315
7380,19,0.37300473,7.15083504
7381,19,0.39620361,7.03792858
7382,19,0.37693185,8.05176067
7383,19,0.67392933,10.74474049
7384,19,0.37707889,6.51337385
7385,19,0.33360672,7.01713324
7386,19,0.42457399,8.22330570
7387,19,0.40629396,7.06641006
7388,19,0.37633669,8.63169765
7389,19,0.38145405,7.18244553
7390,19,0.43406147,6.23132563
7391,19,0.39816040,6.71135998
7392,19,0.41720033,6.35109663
7393,19,0.53039020,10.08114052
7394,19,0.30479050,5.37468719
7395,19,0.23026806,5.39041042
7396,19,0.40164995,9.02198696
7397,19,0.34992784,6.90007973
7398,19,0.41347882,7.55541277
7399,19,0.40517962,7.60356283
7400,19,0.45759910,8.88030910
7401,19,0.33073455,8.51745987
7402,19,0.32202300,7.70062113
7403,19,0.31867683,6.34966993
7404,19,0.34775364,7.31452751
7405,19,0.38249391,5.57671738
7406,19,0.36408058,7.13501501
7407,19,0.40459412,7.41993332
7408,19,0.42032412,9.56222534
7409,19,0.48462668,10.07153416
7410,19,0.33853051,6.66994572
7411,19,0.32934117,6.74735403
7412,19,0.36889881,9.10670853
7413,19,0.47394347,10.06611252
7414,19,0.32370567,7.82840061
7415,19,0.36606258,6.67039347
7416,19,0.38019961,7.69014025
7417,19,0.50356567,10.08076954
7418,19,0.43439752,9.53747368
7419,19,0.38175336,9.60021973
7420,19,0.44610444,9.33904457
7421,19,0.41113728,9.99299335
7422,19,0.41453952,8.73697281
7423,19,0.26636618,6.37896824
7424,19,0.45234236,6.73953152
7425,19,0.37202859,9.07433224
7426,19,0.35859591,8.10042000
7427,19,0.46913648,9.67831039
7428,19,0.37792897,11.52462482
7429,20,0.24074055,6.20043135
7430,20,0.23615657,6.70174742
7431,20,0.42744252,7.08712673
7432,20,0.36644357,6.64866543
7433,20,0.37954015,5.84298563
7434,20,0.42473817,9.41332817
7435,20,0.40344846,9.17276573
7436,20,0.32709569,7.07498693
7437,20,0.40279770,9.35611820
7438,20,0.35807800,9.45343018
7439,20,0.30025733,4.42231226
7440,20,0.29365057,5.72067928
7441,20,0.42492795,10.11756039
7442,20,0.37011671,12.02697849
7443,20,0.39010829,7.66736746
7444,20,0.40872985,10.95118618
7445,20,0.40353984,8.70779991
7446,20,0.41840380,8.94658947
7447,20,0.38318887,9.83006763
7448,20,0.49515498,10.52991867
7449,20,0.43895152,12.28289509
7450,20,0.30094463,7.06282902
7451,20,0.25433552,6.54611015
7452,20,0.37491941,8.20553017
7453,20,0.37382051,6.13595200
7454,20,0.38738444,7.93995285
7455,20,0.40961415,8.63722801
7456,20,0.31249467,6.34148121
7457,20,0.41119593,10.69346905
7458,20,0.27845645,6.56272364
7459,20,0.44168359,10.67437363
7460,20,0.33946776,7.57619143
7461,20,0.39618534,8.67608833
7462,20,0.41128147,6.74401999
7463,20,0.42345667,8.05497837
7464,20,0.32295594,7.54895878
7465,20,0.42484355,8.05398560
7466,20,0.41527921,10.06699467
7467,20,0.29279858,7.77608299
7468,20,0.47049448,8.68505573
7469,20,0.32644784,8.98991871
7470,20,0.46396986,9.87322426
7471,20,0.30912226,7.27891541
7472,20,0.56665838,10.49188423
7473,20,0.39339000,11.55417538
7474,20,0.35264260,10.14471531
7475,20,0.42262369,7.43950272
7476,20,0.45381916,9.57035065
7477,20,0.54370832,11.18685436
7478,20,0.44122124,13.67290688
7479,20,0.38096094,12.23317719
7480,20,0.29645264,6.02518225
7481,20,0.33129817,6.30326319
7482,20,0.42017257,10.89110565
7483,20,0.44576907,10.21234894
7484,20,0.32627687,7.20429277
7485,20,0.31799534,6.82878542
7486,20,0.35528213,7.71728325
7487,20,0.41154671,7.12987852
7488,20,0.25233263,6.19805861
7489,20,0.46692783,7.79369211
7490,20,0.60118699,10.37529755
7491,20,0.39394549,7.30054808
7492,20,0.41710496,6.88384151
7493,20,0.54927915,7.51773500
7494,20,0.20768048,5.71019030
7495,20,0.34666377,8.20425701
7496,20,0.45855281,8.26410675
7497,20,0.36540651,6.27610254
7498,20,0.43444535,8.05226135
7499,20,0.27146661,8.57144070
7500,20,0.34398079,6.14377356
7501,20,0.39951444,10.54245377
7502,20,0.41945523,10.17285252
7503,20,0.32085949,7.41239691
7504,20,0.32401931,5.70318365
7505,20,0.27616102,8.77797699
7506,20,0.40071279,8.17791843
7507,20,0.40138260,9.37473392
7508,20,0.45123452,8.43518925
7509,20,0.22037148,4.52931643
7510,20,0.28890991,6.20190859
7511,20,0.27667707,8.03867245
7512,20,0.49768490,9.98331451
7513,20,0.38948202,9.24450874
7514,20,0.31122598,7.71826553
7515,20,0.37058049,7.29307461
7516,20,0.37076691,6.61040878
7517,20,0.40527195,7.91413975
7518,20,0.31034958,8.88650799
7519,20,0.44459003,9.04439449
7520,20,0.35344785,9.37332344
7521,20,0.32511210,7.31897736
7522,20,0.24340525,7.83975601
7523,20,0.35996097,7.45503807
7524,20,0.28768504,5.69997406
7525,20,0.24548203,6.22923470
7526,20,0.31793803,7.61391449
7527,20,0.28946549,9.48325157
7528,20,0.41446704,7.27036810
7529,20,0.40580279,8.10100174
7530,20,0.36613619,8.36738777
7531,20,0.35862514,5.77353525
7532,20,0.26780725,6.26416588
7533,20,0.27597663,5.84128046
7534,20,0.50011253,9.75442314
7535,20,0.41067261,8.76856804
7536,20,0.27432543,6.98663902
7537,20,0.56646454,13.16402340
7538,20,0.41765696,8.03867340
7539,20,0.48150951,8.53120327
7540,20,0.37920371,7.77503443
7541,20,0.32923862,7.08589935
7542,20,0.34726125,5.86102343
7543,20,0.32695621,7.68162966
7544,20,0.40644386,9.32314968
7545,20,0.38345569,11.56268311
7546,20,0.36605328,6.47672033
7547,20,0.30908179,6.92763758
7548,20,0.28930500,6.68900442
7549,20,0.33375365,8.41819382
7550,20,0.33379143,8.63324261
7551,20,0.31872743,7.03307152
7552,20,0.29357678,6.78997803
7553,20,0.51553702,8.14640713
7554,20,0.54757655,13.08814907
7555,20,0.40579924,10.48019981
7556,20,0.46791440,7.51553202
7557,20,0.33416954,6.74362469
7558,20,0.34256202,7.54714108
7559,20,0.32520014,7.94329548
7560,20,0.34301654,8.55755234
7561,20,0.45356560,9.98444653
7562,20,0.23890686,7.17607498
7563,20,0.27574861,6.70956421
7564,20,0.35570890,10.90734577
7565,20,0.36784592,7.13875437
7566,20,0.39206010,7.62702036
7567,20,0.45524815,9.13081932
7568,20,0.53274977,8.58996868
7569,20,0.25336733,7.26991224
7570,20,0.39670253,9.68492985
7571,20,0.40606785,9.13371181
7572,20,0.54474491,8.67631817
7573,20,0.32291147,8.70122147
7574,20,0.33102655,7.13102674
7575,20,0.44137961,10.48276520
7576,20,0.33505487,11.17694950
7577,20,0.33307096,9.66058922
7578,20,0.39217353,6.20760441
7579,20,0.54443979,10.42683125
7580,20,0.47549158,11.92288113
7581,20,0.36230353,8.65952778
7582,20,0.47457516,8.17080593
7583,20,0.38202840,8.35865784
7584,20,0.36431935,5.20168638
7585,20,0.42669535,10.26354408
7586,20,0.36458805,7.28439236
7587,20,0.49503306,7.48310614
7588,20,0.42604241,9.40629387
7589,20,0.40157855,6.02666092
7590,20,0.43964553,8.26035976
7591,20,0.47917426,8.16787052
7592,20,0.38422087,5.51320553
7593,20,0.34356010,7.15202618
7594,20,0.34144187,6.70469809
7595,20,0.34071603,6.91864061
7596,20,0.43799824,5.95005751
7597,20,0.36089942,9.33565521
7598,20,0.32719356,7.45522308
7599,20,0.32099876,6.45117760
7600,20,0.28736407,7.13076782
7601,20,0.33959946,7.67001677
7602,20,0.45084211,6.24193287
7603,20,0.25779387,5.78429747
7604,20,0.40631616,7.39929152
7605,20,0.50305784,11.08646393
7606,20,0.32225043,7.51277113
7607,20,0.45314744,6.94758558
7608,20,0.36532384,7.22329664
7609,20,0.31809479,7.21004105
7610,20,0.38363981,6.58751059
7611,20,0.39802754,9.05624485
7612,20,0.26335579,6.30330801
7613,20,0.41062194,7.44865751
7614,20,0.39168793,7.81803560
7615,20,0.35070580,10.95017147
7616,20,0.46214771,11.38177776
7617,20,0.27924925,6.40114307
7618,20,0.36675304,9.55008888
7619,20,0.42088950,9.22247791
7620,20,0.28089371,5.81930447
7621,20,0.27570987,7.05397511
7622,20,0.41107130,7.03693819
7623,20,0.47259319,8.74664116
7624,20,0.45277062,10.14894104
7625,20,0.35624230,6.44369411
7626,20,0.42194232,6.45814514
7627,20,0.32990789,6.24068069
7628,20,0.36979124,7.71198225
7629,20,0.50200087,8.55215645
7630,20,0.40913227,9.15612221
7631,20,0.43944830,8.44948006
7632,20,0.36249727,8.49420929
7633,20,0.34715715,7.21080065
7634,20,0.39204046,5.96228075
7635,20,0.36885500,9.40169048
7636,20,0.40522951,8.32489109
7637,20,0.27714792,5.94282532
7638,20,0.31365353,6.39247561
7639,20,0.41158998,10.82633877
7640,20,0.38058120,7.95942593
7641,20,0.46831071,10.43977261
7642,20,0.44640440,7.65290785
7643,20,0.36794236,9.19400978
7644,20,0.52164710,9.73637962
7645,20,0.34347418,8.23056793
7646,20,0.40534234,7.40728331
7647,20,0.31006515,5.92771006
7648,20,0.39994794,7.08644295
7649,20,0.44560486,9.05706978
7650,20,0.39445710,9.11832142
7651,20,0.25709975,7.57916641
7652,20,0.38408321,9.41681576
7653,20,0.35992068,8.70506287
7654,20,0.32509595,7.46690989
7655,20,0.42034274,9.89551544
7656,20,0.52507228,10.41882706
7657,20,0.50128794,8.28179836
7658,20,0.31123936,6.30037594
7659,20,0.31841499,9.50045109
7660,20,0.36433455,7.40008450
7661,20,0.36795032,9.39398098
7662,20,0.33753258,6.85656881
7663,20,0.41232318,9.15922832
7664,20,0.32656598,7.22134590
7665,20,0.26437131,5.61451721
7666,20,0.35421890,9.61887360
7667,20,0.60358697,10.04509544
7668,20,0.50536507,9.34573936
7669,20,0.41468233,7.09077358
7670,20,0.39470673,6.05108356
7671,20,0.42997175,7.50173807
7672,20,0.35417378,6.47414780
7673,20,0.60258102,9.62046146
7674,20,0.30022219,6.78906965
7675,20,0.35804793,6.62996817
7676,20,0.44144171,8.74016666
7677,20,0.50423414,10.52460003
7678,20,0.41934693,8.91017342
7679,20,0.30182078,8.12249184
7680,20,0.37077883,6.58338976
7681,20,0.25332069,7.27016783
7682,20,0.36798778,7.89870977
7683,20,0.45629463,7.65934086
7684,20,0.22302964,6.48037148
7685,20,0.17873669,4.63150072
7686,20,0.37495467,6.88710165
7687,20,0.33151364,7.58907032
7688,20,0.39320377,8.25496101
7689,20,0.36772174,8.42649651
7690,20,0.41731036,11.38981819
7691,20,0.37129235,9.80578041
7692,20,0.47555918,11.02911091
7693,20,0.53064990,9.34647560
7694,20,0.31877792,8.51734638
7695,20,0.38721716,7.46271372
7696,20,0.50118202,11.22556210
7697,20,0.36191005,9.84648514
7698,20,0.41230315,12.50310516
7699,20,0.38683903,9.74266911
7700,20,0.49942705,9.80819798
7701,20,0.45470315,10.38496399
7702,20,0.48143172,11.34273815
7703,20,0.39691278,7.22182035
7704,20,0.41473949,7.46649456
7705,20,0.36918455,9.80868721
7706,20,0.34131384,10.88095570
7707,20,0.35437024,7.37087345
7708,20,0.27263704,6.83172035
7709,20,0.44645318,8.29996872
7710,20,0.29125911,7.07602119
7711,20,0.37084687,8.29075432
7712,20,0.45680630,7.80203724
7713,20,0.30256677,7.05636311
7714,20,0.32514554,7.53147745
7715,20,0.41833740,8.97394371
7716,20,0.45711261,9.59426022
7717,20,0.30161545,5.21223640
7718,20,0.35784209,9.51012993
7719,20,0.49200407,6.62766981
7720,20,0.29611421,9.28033447
7721,20,0.41813582,12.00397205
7722,20,0.37634867,9.37630939
7723,20,0.36106217,7.65173626
7724,20,0.34801871,7.35190010
7725,20,0.27544916,8.52816010
7726,20,0.27214640,10.08483696
7727,20,0.43200797,11.51800442
7728,20,0.30214167,7.76191950
7729,20,0.37299496,7.03639889
7730,20,0.42468536,9.52525997
7731,20,0.37798983,9.23996925
7732,20,0.34950864,7.23140764
7733,20,0.63812411,12.24908733
7734,20,0.28076690,9.21986103
7735,20,0.36163539,8.56187820
7736,20,0.38366371,9.13752556
7737,20,0.25598043,6.91707945
7738,20,0.40504500,10.25881195
7739,20,0.43857551,9.94244385
7740,20,0.44657716,7.55896664
7741,20,0.41090459,9.47179413
7742,20,0.43565023,10.73565578
7743,20,0.40756613,8.91670609
7744,20,0.23083404,6.26590633
7745,20,0.54188699,8.32511044
7746,20,0.34524819,5.94432068
7747,20,0.47974619,8.74788189
7748,20,0.44687599,10.49374962
7749,20,0.40508428,8.47491646
7750,20,0.38237876,9.53405857
7751,20,0.42018810,8.23175335
7752,20,0.42948681,7.35223675
7753,20,0.31719127,6.71724701
7754,20,0.49110097,11.72511101
7755,20,0.55079705,10.36163425
7756,20,0.41170043,8.04032326
7757,20,0.38456792,10.73032379
7758,20,0.34175944,7.15549040
7759,20,0.61066270,12.30130672
7760,20,0.33034283,7.93017244
7761,20,0.40735272,8.26328659
7762,20,0.35288021,7.70631647
7763,20,0.42979258,7.81958914
7764,20,0.28514615,6.93226671
7765,20,0.44302440,7.19154215
7766,20,0.39060149,8.47447491
7767,20,0.50690877,11.65136433
7768,20,0.39813906,6.98977804
7769,20,0.38414246,9.90727615
7770,20,0.36517879,9.37049294
7771,20,0.34789085,7.70643330
7772,20,0.34527001,9.96947670
7773,20,0.34337389,5.67052650
7774,20,0.39751005,8.49159431
7775,20,0.39956546,11.18524551
7776,20,0.50407732,9.88232040
7777,20,0.47576055,8.90641785
7778,20,0.23591404,5.22480917
7779,20,0.40297180,9.01554203
7780,20,0.48585886,12.92720604
7781,20,0.30534327,5.78976679
7782,20,0.35140905,8.00070858
7783,20,0.38427597,6.57147598
7784,20,0.33679137,6.97313118
7785,20,0.45408279,7.37877035
7786,20,0.36648840,6.38641500
7787,20,0.28320038,8.04735184
7788,20,0.34904915,6.75659895
7789,20,0.41308957,8.80405426
7790,20,0.45049393,9.04828644
7791,20,0.37568003,8.50597382
7792,20,0.39307296,6.80912685
7793,20,0.33151975,9.65141964
7794,20,0.39090735,7.48976946
7795,20,0.46253750,8.26757050
7796,20,0.33824846,7.26270247
7797,20,0.30336717,8.81378174
7798,20,0.38214129,6.10564137
7799,20,0.31223863,7.61742783
7800,20,0.49580756,8.29139233
7801,20,0.32762241,6.21927500
7802,20,0.27442020,6.21396494
7803,20,0.41691190,8.69798183
7804,20,0.44768542,8.49106979
7805,20,0.44750401,7.73479652
7806,20,0.40126085,8.41041470
7807,20,0.35478705,7.33542728
7808,20,0.40436345,9.90506458
7809,20,0.34797251,7.28828430
7810,20,0.37179896,7.93375063
7811,20,0.36533993,8.22045708
7812,20,0.44746974,9.10536861
7813,20,0.42212698,11.79771328
7814,20,0.50440913,8.46272945
7815,20,0.37414551,7.48057890
7816,20,0.44187737,8.60720348
7817,20,0.27525467,7.61277723
7818,20,0.35311893,7.36393499
7819,20,0.45521331,9.70647335
