global_step,epoch,loss,grad_norm
0,1,2.32687759,13.19982147
1,1,5.05299950,inf
2,1,5.04727459,24.20102501
3,1,5.12474823,21.90773010
4,1,4.95314264,15.50895882
5,1,3.17666626,7.23691320
6,1,2.53615952,3.69052672
7,1,2.74377060,4.73323536
8,1,2.44234276,4.16798592
9,1,2.35455322,4.17139769
10,1,2.42002487,3.22846699
11,1,2.40465164,2.90203905
12,1,2.34734344,2.03970551
13,1,2.31255341,1.88882041
14,1,2.38412476,2.34226203
15,1,2.27977753,1.45021474
16,1,2.32596588,2.51984000
17,1,2.30334473,1.94982779
18,1,2.29954529,1.49412727
19,1,2.28122711,2.12081814
20,1,2.28691864,1.56295598
21,1,2.30407715,1.84706616
22,1,2.36656570,1.89034295
23,1,2.27636337,1.38808346
24,1,2.35804176,2.04992676
25,1,2.35945892,2.05059934
26,1,2.37991333,1.95698941
27,1,2.28422546,1.27528465
28,1,2.26556396,1.64910686
29,1,2.32346344,1.56224632
30,1,2.31449127,1.29093373
31,1,2.31011200,1.75387406
32,1,2.30012512,2.10115194
33,1,2.30362701,1.89060879
34,1,2.27968597,1.43172717
35,1,2.25006866,0.75985855
36,1,2.31001282,1.59673536
37,1,2.29140854,1.49233055
38,1,2.28673553,1.35492969
39,1,2.28709412,0.80569911
40,1,2.27053070,0.92668742
41,1,2.31339264,0.85948288
42,1,2.32760620,1.09646165
43,1,2.24034882,1.26006460
44,1,2.21132660,1.25540853
45,1,2.24310684,1.12120092
46,1,2.29457092,1.74892187
47,1,2.21871567,0.70828730
48,1,2.24456024,0.93059981
49,1,2.23220062,0.86342162
50,1,2.26332855,0.86886632
51,1,2.25953674,1.23670125
52,1,2.24830627,0.71384215
53,1,2.24303436,1.02634084
54,1,2.23430634,0.62845951
55,1,2.19113922,0.77061296
56,1,2.26762009,0.67371702
57,1,2.19747925,0.83977145
58,1,2.20777130,1.13195038
59,1,2.20267105,0.60152346
60,1,2.16851807,0.97184795
61,1,2.23815918,0.98394579
62,1,2.18029022,0.86570477
63,1,2.19360352,0.68960607
64,1,2.13313293,0.58387250
65,1,2.15722656,0.89010900
66,1,2.10414124,1.00439548
67,1,2.13846588,0.55755168
68,1,2.14553833,0.66783249
69,1,2.05577087,0.81103265
70,1,2.10282898,0.72167408
71,1,2.01856995,0.74601239
72,1,2.10448456,0.99835223
73,1,2.09091187,0.96555316
74,1,2.13207245,1.32954001
75,1,2.13739777,1.13236165
76,1,2.15216446,1.90382051
77,1,2.12747955,1.19725096
78,1,2.13053131,1.43718469
79,1,2.08672333,0.92924833
80,1,2.07574463,1.01085460
81,1,2.04570007,0.82052314
82,1,2.01213837,0.93572628
83,1,2.06976318,1.41596007
84,1,2.08258820,1.34238386
85,1,2.05167389,0.92921603
86,1,1.97219849,1.02238274
87,1,1.97328949,1.15045190
88,1,1.99247360,1.02219021
89,1,2.01702499,1.50077605
90,1,2.09818649,1.82769310
91,1,2.08126831,1.49468517
92,1,1.93370819,1.10781837
93,1,2.02682495,1.31602991
94,1,1.91188431,0.87018913
95,1,2.05418396,1.02999949
96,1,2.06711578,1.70528805
97,1,1.94052887,1.01973343
98,1,1.90985107,0.63934839
99,1,2.04413605,1.39002371
100,1,2.05838776,1.29294300
101,1,1.86275482,1.27184355
102,1,1.96648407,1.38505197
103,1,1.95144653,0.99398249
104,1,1.86476135,0.79956621
105,1,1.92451477,1.49460733
106,1,1.94001007,1.10817778
107,1,2.03692627,1.33126545
108,1,1.89981079,1.08105671
109,1,2.01377106,1.43871403
110,1,1.93322754,1.33671618
111,1,2.00186157,1.36489666
112,1,1.97925186,1.24978638
113,1,1.92649078,1.11228144
114,1,1.98710632,1.06805789
115,1,1.93612671,0.79735541
116,1,2.05161285,1.16815257
117,1,1.90963745,1.00115585
118,1,1.93672180,1.01867557
119,1,1.95651245,1.23292065
120,1,1.87959671,1.24011087
121,1,1.96313858,1.08712959
122,1,2.07036591,1.03812397
123,1,1.93193436,1.24830341
124,1,2.02679062,1.18013418
125,1,2.05279160,1.29541254
126,1,1.93687439,1.22161245
127,1,2.04417801,1.51158583
128,1,1.94590759,1.01689661
129,1,1.93265533,1.40080488
130,1,1.96464920,1.09026229
131,1,2.06010056,1.45828545
132,1,1.84303284,1.21337771
133,1,1.94967651,1.09241056
134,1,1.92229843,0.96106935
135,1,1.89787674,1.08772945
136,1,2.01597404,1.31620669
137,1,1.88652802,0.92486393
138,1,1.84912491,1.02118731
139,1,1.96416855,1.13526738
140,1,1.93186951,0.86111140
141,1,2.08148766,1.31028974
142,1,1.98858643,1.10054040
143,1,1.76405334,1.40164924
144,1,1.84660339,1.03077435
145,1,1.95630264,1.04036903
146,1,1.90186691,0.87543285
147,1,1.95588303,1.11809194
148,1,1.82239532,0.89318651
149,1,1.92894745,1.27404428
150,1,2.02155304,1.82029057
151,1,1.78422165,0.90406883
152,1,1.85313988,1.12498856
153,1,1.95727158,1.48789084
154,1,1.88584137,1.51170766
155,1,1.81707382,0.82797062
156,1,1.89657593,1.36711395
157,1,1.94917679,1.15182078
158,1,1.89478683,1.16116285
159,1,1.83596230,0.78712636
160,1,1.87861633,1.25215912
161,1,1.86980820,0.88509172
162,1,1.82973099,1.10090542
163,1,1.93675995,1.30600572
164,1,1.86193848,0.90498680
165,1,1.87502480,1.30167806
166,1,1.82498169,1.25142694
167,1,2.01711273,1.80715346
168,1,1.86152649,1.04480648
169,1,2.00975418,1.37801528
170,1,1.81030655,1.39603829
171,1,2.01652527,1.42401564
172,1,2.02455521,1.10901392
173,1,1.85254669,1.32975113
174,1,1.86579895,1.11570275
175,1,1.91912079,1.15232551
176,1,1.87693024,0.94374061
177,1,1.87128448,0.83510190
178,1,1.88491821,1.06279767
179,1,1.96056175,0.82157493
180,1,1.92333221,1.15887928
181,1,1.79118347,0.75160116
182,1,1.82876205,1.04036283
183,1,1.98599243,1.08904743
184,1,1.77159691,1.02324414
185,1,1.80185890,1.24259150
186,1,2.03198433,1.98333287
187,1,2.00959396,1.31745327
188,1,1.86906433,1.14321172
189,1,1.94262886,1.68685722
190,1,1.72542572,1.53849292
191,1,1.72883987,1.09865737
192,1,2.02958488,1.22542202
193,1,1.92187119,1.41032553
194,1,1.95885849,1.15858710
195,1,1.78551483,1.12769544
196,1,1.83106995,0.84825200
197,1,1.87511063,1.28194594
198,1,1.77907181,1.07162440
199,1,1.81121445,1.34804881
200,1,1.87099457,1.95033860
201,1,1.84770966,1.34377456
202,1,1.85799789,1.25075269
203,1,1.82786751,1.00660682
204,1,1.84731483,0.86313176
205,1,1.80297089,1.15581739
206,1,1.89432144,2.04222608
207,1,1.75030327,1.70510185
208,1,1.76035690,0.99237329
209,1,1.74043083,1.73400736
210,1,1.89190865,1.39118147
211,1,1.87487793,1.18427563
212,1,1.83256531,1.81324077
213,1,1.89917946,1.59500659
214,1,1.78388786,1.06064546
215,1,1.87567902,1.29569387
216,1,1.83046341,1.32005763
217,1,1.74775314,1.19596231
218,1,1.75133514,1.14286292
219,1,1.75224686,0.90785855
220,1,1.82094955,1.66668701
221,1,1.85206604,1.32714248
222,1,1.78641510,1.43481636
223,1,1.77756882,1.33860493
224,1,1.76090622,1.37111926
225,1,1.74599075,1.27752793
226,1,1.82410431,1.80473995
227,1,1.79571533,1.40406668
228,1,1.93549156,1.88373613
229,1,1.80839157,1.25740695
230,1,1.76070023,1.31565845
231,1,1.78616333,1.23455608
232,1,1.83224297,1.22539878
233,1,1.90923500,1.25561786
234,1,1.75036812,1.09742844
235,1,1.72380638,1.14199626
236,1,1.82655907,1.58599782
237,1,1.76706886,1.63647306
238,1,1.71725655,0.94515800
239,1,1.82670975,1.26308572
240,1,1.77031326,1.13174522
241,1,1.61647797,1.23767507
242,1,1.71823502,1.08763134
243,1,1.67799759,1.63559306
244,1,1.78905678,1.80248868
245,1,1.72282219,1.68804562
246,1,1.55609322,1.70235860
247,1,1.76715469,1.79874444
248,1,1.49826431,1.53806543
249,1,1.85972214,1.82846701
250,1,1.72039509,1.73469889
251,1,1.72984314,1.74235868
252,1,1.76458359,1.06090724
253,1,1.64598846,1.33034098
254,1,1.78446770,1.77647364
255,1,1.81506348,1.09849751
256,1,1.87314606,1.56431353
257,1,1.69338226,0.91155982
258,1,1.68829727,1.25307548
259,1,1.69042969,1.16176522
260,1,1.75009155,1.60597837
261,1,1.70796394,1.05906796
262,1,1.81510544,1.41518438
263,1,1.71810532,1.60675824
264,1,1.61001968,1.77052033
265,1,1.84593964,1.94932377
266,1,1.73700333,1.64583409
267,1,1.80692673,1.39067888
268,1,1.69506550,1.91027737
269,1,1.91456985,2.59722519
270,1,1.47619820,1.13913941
271,1,1.60330582,1.91203582
272,1,1.68584824,1.49517179
273,1,1.67428207,2.00956273
274,1,1.62857056,1.27614689
275,1,1.82313728,1.84346485
276,1,1.83312845,2.05678654
277,1,1.70285034,1.88681531
278,1,1.76474571,1.11740112
279,1,1.83082867,1.51534796
280,1,1.72887897,1.78862143
281,1,1.71845627,1.38357401
282,1,1.70630074,1.13231695
283,1,1.74137115,1.60052931
284,1,1.66279221,0.90015709
285,1,1.70118713,0.93755692
286,1,1.59295654,0.96762037
287,1,1.78411674,1.48685181
288,1,1.69587517,1.22051728
289,1,1.80182171,1.58282220
290,1,1.67688751,1.51818466
291,1,1.68049622,1.61627066
292,1,1.66051865,1.46663988
293,1,1.67728043,1.26009977
294,1,1.68485165,1.69178164
295,1,1.68376923,1.22766304
296,1,1.67925644,1.49892426
297,1,1.76878071,1.83311164
298,1,1.63038921,1.65570080
299,1,1.68420601,1.36666393
300,1,1.69278717,1.27890754
301,1,1.63149834,1.49202764
302,1,1.66770744,1.63589942
303,1,1.69458771,1.22425938
304,1,1.57434177,1.22840834
305,1,1.64550781,1.59410870
306,1,1.72466278,1.68838179
307,1,1.51517487,1.48815608
308,1,1.66722870,1.71458411
309,1,1.47393131,1.29393935
310,1,1.64151573,1.58567548
311,1,1.59274101,1.59067893
312,1,1.63287067,1.53166068
313,1,1.57456398,1.56901431
314,1,1.55897427,1.79184651
315,1,1.67198277,1.48729372
316,1,1.59740829,1.87896121
317,1,1.69061852,2.39793873
318,1,1.88135719,3.88739920
319,1,1.63898468,1.83778536
320,1,1.64523888,1.72182262
321,1,1.68816948,1.68326795
322,1,1.81265068,1.97293520
323,1,1.71342278,1.44543529
324,1,1.81862545,1.69236040
325,1,1.78370857,1.51902580
326,1,1.73452568,1.24774718
327,1,1.56825638,1.03170788
328,1,1.56138992,1.16090083
329,1,1.61722279,1.32896948
330,1,1.55725002,1.29161572
331,1,1.68719387,1.51941025
332,1,1.83885002,1.35855114
333,1,1.63913536,1.75452828
334,1,1.45548534,1.25487137
335,1,1.64550495,1.49702406
336,1,1.59390831,2.03267002
337,1,1.57899475,1.75883067
338,1,1.68983984,1.84033215
339,1,1.52009773,1.59364748
340,1,1.71932030,1.87402797
341,1,1.75581360,1.76810265
342,1,1.66643906,2.50112152
343,1,1.62990570,1.81427085
344,1,1.51027679,1.22456813
345,1,1.66205406,1.43934286
346,1,1.58325005,1.33245623
347,1,1.67615700,1.17254794
348,1,1.70878029,1.89151871
349,1,1.56923294,1.22092366
350,1,1.59724617,0.99023986
351,1,1.64025497,1.43943548
352,1,1.51374245,1.62110388
353,1,1.60324574,1.82732141
354,1,1.57149696,1.19780362
355,1,1.48877716,1.29168463
356,1,1.49332452,1.22074556
357,1,1.70514679,1.68692696
358,1,1.71166992,1.82718837
359,1,1.53706360,1.47966909
360,1,1.57320786,2.00835943
361,1,1.52351952,1.72098958
362,1,1.57411766,1.41586506
363,1,1.57931995,1.77945495
364,1,1.66816616,1.95502627
365,1,1.68226624,1.72275114
366,1,1.72169399,2.13107610
367,1,1.58191681,1.74193823
368,1,1.49626684,1.05659044
369,1,1.61108303,1.47613239
370,1,1.52831602,1.14352655
371,1,1.60008049,1.40678263
372,1,1.77464056,2.07995963
373,1,1.66645157,1.98493433
374,1,1.60087466,1.76202118
375,1,1.54409790,1.42781842
376,1,1.61818123,1.14169705
377,1,1.60368538,1.17290258
378,1,1.69227791,1.32193434
379,1,1.67470932,1.85737908
380,1,1.54499149,1.35767257
381,1,1.67863655,2.03790259
382,1,1.60152626,1.38891971
383,1,1.45419216,1.10586929
384,1,1.60293150,2.07004380
385,1,1.52200508,1.30234122
386,1,1.55390596,1.78836048
387,1,1.59870839,1.84076333
388,1,1.56165886,2.36880064
389,1,1.67790794,1.43827307
390,1,1.48909497,2.03219271
391,2,1.63787675,2.10236502
392,2,1.59284544,1.16249883
393,2,1.56186867,1.32566082
394,2,1.65149832,2.00159931
395,2,1.58177376,1.45898712
396,2,1.56085682,1.46934164
397,2,1.54468536,1.87068379
398,2,1.45246983,1.37323070
399,2,1.49121284,1.45425260
400,2,1.59780693,1.52623224
401,2,1.53842545,1.48265719
402,2,1.40843582,1.51483822
403,2,1.46272182,1.53311110
404,2,1.60360813,1.65063512
405,2,1.52422047,1.71822274
406,2,1.46344042,1.56616712
407,2,1.39581394,1.14992166
408,2,1.32896996,1.26963830
409,2,1.56180787,1.85978150
410,2,1.44975376,1.60043621
411,2,1.39247406,1.92591393
412,2,1.57975292,3.18647456
413,2,1.42554331,1.67033410
414,2,1.48997271,1.56947398
415,2,1.45149899,2.13752389
416,2,1.56697083,2.24649048
417,2,1.55029678,1.76106274
418,2,1.75737333,2.16048479
419,2,1.65278482,1.81220186
420,2,1.51309776,1.37044609
421,2,1.55205107,1.29410768
422,2,1.51811886,1.14871943
423,2,1.46274757,1.04311895
424,2,1.62607765,1.65690589
425,2,1.57072067,2.19714236
426,2,1.63035917,1.33181918
427,2,1.49361610,1.51967454
428,2,1.54528427,1.63803148
429,2,1.76484203,1.76021850
430,2,1.41561270,1.80285192
431,2,1.58844888,1.42228925
432,2,1.46765995,1.42394555
433,2,1.57782745,1.64108181
434,2,1.69577551,2.02936339
435,2,1.43327999,1.54607987
436,2,1.37900400,1.49809027
437,2,1.46614742,3.29139972
438,2,1.74384069,2.49813652
439,2,1.52339315,1.46188653
440,2,1.45017004,1.61740255
441,2,1.44778395,1.72723687
442,2,1.43099594,2.42867804
443,2,1.60322571,2.15872383
444,2,1.49591637,3.10662770
445,2,1.60063601,2.93961191
446,2,1.69114423,2.54279661
447,2,1.51795483,1.37126696
448,2,1.60812521,2.18089747
449,2,1.65054893,1.83758759
450,2,1.56866646,2.31358743
451,2,1.40325546,1.73102772
452,2,1.42704010,1.88852501
453,2,1.56539345,1.70719826
454,2,1.41841030,1.21116507
455,2,1.58165550,1.48631847
456,2,1.53721619,1.97913957
457,2,1.48436213,1.38153851
458,2,1.53971195,1.43707788
459,2,1.54672074,2.53333783
460,2,1.49124146,1.47204506
461,2,1.47613525,1.63250339
462,2,1.43385935,1.52180505
463,2,1.49619079,1.58527577
464,2,1.34844494,2.16836572
465,2,1.51875710,1.68223786
466,2,1.51474714,2.46050525
467,2,1.38329411,1.55182195
468,2,1.57412088,2.38329554
469,2,1.46164227,1.64175141
470,2,1.42610550,1.66438377
471,2,1.58549404,1.97979450
472,2,1.52874279,2.30858922
473,2,1.52646732,1.45100737
474,2,1.44183064,1.80699611
475,2,1.41063976,1.43161070
476,2,1.53291225,1.99709630
477,2,1.50806618,1.81303096
478,2,1.47764874,1.91284561
479,2,1.41166973,2.24713874
480,2,1.37792015,2.52817488
481,2,1.34635925,1.66542661
482,2,1.47247314,1.63651586
483,2,1.53352737,2.96088433
484,2,1.51959896,1.37148798
485,2,1.61523557,2.22502041
486,2,1.39279461,1.57512283
487,2,1.29654622,1.48920321
488,2,1.38152826,2.34757948
489,2,1.40704298,2.58549094
490,2,1.47301531,1.54528129
491,2,1.58713388,1.96558511
492,2,1.57639742,2.27839422
493,2,1.60089898,2.38827682
494,2,1.46743977,1.58710444
495,2,1.49095726,2.94652390
496,2,1.40101767,1.16937757
497,2,1.51098680,1.81665778
498,2,1.54280090,2.06488109
499,2,1.27355194,1.29854596
500,2,1.68933296,1.52741778
501,2,1.41365099,1.43436277
502,2,1.59480095,1.86606550
503,2,1.40646505,1.45675147
504,2,1.40893459,2.37214637
505,2,1.37257290,1.35464799
506,2,1.47880363,1.21196198
507,2,1.53827810,1.95500278
508,2,1.38421345,2.19976473
509,2,1.37482929,1.41388881
510,2,1.26408577,1.94621086
511,2,1.42078209,1.76723993
512,2,1.42448664,1.89943695
513,2,1.57172179,3.32129240
514,2,1.47286069,2.37362361
515,2,1.59731412,2.26078033
516,2,1.50682354,1.91136420
517,2,1.35057545,2.07601142
518,2,1.62025857,1.82356369
519,2,1.51817751,2.28446245
520,2,1.57841063,1.60218525
521,2,1.48287916,1.60014069
522,2,1.34514093,1.59421587
523,2,1.47433901,1.39354968
524,2,1.43137169,1.83257329
525,2,1.52432346,1.63052166
526,2,1.47977924,1.77530444
527,2,1.41007853,2.02556896
528,2,1.31576967,1.69425881
529,2,1.52215767,1.42791593
530,2,1.56687498,2.36237931
531,2,1.39308083,2.36831951
532,2,1.38895416,3.04965520
533,2,1.43303633,3.33368516
534,2,1.64383209,2.74415708
535,2,1.41068220,1.48079550
536,2,1.47352862,2.44527197
537,2,1.46616673,2.11068940
538,2,1.54993296,1.83119452
539,2,1.49358463,2.12402225
540,2,1.46567822,1.78007519
541,2,1.32327652,1.36525571
542,2,1.35540771,2.61668253
543,2,1.31879711,1.63682497
544,2,1.41914368,1.68885803
545,2,1.54237509,2.19267297
546,2,1.45529199,1.69970739
547,2,1.53725529,1.87483931
548,2,1.42334735,1.56636786
549,2,1.30994749,1.63856840
550,2,1.50996566,1.82607508
551,2,1.41745281,1.72946405
552,2,1.46333206,1.77242935
553,2,1.30917454,1.81951201
554,2,1.60143495,1.96986592
555,2,1.31549692,1.25341988
556,2,1.22677898,1.67335927
557,2,1.35248423,2.28829026
558,2,1.43467569,1.56374872
559,2,1.54281807,1.83574498
560,2,1.38713932,1.83876455
561,2,1.34032202,2.34377170
562,2,1.52420235,2.22658825
563,2,1.51970816,1.94512594
564,2,1.46159959,1.92667294
565,2,1.53756952,2.18471241
566,2,1.34768295,2.06693578
567,2,1.43591428,1.60724223
568,2,1.26024055,2.42414141
569,2,1.49075127,2.14120674
570,2,1.67438996,2.05877233
571,2,1.33190644,1.89423239
572,2,1.54047155,1.77987421
573,2,1.45214820,1.81611049
574,2,1.28673077,2.76613927
575,2,1.49896717,1.61309338
576,2,1.52742624,2.00324440
577,2,1.34393024,2.42753863
578,2,1.36623526,1.61080539
579,2,1.42516255,2.37315083
580,2,1.44399738,2.31912208
581,2,1.41312170,2.36213875
582,2,1.27356911,1.86726463
583,2,1.44062376,2.58387160
584,2,1.49248838,2.14972973
585,2,1.36271286,1.60092056
586,2,1.35038376,1.28857768
587,2,1.23435211,1.61094058
588,2,1.38208723,1.73057902
589,2,1.33283854,1.57891595
590,2,1.39851332,2.01315331
591,2,1.39112616,2.54884982
592,2,1.35860872,2.05275393
593,2,1.35245776,1.79252756
594,2,1.46097803,2.21671176
595,2,1.19148874,1.64804089
596,2,1.54317999,2.44517136
597,2,1.29690933,2.57144451
598,2,1.27586150,2.11609268
599,2,1.51879215,1.83456635
600,2,1.61330891,2.76764250
601,2,1.44975948,2.19232488
602,2,1.32993317,2.33830428
603,2,1.61082649,1.76972389
604,2,1.39069223,1.52644253
605,2,1.42762280,1.70851278
606,2,1.36739635,2.25498581
607,2,1.46670842,1.56958592
608,2,1.46752357,2.34625125
609,2,1.40720189,1.70386422
610,2,1.28374815,1.59324753
611,2,1.18726373,2.45248723
612,2,1.43677378,2.57433414
613,2,1.18378115,1.78540158
614,2,1.26381445,1.56345558
615,2,1.39027214,2.51413226
616,2,1.57895255,3.27488828
617,2,1.19723058,2.08171558
618,2,1.24204683,2.33437848
619,2,1.24413407,2.73243213
620,2,1.34895468,1.79452717
621,2,1.46653664,3.63610029
622,2,1.61258411,2.86185503
623,2,1.37202811,1.88924789
624,2,1.29187262,2.15972948
625,2,1.54384172,1.99842727
626,2,1.53333187,2.32410622
627,2,1.43929267,2.39303994
628,2,1.43672180,2.30757070
629,2,1.53216243,1.70779347
630,2,1.38074446,2.25724864
631,2,1.29173851,1.49320519
632,2,1.34367895,2.17745924
633,2,1.38371468,1.56736434
634,2,1.56595325,2.03883672
635,2,1.28621197,1.70175028
636,2,1.27218819,1.41660774
637,2,1.35586953,1.94504166
638,2,1.52356815,2.22006750
639,2,1.34077883,1.72314298
640,2,1.60790849,2.70084572
641,2,1.46702862,2.09631085
642,2,1.43963242,2.19257879
643,2,1.59785271,2.18787360
644,2,1.41346645,1.70359147
645,2,1.46228313,3.34656930
646,2,1.37719119,2.12355280
647,2,1.35751057,1.57422781
648,2,1.36538935,1.86043596
649,2,1.46624517,1.66341770
650,2,1.28142452,1.52412474
651,2,1.20143318,1.37768352
652,2,1.35069180,1.67761576
653,2,1.35381508,1.38287771
654,2,1.21931720,1.65676141
655,2,1.34526277,1.56356716
656,2,1.19269943,1.72013211
657,2,1.38483834,2.73409581
658,2,1.41100931,2.32729959
659,2,1.42241621,1.78679037
660,2,1.33246076,1.98961616
661,2,1.25793898,1.52257788
662,2,1.39222288,2.99056673
663,2,1.30435097,2.48125911
664,2,1.33858180,2.25908780
665,2,1.23779202,2.01998758
666,2,1.30215633,1.92705917
667,2,1.28860247,2.22076297
668,2,1.30434036,2.30386996
669,2,1.28655136,2.23486185
670,2,1.35656357,1.76914382
671,2,1.13151550,1.84727359
672,2,1.41492558,1.90947258
673,2,1.28527021,1.83196068
674,2,1.27836049,3.10716510
675,2,1.15144157,1.42272055
676,2,1.36711788,2.48583102
677,2,1.29148257,2.12096429
678,2,1.37135553,1.78860068
679,2,1.21751046,1.95678508
680,2,1.40384483,1.48227990
681,2,1.22258282,1.90562868
682,2,1.26988029,2.92836761
683,2,1.26990271,1.99769795
684,2,1.27379656,1.90974998
685,2,1.21388865,1.57603288
686,2,1.28843737,2.13936138
687,2,1.44615865,2.45376444
688,2,1.37577510,2.21088767
689,2,1.40801954,1.61652362
690,2,1.41506326,2.82598996
691,2,1.24073863,1.78427172
692,2,1.29974651,1.99361455
693,2,1.20697236,1.28706634
694,2,1.34248042,1.81718433
695,2,1.43745422,1.91810298
696,2,1.42424273,2.21353412
697,2,1.17299998,1.42616606
698,2,1.34531832,1.93673289
699,2,1.40905237,2.23851633
700,2,1.27722073,1.77868545
701,2,1.28584647,2.29074168
702,2,1.28666925,1.87920535
703,2,1.50646865,2.33704138
704,2,1.21958673,1.60875165
705,2,1.32614827,2.01487541
706,2,1.22554052,1.60075331
707,2,1.32856250,2.75299025
708,2,1.67190838,2.95728517
709,2,1.18016362,2.35816503
710,2,1.27358377,1.82225180
711,2,1.43281317,2.94713187
712,2,1.24825108,2.23624706
713,2,1.28031301,2.18119836
714,2,1.40479040,1.74238563
715,2,1.12876213,1.66767240
716,2,1.32963324,1.66495275
717,2,1.18671227,1.97477925
718,2,1.25607014,2.14495206
719,2,1.11771715,1.84047854
720,2,1.30437636,2.30754662
721,2,1.15936232,1.70003724
722,2,1.12452149,2.01196671
723,2,1.22187889,2.26341677
724,2,1.13979006,1.62980342
725,2,1.22511518,2.57784510
726,2,1.11632311,1.72004032
727,2,1.17087567,3.85614467
728,2,1.22906196,2.49900723
729,2,1.28121078,2.27180648
730,2,1.15078270,1.70435369
731,2,1.24976444,2.23494196
732,2,1.25676799,2.51888466
733,2,1.28316641,1.86204791
734,2,1.27079821,2.28531194
735,2,1.02900970,1.52240896
736,2,1.23770595,2.35671139
737,2,1.24355233,2.16155171
738,2,1.27067626,1.90376449
739,2,1.23166609,2.21268439
740,2,1.23433018,2.51869321
741,2,1.18225336,2.35451293
742,2,1.39758372,2.68185115
743,2,1.20556664,3.06795025
744,2,1.21064794,1.75359631
745,2,1.34445810,1.82492006
746,2,1.25146627,2.22520113
747,2,1.25911570,2.96111989
748,2,0.98709106,1.76539683
749,2,1.19316351,1.67875862
750,2,1.53983116,2.34543395
751,2,1.29167414,3.02524233
752,2,1.37839651,3.48837185
753,2,1.21424365,2.01716924
754,2,1.38771844,1.91862309
755,2,1.12679183,1.32145727
756,2,1.34393764,2.76017213
757,2,1.28841209,2.53793073
758,2,1.34932053,1.87236857
759,2,1.23316967,1.79924142
760,2,1.16441941,2.04457903
761,2,1.27114034,2.48675871
762,2,1.41841435,2.47343230
763,2,1.40766084,2.18613982
764,2,1.39292526,2.02270269
765,2,1.31937826,2.64171124
766,2,1.17523527,1.65235674
767,2,1.18451607,1.81847239
768,2,1.34725952,3.36319923
769,2,1.15506625,2.04263234
770,2,1.17162943,2.08646035
771,2,1.17678559,1.64336705
772,2,1.25675547,2.20898485
773,2,1.24991465,2.77267766
774,2,1.21812129,1.81972551
775,2,1.29722226,1.77685237
776,2,1.14099574,1.58022320
777,2,1.31955194,1.71356606
778,2,1.34891224,2.19689202
779,2,1.21802282,2.43524241
780,2,1.34646618,3.13886023
781,2,1.25774264,2.62901878
782,3,1.10894501,1.74341333
783,3,1.22686505,2.29150295
784,3,1.13838816,1.57626581
785,3,1.10075223,1.31093550
786,3,1.21649539,1.56617117
787,3,1.20454144,3.16320252
788,3,1.15037560,1.86032617
789,3,1.21509087,1.84010029
790,3,1.29385304,2.85057950
791,3,1.15778136,2.39450908
792,3,1.22111070,1.79425812
793,3,1.23575997,2.22833037
794,3,1.36159015,3.61793089
795,3,1.38169742,2.81228161
796,3,1.41990757,3.10998964
797,3,1.44431221,1.77782536
798,3,1.14325988,3.90452671
799,3,1.10692239,2.55799699
800,3,1.35990036,4.55445337
801,3,1.40859830,2.87519598
802,3,1.22628295,2.62902236
803,3,1.13265812,2.09590292
804,3,1.35206974,2.44944596
805,3,1.44215155,2.25944948
806,3,1.33506393,2.85924053
807,3,1.33167219,1.99602032
808,3,1.24520040,1.85661340
809,3,1.32163358,1.50424957
810,3,1.22546935,3.69056940
811,3,1.18648291,2.19649911
812,3,1.28345907,2.37700057
813,3,1.25883794,1.88914561
814,3,1.25131452,1.72053528
815,3,1.39785123,3.28907490
816,3,1.27785957,2.72614789
817,3,1.38729715,2.12077403
818,3,1.19011962,2.82704926
819,3,1.16683936,1.86504304
820,3,1.22646105,2.93131948
821,3,1.26656985,2.73665142
822,3,1.16923261,2.13245749
823,3,1.08941078,2.09108567
824,3,1.19381690,1.71670306
825,3,1.25825429,1.89712572
826,3,1.16957593,2.27486467
827,3,1.22165132,2.22452021
828,3,1.34937358,2.43080139
829,3,1.16612697,2.04214120
830,3,1.18192959,1.97825587
831,3,1.26832032,1.63712335
832,3,1.10873270,1.76407599
833,3,1.32373857,2.22017360
834,3,1.22126198,2.46927476
835,3,1.18133378,1.60697436
836,3,1.21706927,1.57532561
837,3,1.29397130,2.27870131
838,3,1.15141058,1.54440796
839,3,1.16823900,2.49618983
840,3,1.09933281,1.70243585
841,3,1.20546484,1.89881206
842,3,1.24980497,2.70147443
843,3,1.16776371,2.04164004
844,3,1.06134224,1.88227546
845,3,1.36734343,2.78878093
846,3,1.36154735,2.28713155
847,3,1.17275417,1.85340285
848,3,1.09643364,1.69775045
849,3,1.18470204,1.70328474
850,3,1.31479239,2.73410296
851,3,1.07554328,1.97511363
852,3,1.21969962,2.63260818
853,3,1.17763960,3.87636781
854,3,1.26080370,1.86408412
855,3,1.07752931,2.29194069
856,3,1.04318261,3.02379632
857,3,1.21358967,2.51096487
858,3,0.94248474,1.75406528
859,3,1.12868488,1.60012114
860,3,1.15397727,1.59238672
861,3,0.96203899,1.97099519
862,3,1.05118525,2.60664630
863,3,1.27568197,1.66893101
864,3,1.44615841,4.16772604
865,3,1.35674751,2.50723052
866,3,1.22320414,1.58305204
867,3,1.07511282,1.87868750
868,3,1.12518585,1.71513665
869,3,1.22702110,2.76922011
870,3,1.02974415,2.32669187
871,3,1.36318505,2.77688980
872,3,1.19945240,1.45501316
873,3,1.06718624,2.82867575
874,3,1.14550829,1.71470487
875,3,1.16802502,4.33043146
876,3,1.10094130,1.77148271
877,3,1.10339308,1.71961451
878,3,1.02448440,1.49505949
879,3,1.29503560,3.95274377
880,3,1.18623376,2.53652668
881,3,1.18057358,2.34026814
882,3,1.19088960,1.65347040
883,3,1.16962671,2.81643200
884,3,1.24091268,2.05370355
885,3,1.03602099,1.90507412
886,3,1.03368068,1.87162602
887,3,1.25425506,2.26249194
888,3,0.98589540,1.80656898
889,3,1.12435269,1.96284783
890,3,1.18594503,2.69267321
891,3,1.18014681,1.89498901
892,3,1.41553545,4.60802984
893,3,1.18442476,3.00995708
894,3,1.16432834,1.76127875
895,3,1.05104733,1.85360265
896,3,1.17414689,2.78713322
897,3,1.27913404,1.72864246
898,3,1.18230450,1.68647528
899,3,1.33377147,5.96184683
900,3,1.15678167,2.15866733
901,3,1.04153705,2.40687847
902,3,1.13818908,3.68258691
903,3,1.20361257,1.60250497
904,3,1.04382396,1.53842139
905,3,1.03000081,2.00916648
906,3,1.08053732,1.66235232
907,3,1.14951301,2.11375642
908,3,1.17537880,1.92480600
909,3,1.21831024,1.57165253
910,3,1.07636952,1.46141791
911,3,1.37635970,1.99793243
912,3,1.17835224,1.86391950
913,3,1.00467360,2.50702119
914,3,1.06753421,1.74282873
915,3,1.00828862,2.33646369
916,3,1.14191151,1.53416979
917,3,1.21858096,2.03065014
918,3,1.02719402,1.48911834
919,3,1.16983461,2.92575693
920,3,1.07982004,1.43846858
921,3,1.01962054,1.31924129
922,3,1.02325702,2.49625897
923,3,1.09922051,2.53465843
924,3,0.95778656,2.33016014
925,3,1.12660265,1.99148667
926,3,1.05542254,2.33537626
927,3,1.11072123,1.84594667
928,3,1.13947010,2.42987633
929,3,1.13550937,1.23549831
930,3,1.30470681,2.34854937
931,3,1.26360857,3.42462206
932,3,0.99497420,2.45227242
933,3,1.10880923,3.39170766
934,3,1.16256166,1.68076611
935,3,1.05545616,1.95779765
936,3,1.08451712,3.35840440
937,3,1.14619684,2.30129361
938,3,1.24401975,2.54675555
939,3,1.22217619,3.14093447
940,3,1.28131151,2.88492942
941,3,1.08930206,1.74777877
942,3,1.20927691,2.75512981
943,3,1.23254967,3.85585928
944,3,1.22639859,2.36027813
945,3,1.38913095,2.56975174
946,3,1.20546496,3.53118873
947,3,1.14963412,1.73124993
948,3,1.07461655,1.53020310
949,3,1.11730599,2.30470634
950,3,0.93897259,1.79771566
951,3,0.98745787,2.63753796
952,3,1.14275146,2.41303229
953,3,0.98505926,2.34551978
954,3,1.01370418,1.79022729
955,3,1.16235316,2.34823179
956,3,1.19561660,2.68486762
957,3,0.95492154,3.79547620
958,3,0.93577844,2.21507621
959,3,1.08467662,1.97278285
960,3,1.26361597,1.73884010
961,3,0.96397042,1.76931632
962,3,1.16421247,1.97645175
963,3,1.23691368,2.44147754
964,3,1.10462856,1.62431538
965,3,1.17943704,2.36120939
966,3,1.03018999,2.26688051
967,3,0.95814776,1.91257417
968,3,0.96566087,2.07580972
969,3,1.21700823,6.39350319
970,3,0.99233210,2.92350888
971,3,1.10877752,2.75345826
972,3,1.12340689,3.20681596
973,3,1.21794212,3.71423149
974,3,0.97216392,3.85209656
975,3,1.26058269,2.32879686
976,3,1.00642490,2.00889683
977,3,0.98122370,2.87603879
978,3,1.11794472,2.50649810
979,3,1.08433092,1.86055088
980,3,1.07863820,2.20075440
981,3,1.22321677,2.27422976
982,3,1.03553176,2.07860255
983,3,1.24375808,2.15253925
984,3,1.05875516,2.13871956
985,3,1.22984862,1.85422981
986,3,0.87428308,1.16788065
987,3,1.20881128,1.83927667
988,3,1.10818326,2.86969590
989,3,1.06418848,2.87816477
990,3,1.08406365,2.21113610
991,3,1.15487599,2.66678119
992,3,1.20036042,2.31142998
993,3,1.13260078,2.35351396
994,3,1.01336718,2.86716700
995,3,1.00500298,1.77052689
996,3,1.21676111,1.78110445
997,3,1.29178452,1.84256852
998,3,1.16518486,1.77434301
999,3,1.10825801,2.15956569
1000,3,1.07132006,2.20698214
1001,3,0.97826970,2.83386397
1002,3,1.26966619,1.46605456
1003,3,1.06042123,1.60676718
1004,3,1.11008680,1.78537214
1005,3,1.09222531,2.67376614
1006,3,1.18173110,2.91863990
1007,3,1.04303348,1.65839684
1008,3,1.24690413,2.29059362
1009,3,1.05085158,1.94763863
1010,3,1.02724457,1.48244774
1011,3,1.06925511,1.75078785
1012,3,1.22904909,2.43330383
1013,3,0.87378538,1.80944014
1014,3,1.06635416,2.12452173
1015,3,0.96933883,1.41584003
1016,3,1.09946823,1.14999926
1017,3,1.15228748,2.23531771
1018,3,0.87548798,1.39971805
1019,3,0.95799804,1.95870841
1020,3,1.02145898,2.45052338
1021,3,1.25444102,1.82547903
1022,3,1.00671530,1.63098085
1023,3,1.24177039,2.33153439
1024,3,1.10204291,2.42232728
1025,3,1.06360269,2.14332581
1026,3,0.92973238,2.03798866
1027,3,1.05896544,2.99668026
1028,3,0.94964218,2.89514756
1029,3,0.87362885,1.37022841
1030,3,0.91195005,2.31853914
1031,3,1.09935832,2.55280900
1032,3,0.83368397,1.62072527
1033,3,0.97085702,1.56721997
1034,3,1.01703215,3.36687303
1035,3,1.15524983,3.58505893
1036,3,1.01968873,1.78891730
1037,3,1.22544801,5.06460905
1038,3,0.88613093,4.16476536
1039,3,1.07142067,3.12981915
1040,3,1.14168537,3.70186114
1041,3,1.20793593,2.25958490
1042,3,0.98767257,2.65218639
1043,3,1.04909468,2.40456629
1044,3,1.03753352,2.70692611
1045,3,1.18320513,2.79724693
1046,3,0.89905787,2.49107432
1047,3,1.04577839,3.49921846
1048,3,1.07098246,3.32243752
1049,3,0.97338438,2.46042991
1050,3,1.06589580,1.81593394
1051,3,1.04035985,1.64947963
1052,3,1.14995134,1.75959837
1053,3,0.86188781,1.93597567
1054,3,1.01053798,2.23042464
1055,3,1.09366381,1.90009534
1056,3,1.08620536,1.65183675
1057,3,1.04844356,1.74255073
1058,3,0.95821345,2.09944606
1059,3,0.91781986,1.90479779
1060,3,0.94819486,2.52865958
1061,3,1.01419044,2.39703894
1062,3,0.92802942,1.63249230
1063,3,1.11710155,2.48718834
1064,3,0.97666150,2.90513206
1065,3,0.86531752,2.37867785
1066,3,1.07647383,3.18477869
1067,3,1.32592845,2.30131650
1068,3,0.94346285,3.56885672
1069,3,1.10638011,1.96187091
1070,3,1.06648064,2.84557223
1071,3,1.08337045,3.41248465
1072,3,1.25194049,3.55848384
1073,3,1.03825712,1.66724491
1074,3,1.13132882,2.20866632
1075,3,1.08259702,2.37942553
1076,3,1.08301425,2.61837983
1077,3,1.19995618,1.61807919
1078,3,1.02354598,2.64874768
1079,3,1.01544380,2.17827392
1080,3,0.98861921,1.49070942
1081,3,1.02862060,2.43942976
1082,3,1.14688265,2.43064117
1083,3,0.94131738,2.07822132
1084,3,1.04986691,1.95952964
1085,3,1.14057732,1.94000065
1086,3,1.06895792,1.60394931
1087,3,0.97011054,2.42038465
1088,3,0.83897150,1.91935790
1089,3,0.99974000,1.63494575
1090,3,0.99731678,1.66191792
1091,3,1.16549838,2.23364305
1092,3,1.02865088,2.72736049
1093,3,1.17814922,2.91823030
1094,3,1.26484537,2.70070457
1095,3,0.93285143,2.39080834
1096,3,1.11547971,2.57745647
1097,3,1.08389354,2.57495522
1098,3,1.07281423,3.44185448
1099,3,1.01803291,2.20489287
1100,3,0.79432833,1.54177582
1101,3,0.85821307,2.09526682
1102,3,1.05339670,2.07801843
1103,3,1.14564466,1.93951869
1104,3,0.93554157,2.02495766
1105,3,0.93860215,1.95893931
1106,3,0.96479005,2.00433016
1107,3,0.83131874,1.91277218
1108,3,1.07458639,1.72116554
1109,3,1.12794662,2.05784893
1110,3,0.94158673,2.37025499
1111,3,1.00732744,1.69466257
1112,3,0.89701986,1.29513109
1113,3,1.05234504,1.89994240
1114,3,1.14379942,2.32950044
1115,3,0.98956025,2.05732465
1116,3,0.95015275,2.27341509
1117,3,0.88727689,1.68138194
1118,3,1.01073265,2.16196179
1119,3,1.07015777,2.47406268
1120,3,0.97911549,2.27745652
1121,3,1.02762842,2.93868709
1122,3,0.90423286,2.73412347
1123,3,0.91863966,2.33359075
1124,3,1.02344871,2.09166956
1125,3,1.24327993,4.59769154
1126,3,0.98945189,1.88988757
1127,3,0.89120245,1.44431186
1128,3,1.00634038,2.16340280
1129,3,1.06516612,1.78811061
1130,3,0.95961773,2.52106214
1131,3,0.97275168,2.72598195
1132,3,0.99579501,1.91746342
1133,3,1.04020655,2.40956259
1134,3,1.09041286,2.29386115
1135,3,0.96198559,1.62180138
1136,3,1.08639646,2.30553794
1137,3,0.94013476,2.18262815
1138,3,0.81039512,2.23318052
1139,3,0.98900527,2.31255794
1140,3,0.96874624,1.79242325
1141,3,1.11732793,2.64437771
1142,3,1.04319799,2.87752795
1143,3,0.98427987,1.96840358
1144,3,0.96749127,3.28960776
1145,3,1.04472494,2.39695072
1146,3,0.90848041,1.78333402
1147,3,0.98824024,2.20624185
1148,3,1.00505590,2.48913646
1149,3,1.13537407,2.41411901
1150,3,0.81740391,1.93766809
1151,3,1.05616188,3.41135025
1152,3,1.03415501,1.95719290
1153,3,0.91499501,1.78465188
1154,3,0.92472249,1.65235496
1155,3,1.03418601,2.50735474
1156,3,0.86569875,1.54546428
1157,3,1.07531834,5.33738565
1158,3,1.10029614,3.84526300
1159,3,0.98850346,2.02007794
1160,3,1.02659726,2.41201735
1161,3,0.95091474,1.28860700
1162,3,0.91844606,2.25009298
1163,3,1.24525595,3.55026460
1164,3,1.04065180,2.38062286
1165,3,0.97715425,2.45070410
1166,3,0.93321174,1.62274897
1167,3,0.96616554,2.19045568
1168,3,1.13344586,2.21446252
1169,3,0.90603328,2.02984047
1170,3,0.91040087,1.47711086
1171,3,1.08841109,2.08444357
1172,3,1.02003682,2.67663479
1173,4,1.00865436,1.51726055
1174,4,0.92489696,1.36996388
1175,4,0.96618795,2.01095986
1176,4,0.97729224,1.08095205
1177,4,0.87890738,1.72178364
1178,4,0.97993302,1.79440188
1179,4,0.89905208,1.72323799
1180,4,1.09233737,2.19743180
1181,4,0.99725103,2.41078472
1182,4,1.12389874,1.48070574
1183,4,0.97353625,2.69699931
1184,4,1.09318602,2.48994732
1185,4,0.98514670,3.45510173
1186,4,0.98090118,2.55642223
1187,4,0.94302434,1.25984812
1188,4,0.83299768,1.62519920
1189,4,0.82090843,2.05715585
1190,4,0.82482839,1.64526677
1191,4,0.87585914,1.83445776
1192,4,0.87381124,1.45158935
1193,4,0.91428500,1.53951538
1194,4,0.86496246,2.05321169
1195,4,0.99943852,2.07561255
1196,4,0.86832643,1.83064389
1197,4,1.01395226,2.38073158
1198,4,0.79995525,1.62838566
1199,4,0.96448326,2.15019703
1200,4,0.83778393,1.61920643
1201,4,0.94014144,3.61819506
1202,4,0.89344811,3.85863757
1203,4,1.02599859,1.90530634
1204,4,1.06178916,2.39393425
1205,4,1.32843935,3.01843858
1206,4,0.98782229,3.25694847
1207,4,0.90618807,2.43185401
1208,4,0.99532872,1.75681102
1209,4,1.14765263,2.16587496
1210,4,0.93991864,2.08532572
1211,4,0.90228307,2.17417192
1212,4,1.10795021,1.71109903
1213,4,0.99271441,3.93398714
1214,4,1.13221860,4.30294323
1215,4,0.81259125,1.84141409
1216,4,0.86269009,1.99448562
1217,4,1.05058932,2.32373571
1218,4,1.21613765,3.21071124
1219,4,1.16244030,4.27099657
1220,4,0.89821434,3.18012738
1221,4,0.98391807,2.14809179
1222,4,0.92737448,1.99145293
1223,4,0.94383979,2.31605816
1224,4,0.94910955,1.44905353
1225,4,1.10080779,4.31518030
1226,4,0.97557282,2.28926063
1227,4,1.16256118,2.30023789
1228,4,0.87657982,2.77186418
1229,4,0.80426317,2.03331685
1230,4,0.94312066,1.74369514
1231,4,1.00806475,1.89785242
1232,4,1.04657972,2.67884541
1233,4,1.08699608,3.03901386
1234,4,0.94972605,2.67495799
1235,4,1.08263636,2.21352625
1236,4,0.89479005,2.20558167
1237,4,1.03708982,2.49491358
1238,4,1.13697267,3.34250522
1239,4,0.91337025,3.26333785
1240,4,0.83781040,1.97708106
1241,4,0.97540164,2.10718203
1242,4,0.79039210,3.42442870
1243,4,0.84400231,2.46282864
1244,4,1.01238036,2.10204554
1245,4,0.92246073,2.54009795
1246,4,0.96824008,2.72211123
1247,4,0.94906420,3.01890373
1248,4,1.04065990,2.86614776
1249,4,0.93861198,2.63473344
1250,4,0.96735644,2.99610853
1251,4,0.96575451,3.11066484
1252,4,0.96144599,1.95801377
1253,4,0.95364130,2.32010865
1254,4,0.95756650,1.96256042
1255,4,1.19810867,2.82465696
1256,4,0.92142802,2.83113551
1257,4,1.04607534,2.63922572
1258,4,1.04072821,3.19266486
1259,4,1.13997209,2.51238608
1260,4,0.90878749,2.26835275
1261,4,1.05271125,3.30331898
1262,4,1.16508722,2.69072580
1263,4,1.13720775,1.94566345
1264,4,1.06470907,2.07480550
1265,4,1.07097781,2.25095320
1266,4,0.96506751,2.14873433
1267,4,0.91093171,2.38612103
1268,4,0.94730902,1.67258871
1269,4,0.96863574,2.13137150
1270,4,1.01400006,1.47354233
1271,4,0.85022628,2.32294822
1272,4,0.99965608,1.67896903
1273,4,0.95868134,1.86726606
1274,4,0.82376546,1.72924495
1275,4,1.01956165,1.68076992
1276,4,0.99173105,1.82817149
1277,4,0.95264316,2.54418945
1278,4,0.83364487,1.54208183
1279,4,0.88012904,2.32749844
1280,4,0.98830950,2.53077435
1281,4,0.81533426,2.44383216
1282,4,0.81438756,1.58501506
1283,4,0.90533090,2.30724239
1284,4,1.09084225,2.14600706
1285,4,0.79991120,3.38211083
1286,4,0.89381838,2.44589043
1287,4,0.99991018,2.15946341
1288,4,0.83990020,1.70003247
1289,4,1.20404029,2.72538209
1290,4,0.95724320,2.88849878
1291,4,0.92515373,2.39232063
1292,4,0.95550680,2.80046105
1293,4,0.94675660,1.67459393
1294,4,0.93645996,2.19490147
1295,4,0.93936944,2.41812158
1296,4,0.92502129,1.53142464
1297,4,1.00464201,2.85435081
1298,4,0.85420811,2.64589262
1299,4,0.98053664,2.02413368
1300,4,0.88321114,1.87459934
1301,4,0.92414463,2.09668231
1302,4,0.90830117,2.78106952
1303,4,0.88525891,2.67841029
1304,4,0.81775659,1.79626811
1305,4,0.85979545,1.14781415
1306,4,0.92661691,1.70835042
1307,4,1.13466907,2.96851158
1308,4,0.88021648,1.92629194
1309,4,0.83939338,1.62569714
1310,4,1.09314859,2.63047719
1311,4,0.97797978,2.08549595
1312,4,0.93137830,2.55640674
1313,4,0.68448687,1.51038623
1314,4,1.00603235,2.26038551
1315,4,0.85973513,1.74013186
1316,4,0.87592006,1.53845274
1317,4,0.98500061,1.87538397
1318,4,1.08753073,2.47335792
1319,4,0.82997119,1.86291373
1320,4,0.93748254,1.94875228
1321,4,0.91960835,2.75654268
1322,4,0.87159860,1.74280274
1323,4,0.75414896,2.03188229
1324,4,0.82529509,2.32603097
1325,4,0.84493780,3.09669995
1326,4,1.17521143,2.42243934
1327,4,0.92352885,2.28632617
1328,4,0.86520201,1.93192637
1329,4,0.96868014,2.61864781
1330,4,0.91905069,2.56351256
1331,4,0.94551301,1.89211893
1332,4,0.96883732,1.90692282
1333,4,0.80830604,1.86892474
1334,4,0.89495933,2.89841390
1335,4,0.86266583,1.62970448
1336,4,0.99921221,3.18991780
1337,4,1.09944606,2.17323542
1338,4,0.95784354,1.57953918
1339,4,0.82035202,1.87623167
1340,4,1.01036596,2.38050056
1341,4,1.13714242,3.72984385
1342,4,0.94716007,2.11544824
1343,4,1.04468834,2.34170818
1344,4,1.04807687,3.24802876
1345,4,0.95160401,1.70771194
1346,4,0.93716568,2.10849953
1347,4,0.97871321,1.90000963
1348,4,1.02998817,2.57816482
1349,4,0.99642718,1.92125511
1350,4,1.06518888,1.80834007
1351,4,0.94706815,2.54483938
1352,4,0.81870615,1.43317711
1353,4,0.95003712,1.61204433
1354,4,0.86414140,2.11834621
1355,4,0.91670477,2.71562314
1356,4,0.91446477,2.93392491
1357,4,0.90351760,1.74658728
1358,4,0.92514431,2.63578558
1359,4,1.03182411,2.27101278
1360,4,0.80670393,1.56613421
1361,4,0.95371747,1.88206065
1362,4,0.79134202,1.67719424
1363,4,0.88606215,1.56924748
1364,4,0.86795461,2.11466575
1365,4,1.09320307,2.15622330
1366,4,0.91291857,2.73058486
1367,4,0.67083067,2.68577218
1368,4,0.80925608,3.06527901
1369,4,0.96791458,2.07911873
1370,4,1.07475483,2.70060873
1371,4,0.90180159,2.71505117
1372,4,1.04637218,2.34539223
1373,4,0.99211740,3.02548480
1374,4,0.72942650,2.37633896
1375,4,0.74331373,1.65744662
1376,4,0.98211735,3.40288734
1377,4,0.77980590,3.55700088
1378,4,0.88219368,2.65327668
1379,4,1.02763319,2.97166824
1380,4,0.83483189,1.83212256
1381,4,0.93030763,1.95106649
1382,4,0.95854896,2.35374308
1383,4,0.88204271,1.92323136
1384,4,1.01553297,2.20782328
1385,4,1.07084978,1.66685879
1386,4,0.88613945,1.84608126
1387,4,0.91166395,2.81045151
1388,4,1.07545555,2.72865367
1389,4,0.73282838,1.39543927
1390,4,1.04272747,2.94527960
1391,4,1.00294662,2.85148787
1392,4,0.91945511,2.01288652
1393,4,0.98625034,2.01407194
1394,4,0.80198228,2.00665331
1395,4,1.07305312,2.16772103
1396,4,0.91653615,2.51564288
1397,4,0.90951592,3.03149939
1398,4,0.82813871,3.23636723
1399,4,0.72499597,3.10717440
1400,4,0.63846475,2.04696989
1401,4,0.97861791,1.96942127
1402,4,0.97574556,2.16960788
1403,4,0.92895365,2.47982621
1404,4,0.78272784,3.85871792
1405,4,0.89436686,3.08267212
1406,4,0.88475823,3.20641828
1407,4,1.04823875,2.38254261
1408,4,0.81450146,3.16745329
1409,4,0.81376034,2.30135155
1410,4,0.86677635,2.30822730
1411,4,0.88234621,2.75741124
1412,4,0.78887206,2.09184384
1413,4,0.91031176,2.01925182
1414,4,1.05403769,2.47153449
1415,4,0.91272348,1.73754430
1416,4,0.88668573,1.98625934
1417,4,0.72871006,2.10454440
1418,4,0.94681054,2.82862878
1419,4,0.95536947,3.23127246
1420,4,1.07981825,2.45529819
1421,4,0.85571337,2.13154984
1422,4,0.86777961,1.56041360
1423,4,0.84841615,1.83068407
1424,4,0.97316575,2.34419727
1425,4,0.88355029,2.07739997
1426,4,0.86843163,2.58789897
1427,4,0.98528826,2.29839134
1428,4,0.88753539,2.08644819
1429,4,0.91034055,1.72930622
1430,4,0.80341673,1.24965250
1431,4,1.02622676,2.78786373
1432,4,0.88917661,2.53139138
1433,4,0.96318930,2.80499434
1434,4,0.95025301,2.38514400
1435,4,0.82196540,1.95529962
1436,4,0.75359064,1.11945593
1437,4,0.79183006,1.56854343
1438,4,0.80308843,2.35848713
1439,4,0.81076413,3.41733623
1440,4,0.97326899,2.05047846
1441,4,0.80046010,2.23418760
1442,4,0.75718212,2.54902697
1443,4,0.92350072,2.21558356
1444,4,0.73248488,3.07763100
1445,4,0.88011694,1.82446384
1446,4,0.97557926,1.83817637
1447,4,0.68898088,2.19004989
1448,4,0.90229952,2.71644664
1449,4,0.66962034,1.77379167
1450,4,1.02695227,3.05341005
1451,4,0.91973817,2.11395001
1452,4,1.06638145,4.37602997
1453,4,0.94178158,3.35966349
1454,4,0.80601966,1.48319876
1455,4,0.87052965,2.09923911
1456,4,0.95906240,2.12046838
1457,4,0.96939820,4.53221560
1458,4,0.88532400,4.02579737
1459,4,0.81128478,1.99409592
1460,4,0.89403296,1.51021969
1461,4,0.88287735,2.62126327
1462,4,0.86056721,2.94163132
1463,4,0.96068603,3.18554425
1464,4,0.79052377,2.20059824
1465,4,0.76477933,2.20212126
1466,4,0.93164283,2.03737736
1467,4,0.82294923,2.21923804
1468,4,0.84964228,2.76331186
1469,4,0.80075800,1.58193767
1470,4,0.76236099,2.12113976
1471,4,1.04737318,2.99591827
1472,4,0.86526382,2.90101361
1473,4,0.98672009,1.76837051
1474,4,0.98310196,2.04541945
1475,4,0.93882340,1.96550083
1476,4,0.97451431,3.42178488
1477,4,0.92825663,1.71724379
1478,4,0.91971421,2.15028214
1479,4,0.86534256,3.34525347
1480,4,0.93892771,2.94435334
1481,4,1.00711405,2.80038500
1482,4,0.78498787,1.50572562
1483,4,1.03448558,2.04819107
1484,4,0.76069331,1.61748576
1485,4,0.85015190,1.88364542
1486,4,0.95067686,2.14621282
1487,4,0.87211174,1.49997115
1488,4,0.77871788,2.30465102
1489,4,0.72463107,2.26454735
1490,4,0.80400681,1.96411085
1491,4,0.83388782,1.92335236
1492,4,0.78107029,2.97661400
1493,4,1.04707527,2.50179100
1494,4,0.89396489,2.95120335
1495,4,0.84291935,1.93691313
1496,4,0.85135216,2.01330757
1497,4,0.79423857,1.59441733
1498,4,0.91931129,2.78565764
1499,4,0.93106210,2.74336576
1500,4,0.85256088,1.64710653
1501,4,1.06342268,2.23994255
1502,4,0.84795749,1.29162729
1503,4,0.83241403,2.82263827
1504,4,0.85460597,1.50120294
1505,4,0.94235748,1.53553045
1506,4,0.80949378,3.34546924
1507,4,0.70767224,2.11218882
1508,4,0.96277934,2.15944648
1509,4,0.90220708,2.46369910
1510,4,0.86931276,2.32708573
1511,4,0.89587581,2.85626841
1512,4,0.84573829,2.87889361
1513,4,0.94461834,3.04591012
1514,4,0.84911513,2.13383770
1515,4,0.89867622,2.38238573
1516,4,0.87910092,2.54231572
1517,4,0.99791193,2.15562773
1518,4,0.98617369,3.00148201
1519,4,0.82439923,2.00237870
1520,4,0.85742772,2.57798553
1521,4,0.87270308,2.27578568
1522,4,0.86531228,2.70412993
1523,4,0.95017254,3.30540919
1524,4,0.81913555,2.61923647
1525,4,0.88932371,2.91797709
1526,4,0.93355566,2.23286676
1527,4,0.78654051,3.33855796
1528,4,0.91187274,2.23742318
1529,4,0.82969141,1.75999606
1530,4,0.77698785,1.54898965
1531,4,0.76858580,2.86844134
1532,4,0.87727511,2.65990400
1533,4,0.98117042,1.58394909
1534,4,0.83609700,2.09552598
1535,4,0.77213347,1.98475099
1536,4,0.91021067,2.02834272
1537,4,0.88426006,2.29173470
1538,4,0.80803263,2.45488906
1539,4,0.85696006,2.31160569
1540,4,0.89663684,1.96198189
1541,4,0.86871040,1.82005775
1542,4,0.86852729,1.83000088
1543,4,0.88727808,1.99096119
1544,4,0.92433292,2.36720824
1545,4,0.85012841,1.86971748
1546,4,0.78992260,1.79478717
1547,4,0.76996970,1.86018586
1548,4,0.79462767,2.36162496
1549,4,0.90779334,2.29898930
1550,4,1.11496854,3.00538898
1551,4,0.79962790,1.98119974
1552,4,0.76999569,1.76931548
1553,4,1.02142227,2.79382205
1554,4,0.88146973,2.39488101
1555,4,0.92978472,2.96923757
1556,4,0.97140867,1.84753513
1557,4,0.81083238,2.28334856
1558,4,0.90417278,3.08538890
1559,4,0.87766224,2.86536288
1560,4,0.99022222,2.52255797
1561,4,1.02441049,2.20335293
1562,4,0.74398583,1.86085796
1563,4,1.11877418,3.82156301
1564,5,0.81977439,1.68538857
1565,5,0.87929523,1.92019248
1566,5,1.03340054,4.04487324
1567,5,0.95449460,2.21096754
1568,5,0.91733146,2.30404806
1569,5,1.01169932,4.04987764
1570,5,0.85088432,2.10140395
1571,5,0.77737999,2.20274305
1572,5,0.84412694,1.68493664
1573,5,0.88941288,2.47267818
1574,5,0.74883270,2.19954109
1575,5,1.07268274,2.69026303
1576,5,0.94513100,2.06773090
1577,5,0.73006326,1.40976632
1578,5,0.79089236,1.69791865
1579,5,0.78749210,2.88649559
1580,5,0.69103587,1.52883101
1581,5,0.85451555,2.29739475
1582,5,0.69114685,1.39146245
1583,5,0.76470065,1.58925354
1584,5,0.83865035,2.05272222
1585,5,0.72960627,2.22561097
1586,5,0.86184812,1.93458796
1587,5,0.68660152,1.67805004
1588,5,0.77245528,2.03574085
1589,5,0.84333360,2.20882964
1590,5,0.83907247,2.41450429
1591,5,0.72680175,2.40117574
1592,5,0.84348893,1.91363299
1593,5,0.74461550,2.94974303
1594,5,0.71655035,2.43301272
1595,5,0.94189346,1.91426551
1596,5,0.97750062,1.56449902
1597,5,0.72793591,1.69589102
1598,5,0.86862338,3.29616761
1599,5,0.90950322,2.34524918
1600,5,0.77303076,3.03369856
1601,5,0.76151389,1.62534797
1602,5,0.87801313,1.65547776
1603,5,0.93259752,3.05839753
1604,5,0.76491511,2.79806471
1605,5,0.79625380,1.32178867
1606,5,0.77327621,2.17794657
1607,5,0.82769001,2.15471458
1608,5,0.80398691,3.07798624
1609,5,0.71600389,1.73422265
1610,5,0.74467444,2.09996057
1611,5,0.73074925,3.05869269
1612,5,0.88971716,2.35788965
1613,5,0.73074073,2.86700463
1614,5,0.68256038,2.03283334
1615,5,0.94248796,2.83970690
1616,5,0.77766097,2.99646425
1617,5,0.77902257,2.72133183
1618,5,0.79706538,3.19532442
1619,5,0.73649180,2.02646589
1620,5,0.88936472,3.64354491
1621,5,0.88237250,2.44452596
1622,5,0.82415873,2.49682546
1623,5,0.71189201,1.99418271
1624,5,0.73452783,2.07200456
1625,5,0.84675825,2.06377363
1626,5,1.04047179,3.58192301
1627,5,0.80609167,2.93514490
1628,5,0.82671475,1.50084829
1629,5,0.93471450,3.67600656
1630,5,0.80750906,2.25072765
1631,5,0.80660415,1.50015366
1632,5,0.91227096,4.42827463
1633,5,0.76856792,1.60123742
1634,5,0.83886921,2.26546407
1635,5,0.87979317,1.61263013
1636,5,0.81181967,1.76410007
1637,5,0.72631598,1.93102157
1638,5,0.59264499,1.19241214
1639,5,0.78079772,1.56506479
1640,5,0.75083983,1.74109745
1641,5,0.68043053,1.50692403
1642,5,1.01784682,2.16427445
1643,5,0.78006017,2.20990491
1644,5,0.76219022,1.36924481
1645,5,0.84233189,2.35793734
1646,5,0.81857669,2.72326994
1647,5,0.70582950,1.73636925
1648,5,0.79203296,1.96446800
1649,5,0.77515399,1.89410651
1650,5,0.82665473,2.33129859
1651,5,0.83033150,1.44176352
1652,5,0.82683295,2.11653543
1653,5,0.83430302,2.87249207
1654,5,0.63251477,2.53378487
1655,5,0.73532134,2.28266120
1656,5,0.71218157,3.53597736
1657,5,0.83935100,2.03597856
1658,5,0.88064069,2.38531685
1659,5,0.77705300,2.00587416
1660,5,0.79939634,2.14383507
1661,5,0.65560228,1.42082763
1662,5,0.65734607,2.39690280
1663,5,0.76346910,1.84430742
1664,5,0.74131942,1.95177579
1665,5,0.86913860,2.94547009
1666,5,0.83538997,2.25479198
1667,5,0.97896844,3.06736660
1668,5,0.96660292,4.59789324
1669,5,0.73078907,2.49336624
1670,5,0.85678148,3.25662303
1671,5,0.92737639,2.41300058
1672,5,0.86708915,1.97558486
1673,5,0.90497601,3.86487198
1674,5,0.93852007,2.90772605
1675,5,0.63204932,1.65584719
1676,5,0.77300608,1.59995854
1677,5,1.09502769,2.11350846
1678,5,0.76327318,2.32998204
1679,5,0.80470222,2.42981744
1680,5,0.77418184,2.62783146
1681,5,0.87496865,1.76414084
1682,5,0.74238306,2.37872982
1683,5,0.78521514,2.08507562
1684,5,0.84555292,1.58336532
1685,5,0.84595424,2.11743903
1686,5,0.81352168,3.28263903
1687,5,0.83579695,2.89705610
1688,5,0.72461593,1.72129238
1689,5,0.71928835,2.05985236
1690,5,0.78715706,1.61226451
1691,5,0.73799324,2.36154246
1692,5,0.92836583,2.51130557
1693,5,0.82839644,2.73964715
1694,5,0.95208788,2.55663776
1695,5,0.58739865,2.13915730
1696,5,0.76848131,2.13371873
1697,5,0.70493847,1.57542288
1698,5,0.62479389,1.58223426
1699,5,1.00676703,2.71622586
1700,5,1.06248474,2.45445108
1701,5,0.89819038,3.79726338
1702,5,0.73325998,1.85271585
1703,5,0.86792636,2.38032722
1704,5,0.65431750,1.83933985
1705,5,0.86017495,2.31056666
1706,5,1.04337013,3.86926007
1707,5,0.85386688,2.35984612
1708,5,0.72822702,2.53139305
1709,5,0.76545876,2.77613568
1710,5,0.67138779,3.11300468
1711,5,0.61298370,1.71501744
1712,5,0.89356977,4.11792994
1713,5,0.82620227,1.85118198
1714,5,0.76383793,2.36060143
1715,5,0.78636134,3.21238708
1716,5,0.83145809,2.15334773
1717,5,0.91461635,2.46189189
1718,5,0.92502236,2.48211765
1719,5,0.78720248,1.68092787
1720,5,0.78541934,1.66894007
1721,5,0.76272285,2.04129624
1722,5,0.95480597,2.40819240
1723,5,1.03476620,2.96278691
1724,5,0.80870539,1.73709273
1725,5,0.93961561,1.85368741
1726,5,0.98128641,2.41714549
1727,5,0.89151680,1.65930474
1728,5,0.81925642,2.10985136
1729,5,0.72963440,2.55677938
1730,5,0.94944870,2.95733047
1731,5,0.81477922,2.01179051
1732,5,0.67582333,1.41949630
1733,5,0.80337161,1.91163361
1734,5,0.98957229,2.05359221
1735,5,0.66521603,1.67256927
1736,5,0.84478247,1.96645892
1737,5,0.90721923,2.30537152
1738,5,0.84846902,4.06247234
1739,5,0.98782277,2.53297210
1740,5,0.76239753,1.64578867
1741,5,0.70434940,1.94455409
1742,5,0.72380364,1.86263561
1743,5,0.83997691,2.63352585
1744,5,0.83322942,1.89816177
1745,5,0.72383511,2.13012338
1746,5,0.71972913,1.53202605
1747,5,0.98961908,3.07848477
1748,5,0.96205896,2.66085887
1749,5,0.67082202,1.65074599
1750,5,0.75044769,1.40843117
1751,5,0.63263279,1.97143388
1752,5,0.71789491,1.28462124
1753,5,0.82689542,4.37900257
1754,5,0.71742558,2.65090108
1755,5,1.15935290,2.64589524
1756,5,0.72176337,1.36550176
1757,5,0.77976537,2.95662451
1758,5,0.71635199,1.91524613
1759,5,0.84660673,2.73289561
1760,5,0.73492616,1.98618162
1761,5,0.82405508,2.35396647
1762,5,0.70259666,2.40529299
1763,5,0.85124737,2.41009521
1764,5,0.72467983,2.30294871
1765,5,0.66699886,2.78861547
1766,5,0.83761686,3.04106951
1767,5,0.79263747,1.99756289
1768,5,0.75122821,2.63315678
1769,5,0.73842472,2.47025180
1770,5,0.80261958,3.66526389
1771,5,0.76325339,2.73388577
1772,5,0.81625050,1.90866446
1773,5,0.77202237,2.52400756
1774,5,0.72074759,2.14867854
1775,5,0.94636703,2.65154362
1776,5,0.75263852,1.53919303
1777,5,0.76318038,1.36301351
1778,5,0.71844089,1.71083295
1779,5,0.95414495,1.56422615
1780,5,0.73477900,3.18952632
1781,5,0.77387691,2.49217105
1782,5,0.70931590,1.67111468
1783,5,0.80060989,2.41135335
1784,5,0.60680073,1.28043115
1785,5,0.77992332,1.37677646
1786,5,0.63410389,2.61168718
1787,5,0.90758121,2.44428110
1788,5,0.77696466,1.85547066
1789,5,0.58434606,1.51173258
1790,5,0.68898964,1.48625517
1791,5,1.04316235,4.37310266
1792,5,0.80749357,1.80227816
1793,5,0.84066701,1.67080712
1794,5,0.73762619,1.65746319
1795,5,0.92605168,2.57089162
1796,5,0.89138186,2.79127026
1797,5,0.77832639,2.83651972
1798,5,0.88272369,2.48442101
1799,5,0.89711744,2.27188277
1800,5,0.81289142,2.11397338
1801,5,0.78161561,2.04566574
1802,5,0.86418819,1.89508891
1803,5,0.76889765,1.88221252
1804,5,0.98803723,2.62164736
1805,5,0.92923021,2.38146114
1806,5,0.88552153,3.09339309
1807,5,0.93078125,2.25386071
1808,5,0.69665039,1.46651959
1809,5,0.76717198,1.57896686
1810,5,0.83606446,2.95470524
1811,5,0.66048658,1.31143785
1812,5,0.74232924,2.11163902
1813,5,0.71791279,1.47574401
1814,5,0.85451055,1.94029796
1815,5,0.83188021,2.33816099
1816,5,0.95554709,2.05648470
1817,5,0.72379577,2.24943089
1818,5,0.82009298,2.31770015
1819,5,0.71415555,1.44363749
1820,5,0.84726006,2.52582455
1821,5,0.80230236,2.86853504
1822,5,0.70728493,1.69850910
1823,5,0.71544659,1.80375242
1824,5,0.76390314,2.04864192
1825,5,0.86945963,2.57697272
1826,5,0.82124817,1.92863524
1827,5,0.72720516,1.69518638
1828,5,0.91261005,2.44457507
1829,5,1.05970669,2.79415822
1830,5,0.86702788,2.78251481
1831,5,0.69307619,1.96346748
1832,5,0.81203473,1.96350265
1833,5,0.83053315,2.80325937
1834,5,0.76519418,1.36148000
1835,5,0.63846493,2.03964233
1836,5,0.92089289,2.02705097
1837,5,0.75035483,2.76882577
1838,5,0.79603457,2.77239585
1839,5,0.66992265,1.39361751
1840,5,0.80702871,2.53656673
1841,5,0.84604943,2.93937922
1842,5,0.80126619,1.61703074
1843,5,0.72356594,1.91101503
1844,5,0.76011002,2.17624092
1845,5,0.74432266,2.81149769
1846,5,0.77143705,1.78455496
1847,5,0.90335250,2.55514216
1848,5,0.73679924,2.01458573
1849,5,0.84223074,2.02928901
1850,5,0.94172794,2.46529222
1851,5,0.94685173,1.83595228
1852,5,0.72842252,1.75863647
1853,5,0.85009336,1.87014735
1854,5,0.61960661,2.97269082
1855,5,0.61246139,1.57694161
1856,5,0.78122944,3.33860040
1857,5,0.78088766,2.22413540
1858,5,0.85674828,2.40908575
1859,5,0.66525882,1.96209776
1860,5,0.58886451,1.84148443
1861,5,0.70000672,2.05895782
1862,5,0.91410577,1.72984266
1863,5,0.96768081,3.01560974
1864,5,0.75587881,2.38267660
1865,5,0.79481846,2.13552952
1866,5,0.74689603,2.91999388
1867,5,0.70639771,2.73972058
1868,5,0.68050325,1.82040298
1869,5,0.63107282,1.85109901
1870,5,0.71339107,2.69720960
1871,5,0.76811779,2.83284235
1872,5,0.81681877,2.27984047
1873,5,0.86401165,2.35214281
1874,5,0.83343995,2.90170550
1875,5,0.77539724,2.54828858
1876,5,0.85972208,1.88918281
1877,5,0.67498142,2.27374864
1878,5,0.82278419,2.73350859
1879,5,0.81275958,1.56239629
1880,5,0.69825077,2.07538080
1881,5,0.85997534,2.12568283
1882,5,0.74903089,2.65682888
1883,5,0.94141817,3.07917261
1884,5,0.77672762,1.98403454
1885,5,0.67506337,1.83449817
1886,5,0.69836938,1.78823400
1887,5,0.74833035,2.36931562
1888,5,0.80437851,2.49570489
1889,5,0.66997373,1.67076576
1890,5,0.80676252,1.78666878
1891,5,0.67965275,1.59813738
1892,5,0.70946705,1.63989091
1893,5,0.71420503,1.52832222
1894,5,0.72937566,1.99151754
1895,5,0.69292700,1.66289937
1896,5,0.78355062,2.53725195
1897,5,0.66358608,1.96654093
1898,5,0.69770443,2.28082919
1899,5,0.68772644,2.37913418
1900,5,0.78727090,1.74117374
1901,5,0.69934767,1.94294775
1902,5,0.86413574,2.21276903
1903,5,0.75880378,1.97617030
1904,5,0.75313747,3.17210102
1905,5,0.87322205,2.38686800
1906,5,0.72836506,1.52101982
1907,5,0.78195870,2.42084169
1908,5,0.63072014,1.43336892
1909,5,0.88116038,1.99040806
1910,5,0.79079551,3.71471882
1911,5,0.67961788,1.91454983
1912,5,0.68089163,1.73038030
1913,5,1.01618350,2.76236486
1914,5,0.78268850,1.60059500
1915,5,0.67047381,3.24814820
1916,5,0.58176333,1.98726654
1917,5,0.70100409,2.02061963
1918,5,0.60625422,1.99660492
1919,5,0.77486014,2.27193642
1920,5,0.56841964,2.31582522
1921,5,0.76202458,1.97799659
1922,5,0.74886692,2.48858714
1923,5,0.85275948,2.30473804
1924,5,0.78111744,2.55582452
1925,5,0.83610386,2.22787881
1926,5,0.72372484,2.49190378
1927,5,0.84632117,1.99853718
1928,5,0.90643489,2.17668486
1929,5,0.59623289,1.83827925
1930,5,0.69471842,1.55840135
1931,5,0.92293751,1.91192842
1932,5,0.74670029,2.56511164
1933,5,0.87602943,3.37162089
1934,5,0.57287955,1.41728187
1935,5,0.69059610,1.82092679
1936,5,0.73347974,1.81091893
1937,5,0.72473371,1.91949189
1938,5,0.71659577,2.31538057
1939,5,0.75702870,1.91120327
1940,5,0.85064578,3.86159754
1941,5,0.77714449,2.28904271
1942,5,0.70269632,2.31606770
1943,5,0.61951417,2.00584579
1944,5,0.76534265,2.47722888
1945,5,0.63403380,1.59440899
1946,5,0.74022055,2.51656342
1947,5,0.87034738,1.71960282
1948,5,0.93297154,1.73354757
1949,5,0.79093456,1.73444450
1950,5,0.70417792,2.09904218
1951,5,0.67165786,3.22616100
1952,5,0.85118127,2.31934404
1953,5,0.75283003,1.62370253
1954,5,0.84955633,1.84880817
1955,6,0.75562358,2.08658743
1956,6,0.68935877,1.65070713
1957,6,0.80338967,2.69321728
1958,6,0.72261238,1.79389191
1959,6,0.71166092,1.87277532
1960,6,0.67645097,1.30249858
1961,6,0.76595473,1.76357114
1962,6,0.66345155,2.25447369
1963,6,0.72269499,1.77387452
1964,6,0.59661674,1.51802373
1965,6,0.62222278,1.89404213
1966,6,0.62369734,1.54917145
1967,6,0.74792928,2.26062179
1968,6,0.64942837,1.42088211
1969,6,0.84432137,2.99965787
1970,6,0.60216367,2.39825773
1971,6,0.96795022,2.71843171
1972,6,0.63911766,2.52607727
1973,6,0.67502296,1.98905146
1974,6,0.79924488,2.55185151
1975,6,0.70183843,2.63954735
1976,6,0.61525536,2.22403598
1977,6,0.66892433,1.50654507
1978,6,0.77922750,1.82174647
1979,6,0.78706712,2.22796917
1980,6,0.79951459,2.03944683
1981,6,0.70729607,1.52589583
1982,6,0.74335384,2.25651264
1983,6,0.61644435,2.03100061
1984,6,0.69815677,1.41421676
1985,6,0.68142486,1.63862300
1986,6,0.61051869,1.49220479
1987,6,0.69491690,1.44088864
1988,6,0.67931771,1.50164747
1989,6,0.71060967,1.64724314
1990,6,0.77343738,3.04859257
1991,6,0.73607284,2.32763481
1992,6,0.63752365,2.05235076
1993,6,0.72369468,1.64139998
1994,6,0.69775939,1.64511156
1995,6,0.63655555,1.61481404
1996,6,0.65523505,1.80865037
1997,6,0.78980917,1.78644693
1998,6,0.60179847,1.51379502
1999,6,0.88461155,2.20045853
2000,6,0.72238570,1.41590273
2001,6,0.54200864,1.72238231
2002,6,0.63734233,1.56459951
2003,6,0.69085324,1.44309056
2004,6,0.73295611,2.29401922
2005,6,0.69310617,2.40638113
2006,6,0.78396529,2.49114442
2007,6,0.58907306,1.88196981
2008,6,0.59033227,3.14203405
2009,6,0.74290836,4.40800095
2010,6,0.73606449,2.12875533
2011,6,0.60671097,2.70103455
2012,6,0.82539207,1.60921037
2013,6,0.85510957,3.81304789
2014,6,0.63417691,2.29650187
2015,6,0.69955468,2.25320888
2016,6,0.61206424,1.54606259
2017,6,0.77698827,1.88401747
2018,6,0.79298526,1.77634132
2019,6,0.60358936,1.68999338
2020,6,0.75497699,2.02107453
2021,6,0.70080221,2.97248816
2022,6,0.65587115,2.33622694
2023,6,0.59128821,2.15004563
2024,6,0.67989212,2.09144902
2025,6,0.77196562,1.70858705
2026,6,0.70768261,3.09627891
2027,6,0.71355391,3.03165388
2028,6,0.66802466,2.63823748
2029,6,0.76897794,2.27097893
2030,6,0.64801359,2.67029452
2031,6,0.69350219,3.07597804
2032,6,0.61042988,1.76105106
2033,6,0.80632716,1.93807793
2034,6,0.60732740,2.24972558
2035,6,0.69770098,2.33728266
2036,6,0.87671846,2.20684791
2037,6,0.57332873,1.62119877
2038,6,0.81519783,3.19659925
2039,6,0.73388469,1.79506385
2040,6,0.71944499,2.19721794
2041,6,0.72452688,2.25897503
2042,6,0.60438180,2.06651616
2043,6,0.64608741,1.81765735
2044,6,0.66433054,2.47149158
2045,6,0.78984010,2.02639461
2046,6,0.80715561,1.89351678
2047,6,0.68255448,2.07424212
2048,6,0.60452443,1.46736491
2049,6,0.78985554,2.02028275
2050,6,0.73367882,3.06688857
2051,6,0.64086121,2.51932144
2052,6,0.73984289,2.85244393
2053,6,0.71987879,2.04230595
2054,6,0.78981829,3.48458004
2055,6,0.71070343,1.84620345
2056,6,0.58368951,2.72629976
2057,6,0.56128412,1.90669656
2058,6,0.70871878,3.18600774
2059,6,0.81681430,3.32458091
2060,6,0.62404037,1.47271740
2061,6,0.78430939,2.48243928
2062,6,0.81856424,2.42903900
2063,6,0.63080823,2.41676760
2064,6,0.66315007,2.71927500
2065,6,0.72250056,1.93391812
2066,6,0.72553658,3.34072948
2067,6,0.92800975,1.90831017
2068,6,0.78492302,1.56717324
2069,6,0.76710659,3.11998010
2070,6,0.74142581,1.80395222
2071,6,0.69494832,1.98130441
2072,6,0.78592861,2.32872820
2073,6,0.70100498,2.01451135
2074,6,0.69332719,1.34076393
2075,6,0.79474342,2.01844478
2076,6,0.95252675,2.40375566
2077,6,0.76517105,1.95087552
2078,6,0.84130836,3.21648121
2079,6,0.61372954,2.37375069
2080,6,0.67947716,1.43065012
2081,6,0.64365906,1.85000253
2082,6,0.55517268,1.79357481
2083,6,0.72279030,1.59767675
2084,6,0.56916070,1.52013862
2085,6,0.86669296,1.86121666
2086,6,0.78843147,2.43227291
2087,6,0.79168630,3.00269485
2088,6,0.56226093,1.72296870
2089,6,0.80565053,2.17824936
2090,6,0.88386238,1.97260106
2091,6,0.66759634,2.63740396
2092,6,0.79809093,1.68906605
2093,6,0.76709825,2.48060608
2094,6,0.76073635,3.18086410
2095,6,0.69432580,1.76313972
2096,6,0.52539062,1.68495393
2097,6,0.82322675,2.08716464
2098,6,0.77782977,2.11768389
2099,6,0.67567754,1.34943902
2100,6,0.66511685,3.18712592
2101,6,0.80256462,2.25539446
2102,6,0.77450836,1.55993903
2103,6,0.70043385,1.70161760
2104,6,0.76146156,1.43830121
2105,6,0.73011249,2.20811319
2106,6,0.67140222,1.37651944
2107,6,0.59768009,2.01703119
2108,6,0.68687749,2.58477712
2109,6,0.84054244,1.81328475
2110,6,0.58133620,1.95029700
2111,6,0.81355387,2.05724716
2112,6,0.60486871,1.38500106
2113,6,0.80313200,3.02789569
2114,6,0.97290844,1.89139295
2115,6,0.67837250,2.13329792
2116,6,0.73054361,2.15006280
2117,6,0.81403327,2.45398593
2118,6,0.67986310,2.00447297
2119,6,0.65197515,1.66668177
2120,6,0.71585387,1.73513258
2121,6,0.76975119,1.69594955
2122,6,0.72674483,2.13919663
2123,6,0.83239496,3.10516214
2124,6,0.65729040,2.24210858
2125,6,0.69932443,2.03790975
2126,6,0.60374457,1.22853327
2127,6,0.80071688,1.85326898
2128,6,0.75426257,2.18815136
2129,6,0.71440959,2.01823211
2130,6,0.78548241,2.99013877
2131,6,0.69773197,2.18342733
2132,6,0.87445372,2.57703662
2133,6,0.84527171,2.06000042
2134,6,0.69832516,2.88729954
2135,6,0.68659401,1.91120815
2136,6,0.83724260,2.68056417
2137,6,0.56844330,2.57527614
2138,6,0.80290651,3.03320718
2139,6,0.91184169,3.34781289
2140,6,0.61616606,1.56374681
2141,6,0.55976790,1.31461537
2142,6,0.64253843,2.31483054
2143,6,0.73769855,3.34258103
2144,6,0.77416432,3.46833801
2145,6,0.82646620,2.76774859
2146,6,0.71878403,2.73535204
2147,6,0.69180793,1.96993148
2148,6,0.62686276,2.21903586
2149,6,0.66938335,1.56372464
2150,6,0.59947228,2.60374618
2151,6,0.83335137,3.70753217
2152,6,0.87071705,3.13491821
2153,6,0.69133896,2.67089939
2154,6,0.70085239,1.80977583
2155,6,0.80693287,2.71182084
2156,6,0.76269168,2.93919468
2157,6,0.70157617,3.43127775
2158,6,0.69868648,2.39718390
2159,6,0.73207247,2.49777603
2160,6,0.63157463,1.85143292
2161,6,0.72142661,1.85940719
2162,6,0.68766868,3.09815550
2163,6,0.83044910,2.19176197
2164,6,0.58894014,1.77269745
2165,6,0.66258037,1.76436388
2166,6,0.80111188,2.34345484
2167,6,0.67923105,2.35592031
2168,6,0.87224746,2.18733454
2169,6,0.73718488,1.92367065
2170,6,0.61115545,1.77222216
2171,6,0.68510818,1.92230022
2172,6,0.63423198,2.11137795
2173,6,0.74112076,1.89170480
2174,6,0.57706445,1.57095861
2175,6,0.64946294,1.92991006
2176,6,0.68034595,1.64414895
2177,6,0.57979715,1.66497838
2178,6,0.76674747,1.50419390
2179,6,0.74735206,3.13435769
2180,6,0.63842487,1.78384387
2181,6,0.63927078,2.56908131
2182,6,0.62273002,2.51231217
2183,6,0.58759153,1.98567164
2184,6,0.57007474,1.17287815
2185,6,0.77622783,1.70533037
2186,6,0.59595245,1.43231761
2187,6,0.59435570,1.67744386
2188,6,0.57052773,1.19447124
2189,6,0.62067831,2.37799215
2190,6,0.63738286,2.07731032
2191,6,0.66924763,2.09099746
2192,6,0.64996004,2.44581056
2193,6,0.66976780,2.34394550
2194,6,0.68396246,2.26831746
2195,6,0.52711922,2.34226036
2196,6,0.84366405,2.12118864
2197,6,0.74619067,2.78499866
2198,6,0.76518583,2.05639863
2199,6,0.55687761,1.80084765
2200,6,0.63690770,1.90457249
2201,6,0.76065212,2.70236015
2202,6,0.86520761,3.15850639
2203,6,0.77739429,2.38385653
2204,6,0.56712091,1.29196846
2205,6,0.82843953,3.66711998
2206,6,0.63159513,2.15015459
2207,6,0.73399353,2.24698472
2208,6,0.47826099,2.35488772
2209,6,0.76866955,3.41619945
2210,6,0.68904889,1.91942835
2211,6,0.74408710,1.74815357
2212,6,0.66084993,1.83323836
2213,6,0.67481226,2.46757960
2214,6,0.66358197,2.44566584
2215,6,0.78007257,3.47612381
2216,6,0.95757663,2.83063149
2217,6,0.56152958,1.99427116
2218,6,0.85106915,2.03326392
2219,6,0.65341830,1.92262173
2220,6,0.90224612,2.01885247
2221,6,0.95993268,2.62989807
2222,6,0.61221552,2.38103771
2223,6,0.80043620,2.33992696
2224,6,0.61237371,1.03718114
2225,6,0.75833690,2.30304456
2226,6,0.71128458,1.79328990
2227,6,0.88106453,2.34728003
2228,6,0.79414368,1.75894547
2229,6,0.56918859,1.64436913
2230,6,0.72694743,2.15332508
2231,6,0.99187320,2.21334791
2232,6,0.64175332,1.72358549
2233,6,0.75981021,1.81269169
2234,6,0.73968482,1.43690550
2235,6,0.51457775,1.87169945
2236,6,0.63787258,2.01474023
2237,6,0.50886798,2.58608031
2238,6,0.62576556,1.59454525
2239,6,0.62253529,2.68185043
2240,6,0.69817948,2.55518413
2241,6,0.74238932,3.01899433
2242,6,0.51857436,2.30587530
2243,6,0.68920815,1.98145676
2244,6,0.64819992,3.04179430
2245,6,0.54102427,1.63802207
2246,6,0.72854018,2.08514595
2247,6,0.64954567,1.95617008
2248,6,0.75217986,1.73993123
2249,6,0.75287175,1.98532379
2250,6,0.66388535,1.91938102
2251,6,0.78965735,2.65597105
2252,6,0.56995499,1.31233621
2253,6,0.76480591,2.44049239
2254,6,0.66552389,2.19044328
2255,6,0.81203234,1.64817441
2256,6,0.64395440,1.91535187
2257,6,0.77559763,1.88983572
2258,6,0.67043006,1.83625948
2259,6,0.65932786,2.78547859
2260,6,0.66212320,1.95488787
2261,6,0.58628595,1.44188571
2262,6,0.59317398,2.60872865
2263,6,0.59160477,1.77969193
2264,6,0.66759515,2.08421898
2265,6,0.58074290,2.07998300
2266,6,0.67796230,1.35808682
2267,6,0.82605195,2.19946790
2268,6,0.69326591,2.05623531
2269,6,0.63119304,1.34032905
2270,6,0.67240220,2.27753282
2271,6,0.57788837,1.28373682
2272,6,0.72871673,2.23274565
2273,6,0.73512012,1.58241832
2274,6,0.83568025,1.83931625
2275,6,0.58515513,2.01945138
2276,6,0.61443114,1.87615728
2277,6,0.59543109,1.96396554
2278,6,0.59010911,2.47143579
2279,6,0.62209320,1.67314434
2280,6,0.69665432,2.20083022
2281,6,0.54660559,1.62535918
2282,6,0.56907940,1.79790568
2283,6,0.53011930,2.40118146
2284,6,0.70945877,1.85135162
2285,6,0.67679596,2.44765878
2286,6,0.48559079,1.88994873
2287,6,0.56323200,2.29920030
2288,6,0.68827808,3.22164106
2289,6,0.63418740,2.07357073
2290,6,0.65881068,2.04556942
2291,6,0.75178504,2.50948954
2292,6,0.61681277,2.31481624
2293,6,0.82172215,2.76886845
2294,6,0.70031816,1.97891986
2295,6,0.64702731,2.42562175
2296,6,0.69435799,2.36905289
2297,6,0.52937478,1.89748645
2298,6,0.57368094,1.61961067
2299,6,1.00599599,1.83325660
2300,6,0.52319396,1.18632269
2301,6,0.66199929,2.13371468
2302,6,0.81375098,2.30362463
2303,6,0.77881938,1.97948182
2304,6,0.63162041,1.91846597
2305,6,0.65517807,2.58481836
2306,6,0.71724021,2.71425056
2307,6,0.64282489,1.45943606
2308,6,0.81538725,4.28527498
2309,6,0.55785453,1.90094101
2310,6,0.63454103,1.76438999
2311,6,0.84620076,1.58678830
2312,6,0.67391205,1.47280669
2313,6,0.62333715,1.68890584
2314,6,0.73019117,1.44092381
2315,6,0.61058593,2.68873572
2316,6,0.56528193,1.97937810
2317,6,0.64953101,1.55231440
2318,6,0.59010547,1.26973450
2319,6,0.86127752,1.91936827
2320,6,0.45961505,1.25554907
2321,6,0.53012848,2.31252265
2322,6,0.71377492,1.94709158
2323,6,0.61144161,2.07272291
2324,6,0.74942732,1.90503657
2325,6,0.75714004,2.15793061
2326,6,0.72223854,2.87881541
2327,6,0.64016187,2.46342659
2328,6,0.61898589,1.80488491
2329,6,0.61254042,1.59669673
2330,6,0.73962849,3.87383127
2331,6,0.80162513,2.19072342
2332,6,0.82904017,2.47602367
2333,6,0.62550730,1.53852069
2334,6,0.69309783,1.87104952
2335,6,0.65961599,2.21455193
2336,6,0.69878995,1.80924356
2337,6,0.57607841,2.23289299
2338,6,0.75185728,1.97753561
2339,6,0.69930398,2.26938367
2340,6,0.66010118,2.57882476
2341,6,0.69975400,1.62907612
2342,6,0.81741655,2.36018467
2343,6,0.92349005,3.22154450
2344,6,0.59682101,1.50508976
2345,6,0.71124965,2.09217024
2346,7,0.66748214,1.98131156
2347,7,0.66176456,1.94446862
2348,7,0.61158663,2.18848443
2349,7,0.66003561,2.58486724
2350,7,0.75841755,1.96938884
2351,7,0.47389963,1.50639176
2352,7,0.59739780,2.72282720
2353,7,0.60050136,2.56895900
2354,7,0.76276124,1.99710584
2355,7,0.72924650,2.82979512
2356,7,0.72157419,2.18145108
2357,7,0.50526381,2.16764832
2358,7,0.57040608,1.69929171
2359,7,0.58265531,1.90938795
2360,7,0.68611938,2.83123684
2361,7,0.67629480,1.37496531
2362,7,0.65276194,2.16946197
2363,7,0.62834752,1.41085231
2364,7,0.63361394,3.08394647
2365,7,0.48847747,2.09820390
2366,7,0.58811224,1.64758062
2367,7,0.63950205,1.94646478
2368,7,0.78559256,2.80592895
2369,7,0.49911922,1.38318419
2370,7,0.50857520,1.05624914
2371,7,0.62622911,2.07160139
2372,7,0.63527918,2.19188261
2373,7,0.61991715,4.32335234
2374,7,0.65651095,2.21761298
2375,7,0.71750689,2.61051011
2376,7,0.70029604,2.51421690
2377,7,0.57086402,1.78105509
2378,7,0.60083497,2.52899456
2379,7,0.63607764,2.33508372
2380,7,0.51943302,2.26905060
2381,7,0.53974622,2.50919175
2382,7,0.68520021,3.08072972
2383,7,0.78778040,2.64425349
2384,7,0.75013173,2.16921449
2385,7,0.69595301,3.01608849
2386,7,0.55260682,1.39647591
2387,7,0.62074566,2.77295947
2388,7,0.65679401,2.52660370
2389,7,0.66171426,1.39329457
2390,7,0.57688862,1.84862697
2391,7,0.62963128,2.12771344
2392,7,0.58839148,1.99815547
2393,7,0.50435752,2.31393528
2394,7,0.60024178,2.34532213
2395,7,0.60507727,2.44452119
2396,7,0.67646229,2.02806187
2397,7,0.73557943,1.47480679
2398,7,0.59856689,1.57563090
2399,7,0.70178449,2.62005877
2400,7,0.77686423,2.04196048
2401,7,0.69716454,3.21625304
2402,7,0.57494068,1.77171147
2403,7,0.69519508,1.79304838
2404,7,0.47338334,1.34612370
2405,7,0.52380109,2.32573247
2406,7,0.60116291,2.58609939
2407,7,0.56196356,2.40749645
2408,7,0.60538375,2.17153955
2409,7,0.87580967,4.25472689
2410,7,0.81857646,2.07808447
2411,7,0.78241110,2.06365466
2412,7,0.59568763,2.11252284
2413,7,0.60235292,2.05582905
2414,7,0.54750764,1.70292294
2415,7,0.71248376,2.70687199
2416,7,0.78816485,2.20923162
2417,7,0.68904871,1.91382611
2418,7,0.61557806,2.33186245
2419,7,0.66875958,2.36527610
2420,7,0.92337042,1.69508743
2421,7,0.67576975,2.24691248
2422,7,0.75346279,2.43866587
2423,7,0.54726839,1.78192317
2424,7,0.71936309,1.90769398
2425,7,0.64754432,1.99098063
2426,7,0.63748592,1.79448628
2427,7,0.65427208,1.99872458
2428,7,0.68639636,2.57418847
2429,7,0.65149575,1.56117713
2430,7,0.61069810,1.30281305
2431,7,0.58160931,1.18233275
2432,7,0.56991792,2.29577684
2433,7,0.64218879,1.83649158
2434,7,0.46701914,2.00917172
2435,7,0.75040030,1.38784432
2436,7,0.65133351,2.50856805
2437,7,0.56364340,3.60235095
2438,7,0.81312543,3.21930480
2439,7,0.52802527,1.98376048
2440,7,0.43280193,1.15951824
2441,7,0.53297520,2.32403159
2442,7,0.69163293,1.67637348
2443,7,0.67382026,2.21164942
2444,7,0.74122512,2.54683232
2445,7,0.56438482,2.47007775
2446,7,0.80369633,2.68541217
2447,7,0.58921766,2.30048752
2448,7,0.70918489,2.33189511
2449,7,0.68148834,1.64221513
2450,7,0.70137697,2.05536628
2451,7,0.63574690,1.89954317
2452,7,0.74044734,1.75715661
2453,7,0.56624347,2.14649534
2454,7,0.69947582,1.29203355
2455,7,0.54390192,2.04405832
2456,7,0.52797955,2.37357903
2457,7,0.67706144,2.46810317
2458,7,0.71626574,2.96991563
2459,7,0.64736116,3.54454350
2460,7,0.75859571,1.98333025
2461,7,0.57185900,1.68524134
2462,7,0.74034375,1.75669909
2463,7,0.76537383,1.67452908
2464,7,0.58751994,2.43612432
2465,7,0.74621117,2.25773859
2466,7,0.59940857,2.07418966
2467,7,0.67616594,1.52734613
2468,7,0.57944870,2.31136417
2469,7,0.60848522,1.39542687
2470,7,0.68477929,1.69857740
2471,7,0.80088323,2.55976892
2472,7,0.69500887,1.52753007
2473,7,0.65431738,2.48823833
2474,7,0.56810892,2.07146168
2475,7,0.61833644,3.01684189
2476,7,0.67000067,3.77000999
2477,7,0.59197879,1.84938145
2478,7,0.66823131,2.06639528
2479,7,0.62662303,1.37167764
2480,7,0.65173149,2.25739837
2481,7,0.73059499,2.32631183
2482,7,0.67292422,2.19537950
2483,7,0.69686043,2.03625822
2484,7,0.62662947,2.48868108
2485,7,0.59662133,3.03568220
2486,7,0.67359436,1.64431691
2487,7,0.75418854,2.21032524
2488,7,0.51862335,2.57603097
2489,7,0.69524336,2.46276116
2490,7,0.55911672,1.83546567
2491,7,0.48875359,1.69659078
2492,7,0.82449687,1.59237969
2493,7,0.85866928,3.55268049
2494,7,0.54016554,1.62538254
2495,7,0.66283476,1.98375690
2496,7,0.69658399,1.79632986
2497,7,0.70747399,1.53318131
2498,7,0.88004911,3.46256328
2499,7,0.56347936,1.60409105
2500,7,0.64535916,2.04336095
2501,7,0.68582249,2.77181816
2502,7,0.67949545,2.91421413
2503,7,0.54767066,1.93512857
2504,7,0.71438766,2.77803683
2505,7,0.63298905,2.54144502
2506,7,0.60947424,1.89397311
2507,7,0.56698918,1.33359277
2508,7,0.66039705,1.94690585
2509,7,0.66527593,2.50777984
2510,7,0.68598205,1.85555637
2511,7,0.61202449,1.81304491
2512,7,0.53719878,1.85192609
2513,7,0.52330023,1.64486635
2514,7,0.61592770,1.56830823
2515,7,0.76432663,2.23328400
2516,7,0.67655087,1.80465853
2517,7,0.79699492,1.95308077
2518,7,0.76773173,1.95424700
2519,7,0.65830278,1.91529536
2520,7,0.65823078,2.32300830
2521,7,0.62204033,1.98602509
2522,7,0.73667741,1.65459836
2523,7,0.73701680,1.88776851
2524,7,0.63463968,1.58736098
2525,7,0.59238887,1.45160198
2526,7,0.59398758,2.13363171
2527,7,0.65774804,1.33250260
2528,7,0.49458885,1.34895718
2529,7,0.67037231,1.95038950
2530,7,0.62901628,1.54568386
2531,7,0.59891868,1.34477007
2532,7,0.63555926,2.00726104
2533,7,0.45646235,2.57994771
2534,7,0.52647454,1.98010921
2535,7,0.64641458,2.17597055
2536,7,0.59431201,1.68531871
2537,7,0.64833730,3.07409835
2538,7,0.71284616,3.00948358
2539,7,0.69413483,1.85743976
2540,7,0.59179890,1.83166504
2541,7,0.69183928,1.58859205
2542,7,0.59887040,1.45745742
2543,7,0.57830703,1.67740011
2544,7,0.77747154,2.67602181
2545,7,0.56131595,2.04568863
2546,7,0.62891877,2.65277863
2547,7,0.73402822,1.90926909
2548,7,0.60345089,3.06644440
2549,7,0.67491663,2.97574186
2550,7,0.57121289,1.29095006
2551,7,0.65261137,2.06055379
2552,7,0.60612929,1.60063124
2553,7,0.67182964,2.28386068
2554,7,0.73571855,2.40807891
2555,7,0.67926919,2.11710620
2556,7,0.78341538,2.29106808
2557,7,0.55048126,1.60868239
2558,7,0.65388590,1.49788129
2559,7,0.54812837,1.60598564
2560,7,0.69955081,2.14828396
2561,7,0.53375030,1.61253798
2562,7,0.53804493,1.47556484
2563,7,0.57537669,2.10348201
2564,7,0.57200670,2.51434064
2565,7,0.55829430,2.18410254
2566,7,0.78065193,1.66286635
2567,7,0.56510687,1.73536050
2568,7,0.67074561,2.42351675
2569,7,0.70241570,1.85566580
2570,7,0.63703048,1.45020747
2571,7,0.63263100,3.03355360
2572,7,0.61701930,2.04548192
2573,7,0.59284270,1.65102565
2574,7,0.72708321,3.55562878
2575,7,0.54280305,1.83787382
2576,7,0.60300720,1.90061748
2577,7,0.65057957,1.84324050
2578,7,0.56879205,1.80878329
2579,7,0.66805351,2.44491410
2580,7,0.63756269,3.07759047
2581,7,0.52750695,1.95654929
2582,7,0.53153539,3.16183019
2583,7,0.38104081,2.26904154
2584,7,0.61757147,1.70405591
2585,7,0.64666867,1.39476120
2586,7,0.54126811,1.41066468
2587,7,0.89022279,2.83660460
2588,7,0.59215713,2.53895545
2589,7,0.51284802,1.92534137
2590,7,0.71195376,2.84297466
2591,7,0.79297912,2.00406003
2592,7,0.74523568,3.08009553
2593,7,0.70847452,1.86609352
2594,7,0.64566356,2.96126056
2595,7,0.50671089,1.70936906
2596,7,0.61795056,1.13048112
2597,7,0.49797735,1.64427519
2598,7,0.73346853,2.92028427
2599,7,0.57858276,2.26821089
2600,7,0.68605781,1.50492191
2601,7,0.67340648,2.05049014
2602,7,0.71187305,1.86887825
2603,7,0.49048790,1.33542097
2604,7,0.58120155,3.16206884
2605,7,0.67288810,1.69063711
2606,7,0.70329213,2.27706432
2607,7,0.50456405,1.81254327
2608,7,0.72803223,2.12862062
2609,7,0.65833843,2.01304126
2610,7,0.55522877,2.50382853
2611,7,0.54504275,1.44106901
2612,7,0.55945337,2.28758883
2613,7,0.84917068,2.97385430
2614,7,0.49208593,1.25225270
2615,7,0.69704568,2.44423866
2616,7,0.58127457,1.26696754
2617,7,0.68508053,2.07898831
2618,7,0.72552872,2.39361906
2619,7,0.73329723,2.20168233
2620,7,0.45789808,1.10508573
2621,7,0.72541595,1.86685193
2622,7,0.70677865,1.94079018
2623,7,0.67615259,1.74687684
2624,7,0.55858874,1.98129678
2625,7,0.55386329,1.71215749
2626,7,0.58127302,1.83235514
2627,7,0.54322481,2.67061257
2628,7,0.62763762,3.04576230
2629,7,0.73925030,2.61281562
2630,7,0.62816465,2.48584533
2631,7,0.78199625,1.49463606
2632,7,0.59965402,2.70048070
2633,7,0.76586878,1.50119412
2634,7,0.64066726,1.59338403
2635,7,0.61412895,1.82882941
2636,7,0.59603173,2.05936813
2637,7,0.62511396,1.78525591
2638,7,0.56062919,1.81425560
2639,7,0.51860547,2.32105279
2640,7,0.56037724,1.59505749
2641,7,0.58709621,1.78533387
2642,7,0.65284091,1.87722003
2643,7,0.48987156,1.76458061
2644,7,0.68388659,2.71981859
2645,7,0.45307773,1.37304640
2646,7,0.56377685,1.73810291
2647,7,0.67656612,2.00172496
2648,7,0.62666428,1.80571723
2649,7,0.62032259,1.96239638
2650,7,0.60851038,2.03766298
2651,7,0.53640962,1.73818207
2652,7,0.54382640,1.89436710
2653,7,0.72640586,2.32247138
2654,7,0.66148412,1.94934106
2655,7,0.55664051,2.90257454
2656,7,0.76500112,1.94574785
2657,7,0.50282335,2.67182422
2658,7,0.50926667,2.04100537
2659,7,0.56138253,1.42282987
2660,7,0.66330588,1.91617548
2661,7,0.53333819,2.70184779
2662,7,0.71704400,1.84682536
2663,7,0.55441993,1.93815005
2664,7,0.63359857,1.62291837
2665,7,0.56126630,2.50962520
2666,7,0.56448525,1.75730431
2667,7,0.67148846,3.19854832
2668,7,0.60834557,2.24939585
2669,7,0.73110056,2.36046195
2670,7,0.62326938,2.61208057
2671,7,0.51173139,1.66193426
2672,7,0.62256122,1.52680397
2673,7,0.55198628,1.62681079
2674,7,0.50575531,1.67872012
2675,7,0.60003769,1.97239637
2676,7,0.77056837,3.75451684
2677,7,0.57013071,2.31777692
2678,7,0.57424831,2.01328063
2679,7,0.57970250,1.77871573
2680,7,0.59051561,1.77688289
2681,7,0.49800870,1.95369995
2682,7,0.64276040,2.81356716
2683,7,0.54964077,2.17491007
2684,7,0.63797426,1.99365759
2685,7,0.46478251,1.49130821
2686,7,0.79567933,1.76374578
2687,7,0.60623300,2.11607313
2688,7,0.71271515,1.73092365
2689,7,0.68235981,2.02758670
2690,7,0.61581647,1.75149155
2691,7,0.68244159,1.76700723
2692,7,0.75076210,1.52285516
2693,7,0.66419744,2.09834695
2694,7,0.71389455,3.02070284
2695,7,0.55865967,2.40267730
2696,7,0.67212129,1.91031694
2697,7,0.62868631,2.06318665
2698,7,0.60843027,1.58099020
2699,7,0.70720375,2.12782502
2700,7,0.53278035,1.31547117
2701,7,0.50559711,1.30060780
2702,7,0.45148420,1.82371390
2703,7,0.64278448,1.81404924
2704,7,0.65606362,1.66447139
2705,7,0.53948796,1.53860879
2706,7,0.62198758,2.20414448
2707,7,0.52987587,1.36460972
2708,7,0.67480475,2.07470226
2709,7,0.48574358,2.89552355
2710,7,0.73126388,2.41023946
2711,7,0.62001234,1.72725940
2712,7,0.51566690,2.43175340
2713,7,0.56576872,1.55882537
2714,7,0.58624065,1.93743289
2715,7,0.69969690,3.46996212
2716,7,0.60725075,1.75444806
2717,7,0.55700541,1.81492710
2718,7,0.64881766,2.11939025
2719,7,0.43210685,1.38899100
2720,7,0.48656052,1.89045572
2721,7,0.56534523,1.83306801
2722,7,0.56054527,1.88479161
2723,7,0.77221525,1.70933688
2724,7,0.62371606,1.46836853
2725,7,0.61008596,1.87704480
2726,7,0.59517479,2.01000690
2727,7,0.55793035,2.84580064
2728,7,0.63463724,1.79774153
2729,7,0.48681146,1.24291873
2730,7,0.43236569,1.52521586
2731,7,0.75958145,2.00695610
2732,7,0.50099528,2.88626027
2733,7,0.54619533,1.92823458
2734,7,0.47774416,1.28794420
2735,7,0.54662913,2.17362094
2736,7,0.55632156,2.30728936
2737,8,0.62888181,1.63302791
2738,8,0.46435881,1.33677590
2739,8,0.61383349,2.44335604
2740,8,0.52930140,2.04552197
2741,8,0.47525674,2.00350022
2742,8,0.70553112,2.25082707
2743,8,0.51261842,1.24002266
2744,8,0.51810950,2.25592303
2745,8,0.46410805,1.43211913
2746,8,0.62066418,2.37900186
2747,8,0.50865012,2.65728641
2748,8,0.52560592,2.12279248
2749,8,0.66014171,2.83009481
2750,8,0.54004174,1.46996927
2751,8,0.62057483,2.41305232
2752,8,0.51564324,2.13233304
2753,8,0.62406266,2.60712910
2754,8,0.45506257,1.70721638
2755,8,0.57215273,2.18573427
2756,8,0.61002958,3.61533737
2757,8,0.48372501,2.07549691
2758,8,0.53910893,1.80030525
2759,8,0.59979081,1.57987761
2760,8,0.58469868,2.88270426
2761,8,0.69967723,2.44610286
2762,8,0.68178940,2.11117601
2763,8,0.46059090,1.27107823
2764,8,0.55328107,1.80889940
2765,8,0.62141705,2.01503325
2766,8,0.66289568,2.06366324
2767,8,0.44831705,1.40411317
2768,8,0.53837150,1.38183796
2769,8,0.56582910,1.73388708
2770,8,0.55104417,1.97003877
2771,8,0.53239310,1.34042013
2772,8,0.49527973,1.31281281
2773,8,0.44310644,1.49481773
2774,8,0.57453483,2.14023113
2775,8,0.61600810,2.65561223
2776,8,0.48419830,1.49644053
2777,8,0.64280605,1.73557889
2778,8,0.55600178,1.88581932
2779,8,0.50234985,1.65143657
2780,8,0.67627138,2.63112116
2781,8,0.61150157,3.29848790
2782,8,0.67843974,3.99081707
2783,8,0.62320185,2.87354445
2784,8,0.53962982,1.44152904
2785,8,0.41641703,1.45809865
2786,8,0.58636320,1.89504039
2787,8,0.53497803,1.30791533
2788,8,0.49816746,1.30024290
2789,8,0.51594335,1.36578858
2790,8,0.67112195,3.19843173
2791,8,0.56347799,2.98149872
2792,8,0.61055440,1.33316934
2793,8,0.55744874,2.09506559
2794,8,0.63064563,2.23310399
2795,8,0.51890308,2.20796466
2796,8,0.47047514,1.34249628
2797,8,0.68182379,1.78858936
2798,8,0.48738134,1.51094174
2799,8,0.65537465,2.61644316
2800,8,0.51076603,2.29868507
2801,8,0.46752059,1.86068630
2802,8,0.60422736,1.80830121
2803,8,0.58218634,1.85174286
2804,8,0.66366208,1.54222071
2805,8,0.56043971,2.32711840
2806,8,0.48133481,1.64319921
2807,8,0.58718193,1.59243250
2808,8,0.49897343,1.53325105
2809,8,0.50354362,1.60157788
2810,8,0.58761156,2.16105437
2811,8,0.80748785,2.37417603
2812,8,0.39288881,2.40736651
2813,8,0.55068791,2.23833942
2814,8,0.76037550,1.58462715
2815,8,0.59976137,2.17307639
2816,8,0.58311367,1.73624432
2817,8,0.61799097,1.81613874
2818,8,0.52989000,1.52591038
2819,8,0.56882405,2.12260747
2820,8,0.60430574,1.68198311
2821,8,0.56529701,1.66050553
2822,8,0.55487919,1.85955095
2823,8,0.50431830,1.88813627
2824,8,0.54877108,1.81745505
2825,8,0.55261755,1.44006491
2826,8,0.47360006,1.59746790
2827,8,0.56013519,2.30841160
2828,8,0.38916361,1.23574162
2829,8,0.62214112,1.97640502
2830,8,0.65875590,1.42545450
2831,8,0.59165108,1.57384777
2832,8,0.85940635,2.48022294
2833,8,0.63424873,2.28961682
2834,8,0.65283120,2.09196806
2835,8,0.61923754,2.05354118
2836,8,0.51567852,1.71889746
2837,8,0.59418505,1.56350589
2838,8,0.64199370,2.67386675
2839,8,0.59425414,2.39258146
2840,8,0.70673484,2.14779353
2841,8,0.49497867,1.53011107
2842,8,0.58243310,1.61626017
2843,8,0.49812695,1.71435523
2844,8,0.62450087,1.83323205
2845,8,0.78423667,1.77342474
2846,8,0.73741651,2.83257008
2847,8,0.52863157,2.09331918
2848,8,0.64915591,2.10560775
2849,8,0.63514197,1.58268654
2850,8,0.64640248,2.70836544
2851,8,0.53612363,3.27799749
2852,8,0.61476636,2.75782990
2853,8,0.56073511,1.69748402
2854,8,0.50548315,1.56779432
2855,8,0.54206824,1.73074687
2856,8,0.52140373,1.88606548
2857,8,0.84283060,4.84321022
2858,8,0.72489822,2.86341691
2859,8,0.68214107,2.25864387
2860,8,0.67431831,2.31407070
2861,8,0.57121289,1.60062325
2862,8,0.60137928,1.08776939
2863,8,0.70939720,3.09955597
2864,8,0.72436994,2.93185902
2865,8,0.55553335,1.33056951
2866,8,0.68256247,1.66560555
2867,8,0.69898987,4.20610237
2868,8,0.54234725,2.89978743
2869,8,0.82059586,3.28803205
2870,8,0.48342967,1.09668565
2871,8,0.68255353,2.60707211
2872,8,0.59242058,1.48273003
2873,8,0.72349626,2.10821795
2874,8,0.63818109,2.82863641
2875,8,0.62315100,1.52622390
2876,8,0.63310862,1.76932275
2877,8,0.48077881,1.51937783
2878,8,0.66036069,2.01869607
2879,8,0.51220918,1.75815356
2880,8,0.68600029,2.51116633
2881,8,0.60611475,2.08548021
2882,8,0.57214141,1.40488148
2883,8,0.64468372,2.15324378
2884,8,0.62036169,1.84148479
2885,8,0.79007506,2.46935296
2886,8,0.52479702,2.11389613
2887,8,0.49836260,2.32041764
2888,8,0.67545676,1.89923382
2889,8,0.56274050,2.33208394
2890,8,0.59865648,2.11007714
2891,8,0.41750523,1.85574901
2892,8,0.54819083,2.90442204
2893,8,0.57168812,1.50764620
2894,8,0.70357513,2.75201273
2895,8,0.54227066,1.59735310
2896,8,0.73747879,1.99526703
2897,8,0.58080482,2.04116297
2898,8,0.57307792,1.58555984
2899,8,0.69380808,1.89482892
2900,8,0.68184978,1.56096995
2901,8,0.50856012,1.97760713
2902,8,0.55107635,1.36269164
2903,8,0.49847820,1.72498500
2904,8,0.69101918,1.88642621
2905,8,0.58453995,1.55941892
2906,8,0.47455883,1.98665774
2907,8,0.49432898,1.51980782
2908,8,0.49855477,1.66847587
2909,8,0.38476837,1.09404981
2910,8,0.51183820,1.98545218
2911,8,0.60324770,1.67432642
2912,8,0.69797927,2.55923748
2913,8,0.52792299,1.74904108
2914,8,0.62219608,2.06177115
2915,8,0.75949329,2.02281594
2916,8,0.54228806,1.31166744
2917,8,0.45486230,1.79365063
2918,8,0.40787113,1.53668678
2919,8,0.63388407,2.75266480
2920,8,0.62108493,1.77242625
2921,8,0.63292867,2.68390751
2922,8,0.59213316,1.58427942
2923,8,0.51975048,1.44559026
2924,8,0.64950264,1.89182103
2925,8,0.55772126,1.75178671
2926,8,0.65442085,1.65903091
2927,8,0.56159997,1.80122054
2928,8,0.62939155,1.79828346
2929,8,0.55464083,2.56904149
2930,8,0.63359821,1.83807409
2931,8,0.73903477,3.60622215
2932,8,0.58531964,2.27216983
2933,8,0.59347916,1.88358915
2934,8,0.58714396,1.30877519
2935,8,0.47627753,2.08364153
2936,8,0.50385249,1.72009635
2937,8,0.53382444,2.37282181
2938,8,0.58464557,1.52754092
2939,8,0.43608391,2.32565689
2940,8,0.57640576,2.66975474
2941,8,0.50695670,1.85181642
2942,8,0.59470904,1.92972362
2943,8,0.54552209,2.01333547
2944,8,0.63295174,1.80074370
2945,8,0.60316050,2.01370406
2946,8,0.54628760,1.65015388
2947,8,0.56096727,2.14170480
2948,8,0.57046372,2.29642749
2949,8,0.50598168,2.25142789
2950,8,0.57925451,2.52557063
2951,8,0.53865731,1.86054230
2952,8,0.69354475,1.48883092
2953,8,0.46929681,1.76941991
2954,8,0.51421058,2.44945431
2955,8,0.49044564,1.99275923
2956,8,0.63581491,1.95765638
2957,8,0.55046874,1.41740572
2958,8,0.50937146,1.54839778
2959,8,0.44190902,2.07876801
2960,8,0.59481812,1.43974805
2961,8,0.45968831,1.94868314
2962,8,0.52302206,2.22328472
2963,8,0.49641097,1.03857982
2964,8,0.55055034,2.12042904
2965,8,0.56386858,1.40163314
2966,8,0.56853414,1.63316572
2967,8,0.62919879,3.21231747
2968,8,0.57034850,2.17465544
2969,8,0.56251770,1.61608434
2970,8,0.49759871,1.74784565
2971,8,0.72402841,1.64631510
2972,8,0.62979698,2.55016708
2973,8,0.66355783,2.02333188
2974,8,0.66002613,2.30326939
2975,8,0.54037094,2.73052287
2976,8,0.39707598,3.03250217
2977,8,0.55120701,1.59556222
2978,8,0.50255275,1.65267777
2979,8,0.45822209,2.26034141
2980,8,0.47300944,1.73991930
2981,8,0.47892788,1.55923378
2982,8,0.53671950,1.23596787
2983,8,0.46836504,2.63328218
2984,8,0.32216424,1.69629157
2985,8,0.66233814,2.70477486
2986,8,0.52124000,1.41904593
2987,8,0.52860677,1.55634117
2988,8,0.61180490,1.96482158
2989,8,0.66131240,1.50746310
2990,8,0.49385026,2.14531350
2991,8,0.49128360,2.01056433
2992,8,0.72552371,2.73892999
2993,8,0.49455422,1.85221863
2994,8,0.67369276,2.04316711
2995,8,0.53818935,1.50043988
2996,8,0.57997853,1.90965307
2997,8,0.56139362,2.00771904
2998,8,0.59635329,1.85703290
2999,8,0.65637469,1.56836808
3000,8,0.61275047,2.10247755
3001,8,0.61858666,1.55879784
3002,8,0.59041417,1.84732330
3003,8,0.66495615,1.95326388
3004,8,0.67888319,2.17945147
3005,8,0.57798094,2.39753866
3006,8,0.51360136,1.66298103
3007,8,0.53994524,1.20588267
3008,8,0.59966528,1.89203238
3009,8,0.55500662,2.16691971
3010,8,0.61678922,1.42594707
3011,8,0.45867968,1.34726906
3012,8,0.65375555,1.48231399
3013,8,0.56290239,1.42625320
3014,8,0.43305972,1.43755412
3015,8,0.57340586,1.35592997
3016,8,0.52944732,1.51400554
3017,8,0.44307098,1.22806156
3018,8,0.53355694,2.34052157
3019,8,0.55807692,1.39127207
3020,8,0.53186679,1.79213560
3021,8,0.53473270,1.61889529
3022,8,0.49654633,2.19065619
3023,8,0.55513650,1.87939644
3024,8,0.59377527,1.56694114
3025,8,0.76361239,2.27641439
3026,8,0.62676597,2.72970653
3027,8,0.51499021,1.92144072
3028,8,0.45631981,2.31557965
3029,8,0.62292719,1.80383408
3030,8,0.67615736,3.71090436
3031,8,0.52514660,2.28988957
3032,8,0.53952193,1.69795489
3033,8,0.53211808,1.88226593
3034,8,0.41256264,1.35484564
3035,8,0.62043214,1.18286216
3036,8,0.55959493,1.80002403
3037,8,0.44948077,2.38372493
3038,8,0.48015580,1.60467076
3039,8,0.53756583,1.69650054
3040,8,0.37596160,1.16663587
3041,8,0.74638724,3.19985652
3042,8,0.53615355,1.27837110
3043,8,0.63564938,2.03275895
3044,8,0.52226460,3.39517093
3045,8,0.56237268,2.90748739
3046,8,0.49576104,2.59341168
3047,8,0.42401820,2.50486088
3048,8,0.76578569,2.14227223
3049,8,0.60522819,4.09389019
3050,8,0.58723122,1.91874635
3051,8,0.63816160,2.49715877
3052,8,0.57045996,1.27410817
3053,8,0.42198122,2.07331800
3054,8,0.65962768,1.64839637
3055,8,0.56723261,1.33023882
3056,8,0.43357715,1.36214900
3057,8,0.54302537,3.26054406
3058,8,0.41468281,1.78800678
3059,8,0.53559411,2.40763879
3060,8,0.50838667,2.06512356
3061,8,0.43649650,1.42431819
3062,8,0.55546135,2.15120339
3063,8,0.95603800,3.36979008
3064,8,0.52804601,1.76396072
3065,8,0.50931960,2.65506196
3066,8,0.58953673,2.27608705
3067,8,0.54071414,1.22264576
3068,8,0.62732381,2.81336451
3069,8,0.63016522,2.52490616
3070,8,0.58925927,2.84123015
3071,8,0.56602383,1.38822460
3072,8,0.57542664,2.42292929
3073,8,0.61647987,2.20993829
3074,8,0.60453641,2.47108459
3075,8,0.48389906,1.39849830
3076,8,0.72642547,2.62348938
3077,8,0.53310633,1.60249698
3078,8,0.54164648,1.98722756
3079,8,0.33502752,1.79101634
3080,8,0.54965991,1.90612257
3081,8,0.54708064,2.28483057
3082,8,0.61433995,1.25385070
3083,8,0.54229134,2.20736718
3084,8,0.63760310,1.98194277
3085,8,0.50354815,1.68756926
3086,8,0.59649241,1.76073432
3087,8,0.77223653,2.10173345
3088,8,0.67193139,1.90198421
3089,8,0.40706077,1.20074773
3090,8,0.45532280,1.46285880
3091,8,0.51260382,1.46777010
3092,8,0.74854684,3.57663512
3093,8,0.47805709,1.53705823
3094,8,0.60041255,2.13019538
3095,8,0.71343064,2.45861959
3096,8,0.50364637,2.17376494
3097,8,0.60646307,2.39881873
3098,8,0.56340909,2.76304555
3099,8,0.53534824,1.37718105
3100,8,0.57972378,2.96722364
3101,8,0.60131025,1.37522376
3102,8,0.47092837,1.58459616
3103,8,0.63463426,1.78517258
3104,8,0.70609772,1.94129503
3105,8,0.65933806,2.50882244
3106,8,0.46046299,1.97497118
3107,8,0.54869163,2.53273439
3108,8,0.49214286,1.57054484
3109,8,0.60001844,2.12881589
3110,8,0.42374358,1.23253739
3111,8,0.51932180,1.40350175
3112,8,0.53859270,2.57881331
3113,8,0.59230888,1.46834385
3114,8,0.55513245,1.96006358
3115,8,0.65159011,2.67717552
3116,8,0.51010430,1.56508434
3117,8,0.55099767,2.29016399
3118,8,0.60729581,1.74234104
3119,8,0.61519814,1.98176801
3120,8,0.53278434,1.80791557
3121,8,0.72212118,2.16551757
3122,8,0.52624249,2.52686000
3123,8,0.44884959,1.77305079
3124,8,0.46495271,1.58126569
3125,8,0.55670869,1.60842717
3126,8,0.45523322,1.52696764
3127,8,0.54232222,2.13418102
3128,9,0.57336807,1.81471133
3129,9,0.40602484,1.33415830
3130,9,0.65712368,2.37327838
3131,9,0.49006301,1.64185560
3132,9,0.55943602,2.30719256
3133,9,0.41128182,1.60538352
3134,9,0.62127656,1.97251832
3135,9,0.47723868,1.63763011
3136,9,0.65062112,2.78948641
3137,9,0.57541907,1.81760669
3138,9,0.51313114,1.56141484
3139,9,0.45063826,1.60265350
3140,9,0.62761760,1.67838800
3141,9,0.42552978,1.93911660
3142,9,0.47801352,1.85910118
3143,9,0.51406467,1.79784763
3144,9,0.49711722,1.83466768
3145,9,0.49492723,1.90512991
3146,9,0.51709998,1.54572475
3147,9,0.38988900,1.49630034
3148,9,0.54748911,1.77396882
3149,9,0.54890734,2.05183697
3150,9,0.65204239,2.31923223
3151,9,0.62580061,1.83654904
3152,9,0.38681740,1.52181697
3153,9,0.43042260,1.36801755
3154,9,0.48363370,1.54633141
3155,9,0.52336049,1.92484832
3156,9,0.45054123,1.66292512
3157,9,0.50698066,2.05226016
3158,9,0.63288045,2.10331297
3159,9,0.48138583,1.95789814
3160,9,0.45528433,1.73615646
3161,9,0.78890073,3.05475998
3162,9,0.46030638,1.49431956
3163,9,0.43746287,2.28939033
3164,9,0.64541113,2.18668199
3165,9,0.52614987,1.86445951
3166,9,0.39935184,2.03989244
3167,9,0.55400866,1.52724445
3168,9,0.60110110,2.93086743
3169,9,0.38238209,2.13922071
3170,9,0.48797578,2.25267506
3171,9,0.66788709,2.50916719
3172,9,0.40101177,1.99064445
3173,9,0.44299191,2.20503139
3174,9,0.53666681,2.06055856
3175,9,0.58733910,2.20336246
3176,9,0.52008921,2.07215667
3177,9,0.47220859,2.24668622
3178,9,0.46084246,1.53678381
3179,9,0.53781611,1.69814754
3180,9,0.58884430,3.21556664
3181,9,0.46004373,2.47593427
3182,9,0.58305627,3.75923300
3183,9,0.51654893,1.28573382
3184,9,0.55516148,1.67840409
3185,9,0.39862490,1.50409901
3186,9,0.50079477,1.38218856
3187,9,0.41956764,1.58796632
3188,9,0.43010950,1.98853528
3189,9,0.67172086,2.75906110
3190,9,0.55650574,1.48587894
3191,9,0.60383397,1.97035241
3192,9,0.52135313,3.26169014
3193,9,0.41405937,1.83631885
3194,9,0.57769525,2.71848607
3195,9,0.43174154,1.95723689
3196,9,0.78619635,4.13260412
3197,9,0.42593458,2.11205602
3198,9,0.67981082,2.22804976
3199,9,0.57864839,3.02823067
3200,9,0.43495640,1.80121708
3201,9,0.52706432,1.74477160
3202,9,0.41848975,1.07730544
3203,9,0.50845844,2.31480670
3204,9,0.48297042,1.33928621
3205,9,0.51179576,3.01420498
3206,9,0.31867319,1.37213337
3207,9,0.56749225,1.96286082
3208,9,0.52312922,1.42435801
3209,9,0.50210243,1.30856168
3210,9,0.51621807,1.79420316
3211,9,0.51239395,1.94655311
3212,9,0.36890346,1.25494051
3213,9,0.44446677,2.01515341
3214,9,0.44425970,1.29215038
3215,9,0.51848304,2.25992370
3216,9,0.67632937,2.44275022
3217,9,0.55606854,1.61766756
3218,9,0.56188107,1.61609590
3219,9,0.52085114,1.41934335
3220,9,0.55020583,1.50608706
3221,9,0.55906379,2.03734708
3222,9,0.53091240,1.71426642
3223,9,0.53433096,1.88658285
3224,9,0.40599048,2.06069827
3225,9,0.56829947,1.34239912
3226,9,0.49742427,1.94474125
3227,9,0.71659076,2.28255653
3228,9,0.45482141,2.20345521
3229,9,0.50580275,1.44034195
3230,9,0.64165509,2.19832563
3231,9,0.74768281,2.31826973
3232,9,0.54429930,2.15434933
3233,9,0.49577540,2.96343541
3234,9,0.54785311,2.83660388
3235,9,0.54419035,2.61076188
3236,9,0.38707298,1.79742062
3237,9,0.48904604,1.20755458
3238,9,0.50099313,2.26118279
3239,9,0.45901516,2.15586972
3240,9,0.61093354,1.87357080
3241,9,0.59833962,1.30787325
3242,9,0.43620795,1.63980377
3243,9,0.44825363,1.66305375
3244,9,0.61733478,1.59872746
3245,9,0.62574077,1.94112813
3246,9,0.66607505,1.83742607
3247,9,0.43177441,1.43852639
3248,9,0.72548431,2.45416236
3249,9,0.47457203,1.18379688
3250,9,0.55754471,2.01926970
3251,9,0.47015530,1.59992123
3252,9,0.55077261,1.41305387
3253,9,0.60421032,2.11920500
3254,9,0.47309399,1.47267985
3255,9,0.54408252,1.65089607
3256,9,0.45118174,1.83326018
3257,9,0.45581615,2.15552831
3258,9,0.49506384,2.45482087
3259,9,0.47964162,1.73466110
3260,9,0.58763945,2.43367100
3261,9,0.52921700,1.78698874
3262,9,0.61405933,2.21792555
3263,9,0.73959750,2.02629566
3264,9,0.47799289,2.05792665
3265,9,0.53771007,1.29880917
3266,9,0.46591005,2.25287414
3267,9,0.49598277,2.04596686
3268,9,0.67896986,2.55278230
3269,9,0.64999998,1.89045978
3270,9,0.48900890,1.79282296
3271,9,0.49532405,2.41148496
3272,9,0.59718549,2.45497870
3273,9,0.50936311,1.68042624
3274,9,0.45432013,1.80160654
3275,9,0.53438628,2.11918306
3276,9,0.61918300,1.61801183
3277,9,0.59520626,2.22453690
3278,9,0.62930882,1.57680190
3279,9,0.49061266,1.72459316
3280,9,0.64460194,1.88096189
3281,9,0.52671194,1.78027070
3282,9,0.63453591,2.49054360
3283,9,0.69313669,1.70898044
3284,9,0.53578842,1.55083823
3285,9,0.63448322,2.31932926
3286,9,0.47625542,1.32338715
3287,9,0.57129782,1.24723184
3288,9,0.57542467,2.07464504
3289,9,0.57064909,1.80202043
3290,9,0.50095403,1.33761966
3291,9,0.51355183,1.76744831
3292,9,0.36565360,1.40705752
3293,9,0.40346354,1.48955595
3294,9,0.46212101,2.10749125
3295,9,0.63806641,2.12456346
3296,9,0.44526023,1.59800208
3297,9,0.49187258,1.55462182
3298,9,0.57921672,2.33006287
3299,9,0.57676977,3.30181217
3300,9,0.60706758,2.21908426
3301,9,0.50975627,1.67272890
3302,9,0.61618400,2.17561960
3303,9,0.52102256,2.04962230
3304,9,0.45308429,1.48522818
3305,9,0.64228654,2.30768156
3306,9,0.68981409,2.76459599
3307,9,0.56802011,1.86056376
3308,9,0.54796100,1.68289924
3309,9,0.41318360,1.45825732
3310,9,0.41813505,1.17645502
3311,9,0.50105703,2.81513047
3312,9,0.42193061,1.32644832
3313,9,0.41969752,1.36628842
3314,9,0.42118570,1.02871084
3315,9,0.59483635,2.26225829
3316,9,0.60284483,1.55026150
3317,9,0.50089115,1.96454704
3318,9,0.71966523,2.75550914
3319,9,0.55531490,3.20340395
3320,9,0.42136925,1.44041693
3321,9,0.55347663,1.61405957
3322,9,0.61271119,1.38732708
3323,9,0.52704155,2.28845239
3324,9,0.45896795,1.78525400
3325,9,0.52040702,1.77266228
3326,9,0.49625230,2.19118166
3327,9,0.59892821,1.29155385
3328,9,0.46050832,1.85659528
3329,9,0.59887767,1.67696452
3330,9,0.54036027,2.22007990
3331,9,0.45565701,1.65390313
3332,9,0.52185345,1.68248177
3333,9,0.43972203,1.67396820
3334,9,0.73177052,2.65266728
3335,9,0.59191620,2.02373505
3336,9,0.59212381,1.47359896
3337,9,0.54797781,1.17071748
3338,9,0.64918649,2.61983800
3339,9,0.46399820,2.00690031
3340,9,0.62942159,2.14719081
3341,9,0.56760728,1.41673183
3342,9,0.44376585,1.49404585
3343,9,0.47721511,1.89072514
3344,9,0.60519123,2.38462329
3345,9,0.53147221,1.78627896
3346,9,0.43242332,1.42853284
3347,9,0.55805302,1.37392974
3348,9,0.48298499,1.65505874
3349,9,0.51517349,1.25343359
3350,9,0.44395089,1.74827874
3351,9,0.48454890,2.20632815
3352,9,0.75596404,2.58175778
3353,9,0.49175972,2.43449736
3354,9,0.57709223,1.57933402
3355,9,0.50810653,2.07923341
3356,9,0.45533276,1.81328404
3357,9,0.53210139,2.44771814
3358,9,0.95205307,3.15385938
3359,9,0.38713837,2.47439146
3360,9,0.44881579,1.97983861
3361,9,0.61873472,2.58609223
3362,9,0.49174145,1.66327465
3363,9,0.55582494,1.64530528
3364,9,0.48121393,1.60062253
3365,9,0.45658854,1.61162496
3366,9,0.56215036,2.63691664
3367,9,0.45498860,1.42215025
3368,9,0.53505850,2.86622858
3369,9,0.51650006,2.24305511
3370,9,0.59883988,2.40824366
3371,9,0.60606730,2.61126995
3372,9,0.52834374,1.87221193
3373,9,0.60727143,2.27693200
3374,9,0.52144170,1.40488935
3375,9,0.49201691,1.59316933
3376,9,0.56648123,1.51053274
3377,9,0.48067147,1.57585967
3378,9,0.62247181,2.38468981
3379,9,0.46353632,1.20627594
3380,9,0.51254117,2.20019650
3381,9,0.47461647,1.73797190
3382,9,0.55355406,1.45342278
3383,9,0.54201889,1.53766191
3384,9,0.73980486,2.67099476
3385,9,0.61968434,2.49742675
3386,9,0.46212536,2.25561047
3387,9,0.49599063,1.91055679
3388,9,0.60831678,2.28717971
3389,9,0.48891038,1.53414047
3390,9,0.60802948,1.83814144
3391,9,0.54225600,1.68315077
3392,9,0.63155198,2.17363548
3393,9,0.38554436,1.84595466
3394,9,0.60168648,1.55291259
3395,9,0.61483753,1.78918743
3396,9,0.54982990,1.46423888
3397,9,0.65383041,2.79780674
3398,9,0.52283108,1.75397682
3399,9,0.50499916,1.64319909
3400,9,0.54801178,1.96405613
3401,9,0.59203380,1.36474419
3402,9,0.55382317,2.02112055
3403,9,0.46151629,1.47113359
3404,9,0.48728320,1.57898843
3405,9,0.55520928,1.90223396
3406,9,0.42234200,1.57571471
3407,9,0.44270039,1.91511965
3408,9,0.48954108,1.54285216
3409,9,0.39108711,1.42840040
3410,9,0.37186334,1.27678311
3411,9,0.63048959,2.44618535
3412,9,0.51678628,1.52950418
3413,9,0.49772802,1.37482595
3414,9,0.47531846,1.70466983
3415,9,0.48881719,1.92041862
3416,9,0.57680523,2.79817772
3417,9,0.44813645,1.75724685
3418,9,0.44565046,1.86878717
3419,9,0.33996654,1.21106374
3420,9,0.49404997,3.02314186
3421,9,0.60600621,1.87005365
3422,9,0.65685272,2.46508598
3423,9,0.41140366,1.35980070
3424,9,0.46745569,1.75048757
3425,9,0.54437101,2.00194669
3426,9,0.42971906,2.41117454
3427,9,0.47112563,1.72645056
3428,9,0.43883234,1.56527364
3429,9,0.46650583,2.01970959
3430,9,0.61042166,2.29835248
3431,9,0.49967641,2.02460814
3432,9,0.56671023,3.39424896
3433,9,0.37736639,2.19477820
3434,9,0.40559781,1.87258399
3435,9,0.51147097,1.38140643
3436,9,0.56437123,1.77793765
3437,9,0.57630938,2.12468100
3438,9,0.48679844,2.15848851
3439,9,0.43564275,1.54903173
3440,9,0.48168513,2.48363638
3441,9,0.47407249,1.41723764
3442,9,0.42904156,1.43577814
3443,9,0.54337025,1.87155437
3444,9,0.46088129,1.59992707
3445,9,0.65004194,2.02310872
3446,9,0.53409111,1.91648209
3447,9,0.46384725,1.54365981
3448,9,0.51897967,1.70888555
3449,9,0.61941636,1.67684186
3450,9,0.43886665,1.98973155
3451,9,0.49187160,1.14063203
3452,9,0.44801915,1.52465320
3453,9,0.64117002,2.90395188
3454,9,0.62652123,1.64081836
3455,9,0.48752776,2.22383332
3456,9,0.72526813,2.55641079
3457,9,0.57318974,2.20057797
3458,9,0.73077136,1.69777811
3459,9,0.46261904,2.35542655
3460,9,0.54637873,2.21597815
3461,9,0.43176296,1.72899652
3462,9,0.42929563,2.15050316
3463,9,0.49395120,1.38712597
3464,9,0.43689770,2.35045505
3465,9,0.57447875,1.37141466
3466,9,0.52739799,1.36168563
3467,9,0.68306661,2.01235795
3468,9,0.39510888,1.48191714
3469,9,0.49475676,2.03054070
3470,9,0.41808578,1.96064794
3471,9,0.57140481,2.14744043
3472,9,0.47981647,1.20334399
3473,9,0.58663189,1.52709198
3474,9,0.47649211,1.93130362
3475,9,0.60773826,1.99253416
3476,9,0.52925819,1.67395484
3477,9,0.45081910,1.30376732
3478,9,0.52486283,2.04781437
3479,9,0.40764812,1.72889662
3480,9,0.44927245,1.49967217
3481,9,0.53114653,1.85439038
3482,9,0.55543923,1.98760462
3483,9,0.53678173,1.95177698
3484,9,0.40406692,1.62254715
3485,9,0.52097386,1.53960156
3486,9,0.38619378,1.13689315
3487,9,0.40017664,1.03004134
3488,9,0.41154823,1.68032825
3489,9,0.56940663,1.76259744
3490,9,0.50968850,1.63492191
3491,9,0.48713717,2.03801513
3492,9,0.52793795,1.77301967
3493,9,0.59626782,2.05053926
3494,9,0.74460316,1.93611217
3495,9,0.37161657,1.11143649
3496,9,0.39675409,1.84946930
3497,9,0.56088603,1.80018425
3498,9,0.42623281,2.23966265
3499,9,0.67027479,2.27926898
3500,9,0.39556843,2.07062554
3501,9,0.46234494,1.96755004
3502,9,0.46372208,1.58500540
3503,9,0.33934018,1.16108084
3504,9,0.52866292,1.74622643
3505,9,0.70279378,2.81877446
3506,9,0.40066257,1.50843155
3507,9,0.37414110,1.72756684
3508,9,0.44418699,2.04311299
3509,9,0.44463915,2.24484420
3510,9,0.54565108,1.75375509
3511,9,0.60790372,2.69776678
3512,9,0.53313506,2.05171347
3513,9,0.58685184,1.66226804
3514,9,0.50956511,1.35404480
3515,9,0.43336022,1.81121778
3516,9,0.36029768,2.20964170
3517,9,0.39742675,1.31317484
3518,9,0.76742196,4.90569448
3519,10,0.34175494,1.37066090
3520,10,0.58832192,1.77471983
3521,10,0.37573659,1.65251112
3522,10,0.42140952,1.89849055
3523,10,0.52865994,2.63016081
3524,10,0.52595037,1.95813274
3525,10,0.65112162,2.55730605
3526,10,0.42235073,1.85728836
3527,10,0.47223213,1.90017617
3528,10,0.56343204,2.34586859
3529,10,0.54495835,1.46274030
3530,10,0.35315895,1.85391665
3531,10,0.63578641,1.99467576
3532,10,0.36477795,1.26869071
3533,10,0.42920652,1.99659550
3534,10,0.47520882,1.62189841
3535,10,0.53091228,2.26664352
3536,10,0.49554726,1.90055835
3537,10,0.37195921,1.80455530
3538,10,0.48748448,2.60318828
3539,10,0.42321235,2.41705036
3540,10,0.54922032,2.43392873
3541,10,0.42022264,1.41781735
3542,10,0.32819816,2.17140031
3543,10,0.57112026,2.62475991
3544,10,0.42119136,1.58223259
3545,10,0.44405159,1.34853601
3546,10,0.42047450,1.89010513
3547,10,0.39917368,1.38906550
3548,10,0.44872278,2.12826061
3549,10,0.47940749,1.94068551
3550,10,0.42465839,1.83788288
3551,10,0.41093588,1.29114056
3552,10,0.52927709,2.19734573
3553,10,0.46638760,2.22763944
3554,10,0.52043724,3.24083233
3555,10,0.49435666,2.38404083
3556,10,0.58564615,1.82852507
3557,10,0.44232166,2.15928340
3558,10,0.46966240,3.11776590
3559,10,0.36177963,2.15889430
3560,10,0.50667691,2.36609268
3561,10,0.32123712,1.36087930
3562,10,0.45998693,2.54511189
3563,10,0.37588313,1.14261806
3564,10,0.46146274,1.92934513
3565,10,0.53212130,2.66341996
3566,10,0.53245819,1.72273254
3567,10,0.51069230,1.72295415
3568,10,0.37770289,3.56624198
3569,10,0.36713377,2.25918579
3570,10,0.41323406,2.07047963
3571,10,0.50737691,1.55028760
3572,10,0.34421182,1.66137934
3573,10,0.58164990,2.06468630
3574,10,0.60010511,2.82283711
3575,10,0.39776999,1.78973234
3576,10,0.57875836,1.88893759
3577,10,0.47326255,1.27022946
3578,10,0.53787136,2.14785624
3579,10,0.46959573,2.28897929
3580,10,0.43514004,2.55500102
3581,10,0.40732807,1.33524776
3582,10,0.25726715,1.29930401
3583,10,0.41519111,2.07098031
3584,10,0.42606971,1.58095980
3585,10,0.40205932,1.54047251
3586,10,0.59403765,1.87017274
3587,10,0.40114072,1.80526888
3588,10,0.40402344,3.36448121
3589,10,0.52972806,2.43787694
3590,10,0.54772758,1.77206302
3591,10,0.59957546,2.10866690
3592,10,0.42814538,2.08541036
3593,10,0.36505154,1.44814897
3594,10,0.49309427,1.90768480
3595,10,0.58389449,3.61768508
3596,10,0.49762726,1.50550640
3597,10,0.35493094,1.32540572
3598,10,0.45205337,2.70934892
3599,10,0.37870628,1.71736789
3600,10,0.45269179,1.56314480
3601,10,0.43281591,1.33689833
3602,10,0.63293743,2.06934834
3603,10,0.43423271,1.83745635
3604,10,0.55617988,2.54775167
3605,10,0.44722748,1.92663312
3606,10,0.45699596,1.92313337
3607,10,0.49436834,1.83090127
3608,10,0.56171119,2.30150771
3609,10,0.38665354,1.34011650
3610,10,0.47145167,2.42498970
3611,10,0.35289770,1.55866027
3612,10,0.66064119,2.13382483
3613,10,0.47828737,2.62945008
3614,10,0.51278675,1.88170314
3615,10,0.44857463,1.91436315
3616,10,0.46660084,2.38494515
3617,10,0.41754416,1.68787527
3618,10,0.40423080,1.06175315
3619,10,0.37142539,1.84294987
3620,10,0.37835923,2.63681555
3621,10,0.44319627,1.52980888
3622,10,0.37763488,1.65440142
3623,10,0.47956920,2.33334589
3624,10,0.56543529,1.94664347
3625,10,0.51895893,2.15847898
3626,10,0.40190083,2.10225201
3627,10,0.48583901,1.30552959
3628,10,0.74387157,3.33420324
3629,10,0.55783695,2.32336903
3630,10,0.45179385,2.33819604
3631,10,0.53455722,2.36247563
3632,10,0.56146139,2.23642397
3633,10,0.56923729,1.74325669
3634,10,0.49038088,1.46009147
3635,10,0.46786714,1.41255617
3636,10,0.48206943,2.33957887
3637,10,0.34655663,1.28218937
3638,10,0.45806378,1.23027396
3639,10,0.37558490,2.23731232
3640,10,0.59152609,2.29787970
3641,10,0.46662542,1.84350955
3642,10,0.42273095,1.40019739
3643,10,0.52108514,1.89995551
3644,10,0.54711831,1.82015109
3645,10,0.50852615,1.60914505
3646,10,0.54622161,2.50846291
3647,10,0.46087140,1.92728114
3648,10,0.53644162,1.77340555
3649,10,0.50903028,2.60217237
3650,10,0.40432328,1.31503403
3651,10,0.39653835,1.58077824
3652,10,0.51936293,1.86328554
3653,10,0.38839215,1.77888548
3654,10,0.35339069,1.83612692
3655,10,0.39525375,1.65246975
3656,10,0.37853438,2.10879946
3657,10,0.53867400,1.56022549
3658,10,0.55233723,2.01075554
3659,10,0.53000492,2.05572391
3660,10,0.53762090,2.20317197
3661,10,0.51468182,2.00473571
3662,10,0.40357211,1.42879009
3663,10,0.50511426,1.56571662
3664,10,0.46559072,1.94241261
3665,10,0.38923895,1.28746796
3666,10,0.46008760,1.50382721
3667,10,0.61002082,1.80615473
3668,10,0.49208200,1.74707508
3669,10,0.49266508,1.90394056
3670,10,0.46226829,1.90430200
3671,10,0.58082891,2.33908153
3672,10,0.55898160,2.84453773
3673,10,0.41277146,1.49616396
3674,10,0.47427389,1.39144993
3675,10,0.55970931,1.64666498
3676,10,0.35608849,1.18804920
3677,10,0.59362942,2.31896186
3678,10,0.43010744,1.39922214
3679,10,0.52411819,2.04668045
3680,10,0.55866510,2.55869651
3681,10,0.46116543,2.17526770
3682,10,0.53976429,1.73845673
3683,10,0.39715701,1.43897510
3684,10,0.63656241,1.96799731
3685,10,0.53564054,2.25378680
3686,10,0.43874145,1.36748385
3687,10,0.44324020,1.20500958
3688,10,0.50299859,1.40467691
3689,10,0.40407199,1.20536911
3690,10,0.45768654,2.10180879
3691,10,0.39903194,1.67797625
3692,10,0.49535209,2.00510454
3693,10,0.46006450,1.63767123
3694,10,0.44789010,1.93286490
3695,10,0.46487704,1.97691524
3696,10,0.47436440,1.86498260
3697,10,0.48953557,2.11098433
3698,10,0.66396642,2.51215482
3699,10,0.50342876,1.64153886
3700,10,0.50242501,2.56145692
3701,10,0.51027322,1.34826171
3702,10,0.36601782,1.81969368
3703,10,0.44234928,2.03152704
3704,10,0.38589263,1.60157716
3705,10,0.53222543,1.71553338
3706,10,0.45357576,1.60786748
3707,10,0.41461855,1.41527951
3708,10,0.36553925,1.65519249
3709,10,0.55838668,2.05761003
3710,10,0.60889888,2.39562583
3711,10,0.36118478,1.66763926
3712,10,0.50079882,2.04022264
3713,10,0.47234923,1.89246559
3714,10,0.42357504,1.37211084
3715,10,0.63851756,2.07975602
3716,10,0.46155024,1.71963847
3717,10,0.49190530,2.79771280
3718,10,0.60932684,1.70889044
3719,10,0.48518625,1.84799790
3720,10,0.43686330,2.02921319
3721,10,0.38429236,1.25335658
3722,10,0.42307144,1.67994475
3723,10,0.35634440,1.36081040
3724,10,0.37103570,1.06015480
3725,10,0.41518718,1.53129208
3726,10,0.67027754,2.04543757
3727,10,0.37902841,1.27383721
3728,10,0.57923293,1.84963107
3729,10,0.46459115,1.70560467
3730,10,0.47307944,2.23366666
3731,10,0.43506688,1.65495276
3732,10,0.57560360,1.72635365
3733,10,0.26380301,1.74992836
3734,10,0.61677647,2.39414668
3735,10,0.30455446,1.08156252
3736,10,0.43509388,1.62257922
3737,10,0.48182547,1.76075315
3738,10,0.56161171,2.47225261
3739,10,0.37070656,1.60051727
3740,10,0.50256109,2.61238098
3741,10,0.50109166,2.47016287
3742,10,0.55461037,1.77010226
3743,10,0.46245980,2.00059867
3744,10,0.28577882,1.68110442
3745,10,0.55043334,1.88371658
3746,10,0.46765023,2.02335787
3747,10,0.42661083,1.39553213
3748,10,0.55799156,2.10485458
3749,10,0.59589833,2.03575993
3750,10,0.35876852,1.73599994
3751,10,0.38634902,1.52309704
3752,10,0.61658990,3.00658178
3753,10,0.50584668,1.83550465
3754,10,0.46640691,2.31668019
3755,10,0.53274274,2.13921857
3756,10,0.57432419,1.41126931
3757,10,0.38314545,1.41152155
3758,10,0.48630506,1.70044184
3759,10,0.32262474,1.05831540
3760,10,0.49560195,1.27019453
3761,10,0.48440605,1.74354994
3762,10,0.43073452,1.96480656
3763,10,0.43603370,1.70621037
3764,10,0.48672557,1.47036374
3765,10,0.44742024,1.49013305
3766,10,0.33597863,1.97566521
3767,10,0.50764906,1.64348364
3768,10,0.51248020,2.26771379
3769,10,0.81562716,2.41453862
3770,10,0.47519553,2.30594492
3771,10,0.49304479,1.27735889
3772,10,0.54011393,1.98681939
3773,10,0.42025399,1.19556689
3774,10,0.43026686,2.75787759
3775,10,0.57202232,1.79997540
3776,10,0.56048906,1.90998244
3777,10,0.49750787,1.92326725
3778,10,0.57731295,2.38450909
3779,10,0.51353031,2.34349012
3780,10,0.53465652,1.65840423
3781,10,0.48602584,2.25634599
3782,10,0.42156219,1.01809561
3783,10,0.56643718,1.84971774
3784,10,0.46303669,1.17491519
3785,10,0.45659608,3.28901267
3786,10,0.50243688,1.90050828
3787,10,0.48430508,2.53023648
3788,10,0.51214486,2.11628318
3789,10,0.63375282,2.69604158
3790,10,0.55909085,1.85639834
3791,10,0.42664537,2.00136352
3792,10,0.58593196,2.68007779
3793,10,0.44105476,1.51105404
3794,10,0.41777694,1.25053155
3795,10,0.53305817,1.41869855
3796,10,0.62417626,2.07716537
3797,10,0.37637740,1.34751236
3798,10,0.40326986,1.57534051
3799,10,0.61291754,1.69971609
3800,10,0.58259279,1.37622976
3801,10,0.36566752,1.47487342
3802,10,0.60915744,1.80715501
3803,10,0.43701354,1.32286739
3804,10,0.39651430,1.42983139
3805,10,0.55358040,2.82656312
3806,10,0.40267259,1.57218599
3807,10,0.51872396,1.43168592
3808,10,0.46981210,3.28965855
3809,10,0.51586139,3.32331014
3810,10,0.41783214,1.57023489
3811,10,0.44064033,3.22134995
3812,10,0.35249290,1.29164696
3813,10,0.39307222,1.81623793
3814,10,0.39703053,1.09792876
3815,10,0.59205848,2.07579279
3816,10,0.45082307,3.24652147
3817,10,0.47604051,1.61809564
3818,10,0.45984530,2.74868441
3819,10,0.43214214,1.66793346
3820,10,0.52224559,1.66975844
3821,10,0.61087543,1.95757163
3822,10,0.62865847,1.85006750
3823,10,0.54510748,1.78587341
3824,10,0.52527618,1.65689409
3825,10,0.37371761,2.45292115
3826,10,0.51642460,1.86246920
3827,10,0.44296309,1.49674487
3828,10,0.40368125,1.29771805
3829,10,0.46138734,1.15780878
3830,10,0.45736995,1.94366646
3831,10,0.49042380,2.31384349
3832,10,0.46733567,1.49315500
3833,10,0.40607101,2.30212045
3834,10,0.49250180,1.46682334
3835,10,0.50150913,1.63492811
3836,10,0.46268183,1.26889372
3837,10,0.53279877,2.15962577
3838,10,0.50497341,2.64402246
3839,10,0.48142731,1.30091476
3840,10,0.55712128,2.41169667
3841,10,0.55866408,1.55764663
3842,10,0.58136868,2.31494856
3843,10,0.41096580,1.40447748
3844,10,0.42807472,1.63710010
3845,10,0.38716522,1.54236710
3846,10,0.64383101,2.94818449
3847,10,0.52119815,1.66834438
3848,10,0.52878046,2.32366037
3849,10,0.42718160,1.98291540
3850,10,0.63028759,1.95412457
3851,10,0.51071298,1.83117664
3852,10,0.42549780,1.98900306
3853,10,0.51918519,2.18668723
3854,10,0.49103072,1.36521280
3855,10,0.44702363,2.16238403
3856,10,0.57871175,1.60292637
3857,10,0.44223100,2.00713229
3858,10,0.37286904,1.56006479
3859,10,0.31444114,1.11256337
3860,10,0.44597930,2.13382316
3861,10,0.54402328,1.83348143
3862,10,0.44843751,1.67115986
3863,10,0.46641129,1.87356520
3864,10,0.39107010,1.43811560
3865,10,0.38129318,1.15806270
3866,10,0.51066560,2.06660867
3867,10,0.41686511,1.81779444
3868,10,0.57017815,2.72346234
3869,10,0.60500240,2.28519154
3870,10,0.41384846,1.42667091
3871,10,0.54248595,1.78447366
3872,10,0.43524098,1.62357485
3873,10,0.35657996,1.27483726
3874,10,0.35319883,1.60086167
3875,10,0.50611597,1.81680608
3876,10,0.40648302,2.39121723
3877,10,0.41869682,2.41715860
3878,10,0.34202874,1.10022819
3879,10,0.56306714,1.79119551
3880,10,0.48672986,1.78900921
3881,10,0.51065934,2.39116216
3882,10,0.55105311,2.12028623
3883,10,0.67338002,1.83256483
3884,10,0.66757512,1.72533619
3885,10,0.46722576,1.75987244
3886,10,0.53831124,2.40197778
3887,10,0.53935933,2.61494184
3888,10,0.58531320,1.89730728
3889,10,0.50699061,2.41482472
3890,10,0.50518274,1.43904829
3891,10,0.51380146,1.27995670
3892,10,0.34138322,1.22291839
3893,10,0.48510796,1.80843890
3894,10,0.66542816,1.90842021
3895,10,0.63636601,2.58885670
3896,10,0.48688510,2.09338331
3897,10,0.55381495,1.80233443
3898,10,0.48502809,2.02459550
3899,10,0.39398998,1.82212842
3900,10,0.30968463,1.02638209
3901,10,0.38376343,1.77716529
3902,10,0.66602254,1.95444918
3903,10,0.29007679,1.17540908
3904,10,0.48146808,1.42523253
3905,10,0.37992084,1.39668810
3906,10,0.75218624,2.99496675
3907,10,0.50528103,2.10691929
3908,10,0.34339935,1.13709486
3909,10,0.43778402,2.05998135
3910,11,0.46070921,1.71901011
3911,11,0.42127579,1.54538691
3912,11,0.39828125,1.71900320
3913,11,0.38698441,1.73426068
3914,11,0.39349729,1.83081961
3915,11,0.53278840,3.10418367
3916,11,0.44809023,2.65598297
3917,11,0.34394690,1.58811677
3918,11,0.50720328,2.46622229
3919,11,0.35441220,1.60045552
3920,11,0.53281760,1.48222256
3921,11,0.49235633,1.69653261
3922,11,0.56294382,1.94665933
3923,11,0.44034135,2.41427946
3924,11,0.36332113,1.59507370
3925,11,0.42595318,1.56247354
3926,11,0.42050013,1.56477630
3927,11,0.38940871,2.27076316
3928,11,0.50442874,1.54274654
3929,11,0.71252185,4.04945469
3930,11,0.43495965,1.30172467
3931,11,0.39152640,1.35879898
3932,11,0.41318825,2.37584138
3933,11,0.43462268,2.39121056
3934,11,0.35523820,1.70557475
3935,11,0.42958423,2.84453821
3936,11,0.44809002,1.69548404
3937,11,0.53137040,2.96863842
3938,11,0.40520906,1.60433900
3939,11,0.47215745,2.45108533
3940,11,0.44462508,2.62871051
3941,11,0.43122131,1.74494135
3942,11,0.43020037,2.36593938
3943,11,0.69152236,2.56801486
3944,11,0.41052952,2.09147501
3945,11,0.64489001,2.00837898
3946,11,0.33735019,1.33102179
3947,11,0.42747253,1.25646162
3948,11,0.54144514,2.02133536
3949,11,0.43221498,1.59933472
3950,11,0.48826933,1.14845216
3951,11,0.54658759,2.61677098
3952,11,0.41674691,1.68816507
3953,11,0.45823199,2.14884162
3954,11,0.43168694,2.30887628
3955,11,0.54821742,1.25498450
3956,11,0.57287574,2.08918738
3957,11,0.45509046,1.72743034
3958,11,0.49893427,1.83528709
3959,11,0.52235490,1.67016315
3960,11,0.44279885,2.45171380
3961,11,0.42839500,1.87157238
3962,11,0.43518803,1.93114305
3963,11,0.48731709,1.43188787
3964,11,0.44075114,1.74841738
3965,11,0.33596087,1.18051612
3966,11,0.41627836,1.37878573
3967,11,0.49672964,1.62224483
3968,11,0.46109268,1.80034542
3969,11,0.31608540,1.22099328
3970,11,0.46545473,1.45080137
3971,11,0.39971983,3.00555182
3972,11,0.49182889,1.44647443
3973,11,0.24125862,1.18622625
3974,11,0.36219439,2.43245482
3975,11,0.50493157,1.74911940
3976,11,0.57893765,1.97763562
3977,11,0.51057142,1.29543781
3978,11,0.46138245,1.63420904
3979,11,0.54223776,1.62336588
3980,11,0.25139546,0.89077133
3981,11,0.39287484,1.40825105
3982,11,0.52219266,3.03762269
3983,11,0.55475754,1.91187179
3984,11,0.39538789,1.71485424
3985,11,0.43781334,1.98450720
3986,11,0.47054541,1.69971979
3987,11,0.29889503,1.46222079
3988,11,0.46740133,1.40851510
3989,11,0.38964841,2.09484386
3990,11,0.51411939,1.75292945
3991,11,0.51470590,2.31756139
3992,11,0.34805831,2.16243291
3993,11,0.41953680,1.92869055
3994,11,0.41461349,1.49414921
3995,11,0.41345042,1.66261530
3996,11,0.47902298,1.64060700
3997,11,0.43956232,2.19940925
3998,11,0.41400546,2.53392649
3999,11,0.59241176,2.63436699
4000,11,0.52113032,2.35965657
4001,11,0.33615908,1.01217639
4002,11,0.35091823,1.28933620
4003,11,0.54900467,2.64563298
4004,11,0.47134900,1.89232779
4005,11,0.40225273,1.70840836
4006,11,0.42635572,2.04677296
4007,11,0.44095701,1.76500607
4008,11,0.41591787,1.30508494
4009,11,0.43182039,2.00297427
4010,11,0.39214769,1.60704947
4011,11,0.62464631,2.55967975
4012,11,0.36333090,1.14437151
4013,11,0.55235445,1.74344051
4014,11,0.28583682,1.67647588
4015,11,0.50591892,2.02451086
4016,11,0.51408744,1.32727981
4017,11,0.45949528,1.56616759
4018,11,0.52713150,2.15437675
4019,11,0.48533642,2.51107264
4020,11,0.39761329,1.76867223
4021,11,0.41258407,1.92195249
4022,11,0.40301695,1.66041958
4023,11,0.41250312,1.85300541
4024,11,0.41195023,1.17956376
4025,11,0.41959319,1.21145999
4026,11,0.53330886,1.80921984
4027,11,0.52558422,1.56427681
4028,11,0.40192601,1.75315261
4029,11,0.42096069,2.40015054
4030,11,0.49629432,1.96320641
4031,11,0.53397059,3.13951802
4032,11,0.35451630,1.66781819
4033,11,0.45629469,2.12091851
4034,11,0.51906890,1.90886605
4035,11,0.46044838,1.19720864
4036,11,0.40118629,1.25127375
4037,11,0.47926170,2.07539964
4038,11,0.53187793,2.13611364
4039,11,0.55727959,2.00065970
4040,11,0.50852454,2.75415373
4041,11,0.38306725,2.13785505
4042,11,0.37582865,2.16121554
4043,11,0.50579363,1.92137229
4044,11,0.38810271,1.81403720
4045,11,0.61558110,2.57110620
4046,11,0.40096310,1.45310295
4047,11,0.47639287,2.54651904
4048,11,0.50747216,1.71559203
4049,11,0.41748667,1.27359402
4050,11,0.36692917,1.60472178
4051,11,0.54340631,1.56981480
4052,11,0.32482743,2.18066931
4053,11,0.51632315,1.88035226
4054,11,0.44138306,1.52295136
4055,11,0.36006141,1.70386088
4056,11,0.42658913,1.95949638
4057,11,0.41412574,2.93323445
4058,11,0.54769862,2.52769923
4059,11,0.50997609,2.20526981
4060,11,0.51517594,2.60786080
4061,11,0.40990764,1.14479208
4062,11,0.38940066,1.75825405
4063,11,0.38871199,1.97833431
4064,11,0.50228465,2.15196657
4065,11,0.61796659,1.46837544
4066,11,0.37733379,2.24219942
4067,11,0.31621388,1.70346653
4068,11,0.57746881,2.18224478
4069,11,0.54195511,2.63966823
4070,11,0.32055020,1.08668351
4071,11,0.31540716,1.66975808
4072,11,0.40543008,1.94934726
4073,11,0.43365574,1.70257282
4074,11,0.47948709,1.44339252
4075,11,0.64518654,1.89448118
4076,11,0.46788841,1.69176471
4077,11,0.49063572,1.91139507
4078,11,0.37614685,1.33705366
4079,11,0.49948087,1.99350715
4080,11,0.36613995,2.19125581
4081,11,0.54883766,1.72183859
4082,11,0.51673371,2.13451695
4083,11,0.35157031,0.97088873
4084,11,0.63334686,2.06098557
4085,11,0.48005593,1.74410462
4086,11,0.48190182,1.78714836
4087,11,0.41353142,1.62691629
4088,11,0.43880233,2.31471229
4089,11,0.37247366,1.76996887
4090,11,0.48076981,2.20479918
4091,11,0.34302300,1.29421830
4092,11,0.45109668,1.86728787
4093,11,0.50992793,1.51475382
4094,11,0.69532204,1.92602146
4095,11,0.52943015,2.24434686
4096,11,0.37752295,2.40079355
4097,11,0.61432594,2.34902573
4098,11,0.54774773,1.99394763
4099,11,0.32492903,1.35071218
4100,11,0.44948795,1.70430636
4101,11,0.47365671,1.46230435
4102,11,0.32800740,1.14293325
4103,11,0.39334095,1.77558208
4104,11,0.68521035,2.55552530
4105,11,0.42285216,1.22594976
4106,11,0.40996641,1.41769612
4107,11,0.55982602,2.62690854
4108,11,0.45081928,1.55890357
4109,11,0.54759336,1.50658202
4110,11,0.41551417,1.46190071
4111,11,0.44425404,1.53904378
4112,11,0.46651691,1.44841778
4113,11,0.32293004,1.73777354
4114,11,0.45502001,2.55749202
4115,11,0.54466438,2.10567904
4116,11,0.36374021,1.75601721
4117,11,0.36322433,1.91940129
4118,11,0.28186432,1.74172747
4119,11,0.41547611,1.81365788
4120,11,0.47007385,2.01123643
4121,11,0.32111722,1.80895424
4122,11,0.44026282,1.49665058
4123,11,0.68277854,1.90825188
4124,11,0.45534223,1.71741045
4125,11,0.41532338,1.83339429
4126,11,0.34971237,1.64499021
4127,11,0.45760363,1.88838828
4128,11,0.45827389,2.00421405
4129,11,0.44578394,2.40431547
4130,11,0.50080025,2.17069101
4131,11,0.38200468,2.05316401
4132,11,0.64028168,3.10298204
4133,11,0.33204716,1.41923070
4134,11,0.60695738,2.09423327
4135,11,0.46272126,1.83245397
4136,11,0.39282596,1.71268773
4137,11,0.30890739,1.24016893
4138,11,0.38187921,1.45853603
4139,11,0.45816496,1.21178687
4140,11,0.50325578,1.62253547
4141,11,0.46330380,1.26580465
4142,11,0.49656737,1.77553034
4143,11,0.36711350,1.42154598
4144,11,0.68306661,1.73361063
4145,11,0.41836092,1.23443604
4146,11,0.55780011,1.96788573
4147,11,0.31490329,1.13302565
4148,11,0.26820189,1.26192331
4149,11,0.51487577,1.80793059
4150,11,0.58867741,1.80012727
4151,11,0.34562165,1.33667076
4152,11,0.37692514,1.34503400
4153,11,0.49585661,1.43205822
4154,11,0.38394782,1.41127920
4155,11,0.33594215,1.96776438
4156,11,0.31801134,1.57454753
4157,11,0.34944189,1.40822577
4158,11,0.35216266,1.61886430
4159,11,0.29627389,2.35417771
4160,11,0.46386874,1.76175797
4161,11,0.37369823,1.75521064
4162,11,0.40430391,1.27284694
4163,11,0.46000901,1.69209969
4164,11,0.42403018,1.18219566
4165,11,0.33510271,2.61167407
4166,11,0.33769298,1.61468399
4167,11,0.41337895,2.69850731
4168,11,0.33342209,2.39172769
4169,11,0.56268895,1.76420391
4170,11,0.48780257,1.49224186
4171,11,0.63922608,1.77102137
4172,11,0.37701538,2.50667500
4173,11,0.49693814,1.64422309
4174,11,0.38533521,1.62334073
4175,11,0.40874201,1.10140836
4176,11,0.43722269,1.62449539
4177,11,0.44104272,2.04634762
4178,11,0.62621021,2.44911289
4179,11,0.40193361,1.58037782
4180,11,0.34975258,2.04889846
4181,11,0.44586480,2.31706190
4182,11,0.50275332,2.81467223
4183,11,0.37335947,1.51711643
4184,11,0.41881871,1.65415335
4185,11,0.45099732,2.54644847
4186,11,0.58232850,1.48926377
4187,11,0.49629036,2.22238398
4188,11,0.59717292,1.64581978
4189,11,0.37444538,1.39242816
4190,11,0.52480310,1.93701565
4191,11,0.38712269,1.37333882
4192,11,0.43527719,1.89085913
4193,11,0.49168777,1.74845040
4194,11,0.44279885,2.17741466
4195,11,0.29294398,2.00233245
4196,11,0.48597950,1.60161006
4197,11,0.46368060,2.40415859
4198,11,0.45523977,1.58920467
4199,11,0.39818057,1.07934833
4200,11,0.46888024,2.62285328
4201,11,0.46500921,2.10186124
4202,11,0.54045767,1.67836070
4203,11,0.58175361,1.94458497
4204,11,0.54642439,1.51161802
4205,11,0.58633208,2.53645158
4206,11,0.49040902,2.77017736
4207,11,0.37092444,1.58961737
4208,11,0.41305333,1.73938799
4209,11,0.41780555,2.09957433
4210,11,0.39176711,1.49681795
4211,11,0.41928506,1.80052543
4212,11,0.48203820,1.15192139
4213,11,0.40549466,1.44053948
4214,11,0.44552356,1.74906647
4215,11,0.45093220,1.96084416
4216,11,0.31526279,1.24974191
4217,11,0.35619110,1.63197052
4218,11,0.38553807,1.99324524
4219,11,0.48787016,1.57404482
4220,11,0.43987709,2.45576429
4221,11,0.55171371,1.75422013
4222,11,0.42071956,1.98516893
4223,11,0.61279088,2.07683706
4224,11,0.28535450,1.24873614
4225,11,0.35546592,1.65398061
4226,11,0.53082556,1.83691823
4227,11,0.48501202,1.89651752
4228,11,0.40167257,1.36033857
4229,11,0.57162547,2.39852619
4230,11,0.52853185,1.65110838
4231,11,0.53910923,1.74183023
4232,11,0.51066291,1.92937911
4233,11,0.27580336,1.56562185
4234,11,0.43172947,2.12072515
4235,11,0.38736773,1.85777032
4236,11,0.38705891,1.57295465
4237,11,0.36150271,1.73757195
4238,11,0.49636251,2.93851781
4239,11,0.38266620,1.53504121
4240,11,0.43186715,1.29908872
4241,11,0.31271076,0.90240794
4242,11,0.42088184,1.62128770
4243,11,0.49401912,1.71122169
4244,11,0.38078582,1.36322951
4245,11,0.34449878,1.47438455
4246,11,0.40473169,1.65954518
4247,11,0.43166435,1.50026441
4248,11,0.41494411,1.41520965
4249,11,0.49446061,1.80394733
4250,11,0.41144967,2.10293984
4251,11,0.58022892,2.66286016
4252,11,0.36976105,1.57267058
4253,11,0.48090565,1.46286011
4254,11,0.53725958,2.78618169
4255,11,0.49917600,1.44101107
4256,11,0.56469709,2.22780681
4257,11,0.45969069,1.33945000
4258,11,0.50289774,1.55755448
4259,11,0.48801303,1.72617245
4260,11,0.43849209,1.75152957
4261,11,0.41754359,1.73263967
4262,11,0.45808348,2.40894318
4263,11,0.62991607,1.88070416
4264,11,0.45563611,1.32435215
4265,11,0.47191840,2.19766688
4266,11,0.49085981,1.84151554
4267,11,0.34832489,1.73304164
4268,11,0.39217734,1.78595555
4269,11,0.34835011,1.07620788
4270,11,0.44123015,1.37255847
4271,11,0.44270688,1.59736419
4272,11,0.44089076,3.55694818
4273,11,0.47737792,1.85422277
4274,11,0.46753836,1.99508572
4275,11,0.57162184,1.84706581
4276,11,0.51422083,1.33242011
4277,11,0.37024242,1.74104762
4278,11,0.48325264,1.42224658
4279,11,0.41941833,1.46603024
4280,11,0.57568085,1.80850255
4281,11,0.58038783,1.89485264
4282,11,0.42416179,2.14954090
4283,11,0.49677783,2.19226050
4284,11,0.39403033,1.34821546
4285,11,0.48208618,2.42171097
4286,11,0.42186260,1.45643234
4287,11,0.40342009,1.40539420
4288,11,0.45225745,1.46254313
4289,11,0.51480377,1.93644822
4290,11,0.49233407,1.41580164
4291,11,0.40815634,2.07788467
4292,11,0.38349456,1.89007032
4293,11,0.40939713,1.37185287
4294,11,0.29146141,1.86712313
4295,11,0.41588306,2.21845126
4296,11,0.52898228,1.68866134
4297,11,0.51828647,1.55640161
4298,11,0.34947664,1.46218097
4299,11,0.49298859,2.23251534
4300,11,0.37189350,1.65157521
4301,12,0.45946765,1.68200243
4302,12,0.26524830,1.43303263
4303,12,0.40424699,2.63400316
4304,12,0.39241374,1.48573709
4305,12,0.51171595,1.56404030
4306,12,0.43015870,1.79011202
4307,12,0.43425417,3.69123197
4308,12,0.44018465,1.70645857
4309,12,0.58451104,3.48869610
4310,12,0.41549736,2.06033301
4311,12,0.48305842,2.27343130
4312,12,0.49295712,2.44467402
4313,12,0.37288570,2.21715736
4314,12,0.42771024,2.24337459
4315,12,0.26663753,1.22997689
4316,12,0.34162843,1.39330673
4317,12,0.41616294,1.76913023
4318,12,0.37683195,2.08016849
4319,12,0.48527437,1.67949259
4320,12,0.37257031,1.78707850
4321,12,0.31530678,1.47170269
4322,12,0.37605891,1.39419138
4323,12,0.39087370,1.79311800
4324,12,0.25701654,1.37034190
4325,12,0.45135882,1.63563430
4326,12,0.36389300,1.82252288
4327,12,0.45583624,1.41735864
4328,12,0.38031101,2.21603274
4329,12,0.54007131,1.61023617
4330,12,0.38525862,1.84295678
4331,12,0.52353227,2.58921528
4332,12,0.31954232,1.24536490
4333,12,0.58438456,2.29326177
4334,12,0.37445462,1.46619427
4335,12,0.59154016,2.46539164
4336,12,0.39271989,1.56160021
4337,12,0.37359288,1.94251728
4338,12,0.49366605,2.36053371
4339,12,0.54611468,2.15556002
4340,12,0.56564224,2.03858089
4341,12,0.40731823,1.99209058
4342,12,0.26836550,1.35059738
4343,12,0.40829945,1.23622131
4344,12,0.45108449,2.68970132
4345,12,0.33605862,1.99082303
4346,12,0.40655476,1.68028462
4347,12,0.45944679,1.76801145
4348,12,0.32888734,0.93375349
4349,12,0.41438445,1.28855646
4350,12,0.30107626,1.43325615
4351,12,0.39573607,1.52316737
4352,12,0.37273118,1.38438332
4353,12,0.42450801,1.87211287
4354,12,0.37265080,1.69944012
4355,12,0.33522400,1.23527503
4356,12,0.41434914,1.76447296
4357,12,0.27673817,1.43551111
4358,12,0.42207107,1.87195086
4359,12,0.41338083,1.51858711
4360,12,0.43151888,1.47515643
4361,12,0.29955980,1.42663217
4362,12,0.41541427,1.53670788
4363,12,0.40922123,1.44703174
4364,12,0.41150579,1.83366108
4365,12,0.59420747,2.01313329
4366,12,0.43308756,1.74918139
4367,12,0.52898687,2.28230309
4368,12,0.40733343,1.77418661
4369,12,0.45496184,1.52708745
4370,12,0.39450920,1.37970257
4371,12,0.30831930,1.50413489
4372,12,0.43380338,1.45866907
4373,12,0.37044039,1.18317544
4374,12,0.40331042,2.46888256
4375,12,0.33428693,1.86419594
4376,12,0.48382097,1.72621453
4377,12,0.42890030,1.26057076
4378,12,0.42831904,1.68089998
4379,12,0.33121079,1.02809441
4380,12,0.29030216,1.51733708
4381,12,0.39488363,1.97573996
4382,12,0.44969970,1.69354355
4383,12,0.57478023,2.10255337
4384,12,0.39084327,2.13838053
4385,12,0.35874468,1.27888644
4386,12,0.48348868,1.82518339
4387,12,0.35040528,1.62488353
4388,12,0.45735776,1.99536645
4389,12,0.38413265,2.11281371
4390,12,0.38837764,1.43768239
4391,12,0.63217795,2.74668527
4392,12,0.40257138,1.28925252
4393,12,0.33319974,1.41658938
4394,12,0.38292915,1.59137142
4395,12,0.49538234,2.07301927
4396,12,0.67225552,2.63363171
4397,12,0.38850313,1.48549008
4398,12,0.35049281,1.32017756
4399,12,0.43469262,1.55264521
4400,12,0.39669934,1.98799884
4401,12,0.46706170,2.24470353
4402,12,0.35756549,2.51368356
4403,12,0.39791209,1.58966959
4404,12,0.44494277,1.44960868
4405,12,0.36602512,1.62103438
4406,12,0.32291666,1.25962138
4407,12,0.49484533,2.27795959
4408,12,0.47414687,2.00146508
4409,12,0.53460068,2.14641500
4410,12,0.37728283,1.39457011
4411,12,0.41476721,1.26995444
4412,12,0.36479348,1.99101543
4413,12,0.38208255,1.94451058
4414,12,0.45931932,1.59909391
4415,12,0.39104888,2.07198524
4416,12,0.37359270,1.67638469
4417,12,0.34255120,1.81829751
4418,12,0.37524432,1.25344741
4419,12,0.67815393,1.89938581
4420,12,0.45432901,1.69454896
4421,12,0.46781573,1.79672432
4422,12,0.45793822,1.45255935
4423,12,0.39355117,2.06495476
4424,12,0.31957623,1.43223953
4425,12,0.40713131,1.68571997
4426,12,0.46720186,1.57508814
4427,12,0.32924682,1.76117837
4428,12,0.39997041,1.47598600
4429,12,0.46968544,1.57993972
4430,12,0.43330565,1.67622602
4431,12,0.35314119,1.09698212
4432,12,0.40221938,1.37327731
4433,12,0.49779940,1.31567669
4434,12,0.64446163,2.20643902
4435,12,0.24127075,1.44309676
4436,12,0.36726564,1.69477057
4437,12,0.37344724,1.53327453
4438,12,0.43876278,1.35105491
4439,12,0.49963954,1.88869858
4440,12,0.29551238,1.49857831
4441,12,0.34044746,2.20055223
4442,12,0.31653064,1.33738136
4443,12,0.38031167,1.74096394
4444,12,0.52672988,1.77047837
4445,12,0.27489859,1.96803188
4446,12,0.46326986,1.98440933
4447,12,0.37410945,2.19337749
4448,12,0.42398754,1.74870086
4449,12,0.41727400,1.84454215
4450,12,0.45972240,2.89938307
4451,12,0.34867603,1.65806282
4452,12,0.44522557,2.17718840
4453,12,0.41828310,1.20050478
4454,12,0.47902638,2.35014868
4455,12,0.37122416,1.63924825
4456,12,0.33188289,2.07689309
4457,12,0.28757063,1.37202156
4458,12,0.40293977,1.33029270
4459,12,0.47051388,1.79616642
4460,12,0.51480532,2.02850890
4461,12,0.36288854,1.77737474
4462,12,0.39793053,1.67258322
4463,12,0.30895203,2.53231335
4464,12,0.52796066,2.02791667
4465,12,0.37804419,1.75767350
4466,12,0.52795905,3.17517757
4467,12,0.47238111,1.82036853
4468,12,0.46559918,1.96044707
4469,12,0.47165316,2.67126155
4470,12,0.32582867,1.00370431
4471,12,0.29922402,1.30228424
4472,12,0.31152117,1.64751267
4473,12,0.55538976,1.90362108
4474,12,0.31315148,0.98795807
4475,12,0.42140353,1.74742818
4476,12,0.64254415,3.10320306
4477,12,0.29024857,1.41962326
4478,12,0.37904814,1.48485017
4479,12,0.49695939,1.67584217
4480,12,0.36900371,1.09053707
4481,12,0.61984396,1.59657991
4482,12,0.53075773,2.52267909
4483,12,0.42894006,1.28146112
4484,12,0.40347546,1.45203161
4485,12,0.44072700,1.76237488
4486,12,0.52854300,1.69734061
4487,12,0.33998868,1.86174071
4488,12,0.38047707,1.30295432
4489,12,0.33413434,1.18191624
4490,12,0.45655498,2.13073874
4491,12,0.51549214,1.69074821
4492,12,0.49560821,2.85763979
4493,12,0.30440843,1.24182880
4494,12,0.32134354,2.23919678
4495,12,0.35382026,1.71632862
4496,12,0.40006077,1.61633384
4497,12,0.42118168,1.70170319
4498,12,0.45575076,1.97603321
4499,12,0.51532650,2.09832430
4500,12,0.46612543,2.19499516
4501,12,0.30780679,2.05767560
4502,12,0.49189627,2.31486440
4503,12,0.38571256,2.08112049
4504,12,0.49010551,1.63214064
4505,12,0.38452947,1.69876659
4506,12,0.43790847,2.82987475
4507,12,0.50943196,3.46157241
4508,12,0.39825803,2.02638459
4509,12,0.28504533,1.63522243
4510,12,0.42436808,1.87960613
4511,12,0.33328173,2.71996284
4512,12,0.33393890,1.45254576
4513,12,0.47630107,3.34799957
4514,12,0.57857347,2.16855264
4515,12,0.36459377,1.96252203
4516,12,0.48967603,2.28178334
4517,12,0.23824452,1.54308856
4518,12,0.43768972,2.62591553
4519,12,0.58579433,3.19116592
4520,12,0.50890237,1.57661366
4521,12,0.39527118,1.58074164
4522,12,0.46229744,2.46976161
4523,12,0.59288633,2.09936833
4524,12,0.42282352,1.98662198
4525,12,0.52338117,2.52305341
4526,12,0.32952830,1.50450945
4527,12,0.46104619,2.45526004
4528,12,0.47551537,1.21236670
4529,12,0.57335818,1.88523781
4530,12,0.39832181,1.46868265
4531,12,0.42908260,1.33192921
4532,12,0.48375171,2.02555466
4533,12,0.41199353,1.60163391
4534,12,0.34939775,1.18115258
4535,12,0.39286834,1.36793005
4536,12,0.34337175,1.46844161
4537,12,0.40394184,1.90664423
4538,12,0.39522183,1.57785702
4539,12,0.47259915,1.60995471
4540,12,0.49498528,2.36208510
4541,12,0.39107645,1.12334168
4542,12,0.46463394,1.81790495
4543,12,0.40223461,1.75106370
4544,12,0.44831020,2.15538788
4545,12,0.39824653,1.98600459
4546,12,0.41631705,1.76806808
4547,12,0.36027092,1.24463022
4548,12,0.36767620,1.65596533
4549,12,0.43806380,1.63938057
4550,12,0.44110155,1.45395327
4551,12,0.51514781,2.03222942
4552,12,0.46698007,1.53442705
4553,12,0.46402800,2.56836033
4554,12,0.27206641,1.15539920
4555,12,0.54186881,1.59261465
4556,12,0.38014176,1.39188194
4557,12,0.48855183,1.32780313
4558,12,0.32493412,1.64513469
4559,12,0.49936563,1.87957203
4560,12,0.38850835,1.40003097
4561,12,0.37640131,1.20333266
4562,12,0.40697575,1.67176509
4563,12,0.46855032,1.81973493
4564,12,0.52076113,2.30950117
4565,12,0.46806997,1.69268823
4566,12,0.40928274,1.40843844
4567,12,0.29900515,1.48521376
4568,12,0.46132308,1.44912648
4569,12,0.43628284,1.54577935
4570,12,0.51379442,1.71983147
4571,12,0.41219717,2.75173020
4572,12,0.46236694,1.45961690
4573,12,0.54356122,2.55024123
4574,12,0.29918039,1.43646312
4575,12,0.48059112,2.70879149
4576,12,0.31456864,1.55155504
4577,12,0.42468649,2.34146285
4578,12,0.50644344,1.99676704
4579,12,0.37510985,1.88254201
4580,12,0.41620082,1.15773094
4581,12,0.47963405,1.23700118
4582,12,0.34145799,1.52826285
4583,12,0.42763084,1.38628495
4584,12,0.46438667,2.74017811
4585,12,0.41331619,2.57553864
4586,12,0.41017997,2.01601005
4587,12,0.42120111,1.68285680
4588,12,0.48646304,2.48166490
4589,12,0.43735912,3.07465434
4590,12,0.49585330,2.49294496
4591,12,0.48454106,1.75188017
4592,12,0.40483385,1.81645966
4593,12,0.58269733,2.34010029
4594,12,0.43162847,1.60076511
4595,12,0.28370005,1.33610618
4596,12,0.32443440,1.36641157
4597,12,0.43487057,1.39662445
4598,12,0.38588896,1.47556710
4599,12,0.47060066,1.42051780
4600,12,0.21356855,1.16572285
4601,12,0.37335056,2.53954935
4602,12,0.23168045,1.03901863
4603,12,0.32627326,1.36289275
4604,12,0.41349408,1.78158307
4605,12,0.43364391,2.39555144
4606,12,0.51857752,2.30472326
4607,12,0.50250232,2.28485847
4608,12,0.37140602,1.62961996
4609,12,0.32251304,1.11297858
4610,12,0.40791851,1.57822931
4611,12,0.44162279,1.41579139
4612,12,0.43738514,1.82790971
4613,12,0.38757694,1.97037482
4614,12,0.44542241,1.44458151
4615,12,0.44835490,1.98535585
4616,12,0.52249408,1.57601166
4617,12,0.49802226,2.29883337
4618,12,0.51889479,2.07643652
4619,12,0.49627388,1.76911438
4620,12,0.39174390,1.48713255
4621,12,0.26968431,1.57649219
4622,12,0.36711767,1.47846365
4623,12,0.40037376,1.69725311
4624,12,0.45633122,2.62853456
4625,12,0.45656425,1.39978576
4626,12,0.38306445,1.39465213
4627,12,0.43550467,1.92542791
4628,12,0.42922881,1.70978284
4629,12,0.47913778,1.75198710
4630,12,0.59841019,2.32798767
4631,12,0.40317756,0.92438173
4632,12,0.25437307,1.33831871
4633,12,0.46874464,1.23866415
4634,12,0.40238851,1.17017496
4635,12,0.42339551,1.50715160
4636,12,0.43748206,1.47330415
4637,12,0.55193794,2.03272581
4638,12,0.27530104,1.41639924
4639,12,0.38916010,1.39639962
4640,12,0.39549518,1.49877954
4641,12,0.48938316,2.07543135
4642,12,0.40161556,1.58911061
4643,12,0.56475562,2.79957795
4644,12,0.29260600,1.71644044
4645,12,0.40921953,2.62829638
4646,12,0.49205652,2.45362735
4647,12,0.44837689,1.69009578
4648,12,0.35017687,1.53534925
4649,12,0.43680829,1.77806485
4650,12,0.28962433,1.05261016
4651,12,0.41443482,1.59480929
4652,12,0.44769949,2.86482477
4653,12,0.39416552,1.49129689
4654,12,0.31195384,0.97085357
4655,12,0.32651556,1.48669553
4656,12,0.43129906,1.65459716
4657,12,0.59749198,3.10450101
4658,12,0.25940537,1.72906494
4659,12,0.36632457,1.44823480
4660,12,0.37435687,1.77837169
4661,12,0.41479480,2.49640441
4662,12,0.39009124,2.04961109
4663,12,0.42574656,1.90133762
4664,12,0.38359278,1.28782678
4665,12,0.41482553,1.35209751
4666,12,0.36843807,2.26726198
4667,12,0.33925182,1.35658288
4668,12,0.35241696,2.13864517
4669,12,0.50622571,2.12189078
4670,12,0.35840371,1.89787269
4671,12,0.44305727,2.53407073
4672,12,0.37148643,1.16024363
4673,12,0.60478944,2.59907174
4674,12,0.53399247,2.73089457
4675,12,0.35886323,1.39579928
4676,12,0.47174570,1.44317472
4677,12,0.46710283,1.24661446
4678,12,0.43698859,2.39171290
4679,12,0.45456725,2.21754766
4680,12,0.38546109,1.99118972
4681,12,0.41377103,1.88400161
4682,12,0.44322640,1.84216177
4683,12,0.47503600,1.55824995
4684,12,0.44786888,2.03109264
4685,12,0.55285937,2.64730906
4686,12,0.41383117,2.37202597
4687,12,0.37745100,1.50937307
4688,12,0.31448856,1.18199217
4689,12,0.44084412,1.77717268
4690,12,0.40035784,1.27093577
4691,12,0.30179471,1.46006739
4692,13,0.40211189,1.52570331
4693,13,0.29917485,1.57917142
4694,13,0.30954164,1.03524101
4695,13,0.38059068,1.39092469
4696,13,0.35988989,1.53980350
4697,13,0.38222671,1.76738930
4698,13,0.50818497,2.29693270
4699,13,0.32232434,1.70443130
4700,13,0.34681129,1.37604570
4701,13,0.38578755,1.60227895
4702,13,0.45035154,2.29791713
4703,13,0.37856996,1.49910784
4704,13,0.26450223,1.62281370
4705,13,0.36825365,1.47399580
4706,13,0.30947167,1.54720199
4707,13,0.50275159,1.93157673
4708,13,0.38192922,1.19291162
4709,13,0.28813970,1.54861426
4710,13,0.48795283,2.09081864
4711,13,0.39164129,1.46400177
4712,13,0.36738139,1.87623394
4713,13,0.31408313,1.65391386
4714,13,0.22381015,1.06104922
4715,13,0.36657977,1.53947377
4716,13,0.41691917,1.83217907
4717,13,0.49192083,3.42505193
4718,13,0.25938296,1.11712170
4719,13,0.38525721,1.46730423
4720,13,0.30564022,2.10654259
4721,13,0.41591954,3.54788375
4722,13,0.39783549,2.13475800
4723,13,0.30274352,1.33072603
4724,13,0.22025420,1.02119112
4725,13,0.36911881,1.37508583
4726,13,0.42740089,1.64065623
4727,13,0.41219723,1.51389945
4728,13,0.54685289,2.16428685
4729,13,0.39802670,2.31494260
4730,13,0.30895934,1.01997173
4731,13,0.43440557,2.18866158
4732,13,0.32144788,1.25616205
4733,13,0.41143537,1.84733725
4734,13,0.54871333,2.07161927
4735,13,0.30768931,1.25948942
4736,13,0.37953103,2.20477796
4737,13,0.31558546,1.48427129
4738,13,0.45469359,1.71349299
4739,13,0.45780998,1.52165771
4740,13,0.38825718,1.69539142
4741,13,0.46219230,1.71721172
4742,13,0.40870816,2.04500389
4743,13,0.36444941,2.59530163
4744,13,0.35832649,1.91044974
4745,13,0.31014889,1.97601569
4746,13,0.50150913,2.57297754
4747,13,0.37658143,1.88824046
4748,13,0.46967238,2.38521814
4749,13,0.41656768,1.72147954
4750,13,0.34691232,1.57935655
4751,13,0.47042847,1.86530793
4752,13,0.27070403,1.05578828
4753,13,0.53093809,2.82925987
4754,13,0.54258996,2.29639864
4755,13,0.30777580,1.54856873
4756,13,0.41252875,1.43934286
4757,13,0.42675796,1.97942352
4758,13,0.37968856,1.81000924
4759,13,0.43408614,1.46509373
4760,13,0.32959580,1.82084048
4761,13,0.36279476,1.65223658
4762,13,0.36740839,1.88204169
4763,13,0.37001312,1.84431291
4764,13,0.48070079,1.47620761
4765,13,0.24420030,1.10859597
4766,13,0.35138971,1.22792625
4767,13,0.44302303,1.93466461
4768,13,0.39873773,1.29373837
4769,13,0.35813719,2.09931326
4770,13,0.33507860,2.10569263
4771,13,0.46977821,2.02549362
4772,13,0.36092830,1.52675080
4773,13,0.37022811,1.89892852
4774,13,0.34966528,1.94641829
4775,13,0.22850671,1.34675252
4776,13,0.45583564,1.57640541
4777,13,0.37013227,1.52514601
4778,13,0.24646772,1.12749207
4779,13,0.33973899,1.46189058
4780,13,0.39438051,1.73414147
4781,13,0.28744742,1.24132121
4782,13,0.31257921,1.67761779
4783,13,0.51055968,1.71375251
4784,13,0.22412018,1.23028815
4785,13,0.38243124,1.95754004
4786,13,0.30813521,1.95932782
4787,13,0.27777606,1.45470250
4788,13,0.31601709,2.18575859
4789,13,0.46720648,1.88316345
4790,13,0.52285933,2.53241086
4791,13,0.44701260,1.95441532
4792,13,0.33317173,1.64754629
4793,13,0.25053570,1.45833158
4794,13,0.38935736,1.44603848
4795,13,0.41279271,1.98606181
4796,13,0.32823020,2.33233714
4797,13,0.35269442,1.62969327
4798,13,0.43972081,1.85202563
4799,13,0.54438639,2.89115143
4800,13,0.31884265,1.21135128
4801,13,0.27914643,1.62633264
4802,13,0.31639433,1.45159936
4803,13,0.41526690,1.44678020
4804,13,0.32309091,1.15734065
4805,13,0.36396778,1.36714876
4806,13,0.27950525,1.52983069
4807,13,0.38476697,1.88046288
4808,13,0.43115902,3.05773163
4809,13,0.39697000,1.43862164
4810,13,0.40245652,1.73046958
4811,13,0.28052360,1.09906423
4812,13,0.28480875,1.18942666
4813,13,0.39545327,2.29171205
4814,13,0.40842062,1.53934145
4815,13,0.53996408,1.61294806
4816,13,0.48533639,1.48251510
4817,13,0.23873746,1.34071481
4818,13,0.27116370,1.83410561
4819,13,0.25641766,1.45545566
4820,13,0.37056053,1.46308565
4821,13,0.51094341,2.18250060
4822,13,0.39409167,1.37779737
4823,13,0.28715318,2.59201598
4824,13,0.37473354,1.42898834
4825,13,0.31276760,1.53716052
4826,13,0.47449058,2.57804370
4827,13,0.40306085,2.48475218
4828,13,0.34046769,1.24796832
4829,13,0.40678442,1.41076374
4830,13,0.24276990,1.16158557
4831,13,0.36401975,1.87695980
4832,13,0.31079096,2.20097923
4833,13,0.18039319,0.77332145
4834,13,0.43993786,1.64530146
4835,13,0.47885239,2.36086082
4836,13,0.47969809,2.18992281
4837,13,0.40027595,2.21413803
4838,13,0.30999583,1.66487706
4839,13,0.42206311,2.20860410
4840,13,0.43480060,1.48514676
4841,13,0.33915833,1.86850297
4842,13,0.30845734,1.87984037
4843,13,0.36170575,2.24839330
4844,13,0.50789744,3.48288608
4845,13,0.39665675,3.27951479
4846,13,0.38193366,2.37708521
4847,13,0.35964769,1.72741425
4848,13,0.37628782,1.39250422
4849,13,0.23102936,1.38338363
4850,13,0.38290697,2.27586460
4851,13,0.39286202,2.09716010
4852,13,0.34136191,1.25015378
4853,13,0.35891110,1.55472696
4854,13,0.37080917,1.48399520
4855,13,0.38645780,1.52352393
4856,13,0.40553665,2.33346105
4857,13,0.33562514,1.46609354
4858,13,0.51307195,1.61414266
4859,13,0.36653587,0.97086746
4860,13,0.44576889,1.75959039
4861,13,0.36206311,1.06910956
4862,13,0.29582980,0.99500197
4863,13,0.57974517,2.11188579
4864,13,0.50089991,1.80704629
4865,13,0.39057475,1.25043070
4866,13,0.37675035,1.79902089
4867,13,0.49033234,1.39510322
4868,13,0.30357885,1.06915963
4869,13,0.41242522,2.27551293
4870,13,0.35510960,1.60266399
4871,13,0.28394434,1.51955771
4872,13,0.50310099,2.08974051
4873,13,0.40508431,1.84770024
4874,13,0.33160961,0.98742872
4875,13,0.35843581,1.89884126
4876,13,0.36503592,1.79330480
4877,13,0.38532409,2.18520617
4878,13,0.48783302,1.98859107
4879,13,0.37231624,2.08996892
4880,13,0.32735023,1.54254389
4881,13,0.49947095,1.86041677
4882,13,0.40117857,1.65193605
4883,13,0.37009257,1.69665182
4884,13,0.35973334,2.34348989
4885,13,0.50129795,1.53264165
4886,13,0.43908232,1.05846655
4887,13,0.33223003,1.11450768
4888,13,0.37592146,1.38129246
4889,13,0.49890572,1.42060137
4890,13,0.52644265,1.52074146
4891,13,0.28858337,1.56377935
4892,13,0.37814161,2.26252770
4893,13,0.51488882,2.43235350
4894,13,0.44472283,1.99646878
4895,13,0.32373676,1.13021362
4896,13,0.33770722,1.88740802
4897,13,0.46026856,1.48863828
4898,13,0.32483640,1.57124615
4899,13,0.43772107,1.63466620
4900,13,0.51115453,1.99067593
4901,13,0.40651596,1.55066037
4902,13,0.34390917,1.18113434
4903,13,0.41779470,1.49825490
4904,13,0.38527256,1.32849717
4905,13,0.35691226,1.32009327
4906,13,0.38050705,1.36673176
4907,13,0.42378169,2.54380322
4908,13,0.41753709,1.85348201
4909,13,0.40438199,2.03606701
4910,13,0.41563547,1.56442785
4911,13,0.41028389,1.49083209
4912,13,0.27127761,1.22643757
4913,13,0.40100595,1.62203586
4914,13,0.27284372,1.84391987
4915,13,0.29991859,2.18429780
4916,13,0.44347024,3.06623769
4917,13,0.30634528,1.69915581
4918,13,0.60914278,1.93352854
4919,13,0.49274054,1.40070093
4920,13,0.31201190,0.99058408
4921,13,0.46625376,3.72947884
4922,13,0.29164624,1.45941460
4923,13,0.59278804,3.44441295
4924,13,0.33656645,1.66936088
4925,13,0.24553719,1.68209171
4926,13,0.35407203,1.47664440
4927,13,0.37587979,2.22696233
4928,13,0.46149489,1.44272649
4929,13,0.52635789,1.68130326
4930,13,0.44359213,2.73287249
4931,13,0.34019417,1.67927384
4932,13,0.35506687,2.01860619
4933,13,0.35396346,2.27752924
4934,13,0.41493458,1.90990150
4935,13,0.39072329,2.04137945
4936,13,0.27382210,1.45786583
4937,13,0.36355034,1.28701997
4938,13,0.34295458,1.46972370
4939,13,0.46220475,3.13282013
4940,13,0.29704818,1.74949646
4941,13,0.38640180,1.69054937
4942,13,0.36779791,1.51739383
4943,13,0.36572459,1.69615936
4944,13,0.41885847,2.23295307
4945,13,0.35270786,1.28672552
4946,13,0.35571408,1.62370157
4947,13,0.28841347,1.23824906
4948,13,0.38154384,1.41757226
4949,13,0.36199626,1.46113110
4950,13,0.45606446,1.63652241
4951,13,0.37658474,1.47633350
4952,13,0.30967468,2.29996133
4953,13,0.60937238,2.45879936
4954,13,0.36578503,1.90744030
4955,13,0.43164778,1.43224502
4956,13,0.37449011,1.93409562
4957,13,0.33614421,1.40038216
4958,13,0.48030496,1.51999605
4959,13,0.42266998,1.51199365
4960,13,0.36577806,1.43374813
4961,13,0.31431061,1.55593789
4962,13,0.40573502,1.79027390
4963,13,0.42853966,2.36688089
4964,13,0.38689011,2.13106728
4965,13,0.36510366,1.56880450
4966,13,0.43456262,1.72905040
4967,13,0.39518520,3.60665989
4968,13,0.43340647,1.65825677
4969,13,0.52089691,2.50022912
4970,13,0.35167649,1.34544325
4971,13,0.29556352,0.91662842
4972,13,0.36992246,1.60881066
4973,13,0.33126980,1.51512015
4974,13,0.41575634,1.71844220
4975,13,0.35176802,1.95687509
4976,13,0.50553262,1.46087539
4977,13,0.48508337,1.63925803
4978,13,0.36248648,1.37065351
4979,13,0.32860196,1.23583758
4980,13,0.41018856,2.14524126
4981,13,0.45416823,2.03907585
4982,13,0.26716533,1.29921818
4983,13,0.40231365,1.53714633
4984,13,0.42136538,1.79169393
4985,13,0.45868981,1.83849013
4986,13,0.51079315,1.56495440
4987,13,0.37307739,1.29719377
4988,13,0.35644934,1.66279376
4989,13,0.34613395,1.92107582
4990,13,0.51183641,1.07379460
4991,13,0.23354816,1.68771625
4992,13,0.36585450,1.12644935
4993,13,0.47532266,1.43965507
4994,13,0.29315692,1.56443954
4995,13,0.41098118,1.36189795
4996,13,0.24424425,1.30427778
4997,13,0.33784366,1.32232130
4998,13,0.34112722,1.37278926
4999,13,0.33007067,1.16964734
5000,13,0.31744683,1.47741902
5001,13,0.35414004,2.05100584
5002,13,0.30212730,1.35256088
5003,13,0.43646961,2.01944685
5004,13,0.43263718,2.02871394
5005,13,0.39579695,1.25737834
5006,13,0.31550980,1.39153516
5007,13,0.44528326,1.86302114
5008,13,0.47553700,1.60769463
5009,13,0.29824769,1.18895519
5010,13,0.44050866,1.84569430
5011,13,0.39351073,2.07353568
5012,13,0.32243323,1.16738439
5013,13,0.30013990,1.27926552
5014,13,0.40549564,2.08911681
5015,13,0.42434463,1.95755768
5016,13,0.42173731,1.37824953
5017,13,0.33210462,1.43641150
5018,13,0.31234819,1.85706747
5019,13,0.40743572,1.25841105
5020,13,0.22612290,1.03667772
5021,13,0.45939025,1.69932640
5022,13,0.37204665,1.21009648
5023,13,0.36885563,2.24683309
5024,13,0.51156902,2.02588725
5025,13,0.46344790,2.59017634
5026,13,0.44454852,1.50877416
5027,13,0.42858136,2.16929626
5028,13,0.37263316,1.96046877
5029,13,0.36244854,1.50601590
5030,13,0.45315659,1.54628801
5031,13,0.34118938,1.97406721
5032,13,0.51526487,3.25025249
5033,13,0.47435814,1.62233829
5034,13,0.59426880,1.65689814
5035,13,0.49041602,1.88554609
5036,13,0.39616132,1.18631542
5037,13,0.39815784,1.43244171
5038,13,0.34175897,1.58887756
5039,13,0.39567360,1.66730237
5040,13,0.32893777,1.56353378
5041,13,0.38626906,1.48450279
5042,13,0.39526963,1.99584210
5043,13,0.34090266,1.55096543
5044,13,0.42220992,1.33220804
5045,13,0.35890919,1.04012442
5046,13,0.44561866,1.71777582
5047,13,0.52722692,1.56110883
5048,13,0.48375428,2.53032207
5049,13,0.33187783,1.22979021
5050,13,0.33645594,1.48126054
5051,13,0.24686515,1.54476619
5052,13,0.40709019,2.30743074
5053,13,0.36730316,2.42454576
5054,13,0.31495690,2.06698513
5055,13,0.35189301,1.32762778
5056,13,0.42475909,1.94537008
5057,13,0.42138985,1.59880388
5058,13,0.44363511,1.98152304
5059,13,0.43565816,1.77816272
5060,13,0.50821567,1.72033691
5061,13,0.29721540,1.00103271
5062,13,0.31833056,1.46760821
5063,13,0.43023151,1.35644782
5064,13,0.34076586,2.10408592
5065,13,0.46966922,2.52528119
5066,13,0.46613356,2.41372466
5067,13,0.31318450,1.59481382
5068,13,0.45584643,1.95597672
5069,13,0.38516101,1.46731842
5070,13,0.38999489,1.56344306
5071,13,0.54786253,2.74490118
5072,13,0.24896571,1.17490435
5073,13,0.32518417,1.34116447
5074,13,0.39826313,1.81522620
5075,13,0.35706306,1.41844368
5076,13,0.31752503,1.38637161
5077,13,0.38718310,1.85022628
5078,13,0.19918935,1.20707452
5079,13,0.34739545,1.59311974
5080,13,0.36367559,1.28969252
5081,13,0.32571533,1.66252732
5082,13,0.23097017,1.39385796
5083,14,0.33982313,2.28858590
5084,14,0.48948616,2.26278257
5085,14,0.41135406,2.61698914
5086,14,0.47168466,2.24431396
5087,14,0.41904771,2.34733582
5088,14,0.41846588,2.18722224
5089,14,0.31081301,1.79578972
5090,14,0.45548525,1.70515597
5091,14,0.46457413,1.88120747
5092,14,0.27221683,1.72149038
5093,14,0.35319030,1.74291170
5094,14,0.44836169,1.71420169
5095,14,0.33037239,2.10623574
5096,14,0.34683141,1.50919330
5097,14,0.25909352,0.98208791
5098,14,0.31398430,1.54093003
5099,14,0.40922606,1.88366795
5100,14,0.29585773,1.49338090
5101,14,0.29777056,1.19178927
5102,14,0.27386591,1.49159682
5103,14,0.44631103,2.06412745
5104,14,0.45505229,1.60153461
5105,14,0.35208207,1.78460312
5106,14,0.36573103,1.40006173
5107,14,0.41574126,1.89157474
5108,14,0.33288398,1.33073223
5109,14,0.37055162,2.02370119
5110,14,0.38842243,1.16269076
5111,14,0.33373916,1.43632913
5112,14,0.39396632,1.81197274
5113,14,0.32156461,2.40694833
5114,14,0.35725981,1.74637413
5115,14,0.49863485,2.15742636
5116,14,0.22906947,1.22914791
5117,14,0.31378937,1.11173630
5118,14,0.23830265,1.41304684
5119,14,0.39167106,1.43676960
5120,14,0.27203590,1.05090952
5121,14,0.32919246,1.46991694
5122,14,0.28993964,1.33561921
5123,14,0.42297253,2.05572653
5124,14,0.23324832,1.15598595
5125,14,0.46057534,2.13473701
5126,14,0.30688211,2.26877904
5127,14,0.37648779,1.36383557
5128,14,0.38342264,1.28061616
5129,14,0.50417626,1.86965609
5130,14,0.47055557,2.32784033
5131,14,0.44672334,1.97425771
5132,14,0.35469106,1.47900450
5133,14,0.26552588,0.90275484
5134,14,0.51744461,2.65371537
5135,14,0.35202128,1.59523225
5136,14,0.40824267,1.42587709
5137,14,0.41572309,1.77537656
5138,14,0.34873512,1.65872657
5139,14,0.24457988,1.66147196
5140,14,0.33913445,2.15646005
5141,14,0.49835932,2.53127503
5142,14,0.29501051,1.21517122
5143,14,0.30797267,1.27300167
5144,14,0.29250041,1.22892773
5145,14,0.33559057,1.92471850
5146,14,0.41551685,1.22051668
5147,14,0.32399440,1.30051339
5148,14,0.37554467,2.37608600
5149,14,0.39133400,2.44993567
5150,14,0.31161359,1.68130851
5151,14,0.24493667,1.82307780
5152,14,0.24221922,1.29352903
5153,14,0.29790884,1.42111742
5154,14,0.49595264,1.65950084
5155,14,0.36664832,1.30892539
5156,14,0.58350664,2.00655699
5157,14,0.28042504,1.21017218
5158,14,0.46341491,1.62437129
5159,14,0.34372535,1.43867123
5160,14,0.40421444,1.29104888
5161,14,0.30740881,1.41862440
5162,14,0.37011802,1.95995486
5163,14,0.40662014,1.26532781
5164,14,0.36039391,1.79503274
5165,14,0.32868665,1.58892131
5166,14,0.30651787,1.19293535
5167,14,0.41319767,1.72614717
5168,14,0.36098179,1.18454158
5169,14,0.45464051,1.91397119
5170,14,0.36095986,1.50542963
5171,14,0.44051611,2.02848506
5172,14,0.39755058,1.50302744
5173,14,0.29427516,1.22183740
5174,14,0.37806338,1.55495429
5175,14,0.23987502,1.54172540
5176,14,0.43796051,1.52287412
5177,14,0.24577545,1.74628878
5178,14,0.24262924,1.31592286
5179,14,0.48857921,1.77221525
5180,14,0.33785900,1.67326021
5181,14,0.46588588,1.74975967
5182,14,0.28443870,1.28853750
5183,14,0.36728537,1.92255366
5184,14,0.41370541,1.23168027
5185,14,0.29838037,1.35164750
5186,14,0.38662153,1.89737535
5187,14,0.48067623,2.26539063
5188,14,0.41458887,2.05349255
5189,14,0.31209272,1.33545899
5190,14,0.34885859,1.19438982
5191,14,0.25864601,1.07982385
5192,14,0.24633041,1.30634582
5193,14,0.28366131,1.57471418
5194,14,0.34050333,1.20421624
5195,14,0.36869901,1.33867610
5196,14,0.32499340,1.21060538
5197,14,0.22647205,1.40179026
5198,14,0.38598675,1.26344883
5199,14,0.28852135,1.20677495
5200,14,0.37424573,1.44365728
5201,14,0.33041078,1.33935070
5202,14,0.37823522,1.33070624
5203,14,0.29518574,1.39691329
5204,14,0.32057846,1.23643899
5205,14,0.44151375,2.23428297
5206,14,0.48897007,1.48698866
5207,14,0.36986235,1.39143765
5208,14,0.31195009,1.50003111
5209,14,0.23436326,1.34794664
5210,14,0.25541997,1.55037546
5211,14,0.25840887,1.56923854
5212,14,0.34144330,1.65613914
5213,14,0.31347135,2.13256526
5214,14,0.34633288,1.35505605
5215,14,0.27984661,2.16316485
5216,14,0.38724488,3.50249743
5217,14,0.35389680,2.14387345
5218,14,0.30771714,1.14819050
5219,14,0.42183152,2.72610092
5220,14,0.26902342,1.58318031
5221,14,0.37415862,2.93837404
5222,14,0.34229746,2.11550140
5223,14,0.51333171,3.17269087
5224,14,0.50676358,1.35972059
5225,14,0.33749795,1.20901942
5226,14,0.29898229,1.22211790
5227,14,0.38413006,1.48925459
5228,14,0.56899047,3.20830297
5229,14,0.33630148,1.85964048
5230,14,0.40516162,3.08329988
5231,14,0.35041630,2.38370752
5232,14,0.24704653,1.47095299
5233,14,0.37317508,1.37598038
5234,14,0.28115365,1.82853198
5235,14,0.36615545,2.41725683
5236,14,0.41842923,1.80513346
5237,14,0.33855161,0.95817751
5238,14,0.46752644,1.58772528
5239,14,0.23585784,0.94855601
5240,14,0.43675342,2.48839307
5241,14,0.30073881,1.72235930
5242,14,0.32544053,1.79755199
5243,14,0.44191796,1.50210476
5244,14,0.38964671,1.91897452
5245,14,0.34514809,1.39133060
5246,14,0.28666401,1.80505490
5247,14,0.38372368,2.68413711
5248,14,0.26971185,1.13806796
5249,14,0.32629967,1.61624062
5250,14,0.45559075,1.63917065
5251,14,0.33417815,1.89984953
5252,14,0.27633661,1.40426695
5253,14,0.29755008,1.11086738
5254,14,0.34799433,1.68527722
5255,14,0.33898115,1.70178485
5256,14,0.40204439,1.40331054
5257,14,0.35648900,1.71422398
5258,14,0.32610247,1.30219781
5259,14,0.29492909,1.22038770
5260,14,0.22585228,1.57424104
5261,14,0.39564413,1.96802652
5262,14,0.42242590,1.77574658
5263,14,0.51653409,2.90288901
5264,14,0.33523765,1.87648666
5265,14,0.39974365,1.69448245
5266,14,0.36345181,1.65349603
5267,14,0.39484322,1.54712939
5268,14,0.44034007,2.34366202
5269,14,0.50215822,2.61567473
5270,14,0.40074182,1.52006316
5271,14,0.30405015,2.20522928
5272,14,0.46650434,2.76918769
5273,14,0.33961174,1.92504013
5274,14,0.49717703,2.49167037
5275,14,0.39640737,1.85587239
5276,14,0.33237958,1.38468850
5277,14,0.32470202,1.49247622
5278,14,0.43681526,2.71008158
5279,14,0.31961501,1.93007576
5280,14,0.29100233,1.23688710
5281,14,0.33435100,1.87751019
5282,14,0.41753051,1.64936340
5283,14,0.23076048,0.99042112
5284,14,0.40778741,1.79294455
5285,14,0.32585245,1.77817082
5286,14,0.32373244,1.42310667
5287,14,0.42307532,2.77376294
5288,14,0.22901976,1.55869830
5289,14,0.29030210,1.59569979
5290,14,0.38185960,1.31720948
5291,14,0.47959888,2.63642907
5292,14,0.40875995,1.21549940
5293,14,0.37097144,1.21437550
5294,14,0.42393228,1.74275935
5295,14,0.40248540,2.26332068
5296,14,0.23496848,1.39046848
5297,14,0.36788192,0.96984887
5298,14,0.36364943,1.73634577
5299,14,0.39681259,1.89359355
5300,14,0.36776450,1.26244903
5301,14,0.31883788,1.29127133
5302,14,0.28284574,1.45091033
5303,14,0.34074235,1.68332481
5304,14,0.38095546,2.88588023
5305,14,0.34834981,1.15713525
5306,14,0.42757806,3.22139502
5307,14,0.39551368,1.54351592
5308,14,0.29459468,1.27994335
5309,14,0.31468263,1.40244246
5310,14,0.50356340,2.91280341
5311,14,0.31209165,1.93669748
5312,14,0.46408939,1.69402015
5313,14,0.43477154,2.15706944
5314,14,0.36627385,3.17063403
5315,14,0.39451805,1.49960756
5316,14,0.35601714,2.39428210
5317,14,0.31536967,2.12924886
5318,14,0.39646113,1.38100517
5319,14,0.39122212,1.91942060
5320,14,0.61073267,1.90503430
5321,14,0.34238225,2.18767810
5322,14,0.31961632,2.01263642
5323,14,0.37994459,1.37433279
5324,14,0.33046687,1.78674674
5325,14,0.45656621,2.36622310
5326,14,0.34414801,1.46154010
5327,14,0.43159503,1.56762493
5328,14,0.25028938,0.99318534
5329,14,0.37711644,2.03242540
5330,14,0.44856501,1.63538051
5331,14,0.33522907,1.31323481
5332,14,0.34469581,1.28882933
5333,14,0.27051336,1.28935063
5334,14,0.40789521,2.11987877
5335,14,0.43270904,1.40245986
5336,14,0.47899795,2.01769066
5337,14,0.33816633,1.48126364
5338,14,0.41093221,1.53060949
5339,14,0.38581806,1.80832493
5340,14,0.32855260,1.59150839
5341,14,0.49208519,2.06703401
5342,14,0.36658317,2.10457206
5343,14,0.33809826,1.32600033
5344,14,0.37587872,1.48765182
5345,14,0.38804358,1.48718429
5346,14,0.46433234,1.79118919
5347,14,0.35705006,1.51111889
5348,14,0.49474674,1.63226247
5349,14,0.33941302,1.15600181
5350,14,0.37893197,1.09724641
5351,14,0.29504102,1.49582660
5352,14,0.33758682,1.34959579
5353,14,0.45690626,1.35924637
5354,14,0.39225033,2.16672325
5355,14,0.29319847,1.05585790
5356,14,0.21716982,0.98850340
5357,14,0.38122135,1.44839072
5358,14,0.34868234,1.53027689
5359,14,0.38682437,1.53427017
5360,14,0.41931826,1.45036352
5361,14,0.30677468,0.92868114
5362,14,0.32379276,1.21825266
5363,14,0.21387418,0.93095905
5364,14,0.42991874,1.98773909
5365,14,0.25794891,1.23312867
5366,14,0.41292995,2.57102966
5367,14,0.33354786,1.80838895
5368,14,0.39918765,1.54897463
5369,14,0.47061896,1.65858257
5370,14,0.31685257,1.36017358
5371,14,0.35994667,1.39622521
5372,14,0.36256444,1.94521856
5373,14,0.42349058,2.16065884
5374,14,0.41732636,1.25783086
5375,14,0.33704710,1.63176024
5376,14,0.32555276,2.24709916
5377,14,0.34987310,2.57345319
5378,14,0.42270645,1.71031320
5379,14,0.42343840,1.33766103
5380,14,0.38103074,1.66411626
5381,14,0.41806221,1.51496017
5382,14,0.32952565,1.97777724
5383,14,0.26736167,0.91763395
5384,14,0.44762769,1.54195309
5385,14,0.42581856,2.05080771
5386,14,0.45642671,1.69268501
5387,14,0.31879860,1.58674467
5388,14,0.26988381,1.37720644
5389,14,0.36709446,1.69753563
5390,14,0.33950621,1.23875570
5391,14,0.31734377,1.49825501
5392,14,0.34477568,1.33056223
5393,14,0.28494507,1.27682590
5394,14,0.33891237,1.65578902
5395,14,0.39850530,1.64006662
5396,14,0.26355380,1.21356237
5397,14,0.38549209,2.23559117
5398,14,0.25459862,1.18057573
5399,14,0.28211477,1.35904396
5400,14,0.32133597,1.62728834
5401,14,0.30959392,1.70820320
5402,14,0.24588704,0.96759349
5403,14,0.35872644,1.54303384
5404,14,0.41254461,1.48396540
5405,14,0.66211963,4.61409330
5406,14,0.23322505,1.68464637
5407,14,0.34891409,1.34996474
5408,14,0.47343931,2.26929665
5409,14,0.37683514,2.13064766
5410,14,0.53729534,2.07709622
5411,14,0.26951134,1.60103190
5412,14,0.44142416,2.48256731
5413,14,0.38165435,1.93170512
5414,14,0.47700551,1.45795846
5415,14,0.40103769,1.47246039
5416,14,0.45957437,2.70342827
5417,14,0.33224949,1.70131326
5418,14,0.49448636,2.03765130
5419,14,0.38604695,1.15901351
5420,14,0.40265933,1.47409248
5421,14,0.38632393,1.48712802
5422,14,0.34604114,1.47989345
5423,14,0.41877991,1.48274684
5424,14,0.44196165,1.92888463
5425,14,0.44874740,1.65941918
5426,14,0.39863569,1.97039557
5427,14,0.29650703,1.05573010
5428,14,0.34207430,1.61355364
5429,14,0.36879551,1.53116143
5430,14,0.38388103,1.58761621
5431,14,0.38918781,1.27171409
5432,14,0.24094236,1.23108554
5433,14,0.33512762,1.39080572
5434,14,0.40790105,1.31443381
5435,14,0.20355046,1.46347654
5436,14,0.45623446,2.16243839
5437,14,0.26651764,1.25569832
5438,14,0.30596766,1.38058949
5439,14,0.37169722,2.30354309
5440,14,0.30979615,1.29763854
5441,14,0.27363849,1.62664306
5442,14,0.34575891,1.38551378
5443,14,0.29497835,1.40069139
5444,14,0.26591265,1.36993051
5445,14,0.20602733,1.15930259
5446,14,0.30654210,1.17005205
5447,14,0.44367945,1.63801086
5448,14,0.40047839,1.33107269
5449,14,0.51023680,2.38851786
5450,14,0.45650762,1.97870648
5451,14,0.30270156,1.73440468
5452,14,0.43506527,2.22230268
5453,14,0.46758431,1.30866766
5454,14,0.37443125,2.02725148
5455,14,0.32164815,1.80525768
5456,14,0.52012432,2.81032705
5457,14,0.51767367,1.84522438
5458,14,0.32432657,1.17783999
5459,14,0.45188588,1.81359172
5460,14,0.32369024,1.65684700
5461,14,0.33241603,1.35646152
5462,14,0.35861263,1.60054517
5463,14,0.21970601,1.23898554
5464,14,0.39375716,2.44904160
5465,14,0.20669967,0.86243886
5466,14,0.34335786,1.85505247
5467,14,0.33846679,1.12096083
5468,14,0.29974008,1.65025914
5469,14,0.32894710,1.26479590
5470,14,0.40081042,1.57699323
5471,14,0.35412392,2.14525747
5472,14,0.41899484,2.20627642
5473,14,0.43889681,1.56869197
5474,15,0.31561467,1.15092194
5475,15,0.21565585,1.39043450
5476,15,0.27921587,1.51702535
5477,15,0.23312637,1.64518368
5478,15,0.29786766,1.30932546
5479,15,0.33928630,1.95482075
5480,15,0.23206553,1.60631990
5481,15,0.26971743,1.20542777
5482,15,0.36627251,2.11562824
5483,15,0.20334685,1.16838145
5484,15,0.36167303,1.71096051
5485,15,0.30192459,1.72269607
5486,15,0.31045556,1.72032404
5487,15,0.29819763,1.44507658
5488,15,0.23519391,1.28208029
5489,15,0.32893878,1.56350768
5490,15,0.42465562,1.90320420
5491,15,0.24869570,1.71632648
5492,15,0.30962077,1.52576756
5493,15,0.26723409,1.70883250
5494,15,0.25880453,1.18766844
5495,15,0.36346099,2.25488234
5496,15,0.23872554,1.54695475
5497,15,0.26772979,1.61570728
5498,15,0.40892255,2.47338057
5499,15,0.37859970,1.96217537
5500,15,0.44052023,1.92721808
5501,15,0.29293072,1.66106617
5502,15,0.35440087,2.54340935
5503,15,0.28351930,1.62619472
5504,15,0.28446129,1.12135637
5505,15,0.36256370,2.02997589
5506,15,0.42535132,2.22512579
5507,15,0.26549965,1.64984810
5508,15,0.24262086,1.57449687
5509,15,0.37059882,2.13641858
5510,15,0.24443763,1.44532919
5511,15,0.30530983,2.12158394
5512,15,0.21305844,1.21824670
5513,15,0.29112697,1.26305187
5514,15,0.37150556,1.50482786
5515,15,0.36975431,2.24050403
5516,15,0.34638086,1.88714731
5517,15,0.18246636,1.37985086
5518,15,0.30704629,1.40157700
5519,15,0.35908538,1.97077775
5520,15,0.43884248,1.96568310
5521,15,0.30020308,1.28131950
5522,15,0.34926340,1.38342798
5523,15,0.47673523,2.24188828
5524,15,0.44279456,1.97359061
5525,15,0.28810471,1.50015140
5526,15,0.17133008,0.75116938
5527,15,0.27765542,1.13763130
5528,15,0.31267995,1.83795714
5529,15,0.29787016,1.26532996
5530,15,0.36860237,1.84221935
5531,15,0.25206703,1.19103968
5532,15,0.23469043,0.81261945
5533,15,0.47071114,2.53674912
5534,15,0.43713152,2.12823296
5535,15,0.44258976,2.19816828
5536,15,0.41553313,1.52817690
5537,15,0.34720862,1.45703602
5538,15,0.22556473,1.83500409
5539,15,0.49141502,1.94438815
5540,15,0.34147245,1.34347451
5541,15,0.34864008,2.44313955
5542,15,0.34127760,1.56838584
5543,15,0.31533372,1.28763628
5544,15,0.37005085,1.43265951
5545,15,0.36586627,1.40245509
5546,15,0.33815318,1.51972699
5547,15,0.31429189,1.47443640
5548,15,0.25371814,1.12877333
5549,15,0.40789276,1.17159355
5550,15,0.38034701,1.57931793
5551,15,0.48467755,2.69076633
5552,15,0.32548502,1.42817962
5553,15,0.28718793,1.99468279
5554,15,0.32548571,1.73753905
5555,15,0.26783320,1.55984819
5556,15,0.40441397,1.70329154
5557,15,0.21139461,1.95736599
5558,15,0.49652314,1.66687560
5559,15,0.35249266,2.07247925
5560,15,0.30925083,1.00619316
5561,15,0.44361502,2.09317374
5562,15,0.33278632,1.35613406
5563,15,0.41783211,2.11597514
5564,15,0.33141267,1.98428309
5565,15,0.23321320,1.39142478
5566,15,0.28199586,1.54693377
5567,15,0.38790905,1.28922200
5568,15,0.42105365,1.79651988
5569,15,0.36380234,1.53339934
5570,15,0.27996293,1.37742925
5571,15,0.23338833,1.07695758
5572,15,0.47271198,1.99598706
5573,15,0.39592767,2.14371943
5574,15,0.31030250,1.18811631
5575,15,0.15665826,0.65718651
5576,15,0.34623057,1.78356278
5577,15,0.29814720,1.85118008
5578,15,0.32495591,1.09853351
5579,15,0.27383953,1.42630851
5580,15,0.24769129,1.07976365
5581,15,0.29267767,1.52526295
5582,15,0.31632277,1.60411716
5583,15,0.36940867,2.55519915
5584,15,0.25377721,1.24087274
5585,15,0.25130838,1.48451459
5586,15,0.28693813,2.13924384
5587,15,0.39044046,1.70704210
5588,15,0.14462030,1.28433776
5589,15,0.37180251,1.96982241
5590,15,0.18751520,1.63357377
5591,15,0.32923764,3.07369137
5592,15,0.23451221,1.55864727
5593,15,0.23733374,1.48009861
5594,15,0.31380165,2.59299326
5595,15,0.27488521,1.76172996
5596,15,0.26243836,0.99114728
5597,15,0.27663332,1.99388790
5598,15,0.24326015,1.44691730
5599,15,0.33037874,1.94083869
5600,15,0.27783370,1.98447394
5601,15,0.25998437,1.38615823
5602,15,0.29150617,1.82258487
5603,15,0.31490785,1.32764876
5604,15,0.32409555,1.69191110
5605,15,0.34216648,2.08570099
5606,15,0.26544335,1.22050226
5607,15,0.40164810,1.27884710
5608,15,0.19876921,1.55272675
5609,15,0.34105000,1.48630130
5610,15,0.32268250,1.82998824
5611,15,0.33077621,2.44314218
5612,15,0.33220237,1.52376091
5613,15,0.40600067,2.00320935
5614,15,0.30269420,2.03698063
5615,15,0.27666667,1.71123695
5616,15,0.27509063,1.55418789
5617,15,0.27624202,1.62201023
5618,15,0.30451781,1.34011495
5619,15,0.34232914,2.31914711
5620,15,0.47315240,1.98947799
5621,15,0.32367882,2.11708426
5622,15,0.23960368,1.17271674
5623,15,0.25229609,1.14223814
5624,15,0.37600088,2.03300643
5625,15,0.26267228,1.27145314
5626,15,0.39326468,1.82270932
5627,15,0.40947497,1.87805748
5628,15,0.22947091,1.65279996
5629,15,0.28810382,1.93248796
5630,15,0.34442601,1.82340217
5631,15,0.47600818,1.86498892
5632,15,0.44107932,1.95398784
5633,15,0.38805330,2.08975244
5634,15,0.37087405,2.22646976
5635,15,0.36796778,1.28641748
5636,15,0.30030242,1.70274508
5637,15,0.40666819,2.49027944
5638,15,0.32303467,1.51647031
5639,15,0.37225264,1.47342312
5640,15,0.37204933,1.90574455
5641,15,0.32080007,1.68782067
5642,15,0.44125050,2.05722547
5643,15,0.45993644,3.21717811
5644,15,0.35285649,1.22712004
5645,15,0.26284158,1.11304367
5646,15,0.24695434,1.32904053
5647,15,0.45382941,2.38306379
5648,15,0.39611936,2.39516211
5649,15,0.41228497,2.00514913
5650,15,0.38504419,1.35648823
5651,15,0.34360954,2.22747731
5652,15,0.41158268,1.74748826
5653,15,0.38650298,1.51105309
5654,15,0.40545577,2.13490868
5655,15,0.38284469,2.21677041
5656,15,0.35093021,1.69596374
5657,15,0.35021263,1.83935392
5658,15,0.49541357,1.55204570
5659,15,0.28266191,1.80329192
5660,15,0.40667126,1.80848181
5661,15,0.28958994,1.36110783
5662,15,0.26969135,1.13735437
5663,15,0.34728366,1.48632884
5664,15,0.29285982,1.74129188
5665,15,0.26969293,1.06959629
5666,15,0.38938916,2.12729096
5667,15,0.26923034,1.76941860
5668,15,0.32354414,1.65473974
5669,15,0.33257079,1.02022505
5670,15,0.31877977,1.26544023
5671,15,0.33814418,1.47114360
5672,15,0.43092602,2.23122072
5673,15,0.34182423,1.94541252
5674,15,0.29981956,1.59786355
5675,15,0.24155149,1.24928510
5676,15,0.26458058,2.22687912
5677,15,0.37572628,1.64427269
5678,15,0.22325297,1.01625061
5679,15,0.29516119,1.37395346
5680,15,0.29019099,1.58790576
5681,15,0.21451427,1.10478616
5682,15,0.32317927,2.65121007
5683,15,0.34726837,2.66825819
5684,15,0.47499350,1.42402053
5685,15,0.26282418,1.30644798
5686,15,0.28944153,1.32638288
5687,15,0.38397199,1.32539642
5688,15,0.31237409,1.88339746
5689,15,0.42853290,1.82448316
5690,15,0.27288437,1.42560780
5691,15,0.33097523,1.09244835
5692,15,0.30388552,1.12777901
5693,15,0.36516416,1.62292755
5694,15,0.40151685,1.44653165
5695,15,0.32008773,2.00542378
5696,15,0.27155215,1.55259144
5697,15,0.33515811,1.42926204
5698,15,0.27616030,1.71083987
5699,15,0.41345531,2.92108202
5700,15,0.33504292,1.28091741
5701,15,0.34556794,1.93602192
5702,15,0.29560137,1.85341322
5703,15,0.38502920,1.71857369
5704,15,0.28177369,1.14894688
5705,15,0.35519847,1.89797008
5706,15,0.42305750,1.38322723
5707,15,0.31700832,1.46014822
5708,15,0.50307262,2.75787091
5709,15,0.37683684,2.42282081
5710,15,0.41839796,2.05285263
5711,15,0.25650623,0.78899521
5712,15,0.38395298,1.73892367
5713,15,0.31484696,1.46003509
5714,15,0.42173898,1.30544019
5715,15,0.41210586,2.11017418
5716,15,0.46196383,2.24954367
5717,15,0.42763630,1.77089596
5718,15,0.25937846,1.11702573
5719,15,0.36835268,1.65140188
5720,15,0.27271897,1.21729994
5721,15,0.39376044,1.55083549
5722,15,0.36510426,1.74957228
5723,15,0.37467909,1.53395069
5724,15,0.35969061,1.82255065
5725,15,0.31590253,1.76985204
5726,15,0.29779130,1.31898606
5727,15,0.24084762,1.48423338
5728,15,0.28647432,1.44785440
5729,15,0.31899726,1.61658692
5730,15,0.41264445,1.47214687
5731,15,0.31623036,2.76087737
5732,15,0.33376485,3.03601003
5733,15,0.30320853,1.94567454
5734,15,0.24437708,1.06155932
5735,15,0.41950852,2.09655571
5736,15,0.31169504,1.65910780
5737,15,0.44404966,1.95060170
5738,15,0.30806658,1.37763286
5739,15,0.27724648,1.38340855
5740,15,0.32934147,1.76245141
5741,15,0.25905040,1.46588266
5742,15,0.36878341,1.46465409
5743,15,0.32603204,1.66313493
5744,15,0.34296823,1.40411103
5745,15,0.30801636,1.40773678
5746,15,0.32334530,1.99655998
5747,15,0.50729620,1.90709174
5748,15,0.28244638,1.47346175
5749,15,0.37543225,1.61069465
5750,15,0.41639537,1.99413049
5751,15,0.30528879,1.44273341
5752,15,0.33720496,1.44242465
5753,15,0.31416136,1.40497732
5754,15,0.43825170,1.89318001
5755,15,0.31626248,2.03514624
5756,15,0.21944420,1.12198782
5757,15,0.43862000,1.86799777
5758,15,0.40004739,2.32076836
5759,15,0.23952496,1.56617689
5760,15,0.41329503,2.28560901
5761,15,0.45796096,1.56103647
5762,15,0.54406798,1.77849042
5763,15,0.37628454,1.03316939
5764,15,0.37024412,1.71271801
5765,15,0.48617423,2.45850801
5766,15,0.41377255,1.93725395
5767,15,0.37515080,1.66971397
5768,15,0.44791192,1.87410378
5769,15,0.45008177,1.80742383
5770,15,0.37043515,1.40929639
5771,15,0.23578858,1.28399289
5772,15,0.27721810,1.37388217
5773,15,0.23819339,0.93364531
5774,15,0.36533254,1.44715536
5775,15,0.46525049,1.78100955
5776,15,0.26116112,0.96941745
5777,15,0.31466883,1.05019259
5778,15,0.32529718,2.20359635
5779,15,0.37485981,1.39312601
5780,15,0.38266450,1.89301610
5781,15,0.48278904,2.42750621
5782,15,0.31708002,1.28916562
5783,15,0.28309754,1.10683489
5784,15,0.51012212,1.66974163
5785,15,0.41788071,1.39833534
5786,15,0.31623232,2.07079983
5787,15,0.27206179,0.87592292
5788,15,0.27542552,0.98846096
5789,15,0.20170552,0.86939108
5790,15,0.19076902,1.73326731
5791,15,0.33107400,2.30941606
5792,15,0.34305805,1.68269527
5793,15,0.30870104,2.02208042
5794,15,0.32462153,1.13823533
5795,15,0.33473575,1.68233299
5796,15,0.28576744,1.59128106
5797,15,0.43977472,2.04304242
5798,15,0.41528872,2.19340110
5799,15,0.14043143,0.86755198
5800,15,0.36360577,2.30002809
5801,15,0.31966823,2.34736013
5802,15,0.35812896,1.49637461
5803,15,0.33688945,2.08537555
5804,15,0.29198265,1.49134195
5805,15,0.46710730,1.79455101
5806,15,0.40101394,1.75350511
5807,15,0.26949817,1.49782372
5808,15,0.46268678,1.79668331
5809,15,0.35947919,1.51886964
5810,15,0.24266046,1.09479082
5811,15,0.46215615,1.53410900
5812,15,0.27725756,1.31735814
5813,15,0.46355903,1.54849410
5814,15,0.40695632,1.60481560
5815,15,0.15960322,1.02128589
5816,15,0.35497165,1.67109966
5817,15,0.26882178,1.41699779
5818,15,0.37468487,1.78185642
5819,15,0.24138114,1.17467165
5820,15,0.30182239,1.70190370
5821,15,0.37255129,1.57055128
5822,15,0.25052169,1.04335141
5823,15,0.34476870,1.76771283
5824,15,0.45086133,2.17461777
5825,15,0.31772995,1.72373223
5826,15,0.32511973,1.58920002
5827,15,0.34419641,2.07780313
5828,15,0.32162613,1.63184941
5829,15,0.58072883,2.22216487
5830,15,0.32391006,2.35232687
5831,15,0.30140406,1.97424889
5832,15,0.42459935,2.14025998
5833,15,0.44970411,1.17168033
5834,15,0.29716349,1.89074945
5835,15,0.46016783,2.58731890
5836,15,0.32559186,1.42738795
5837,15,0.41842458,1.97113061
5838,15,0.30918592,1.23969018
5839,15,0.36601084,1.60590518
5840,15,0.31192869,1.15520751
5841,15,0.41742384,1.94828355
5842,15,0.38522643,1.73019600
5843,15,0.31842774,1.85284877
5844,15,0.36065704,1.39410961
5845,15,0.21315524,1.13906610
5846,15,0.32403129,2.10233474
5847,15,0.43126553,1.66593504
5848,15,0.31950337,1.51116407
5849,15,0.35315233,2.28274131
5850,15,0.49862075,3.41601920
5851,15,0.33941233,1.81572556
5852,15,0.57597142,1.69899309
5853,15,0.26107889,0.93940181
5854,15,0.23100263,0.99388719
5855,15,0.36588064,1.71961308
5856,15,0.40172118,1.37392139
5857,15,0.30959803,1.23831058
5858,15,0.44130641,1.96307123
5859,15,0.35899475,1.31349504
5860,15,0.25914872,1.01948190
5861,15,0.39304000,1.54084706
5862,15,0.32718414,1.86630845
5863,15,0.39941853,2.86394691
5864,15,0.29271549,1.04997635
5865,16,0.26440400,1.17095590
5866,16,0.31357414,1.30144680
5867,16,0.31023228,1.22539771
5868,16,0.29903644,1.63225985
5869,16,0.39277297,1.55536032
5870,16,0.38428181,1.57964265
5871,16,0.43235591,3.43413568
5872,16,0.18183737,1.44863605
5873,16,0.34790820,1.57702363
5874,16,0.23184218,1.29078054
5875,16,0.36132836,1.66691315
5876,16,0.27007803,1.42228425
5877,16,0.38067779,1.46358824
5878,16,0.31516150,1.40532589
5879,16,0.35953546,1.54258871
5880,16,0.14640589,1.06579566
5881,16,0.34711111,1.48995805
5882,16,0.32955590,1.21315169
5883,16,0.13058797,0.87131917
5884,16,0.27751684,1.72240508
5885,16,0.24218351,1.19195938
5886,16,0.37182873,1.94264364
5887,16,0.29674995,1.74130499
5888,16,0.28005165,1.40853393
5889,16,0.24060407,1.12389219
5890,16,0.24721472,1.50467718
5891,16,0.30683997,1.44257772
5892,16,0.26534688,1.34569514
5893,16,0.51592255,1.69415522
5894,16,0.23038250,1.08543015
5895,16,0.19723374,1.49248743
5896,16,0.33078384,1.46224785
5897,16,0.31025916,1.71121097
5898,16,0.33654326,2.48965549
5899,16,0.44294080,1.55331433
5900,16,0.28074026,1.26097739
5901,16,0.33182126,1.26563501
5902,16,0.27115643,1.30453539
5903,16,0.23552687,1.43023109
5904,16,0.35838321,1.60692668
5905,16,0.24199964,1.63258815
5906,16,0.26031950,1.12665343
5907,16,0.25344104,1.70142257
5908,16,0.30552498,2.41827297
5909,16,0.22807431,1.39237690
5910,16,0.28234577,1.05042696
5911,16,0.22198725,1.82321131
5912,16,0.37527955,2.40937567
5913,16,0.18673293,1.27231693
5914,16,0.53638637,2.33801174
5915,16,0.34754682,1.83907425
5916,16,0.26900718,1.82920599
5917,16,0.29730591,1.71782696
5918,16,0.40656161,2.37066412
5919,16,0.36541131,1.70874941
5920,16,0.28245729,1.94612920
5921,16,0.27622637,1.43562090
5922,16,0.19338211,1.63184619
5923,16,0.39176059,2.49709535
5924,16,0.55029291,3.01081705
5925,16,0.27989036,2.02657533
5926,16,0.27188081,1.32089961
5927,16,0.37138671,1.62704444
5928,16,0.39710474,1.66655028
5929,16,0.28702435,1.52613962
5930,16,0.25196552,1.30114365
5931,16,0.29014295,1.59949100
5932,16,0.16977683,0.86298180
5933,16,0.37229031,1.78654110
5934,16,0.33024579,1.62758553
5935,16,0.27982032,1.63495100
5936,16,0.44984603,2.63570523
5937,16,0.24224198,1.38687539
5938,16,0.30520850,1.19213605
5939,16,0.36207777,1.34291399
5940,16,0.20334196,1.30746651
5941,16,0.35513866,1.50291955
5942,16,0.26123333,1.13130975
5943,16,0.27605420,1.23698604
5944,16,0.20705253,1.15754497
5945,16,0.22932628,1.71140647
5946,16,0.20928076,1.94785798
5947,16,0.31392029,1.58568919
5948,16,0.18284139,0.99843502
5949,16,0.38642335,2.06675148
5950,16,0.20214501,0.92471725
5951,16,0.39281327,2.53106785
5952,16,0.38699549,1.71892023
5953,16,0.32131141,2.06877232
5954,16,0.25325429,1.30658460
5955,16,0.18359956,1.28220701
5956,16,0.31941015,1.32265174
5957,16,0.38121897,1.96757519
5958,16,0.27542573,2.26289701
5959,16,0.16131747,1.42377484
5960,16,0.31510895,2.83502078
5961,16,0.34888911,1.62845278
5962,16,0.37461150,1.53530312
5963,16,0.23293512,1.07937717
5964,16,0.36596277,1.61166143
5965,16,0.27624592,1.86466873
5966,16,0.29129243,1.39078045
5967,16,0.35326529,1.31178677
5968,16,0.30406371,1.54508114
5969,16,0.42514476,1.82440853
5970,16,0.32062364,1.97734332
5971,16,0.24232008,1.18885863
5972,16,0.36053342,1.94721699
5973,16,0.34096771,1.82260752
5974,16,0.37548667,1.63991737
5975,16,0.23207733,1.28278375
5976,16,0.34564710,1.55521798
5977,16,0.31356907,1.18796217
5978,16,0.22877139,1.07124770
5979,16,0.28387803,1.24759889
5980,16,0.38732535,1.37845910
5981,16,0.36317426,2.93837833
5982,16,0.42248720,2.61994886
5983,16,0.32790321,1.48000216
5984,16,0.36296132,1.50431085
5985,16,0.42279142,1.96351016
5986,16,0.25670663,1.30567980
5987,16,0.33858353,1.18503737
5988,16,0.33616805,1.48869371
5989,16,0.30416697,1.67712557
5990,16,0.42060697,2.15931511
5991,16,0.26569709,1.20489621
5992,16,0.40172356,1.57289994
5993,16,0.22101893,1.40708280
5994,16,0.17744210,0.77658194
5995,16,0.30602485,1.90605581
5996,16,0.30689859,1.43872726
5997,16,0.28628182,1.95314682
5998,16,0.46642232,2.14779782
5999,16,0.24594820,1.12786269
6000,16,0.29836684,1.97446585
6001,16,0.28494960,1.68961406
6002,16,0.35289240,2.39231038
6003,16,0.24205223,1.21311593
6004,16,0.23015444,0.88474566
6005,16,0.38466084,1.53458858
6006,16,0.30076420,1.72790241
6007,16,0.30467978,1.51305616
6008,16,0.36741194,1.85308754
6009,16,0.31634676,1.46369910
6010,16,0.46651196,1.58265817
6011,16,0.16684519,1.21838355
6012,16,0.39993271,inf
6013,16,0.48045844,1.36318278
6014,16,0.32546788,2.00253057
6015,16,0.31050542,1.78391409
6016,16,0.31007469,1.54835296
6017,16,0.40391189,2.17426825
6018,16,0.27951491,1.86891484
6019,16,0.27641493,2.04786944
6020,16,0.45361739,2.05864716
6021,16,0.40280551,1.51166713
6022,16,0.29189837,1.16765499
6023,16,0.40873596,1.79587436
6024,16,0.42750353,1.62797880
6025,16,0.20499676,1.32636511
6026,16,0.40922058,1.14281106
6027,16,0.26043823,1.98527944
6028,16,0.35235095,1.58126152
6029,16,0.29432458,1.19781768
6030,16,0.31224757,1.32070839
6031,16,0.25308907,1.61226511
6032,16,0.19324464,0.89612728
6033,16,0.38191843,1.80117261
6034,16,0.46598384,1.56753421
6035,16,0.16160408,0.85341990
6036,16,0.19357213,1.18959141
6037,16,0.19918416,2.27829456
6038,16,0.34217703,1.40149415
6039,16,0.28402352,1.45414805
6040,16,0.33318549,1.71404648
6041,16,0.23429704,1.18117499
6042,16,0.35244453,1.77352631
6043,16,0.35237956,1.65564561
6044,16,0.25064752,1.57704878
6045,16,0.32534909,2.00090694
6046,16,0.49680156,2.70477772
6047,16,0.40394759,2.33390903
6048,16,0.27417329,1.25843763
6049,16,0.27012122,1.22058070
6050,16,0.24384698,2.02886939
6051,16,0.34787035,1.89595520
6052,16,0.30535388,2.14971662
6053,16,0.27839857,1.64270639
6054,16,0.20704457,1.14941382
6055,16,0.16719431,1.22431672
6056,16,0.35120404,1.54203773
6057,16,0.28052959,1.48212790
6058,16,0.33968002,1.71005690
6059,16,0.26678309,1.42421246
6060,16,0.29596540,1.92519450
6061,16,0.31627202,1.75307572
6062,16,0.39269590,1.86050344
6063,16,0.32700676,1.50680065
6064,16,0.19213535,1.32936239
6065,16,0.36602798,1.55308568
6066,16,0.36699823,1.86196375
6067,16,0.43925750,2.31747866
6068,16,0.23445798,1.58249056
6069,16,0.48153275,2.51887560
6070,16,0.45786887,1.81080043
6071,16,0.30761838,1.29008853
6072,16,0.35035697,1.66506767
6073,16,0.37396768,1.76619709
6074,16,0.36094615,2.73925090
6075,16,0.35420558,1.72155571
6076,16,0.41601676,1.45041382
6077,16,0.22148839,0.93219417
6078,16,0.40180725,1.82615495
6079,16,0.41461858,1.96814513
6080,16,0.25511053,1.24423420
6081,16,0.37124464,1.27282166
6082,16,0.31143194,1.12371480
6083,16,0.33441797,1.31704891
6084,16,0.30142385,1.22285712
6085,16,0.32494986,1.04356515
6086,16,0.30160618,1.03833234
6087,16,0.32180840,3.21641541
6088,16,0.31381345,1.74837959
6089,16,0.30275857,1.15398371
6090,16,0.32073742,1.26441681
6091,16,0.41393512,2.24845409
6092,16,0.26997700,1.89164913
6093,16,0.37812734,2.73246717
6094,16,0.37896803,1.59848595
6095,16,0.35984194,1.14624476
6096,16,0.41340399,2.19113564
6097,16,0.22832605,1.06541872
6098,16,0.35519364,1.69430017
6099,16,0.26419419,1.39283490
6100,16,0.35020736,1.49353778
6101,16,0.45270088,1.64553893
6102,16,0.27591607,1.14253807
6103,16,0.39394104,3.15318418
6104,16,0.26862469,1.36515391
6105,16,0.47991914,2.03220344
6106,16,0.28138122,1.96577489
6107,16,0.20724919,1.46386981
6108,16,0.38345462,2.08782506
6109,16,0.39464355,1.82368362
6110,16,0.33056086,1.65060222
6111,16,0.26612258,1.46863484
6112,16,0.29208905,1.43099499
6113,16,0.24031082,1.49797595
6114,16,0.40326348,1.31615818
6115,16,0.23017961,0.97818655
6116,16,0.30540752,1.75546241
6117,16,0.24781260,2.16897964
6118,16,0.25036940,1.39838338
6119,16,0.19422631,1.30301011
6120,16,0.29483482,1.81112850
6121,16,0.43566969,3.28881097
6122,16,0.40067568,2.66760421
6123,16,0.39228439,1.59166074
6124,16,0.28996706,1.38871884
6125,16,0.40480715,1.95916545
6126,16,0.34219408,1.83101857
6127,16,0.34832281,1.94894779
6128,16,0.35507613,1.48899043
6129,16,0.28647929,1.29601526
6130,16,0.25992566,1.96661162
6131,16,0.41630322,2.01559448
6132,16,0.36620420,1.77051699
6133,16,0.39677614,1.71486807
6134,16,0.29799113,1.21702480
6135,16,0.39398378,1.47219706
6136,16,0.36038291,1.73938489
6137,16,0.35151088,1.72325313
6138,16,0.42964888,1.63453126
6139,16,0.26550281,1.45665956
6140,16,0.46349615,2.17508554
6141,16,0.26366740,1.37537575
6142,16,0.34733456,2.01497579
6143,16,0.23352818,1.46380758
6144,16,0.27181762,0.85727823
6145,16,0.26245344,1.06483412
6146,16,0.23386371,1.39946353
6147,16,0.39814651,1.71383905
6148,16,0.34505999,1.63928282
6149,16,0.26706034,1.05410755
6150,16,0.22976078,1.15294468
6151,16,0.26129344,1.39508367
6152,16,0.25304776,1.71457863
6153,16,0.28242871,1.11123693
6154,16,0.39808023,1.87989688
6155,16,0.36461377,1.41838968
6156,16,0.27943936,1.51646113
6157,16,0.32567880,2.28668928
6158,16,0.27062094,1.03414369
6159,16,0.23324844,1.29994202
6160,16,0.27053204,1.48860443
6161,16,0.38708431,1.90956485
6162,16,0.29748458,1.64201605
6163,16,0.33980942,2.31779981
6164,16,0.31840941,1.75464916
6165,16,0.25190347,1.58663201
6166,16,0.39661366,1.91873705
6167,16,0.35463053,1.57861185
6168,16,0.37653121,1.77986288
6169,16,0.37521845,1.44286096
6170,16,0.35459733,1.93859828
6171,16,0.44219714,1.81275725
6172,16,0.32733771,1.86839676
6173,16,0.32868144,2.12194204
6174,16,0.20861422,1.10400856
6175,16,0.34375906,1.45639348
6176,16,0.31566796,1.45036995
6177,16,0.32127693,1.97966933
6178,16,0.44814104,3.00278687
6179,16,0.34002167,1.54691672
6180,16,0.45650932,2.54663849
6181,16,0.22337508,1.68662894
6182,16,0.39323694,2.04805136
6183,16,0.32962286,1.73906362
6184,16,0.20648424,0.88602930
6185,16,0.33032075,1.20793498
6186,16,0.27645826,1.83673227
6187,16,0.29315645,1.10848236
6188,16,0.26142585,1.46129644
6189,16,0.31704742,1.39260495
6190,16,0.27297068,1.66157925
6191,16,0.31457663,1.63457084
6192,16,0.32960075,1.90540123
6193,16,0.35858822,1.46160531
6194,16,0.29182968,1.27035522
6195,16,0.32969257,1.81665885
6196,16,0.25576973,1.28665209
6197,16,0.33740053,1.91150498
6198,16,0.28668499,2.06009603
6199,16,0.30575520,1.72200763
6200,16,0.34159738,1.73837948
6201,16,0.25769642,1.59853375
6202,16,0.38312855,1.64670897
6203,16,0.41968894,2.07866740
6204,16,0.28049892,1.36975145
6205,16,0.26197505,1.54966986
6206,16,0.27523318,1.77827823
6207,16,0.29065555,1.68222952
6208,16,0.32197109,1.51720858
6209,16,0.29050356,1.45475960
6210,16,0.36249191,1.60822189
6211,16,0.26421046,1.61109948
6212,16,0.31545430,1.86600125
6213,16,0.36630344,1.93637776
6214,16,0.28925925,1.92423117
6215,16,0.39102802,2.05978370
6216,16,0.26496574,1.13504934
6217,16,0.42465448,2.11046362
6218,16,0.26009747,1.33208597
6219,16,0.25217533,1.11992633
6220,16,0.25325766,1.68832815
6221,16,0.35585296,1.64578116
6222,16,0.28582388,1.31236017
6223,16,0.37425876,1.11958909
6224,16,0.29151678,2.46423697
6225,16,0.24129082,1.29083884
6226,16,0.29355502,1.39402890
6227,16,0.29359040,1.50017607
6228,16,0.23440406,1.01473892
6229,16,0.41898483,1.66375661
6230,16,0.38369411,1.56850004
6231,16,0.36344066,1.90302038
6232,16,0.26940173,1.16364348
6233,16,0.34712246,1.42904496
6234,16,0.26587364,1.22377765
6235,16,0.20104398,0.96926892
6236,16,0.17416322,1.42487133
6237,16,0.32364523,1.53515041
6238,16,0.30471075,2.38307047
6239,16,0.28264242,1.74495268
6240,16,0.28677022,1.31693065
6241,16,0.19034782,0.88095212
6242,16,0.26968765,2.28718948
6243,16,0.31558889,1.44773650
6244,16,0.31359172,1.49453163
6245,16,0.37048703,1.96346462
6246,16,0.24979478,1.33407712
6247,16,0.49166065,2.58246183
6248,16,0.24863452,1.36195338
6249,16,0.37680870,1.87954748
6250,16,0.27908015,2.04027581
6251,16,0.23727995,1.69917142
6252,16,0.25914824,1.92745161
6253,16,0.29929882,2.31667447
6254,16,0.31914622,1.49853754
6255,16,0.25794688,2.41844368
6256,17,0.33816397,1.47458208
6257,17,0.20290460,1.87723422
6258,17,0.29945239,1.61003137
6259,17,0.19463274,1.23270726
6260,17,0.36914963,2.01118040
6261,17,0.30880213,1.80458093
6262,17,0.23971334,1.61121261
6263,17,0.33964238,1.47243845
6264,17,0.36846483,1.90339351
6265,17,0.33917344,1.62404907
6266,17,0.27609724,1.64152253
6267,17,0.28661615,1.58568811
6268,17,0.19369170,1.24086916
6269,17,0.25298226,1.34629142
6270,17,0.41563660,1.83242643
6271,17,0.28487164,1.48032141
6272,17,0.26265869,1.54504251
6273,17,0.25783467,1.71296811
6274,17,0.34566560,1.66857636
6275,17,0.25821680,1.60491776
6276,17,0.20648266,2.20589447
6277,17,0.20609805,1.60237241
6278,17,0.32122242,2.33050632
6279,17,0.23367754,1.38709295
6280,17,0.22756766,1.09233820
6281,17,0.23141611,0.93160754
6282,17,0.21287322,1.38860464
6283,17,0.32258606,2.59837556
6284,17,0.31313872,1.57192063
6285,17,0.27647877,1.53507328
6286,17,0.27032512,1.55826664
6287,17,0.25633240,1.55053246
6288,17,0.27714667,2.33324480
6289,17,0.32666016,1.68589950
6290,17,0.25310919,1.16197753
6291,17,0.27577150,1.46902764
6292,17,0.30587366,1.71657419
6293,17,0.23105274,1.36874950
6294,17,0.25245041,1.24450910
6295,17,0.29503620,1.23512459
6296,17,0.31830591,1.41516531
6297,17,0.43972948,2.40520716
6298,17,0.22745684,1.48607445
6299,17,0.31400898,2.16639972
6300,17,0.36072835,1.75071847
6301,17,0.28564674,1.40619850
6302,17,0.49157476,2.12235641
6303,17,0.32077074,1.88953745
6304,17,0.39525938,1.75767076
6305,17,0.18932158,1.03492332
6306,17,0.17839378,1.35834455
6307,17,0.29319817,1.95659673
6308,17,0.30046687,1.79668641
6309,17,0.28941548,1.65139747
6310,17,0.36124980,1.60779822
6311,17,0.29715759,1.26422155
6312,17,0.25542402,1.35217655
6313,17,0.33215958,1.39529872
6314,17,0.33982983,2.12534428
6315,17,0.29635847,1.40942037
6316,17,0.34219277,1.65034068
6317,17,0.28801617,1.62931657
6318,17,0.31077820,1.36677325
6319,17,0.33427387,1.62610173
6320,17,0.24712759,1.34346080
6321,17,0.28914595,1.45475590
6322,17,0.42213911,1.64253998
6323,17,0.25661653,1.27742577
6324,17,0.34581000,1.40657556
6325,17,0.22689041,1.30007994
6326,17,0.32655281,1.57623100
6327,17,0.33562717,1.49321055
6328,17,0.51630855,1.55244994
6329,17,0.17950052,0.92314047
6330,17,0.37126476,2.20557928
6331,17,0.30993280,1.36899149
6332,17,0.30640754,1.36755383
6333,17,0.19762367,0.95927966
6334,17,0.22934395,0.98518151
6335,17,0.36190158,1.38887775
6336,17,0.23037171,1.72000933
6337,17,0.27926460,1.19083726
6338,17,0.31771460,1.72990859
6339,17,0.34017164,1.57951069
6340,17,0.36539119,2.19667888
6341,17,0.35256869,1.98627543
6342,17,0.25238279,1.05223870
6343,17,0.24096447,1.11873269
6344,17,0.38490579,2.12317324
6345,17,0.37813884,1.65756953
6346,17,0.38389456,1.76904392
6347,17,0.41880637,2.63247085
6348,17,0.29817858,1.44998968
6349,17,0.34591818,1.56172884
6350,17,0.24268410,1.24183667
6351,17,0.19831872,1.17369032
6352,17,0.29647547,1.03311813
6353,17,0.43679100,1.66527748
6354,17,0.15577909,0.86906260
6355,17,0.38134277,1.98926067
6356,17,0.18253940,1.30883110
6357,17,0.33103484,1.30446506
6358,17,0.31229880,1.26518071
6359,17,0.27236703,1.25156915
6360,17,0.38363487,1.50495088
6361,17,0.34541002,2.66513300
6362,17,0.35948098,2.42104483
6363,17,0.35058951,1.65229976
6364,17,0.34815705,1.62656045
6365,17,0.19629225,1.09507179
6366,17,0.25358465,1.71003437
6367,17,0.20400901,1.18892312
6368,17,0.17624196,1.50288892
6369,17,0.25900060,1.08025289
6370,17,0.28643227,1.66792667
6371,17,0.24729633,2.01514411
6372,17,0.22312692,0.79511726
6373,17,0.26336536,1.38538003
6374,17,0.36286378,2.19350195
6375,17,0.26136652,1.05075157
6376,17,0.33209509,1.45747864
6377,17,0.37095857,1.57350552
6378,17,0.31251878,1.64584363
6379,17,0.36451244,1.78527582
6380,17,0.21059678,1.10629213
6381,17,0.31769273,1.60215580
6382,17,0.41838342,1.85459888
6383,17,0.14386533,1.37562239
6384,17,0.23465106,1.03697872
6385,17,0.31070212,1.34340572
6386,17,0.41617373,1.52323771
6387,17,0.34659231,2.70681882
6388,17,0.29366362,0.86856610
6389,17,0.30682325,1.60452545
6390,17,0.30152637,1.75740516
6391,17,0.28543770,1.24294496
6392,17,0.23149887,1.71096039
6393,17,0.14539990,0.89989036
6394,17,0.28975445,1.07698989
6395,17,0.29467854,1.59477758
6396,17,0.29293123,1.56767416
6397,17,0.21434817,1.10141623
6398,17,0.19827819,1.16683054
6399,17,0.26879057,1.85918021
6400,17,0.33445138,1.07358801
6401,17,0.34397659,1.52329981
6402,17,0.28263909,1.60543180
6403,17,0.40733981,1.45290828
6404,17,0.26861733,1.29106975
6405,17,0.34276515,2.07352448
6406,17,0.20070776,1.27008128
6407,17,0.33872786,2.10803556
6408,17,0.26327327,1.52982807
6409,17,0.27036598,1.35508955
6410,17,0.32488090,2.00096297
6411,17,0.29998845,1.23387253
6412,17,0.24126899,1.27365828
6413,17,0.50335753,2.35726595
6414,17,0.27578557,1.42191982
6415,17,0.28352201,1.24687862
6416,17,0.25862700,1.39925086
6417,17,0.26005602,1.81838655
6418,17,0.43847325,1.99823332
6419,17,0.28275082,1.32464540
6420,17,0.27726138,1.31527925
6421,17,0.33851519,1.49319696
6422,17,0.34480864,1.77385688
6423,17,0.27671352,1.59056520
6424,17,0.28836188,2.05926776
6425,17,0.28129095,1.25025499
6426,17,0.29551733,2.28251171
6427,17,0.33560908,1.18306410
6428,17,0.36690587,1.48767054
6429,17,0.33167338,1.35309708
6430,17,0.31763291,1.68737388
6431,17,0.26620132,1.36882246
6432,17,0.22622013,1.08139074
6433,17,0.24727193,1.16966259
6434,17,0.19159704,1.09188044
6435,17,0.28399450,1.67291105
6436,17,0.20198123,1.83934236
6437,17,0.28624725,1.20524621
6438,17,0.29446274,1.45875275
6439,17,0.32333735,1.49964857
6440,17,0.28344750,1.74326932
6441,17,0.36218309,1.31602144
6442,17,0.28764236,1.29382062
6443,17,0.28799802,1.86403966
6444,17,0.31148201,2.11410689
6445,17,0.41453603,2.08353567
6446,17,0.22338438,1.47849786
6447,17,0.25430569,1.75228322
6448,17,0.33204803,1.92571211
6449,17,0.33269146,1.68799579
6450,17,0.30156034,1.78718150
6451,17,0.30407929,2.17557049
6452,17,0.20420557,1.57851136
6453,17,0.23502931,1.40929353
6454,17,0.24514543,1.38599026
6455,17,0.39955875,1.68181169
6456,17,0.29774207,2.43450999
6457,17,0.39336652,1.87134242
6458,17,0.28772467,1.18394339
6459,17,0.29993474,2.38558936
6460,17,0.35476357,1.64543951
6461,17,0.24660313,1.44529760
6462,17,0.35292327,1.77638066
6463,17,0.33819509,1.47375476
6464,17,0.22393568,0.97141689
6465,17,0.33724192,1.54452527
6466,17,0.47523567,1.71979606
6467,17,0.26006073,1.03650081
6468,17,0.30106321,2.04079604
6469,17,0.24160998,1.57687771
6470,17,0.27475253,1.32182419
6471,17,0.35375276,1.21015680
6472,17,0.32346517,1.33388507
6473,17,0.21593279,1.04442596
6474,17,0.22914732,1.00464392
6475,17,0.35469323,1.43293762
6476,17,0.25224799,1.56745815
6477,17,0.42126840,1.19765568
6478,17,0.30903172,2.16679478
6479,17,0.23771971,0.96398485
6480,17,0.40072355,1.83292067
6481,17,0.30971104,1.16118610
6482,17,0.26778591,1.44824398
6483,17,0.36636129,1.45868516
6484,17,0.34174013,1.75572407
6485,17,0.27434099,1.60257041
6486,17,0.36237380,1.38317227
6487,17,0.28771022,1.31470382
6488,17,0.44157937,1.59700310
6489,17,0.28739387,1.89799273
6490,17,0.31799614,1.87623906
6491,17,0.27582082,2.05255628
6492,17,0.36083400,1.45128727
6493,17,0.27189624,1.46313310
6494,17,0.35979402,1.96128905
6495,17,0.34351325,1.81713772
6496,17,0.30962619,1.65494609
6497,17,0.29127407,1.41810405
6498,17,0.22879629,1.12249517
6499,17,0.34820694,1.38337064
6500,17,0.35288221,2.74419832
6501,17,0.26215708,1.91751266
6502,17,0.32186538,1.65647590
6503,17,0.24314255,1.67611706
6504,17,0.44404685,1.63807595
6505,17,0.36599261,1.67331100
6506,17,0.23678195,1.95321822
6507,17,0.35378093,1.40445554
6508,17,0.23150152,1.38410830
6509,17,0.20072198,1.63825846
6510,17,0.32292137,2.49885058
6511,17,0.30775875,1.70150733
6512,17,0.27108029,1.61049771
6513,17,0.33432335,2.25755024
6514,17,0.23772904,1.14486861
6515,17,0.27089012,1.19055974
6516,17,0.26594073,1.34993851
6517,17,0.24511349,1.79289043
6518,17,0.38484412,1.91677487
6519,17,0.32280034,1.26743090
6520,17,0.22119276,0.90989596
6521,17,0.26112223,1.20476532
6522,17,0.27832392,1.68524098
6523,17,0.46061471,2.14472008
6524,17,0.29448599,1.31361914
6525,17,0.33935371,1.95361471
6526,17,0.17931414,1.39511251
6527,17,0.24225320,2.11451888
6528,17,0.27634126,2.37580442
6529,17,0.23713157,1.99538100
6530,17,0.29795334,2.13934946
6531,17,0.38740078,2.02833104
6532,17,0.38564149,2.06161618
6533,17,0.32428512,1.52326727
6534,17,0.24652612,1.31442630
6535,17,0.27736619,1.88362598
6536,17,0.39263785,1.53178465
6537,17,0.26357937,1.50866663
6538,17,0.29841501,1.69575250
6539,17,0.38589543,2.24024296
6540,17,0.38723707,1.13937712
6541,17,0.31508046,1.43966615
6542,17,0.18593141,0.95393384
6543,17,0.28147250,1.97981620
6544,17,0.17601377,1.06411123
6545,17,0.20655294,1.32493353
6546,17,0.23503661,1.24711680
6547,17,0.33561140,2.30105543
6548,17,0.26569301,1.25236869
6549,17,0.43573523,1.83667135
6550,17,0.43236300,2.34187508
6551,17,0.28062591,1.56899679
6552,17,0.21476828,1.08044362
6553,17,0.35841227,1.27940035
6554,17,0.35003263,1.77440798
6555,17,0.20551659,1.20638049
6556,17,0.46416736,1.53891993
6557,17,0.32013166,1.18417561
6558,17,0.29236010,1.32651341
6559,17,0.33677235,1.43208134
6560,17,0.39103812,2.10941124
6561,17,0.33292574,1.65816593
6562,17,0.43315649,1.71537948
6563,17,0.58405346,2.04322982
6564,17,0.28929985,1.57944822
6565,17,0.28829244,1.66726840
6566,17,0.30755204,1.05535185
6567,17,0.29934546,1.42540002
6568,17,0.25518164,1.29137087
6569,17,0.30703220,1.37581944
6570,17,0.34241599,1.34608901
6571,17,0.27438366,1.27107084
6572,17,0.31334305,1.98273921
6573,17,0.34782177,1.66615915
6574,17,0.39373377,2.21514249
6575,17,0.35365057,1.86080801
6576,17,0.32303369,1.16214836
6577,17,0.27209389,1.28312516
6578,17,0.25302765,1.23293698
6579,17,0.28433007,1.55308890
6580,17,0.30742711,1.79390621
6581,17,0.33513522,1.09537411
6582,17,0.30420434,1.59134030
6583,17,0.37376475,1.72644424
6584,17,0.31717718,1.46692038
6585,17,0.33485502,2.19179726
6586,17,0.42262024,2.02320623
6587,17,0.31060824,1.51877129
6588,17,0.29144743,1.06984663
6589,17,0.18349743,1.04118574
6590,17,0.34135568,1.28134334
6591,17,0.18380529,1.53015721
6592,17,0.33550999,2.23402166
6593,17,0.25086105,1.59788728
6594,17,0.28035587,1.69692588
6595,17,0.36581832,2.67082834
6596,17,0.27790844,1.19751453
6597,17,0.31615198,1.64651144
6598,17,0.26558408,1.22786474
6599,17,0.39813280,4.04474401
6600,17,0.32661650,1.70573616
6601,17,0.22038835,1.99888897
6602,17,0.22928017,1.20617962
6603,17,0.21589027,1.38649535
6604,17,0.32447711,1.68732512
6605,17,0.49303752,2.45638442
6606,17,0.42096967,1.77329099
6607,17,0.38437116,2.48941708
6608,17,0.40040207,2.10768342
6609,17,0.23907599,1.65196979
6610,17,0.28994757,2.18911505
6611,17,0.42129371,2.52019358
6612,17,0.26034671,1.15938199
6613,17,0.22293223,0.92460138
6614,17,0.27687705,1.48670137
6615,17,0.41472128,1.94769895
6616,17,0.27666360,1.80390441
6617,17,0.35093549,2.16652179
6618,17,0.21855751,1.00570571
6619,17,0.28555250,1.80903876
6620,17,0.22869171,1.14622736
6621,17,0.25992057,1.63411260
6622,17,0.26163179,1.39412522
6623,17,0.27813271,1.16576397
6624,17,0.39311409,1.22190309
6625,17,0.24998343,1.78370631
6626,17,0.42320859,1.92519617
6627,17,0.28306049,1.19770336
6628,17,0.21108562,1.51068544
6629,17,0.38855639,1.63827944
6630,17,0.34867039,1.54360414
6631,17,0.32072613,1.54217064
6632,17,0.39639628,2.65009999
6633,17,0.22177592,1.29576659
6634,17,0.41425049,2.55546808
6635,17,0.31398338,1.06490004
6636,17,0.29568225,1.45938182
6637,17,0.26221815,1.66285598
6638,17,0.20954177,1.07395506
6639,17,0.33839738,1.57856727
6640,17,0.29966927,1.38860500
6641,17,0.32260147,1.90995491
6642,17,0.39152205,1.66179383
6643,17,0.33243036,1.43146789
6644,17,0.29481754,1.87388039
6645,17,0.25445116,1.25206530
6646,17,0.20727754,1.41828847
6647,18,0.26927596,1.71967101
6648,18,0.31338927,1.20977747
6649,18,0.39180976,2.11813235
6650,18,0.21916793,1.00405610
6651,18,0.26568022,1.40577412
6652,18,0.20709804,1.10126376
6653,18,0.28024572,1.10614920
6654,18,0.42509615,1.80987775
6655,18,0.27970856,1.48343730
6656,18,0.20867397,1.49257886
6657,18,0.25665754,1.11162138
6658,18,0.29026082,1.15487123
6659,18,0.23388471,0.92020130
6660,18,0.25075078,1.15415740
6661,18,0.29024604,1.49223375
6662,18,0.31111586,1.72962129
6663,18,0.28773433,1.64924026
6664,18,0.29719329,1.93200302
6665,18,0.19683586,1.46423578
6666,18,0.37367955,1.90286171
6667,18,0.26003957,2.26527405
6668,18,0.18035454,1.54093373
6669,18,0.28816104,1.20804477
6670,18,0.30247873,1.37238896
6671,18,0.18284389,1.26971710
6672,18,0.29956698,1.28390002
6673,18,0.38367465,2.55468464
6674,18,0.16135895,1.00040889
6675,18,0.21253790,1.75984120
6676,18,0.34157428,1.84829271
6677,18,0.19268510,1.13569963
6678,18,0.20318536,0.83186966
6679,18,0.23237745,1.61134315
6680,18,0.28735220,1.43651021
6681,18,0.19055852,1.00718486
6682,18,0.16943230,1.58805561
6683,18,0.22692557,2.01860642
6684,18,0.37730908,1.16111231
6685,18,0.29358464,1.25449824
6686,18,0.22082342,1.02368522
6687,18,0.29138315,1.44130528
6688,18,0.19786121,1.25834417
6689,18,0.24582243,1.64015281
6690,18,0.35292277,2.21185851
6691,18,0.32796645,1.09875095
6692,18,0.26518351,1.74130559
6693,18,0.15153438,1.06729376
6694,18,0.28497565,1.75167644
6695,18,0.21545306,1.14989996
6696,18,0.27159816,1.02136374
6697,18,0.33437037,1.71180189
6698,18,0.23988366,1.15985620
6699,18,0.44419497,2.33916569
6700,18,0.24792874,2.00953841
6701,18,0.35991621,1.99005842
6702,18,0.33360478,1.99897718
6703,18,0.22832282,1.36125386
6704,18,0.24642465,1.59391952
6705,18,0.23664775,1.74995208
6706,18,0.19915590,1.70538771
6707,18,0.36521703,2.11760139
6708,18,0.22399658,1.31520331
6709,18,0.40726638,3.05803370
6710,18,0.26703042,1.33598161
6711,18,0.23370305,1.33043432
6712,18,0.19632956,1.06799960
6713,18,0.35416248,1.67858720
6714,18,0.23844941,1.54150379
6715,18,0.48069164,2.72730422
6716,18,0.30139166,3.46054435
6717,18,0.26710594,1.35664809
6718,18,0.27895153,1.34392703
6719,18,0.15820368,1.10309029
6720,18,0.52153301,2.10820007
6721,18,0.38427931,2.34770274
6722,18,0.33499479,1.24617898
6723,18,0.25384116,1.49630821
6724,18,0.29777718,1.30175912
6725,18,0.38772103,1.46091378
6726,18,0.22716431,1.52543521
6727,18,0.26897752,1.34606969
6728,18,0.28430802,0.99115634
6729,18,0.31812581,2.48690224
6730,18,0.38320976,1.81445396
6731,18,0.19295552,1.01669562
6732,18,0.22983459,1.78743148
6733,18,0.31704968,1.19892216
6734,18,0.23676862,0.95525587
6735,18,0.19531272,1.34256721
6736,18,0.20121896,1.24518549
6737,18,0.23170270,1.23185527
6738,18,0.21748476,1.62486792
6739,18,0.53294784,2.29211164
6740,18,0.25222433,1.35527050
6741,18,0.28356072,1.40226912
6742,18,0.29904220,2.14170980
6743,18,0.29679883,1.42388940
6744,18,0.35774589,2.70162535
6745,18,0.16481940,0.59751731
6746,18,0.27241752,1.56879091
6747,18,0.27042615,1.48373604
6748,18,0.25743085,1.09993362
6749,18,0.27709797,1.33376896
6750,18,0.32047868,1.54372454
6751,18,0.40689766,1.60279036
6752,18,0.16011986,1.10487497
6753,18,0.20602286,1.21374476
6754,18,0.30514055,1.50601351
6755,18,0.32415664,1.69131958
6756,18,0.29290232,1.62275243
6757,18,0.27483141,1.81806147
6758,18,0.21567018,1.06558096
6759,18,0.31800836,1.37082028
6760,18,0.19880341,1.28087437
6761,18,0.30665764,1.36128259
6762,18,0.28526080,1.14344466
6763,18,0.32526994,1.56750298
6764,18,0.39892173,2.11791182
6765,18,0.21137592,1.61422253
6766,18,0.33613044,1.82186210
6767,18,0.23280688,1.03872955
6768,18,0.30452216,3.15327358
6769,18,0.31690300,2.26628661
6770,18,0.39067328,1.95745754
6771,18,0.29835272,1.31638443
6772,18,0.18529910,1.00486195
6773,18,0.24679759,1.24629128
6774,18,0.23535998,1.36205184
6775,18,0.16380912,1.30020463
6776,18,0.24212965,1.09747458
6777,18,0.27234137,1.10482454
6778,18,0.28994793,1.61085951
6779,18,0.22318614,1.34798121
6780,18,0.25606361,1.96734941
6781,18,0.41405717,1.86126816
6782,18,0.11848889,0.70015389
6783,18,0.23260972,1.19358194
6784,18,0.20449229,0.83282429
6785,18,0.18508455,1.04600263
6786,18,0.21164027,1.18156517
6787,18,0.19645366,1.09945571
6788,18,0.23168477,1.12166846
6789,18,0.18065685,1.51546788
6790,18,0.32636094,1.90536392
6791,18,0.20374918,1.37810481
6792,18,0.15023425,0.97494417
6793,18,0.28819585,2.14211082
6794,18,0.30472225,1.24425578
6795,18,0.26960218,1.38734245
6796,18,0.13994710,1.01783419
6797,18,0.22463717,1.22774029
6798,18,0.29982847,1.83358335
6799,18,0.22705129,1.20654893
6800,18,0.38890499,3.40220547
6801,18,0.36066127,1.48205042
6802,18,0.33644474,1.59336793
6803,18,0.33285004,2.03383183
6804,18,0.24487126,1.22360325
6805,18,0.34029126,1.89270103
6806,18,0.20406452,1.77972543
6807,18,0.19427079,1.88143730
6808,18,0.38680813,1.89261377
6809,18,0.30958715,1.87874258
6810,18,0.27061054,2.02989268
6811,18,0.19383095,1.35794365
6812,18,0.33629557,2.96201348
6813,18,0.36934650,1.71783412
6814,18,0.24311793,1.17366576
6815,18,0.12396680,0.93752223
6816,18,0.31637377,1.92937326
6817,18,0.34441835,1.43302298
6818,18,0.36259964,1.71338499
6819,18,0.34069172,2.10862398
6820,18,0.24607944,1.88600397
6821,18,0.28825772,2.06381321
6822,18,0.26591721,1.31034636
6823,18,0.25704095,1.40344584
6824,18,0.34215543,2.53383946
6825,18,0.24853908,1.04906070
6826,18,0.41452008,1.57352448
6827,18,0.28826076,1.48852229
6828,18,0.25099793,1.16829395
6829,18,0.24101013,1.25731587
6830,18,0.39625838,1.71117997
6831,18,0.24871612,1.43153560
6832,18,0.30428192,1.17708230
6833,18,0.27478915,1.32300520
6834,18,0.14178133,0.78663182
6835,18,0.21824181,1.33316386
6836,18,0.19374332,2.25283623
6837,18,0.37486151,1.71521127
6838,18,0.33200130,1.56618381
6839,18,0.27537242,1.24758554
6840,18,0.21452025,1.28476846
6841,18,0.33703157,1.05472898
6842,18,0.28508988,1.90730822
6843,18,0.43834278,1.76895845
6844,18,0.25213549,1.72346044
6845,18,0.40076575,1.71103990
6846,18,0.18409704,1.13265407
6847,18,0.25735834,1.54761803
6848,18,0.29438192,1.50992441
6849,18,0.33329898,1.39481354
6850,18,0.22066647,0.99771887
6851,18,0.26056793,1.32026219
6852,18,0.20086145,1.38869011
6853,18,0.24937426,1.29157400
6854,18,0.25309426,1.39319813
6855,18,0.27341571,0.79697895
6856,18,0.21021646,1.11256695
6857,18,0.25862095,1.42523956
6858,18,0.26562953,2.27814865
6859,18,0.35245523,1.95878685
6860,18,0.25465339,1.91728020
6861,18,0.19598618,1.72826254
6862,18,0.30917221,2.41829801
6863,18,0.24683237,1.44313669
6864,18,0.35660338,2.81194305
6865,18,0.25385544,1.17041433
6866,18,0.31336874,1.70931709
6867,18,0.23516548,1.62015271
6868,18,0.26630807,1.57506132
6869,18,0.37667125,2.03435993
6870,18,0.33607507,inf
6871,18,0.37722719,1.77839959
6872,18,0.31138337,1.63974214
6873,18,0.30368987,1.81005991
6874,18,0.27830464,1.65129471
6875,18,0.24568136,1.46738303
6876,18,0.25457823,1.22623682
6877,18,0.27894098,1.31554019
6878,18,0.37018749,1.90181565
6879,18,0.14866015,1.18469644
6880,18,0.23654220,1.35817087
6881,18,0.24167098,1.32380414
6882,18,0.29007518,1.29192007
6883,18,0.27797773,1.12609422
6884,18,0.29172659,1.98616111
6885,18,0.21359852,1.12035704
6886,18,0.26926523,1.86106253
6887,18,0.41227084,2.20190024
6888,18,0.32140505,2.15210319
6889,18,0.33963931,1.91458702
6890,18,0.29799345,1.53567338
6891,18,0.14983934,0.79881638
6892,18,0.20339638,1.25941646
6893,18,0.42986506,4.40631247
6894,18,0.23145567,1.41445172
6895,18,0.23238941,1.51031029
6896,18,0.34012261,2.81178784
6897,18,0.17471638,1.55833554
6898,18,0.40444696,1.43831015
6899,18,0.27551633,2.24438405
6900,18,0.27553684,1.22959244
6901,18,0.33614773,2.21014452
6902,18,0.29976377,1.37812805
6903,18,0.27759647,1.58947790
6904,18,0.25509846,1.12384272
6905,18,0.32664394,2.64677024
6906,18,0.45222405,2.37730050
6907,18,0.21911719,1.21129143
6908,18,0.38757727,1.22433245
6909,18,0.35462919,1.45804393
6910,18,0.30536425,1.72865760
6911,18,0.14540167,1.33410811
6912,18,0.32243958,2.95538330
6913,18,0.34789851,1.81969285
6914,18,0.34998810,1.70380449
6915,18,0.30204946,1.37157738
6916,18,0.34874484,1.90207291
6917,18,0.21927691,0.99501914
6918,18,0.28469229,1.26239240
6919,18,0.27890122,1.40516555
6920,18,0.25806785,1.11957145
6921,18,0.41578084,2.25438094
6922,18,0.31259239,1.26515353
6923,18,0.35704875,1.62398291
6924,18,0.20721170,1.21857524
6925,18,0.29323992,1.50412023
6926,18,0.24116385,0.89270431
6927,18,0.21298538,1.02307761
6928,18,0.35373047,1.80780828
6929,18,0.30638430,1.14272809
6930,18,0.27738300,1.41833353
6931,18,0.36541009,1.29671693
6932,18,0.22664444,1.36504924
6933,18,0.26424256,1.18043566
6934,18,0.25043964,1.00176191
6935,18,0.33686289,1.09013951
6936,18,0.24513681,1.49370193
6937,18,0.20587340,1.71016181
6938,18,0.37192142,1.68439329
6939,18,0.22960918,1.10803461
6940,18,0.18445078,1.32841229
6941,18,0.26739860,1.47330499
6942,18,0.21881935,1.23885798
6943,18,0.33950305,1.09435356
6944,18,0.26363075,1.84894884
6945,18,0.25264454,1.50366569
6946,18,0.25463432,1.16742718
6947,18,0.21445319,1.05958700
6948,18,0.24598011,1.19853687
6949,18,0.28351063,1.61172140
6950,18,0.26360911,2.15299082
6951,18,0.36573410,1.63246644
6952,18,0.29634088,1.72404969
6953,18,0.31725565,1.41950309
6954,18,0.21707693,1.07208765
6955,18,0.21913156,1.34496820
6956,18,0.39827982,1.57470798
6957,18,0.27726704,1.62180340
6958,18,0.21745801,1.39567494
6959,18,0.25692701,1.50079441
6960,18,0.26537663,1.58351398
6961,18,0.38567510,1.78061748
6962,18,0.25686651,1.17234087
6963,18,0.36072153,2.12966919
6964,18,0.17348494,1.38715935
6965,18,0.33997700,1.68494201
6966,18,0.18398826,1.53803337
6967,18,0.33082765,1.69344211
6968,18,0.25157255,1.63407230
6969,18,0.30569690,1.21698785
6970,18,0.29993954,2.00235653
6971,18,0.30843654,1.82466555
6972,18,0.37715143,1.44832647
6973,18,0.22872329,1.87166667
6974,18,0.25422812,1.24781573
6975,18,0.28961641,1.34136331
6976,18,0.25953543,1.33111227
6977,18,0.41394064,1.59496963
6978,18,0.31785572,0.88335848
6979,18,0.23544493,0.85684240
6980,18,0.34754729,2.07291985
6981,18,0.26493320,1.44591844
6982,18,0.32263908,1.97476494
6983,18,0.28840244,1.29477990
6984,18,0.19300067,0.87897617
6985,18,0.35046953,1.11767662
6986,18,0.26386517,1.20978582
6987,18,0.30575705,1.84084702
6988,18,0.20820200,0.84728992
6989,18,0.33867246,1.31679535
6990,18,0.31068879,1.80293453
6991,18,0.20413810,1.03485262
6992,18,0.22968021,1.28618991
6993,18,0.30155763,2.13502502
6994,18,0.20720509,0.84820145
6995,18,0.24042010,1.67728043
6996,18,0.21366578,1.18474948
6997,18,0.29113740,1.77035534
6998,18,0.28299910,1.35839641
6999,18,0.16395004,0.87977868
7000,18,0.23558137,1.27644598
7001,18,0.37846893,1.91142344
7002,18,0.31299090,2.82965040
7003,18,0.20862457,1.38514411
7004,18,0.25719595,2.00590396
7005,18,0.26938650,1.72824550
7006,18,0.28225976,1.07290888
7007,18,0.28082153,1.84598649
7008,18,0.27265334,1.39963484
7009,18,0.34012368,1.62000299
7010,18,0.35689482,2.86359978
7011,18,0.27360186,1.66887772
7012,18,0.35743386,2.01832652
7013,18,0.32118058,1.57763982
7014,18,0.36456606,1.70588911
7015,18,0.21652900,1.24839270
7016,18,0.34776461,1.45037210
7017,18,0.24219596,1.00774682
7018,18,0.23403099,1.60594046
7019,18,0.25670803,1.06705821
7020,18,0.18946183,1.10918772
7021,18,0.33534020,1.21632636
7022,18,0.26995474,1.53257143
7023,18,0.22429073,1.31854033
7024,18,0.28729931,1.86340892
7025,18,0.26813069,1.52700114
7026,18,0.20762968,0.91540098
7027,18,0.34615177,2.15041256
7028,18,0.31318149,1.65467834
7029,18,0.30632329,2.19104195
7030,18,0.13664958,1.03403997
7031,18,0.32742244,1.81086111
7032,18,0.31666857,1.52627611
7033,18,0.29334790,1.33830106
7034,18,0.28466070,1.33855069
7035,18,0.26384515,1.64600766
7036,18,0.32392898,1.52719378
7037,18,0.38499159,1.99880695
7038,19,0.45838153,2.26807380
7039,19,0.26206800,1.28075182
7040,19,0.22314209,1.01359737
7041,19,0.38890171,1.71164834
7042,19,0.23238391,1.09481776
7043,19,0.22417748,1.14908373
7044,19,0.22116159,1.27216101
7045,19,0.21037710,1.62025261
7046,19,0.28148901,1.44485903
7047,19,0.17462982,1.09479094
7048,19,0.22465502,1.14801824
7049,19,0.23147142,1.33527005
7050,19,0.20147498,1.58565629
7051,19,0.21601442,0.94988924
7052,19,0.14006321,0.77888399
7053,19,0.23428684,1.78859270
7054,19,0.25915062,1.46657372
7055,19,0.21376303,1.60891545
7056,19,0.22351018,1.66826630
7057,19,0.26465937,1.23924279
7058,19,0.29468924,1.55045116
7059,19,0.19757891,1.03427088
7060,19,0.30320129,1.83609772
7061,19,0.26683906,1.15919220
7062,19,0.29035646,2.38061810
7063,19,0.27650964,1.25786018
7064,19,0.36280885,1.55766213
7065,19,0.15946907,1.61924565
7066,19,0.18322587,1.10366118
7067,19,0.17961107,1.35574818
7068,19,0.23093602,1.17017448
7069,19,0.21163377,1.23724365
7070,19,0.37065655,1.68937302
7071,19,0.22361480,1.48912156
7072,19,0.20284368,1.00813675
7073,19,0.26691821,1.32364023
7074,19,0.26196167,1.03388429
7075,19,0.25659209,1.40736675
7076,19,0.28685713,1.51093280
7077,19,0.29068434,1.54538143
7078,19,0.33569235,1.36384976
7079,19,0.19584683,1.56912220
7080,19,0.33014816,1.49063241
7081,19,0.24815190,1.92977214
7082,19,0.21089864,1.22856176
7083,19,0.28735542,1.88952315
7084,19,0.22237645,1.53000748
7085,19,0.22322392,1.10495710
7086,19,0.27851191,3.05655980
7087,19,0.31957459,1.48541915
7088,19,0.23661599,1.94626725
7089,19,0.33261478,1.56968606
7090,19,0.27980164,1.66329122
7091,19,0.24681389,1.18201160
7092,19,0.22798401,2.18042970
7093,19,0.29731548,1.92357695
7094,19,0.17689785,0.93923599
7095,19,0.23703760,1.66290545
7096,19,0.21276507,1.23512864
7097,19,0.26774535,1.34810531
7098,19,0.21935040,1.81361103
7099,19,0.32208145,2.04063821
7100,19,0.29238740,1.46741092
7101,19,0.19556546,2.10537267
7102,19,0.22424167,1.63633013
7103,19,0.24533431,1.81000328
7104,19,0.15967885,1.23927021
7105,19,0.19040003,0.92545289
7106,19,0.17541037,1.39577496
7107,19,0.29174322,1.15502107
7108,19,0.25785357,1.59296846
7109,19,0.20601566,1.44931316
7110,19,0.32328117,2.52512240
7111,19,0.27281654,1.57754087
7112,19,0.36727953,1.80419636
7113,19,0.22134453,1.41352046
7114,19,0.18406241,1.62898636
7115,19,0.31137457,1.48019814
7116,19,0.22667649,2.19553256
7117,19,0.35480636,2.49685121
7118,19,0.19595264,1.74774230
7119,19,0.10605013,0.58128560
7120,19,0.24063119,1.23492193
7121,19,0.24156544,1.61985576
7122,19,0.24212094,1.27192712
7123,19,0.33790895,1.68693447
7124,19,0.42280093,2.16745305
7125,19,0.24215749,1.49094450
7126,19,0.25011820,1.75052106
7127,19,0.31939358,1.79324687
7128,19,0.19548544,1.08728492
7129,19,0.23750840,1.50873435
7130,19,0.24246843,1.09490764
7131,19,0.25171351,1.12258339
7132,19,0.34322411,2.08065677
7133,19,0.24925181,1.88933706
7134,19,0.23289603,1.37441874
7135,19,0.21247499,1.97118223
7136,19,0.24240562,1.79887390
7137,19,0.23887016,1.56579030
7138,19,0.28043792,1.35391927
7139,19,0.36625460,2.45674825
7140,19,0.25467741,1.53680110
7141,19,0.29350448,1.34343076
7142,19,0.23949346,1.17957246
7143,19,0.20624074,1.88058889
7144,19,0.31414503,1.54220748
7145,19,0.16412354,1.60687613
7146,19,0.25372154,1.66553557
7147,19,0.24661095,1.33226764
7148,19,0.27137262,1.83952796
7149,19,0.26347554,1.35533202
7150,19,0.31502405,1.87936211
7151,19,0.29169074,1.90608251
7152,19,0.35062900,1.99034333
7153,19,0.23350951,1.43072164
7154,19,0.35682935,1.70186591
7155,19,0.42442989,1.98738074
7156,19,0.39677063,2.11168599
7157,19,0.29493698,2.13011432
7158,19,0.36461771,2.20885205
7159,19,0.42661387,1.76687300
7160,19,0.32715726,1.49051702
7161,19,0.20903823,2.02142191
7162,19,0.29402977,1.47417724
7163,19,0.32057527,1.37846339
7164,19,0.32175857,2.45090747
7165,19,0.28476593,1.60117114
7166,19,0.23695435,1.86972201
7167,19,0.27086273,1.18750536
7168,19,0.28185683,1.17085826
7169,19,0.29475516,0.95419282
7170,19,0.21901324,1.05755687
7171,19,0.27004170,1.82864726
7172,19,0.33105671,1.53600526
7173,19,0.27971649,1.13398087
7174,19,0.15763897,1.12872231
7175,19,0.24660945,0.93648767
7176,19,0.24216893,1.31832683
7177,19,0.21254528,1.60202944
7178,19,0.22852556,1.70934427
7179,19,0.35038191,1.76711941
7180,19,0.18877378,0.87011439
7181,19,0.33861679,1.96508658
7182,19,0.31904078,1.74765158
7183,19,0.30805624,1.80665374
7184,19,0.30747443,1.67716801
7185,19,0.21029538,2.46801543
7186,19,0.26232731,1.68445301
7187,19,0.23433021,2.08936405
7188,19,0.17622428,1.25534892
7189,19,0.31454796,1.98515821
7190,19,0.38801652,2.26817966
7191,19,0.24442193,1.97289932
7192,19,0.27699652,1.22369695
7193,19,0.23182157,1.11699092
7194,19,0.24825759,1.31744850
7195,19,0.22562835,1.38705766
7196,19,0.21760392,1.19867527
7197,19,0.31272107,1.76872575
7198,19,0.23189098,1.53629625
7199,19,0.24968913,1.30983055
7200,19,0.21440463,1.35370135
7201,19,0.24638225,2.05889225
7202,19,0.28896427,2.66970992
7203,19,0.17335714,0.82785028
7204,19,0.22053732,1.04878318
7205,19,0.20798421,1.98646259
7206,19,0.33567464,2.08773518
7207,19,0.13937128,1.21417868
7208,19,0.18873270,1.32871449
7209,19,0.27023596,1.83886898
7210,19,0.30687588,1.62603593
7211,19,0.30736613,1.47294426
7212,19,0.31507075,1.89597642
7213,19,0.23154424,1.79602480
7214,19,0.17419067,1.22490203
7215,19,0.29109019,1.69361925
7216,19,0.27348098,1.58892798
7217,19,0.21863587,1.52776027
7218,19,0.32405606,2.01169419
7219,19,0.12236410,1.02486002
7220,19,0.23647518,1.94124591
7221,19,0.38406965,2.20394349
7222,19,0.24896719,1.53992307
7223,19,0.15888956,0.69787222
7224,19,0.30298853,1.57125628
7225,19,0.34327409,2.02733684
7226,19,0.31447071,1.44947302
7227,19,0.27727380,1.78652430
7228,19,0.27482098,1.56830478
7229,19,0.38282979,2.04034901
7230,19,0.25063398,1.34344387
7231,19,0.27393684,1.41895235
7232,19,0.26385835,2.22416139
7233,19,0.36811501,1.78225660
7234,19,0.17325969,1.51695228
7235,19,0.21430154,1.32235110
7236,19,0.19172885,1.50553477
7237,19,0.25746861,1.41807353
7238,19,0.38180763,2.49508739
7239,19,0.20473638,1.71099305
7240,19,0.18680596,0.94199818
7241,19,0.33058721,2.16812062
7242,19,0.17424175,1.63887942
7243,19,0.30675218,1.18063796
7244,19,0.31383082,1.18552887
7245,19,0.19928017,2.39912915
7246,19,0.30837643,1.99612820
7247,19,0.20118430,1.37699044
7248,19,0.28999957,1.79081869
7249,19,0.26662183,1.31778955
7250,19,0.20769311,1.28554416
7251,19,0.26698160,1.23580301
7252,19,0.19584563,1.92359519
7253,19,0.20547913,1.04753840
7254,19,0.22863168,1.69671059
7255,19,0.22865185,1.36390769
7256,19,0.18627962,1.03848720
7257,19,0.28240675,1.01803172
7258,19,0.27839440,2.22363353
7259,19,0.19263190,0.86317641
7260,19,0.20439929,1.13260186
7261,19,0.19023289,1.16826355
7262,19,0.24897289,1.25523567
7263,19,0.29573381,1.58064413
7264,19,0.19429258,1.12874889
7265,19,0.19799545,1.53433383
7266,19,0.46721208,2.25354981
7267,19,0.21066637,1.97710145
7268,19,0.17640254,1.36900938
7269,19,0.28817034,1.64578414
7270,19,0.23685423,3.07136750
7271,19,0.29506978,2.26447296
7272,19,0.31591865,1.51720381
7273,19,0.37358159,1.66273439
7274,19,0.28153819,1.93553054
7275,19,0.25713760,1.39484286
7276,19,0.20304173,1.51226318
7277,19,0.26720569,1.36037886
7278,19,0.21736166,1.42559206
7279,19,0.23085335,1.37014043
7280,19,0.24596800,1.83347452
7281,19,0.17524828,1.05161893
7282,19,0.25188822,1.01054215
7283,19,0.38404194,1.83044839
7284,19,0.19217956,1.35253739
7285,19,0.24388263,2.23725653
7286,19,0.33046931,1.94755244
7287,19,0.30310780,1.77282619
7288,19,0.30822915,1.41243577
7289,19,0.34175757,1.80295849
7290,19,0.31615531,1.43963015
7291,19,0.38701940,1.75121558
7292,19,0.20082040,1.32014310
7293,19,0.25495076,1.86286521
7294,19,0.33728278,1.36754847
7295,19,0.24257421,1.84328747
7296,19,0.24360949,2.35163832
7297,19,0.16880199,1.38344789
7298,19,0.19075555,0.97965419
7299,19,0.26603085,1.33757722
7300,19,0.37543869,1.59820592
7301,19,0.19343796,1.30619299
7302,19,0.29387051,1.56497014
7303,19,0.39129591,2.36838055
7304,19,0.46565732,2.25037026
7305,19,0.27453870,1.69624817
7306,19,0.37501183,2.35461974
7307,19,0.18537831,1.28539670
7308,19,0.25310335,1.54209745
7309,19,0.29817307,1.68912554
7310,19,0.41909587,2.59424067
7311,19,0.28847533,1.29164708
7312,19,0.33733249,1.37648046
7313,19,0.23433965,1.13342655
7314,19,0.29412454,1.45529401
7315,19,0.25269628,1.37112987
7316,19,0.24996698,1.43522513
7317,19,0.34093404,1.71188176
7318,19,0.22708172,1.38669896
7319,19,0.37368649,1.84021747
7320,19,0.31195107,1.26826632
7321,19,0.35377407,2.07007217
7322,19,0.22970518,1.16237772
7323,19,0.22068828,1.20120537
7324,19,0.26301992,1.40198529
7325,19,0.20509380,1.24904013
7326,19,0.33899096,1.43792832
7327,19,0.40102562,1.66257632
7328,19,0.23783839,1.39061832
7329,19,0.25317004,1.92431974
7330,19,0.32536104,1.76929796
7331,19,0.30009598,1.19638848
7332,19,0.19189009,1.39038002
7333,19,0.18149516,0.94907558
7334,19,0.32736945,1.32896459
7335,19,0.28277361,2.36414099
7336,19,0.25051945,1.10784400
7337,19,0.39325717,1.67735422
7338,19,0.37884259,1.42796302
7339,19,0.24975382,1.27169132
7340,19,0.27210850,1.60448456
7341,19,0.22704095,1.18189168
7342,19,0.29271480,1.50702572
7343,19,0.37168300,1.49932230
7344,19,0.12168959,0.91397715
7345,19,0.25876892,1.13718903
7346,19,0.20034611,1.23899460
7347,19,0.20650345,1.48077965
7348,19,0.23611909,1.74379182
7349,19,0.39779174,2.03854656
7350,19,0.25659376,1.46386600
7351,19,0.32218093,1.48699105
7352,19,0.25423303,2.33365011
7353,19,0.23161560,1.84258151
7354,19,0.24725364,1.68581986
7355,19,0.20058158,1.21422982
7356,19,0.23680183,1.37778699
7357,19,0.16869229,1.15546632
7358,19,0.26872456,1.34020138
7359,19,0.28567910,2.25669169
7360,19,0.17527598,1.31563044
7361,19,0.27596080,2.42970443
7362,19,0.18621798,1.51844692
7363,19,0.34903374,1.54045546
7364,19,0.31410414,2.18593335
7365,19,0.27860737,1.70604360
7366,19,0.22688593,1.61063480
7367,19,0.18634126,1.50245142
7368,19,0.30795836,1.57335162
7369,19,0.32643875,1.76026797
7370,19,0.27510238,1.18043900
7371,19,0.36209732,1.77063072
7372,19,0.25077611,1.57583022
7373,19,0.16116819,1.07695234
7374,19,0.27616918,1.04849839
7375,19,0.29004541,1.92230654
7376,19,0.31843001,1.79659092
7377,19,0.26041156,1.63984168
7378,19,0.20873192,2.73436689
7379,19,0.26028508,1.26822090
7380,19,0.24030268,1.40912664
7381,19,0.31846637,3.03919506
7382,19,0.16237022,0.97728771
7383,19,0.21224920,1.95314717
7384,19,0.22674024,1.16695666
7385,19,0.22585487,1.42504883
7386,19,0.48350957,2.28801155
7387,19,0.36642855,2.24288774
7388,19,0.29933026,1.52041245
7389,19,0.31899107,1.39347875
7390,19,0.25436631,0.78983241
7391,19,0.41649634,2.04229259
7392,19,0.29468063,1.54239416
7393,19,0.21151686,1.39356732
7394,19,0.32512286,1.06380606
7395,19,0.25337207,1.33945203
7396,19,0.28963596,2.33742881
7397,19,0.38594472,1.26720703
7398,19,0.32007450,1.35045648
7399,19,0.22886643,0.99533004
7400,19,0.17853630,0.79359633
7401,19,0.32326111,1.46078062
7402,19,0.29803458,2.01288724
7403,19,0.21514943,1.20861053
7404,19,0.28916958,1.36386359
7405,19,0.20314939,0.90000463
7406,19,0.16249312,1.59774292
7407,19,0.23747087,1.71539640
7408,19,0.25233746,2.00528121
7409,19,0.27434349,1.70184290
7410,19,0.22106127,1.05939329
7411,19,0.26773185,3.39453864
7412,19,0.27602324,1.57202232
7413,19,0.18051027,1.24532342
7414,19,0.30447024,2.11131716
7415,19,0.17909923,1.12748003
7416,19,0.30362111,2.12508655
7417,19,0.14949100,0.92534113
7418,19,0.30882525,1.72090781
7419,19,0.15837148,1.16485012
7420,19,0.30749291,2.37269950
7421,19,0.36872703,1.50598764
7422,19,0.32954672,1.21731365
7423,19,0.50188315,2.21970153
7424,19,0.32768011,1.38931537
7425,19,0.24604265,1.33922231
7426,19,0.51017559,2.60110736
7427,19,0.34017476,1.28512907
7428,19,0.20932689,1.66897047
7429,20,0.17753285,2.27896380
7430,20,0.25008079,1.18032181
7431,20,0.31349710,1.77975821
7432,20,0.27386156,1.60083425
7433,20,0.24891707,1.58372498
7434,20,0.19639683,1.01849198
7435,20,0.25646198,1.42526960
7436,20,0.17770955,1.00327396
7437,20,0.41014290,1.74955153
7438,20,0.22827867,1.05250525
7439,20,0.31510949,1.46868396
7440,20,0.22235842,1.87966681
7441,20,0.24965334,0.93449831
7442,20,0.30209267,1.31376219
7443,20,0.31777495,1.73354065
7444,20,0.24459182,1.28646171
7445,20,0.24842562,1.79882503
7446,20,0.13346505,0.95578307
7447,20,0.19544336,1.78297317
7448,20,0.25432926,1.09680629
7449,20,0.28651029,1.28337228
7450,20,0.19124252,1.09988427
7451,20,0.22758539,1.22427368
7452,20,0.17206495,1.16758645
7453,20,0.07691820,0.53614682
7454,20,0.15893704,1.02666998
7455,20,0.29363424,2.13321185
7456,20,0.25322801,1.87205172
7457,20,0.25870377,1.29505944
7458,20,0.20082015,1.14692760
7459,20,0.31536192,1.36823189
7460,20,0.27527305,1.81987083
7461,20,0.17370868,1.38693726
7462,20,0.26391920,1.41235423
7463,20,0.20013666,1.62495875
7464,20,0.30426216,1.96321023
7465,20,0.23400486,1.26669943
7466,20,0.21341531,1.22540879
7467,20,0.28942859,1.81912363
7468,20,0.36506569,2.75967288
7469,20,0.21879336,1.47526252
7470,20,0.38070428,1.93943000
7471,20,0.26845884,1.17767751
7472,20,0.17970681,1.65145659
7473,20,0.33783484,1.28889203
7474,20,0.36107367,1.65990841
7475,20,0.34050119,1.78216136
7476,20,0.32415050,1.64204109
7477,20,0.37843463,1.45056367
7478,20,0.28368390,1.60787821
7479,20,0.23699062,1.54607952
7480,20,0.30977970,2.73015881
7481,20,0.26819599,2.08519387
7482,20,0.16560030,0.69246638
7483,20,0.30923429,3.02203131
7484,20,0.25049952,1.01140165
7485,20,0.34633875,1.69605517
7486,20,0.20656507,1.15841019
7487,20,0.16965735,0.96099001
7488,20,0.32293287,2.07756352
7489,20,0.10910352,1.18281746
7490,20,0.24555825,1.64144313
7491,20,0.28193289,1.40900767
7492,20,0.28549117,1.76087952
7493,20,0.22991109,2.19045949
7494,20,0.20502183,1.38108885
7495,20,0.25109071,1.45875251
7496,20,0.27513129,2.17532754
7497,20,0.17580628,1.22369528
7498,20,0.23506860,1.38906372
7499,20,0.27886236,1.83391213
7500,20,0.18913609,1.78482449
7501,20,0.18308075,1.67882669
7502,20,0.12375444,1.03511727
7503,20,0.21785620,1.75243688
7504,20,0.19630553,1.04917395
7505,20,0.33848202,1.14630449
7506,20,0.21381874,1.47613943
7507,20,0.25968710,1.81386244
7508,20,0.30695873,2.33691049
7509,20,0.25823981,1.70557380
7510,20,0.23041484,1.41132116
7511,20,0.20939656,2.72780585
7512,20,0.24852610,1.32481980
7513,20,0.25136697,1.05584323
7514,20,0.27786261,1.29093194
7515,20,0.28944933,1.51061261
7516,20,0.35979700,1.87448859
7517,20,0.43236789,3.18880439
7518,20,0.30147564,1.54339516
7519,20,0.24362895,1.44013309
7520,20,0.16506848,1.53069711
7521,20,0.21412414,1.55006909
7522,20,0.30151242,1.46046829
7523,20,0.20748198,1.01628911
7524,20,0.26524019,1.35301650
7525,20,0.23380390,1.59644485
7526,20,0.26520362,1.63271689
7527,20,0.17346425,0.93219447
7528,20,0.26008925,1.25164497
7529,20,0.26432869,1.15600419
7530,20,0.31679353,1.84818316
7531,20,0.20621873,0.88721830
7532,20,0.23350827,1.78601205
7533,20,0.16389108,1.27270603
7534,20,0.38173181,1.96886444
7535,20,0.23446000,1.13090038
7536,20,0.15998638,0.78763580
7537,20,0.32743925,1.65822756
7538,20,0.34254593,2.34863138
7539,20,0.25610834,1.63816762
7540,20,0.32514423,1.87797320
7541,20,0.44187462,3.02849078
7542,20,0.30269247,2.03477597
7543,20,0.23217097,1.53933835
7544,20,0.29618329,1.52340889
7545,20,0.18796232,1.24959230
7546,20,0.21444482,1.24945986
7547,20,0.20644733,1.70193732
7548,20,0.19542320,1.48134553
7549,20,0.28370911,1.75749385
7550,20,0.27049837,2.56780434
7551,20,0.17333278,1.21766794
7552,20,0.30454850,1.78508377
7553,20,0.17137356,1.45978010
7554,20,0.21618153,2.17145324
7555,20,0.17650698,0.95673710
7556,20,0.18659198,1.05762756
7557,20,0.20766091,1.07855725
7558,20,0.27479878,2.93088746
7559,20,0.15083627,0.97093612
7560,20,0.20890772,1.20303810
7561,20,0.15511912,1.06891513
7562,20,0.30577534,1.68469024
7563,20,0.28657615,1.84900272
7564,20,0.27477029,1.82459879
7565,20,0.11486341,0.93296683
7566,20,0.26897418,1.10164118
7567,20,0.27359152,1.36388755
7568,20,0.27099884,1.28512704
7569,20,0.24360120,1.73008108
7570,20,0.35330999,2.40025091
7571,20,0.27101341,2.15154099
7572,20,0.16751438,0.96165717
7573,20,0.12584710,1.12092555
7574,20,0.25933066,1.34712934
7575,20,0.21344388,1.87093186
7576,20,0.24657050,1.29256880
7577,20,0.21870008,1.11290145
7578,20,0.26859796,1.47800505
7579,20,0.23208758,1.85335183
7580,20,0.18835637,1.29908586
7581,20,0.26868078,1.87927794
7582,20,0.22446138,1.98186874
7583,20,0.18406084,1.24581373
7584,20,0.19684011,1.57661259
7585,20,0.24937961,2.55386877
7586,20,0.31294072,2.30341172
7587,20,0.24111217,1.34249258
7588,20,0.20510778,1.10051191
7589,20,0.31303209,2.51923609
7590,20,0.34783465,2.05958200
7591,20,0.34682289,3.23104596
7592,20,0.23752266,2.75517201
7593,20,0.31343797,2.12153769
7594,20,0.22294071,1.31525075
7595,20,0.11072551,1.30601513
7596,20,0.28819770,1.45768452
7597,20,0.16928740,1.19132555
7598,20,0.23800415,1.60827160
7599,20,0.34708762,1.84825110
7600,20,0.21771681,2.05268073
7601,20,0.34792605,2.74914002
7602,20,0.22889030,1.61806965
7603,20,0.26009259,1.88850224
7604,20,0.20497832,0.90720159
7605,20,0.27952331,1.54560852
7606,20,0.29363242,1.72677124
7607,20,0.22693163,1.48041677
7608,20,0.21403287,1.41419363
7609,20,0.30197614,1.91282296
7610,20,0.24326548,1.79424179
7611,20,0.20174150,1.59230220
7612,20,0.23801321,1.64091063
7613,20,0.12357657,1.51100528
7614,20,0.25712878,1.14028287
7615,20,0.22711499,1.84334278
7616,20,0.37675405,2.70110416
7617,20,0.18839918,1.37727332
7618,20,0.24645032,1.26561570
7619,20,0.24475375,1.75320935
7620,20,0.15854810,1.12341321
7621,20,0.28525484,1.54173219
7622,20,0.39706308,2.93389893
7623,20,0.19491011,1.30489886
7624,20,0.17846213,0.97341198
7625,20,0.31710178,1.61631298
7626,20,0.35490710,1.88956475
7627,20,0.30717671,1.68206716
7628,20,0.30172879,1.44500721
7629,20,0.34236360,1.62128401
7630,20,0.16045280,0.66405278
7631,20,0.31648263,1.39904010
7632,20,0.27865833,1.22676003
7633,20,0.18179183,0.98249775
7634,20,0.32608014,2.63287759
7635,20,0.30388147,1.70878708
7636,20,0.38983655,1.77831519
7637,20,0.30999982,1.51453567
7638,20,0.39823323,1.33808899
7639,20,0.16459635,1.21686137
7640,20,0.27423963,1.83044899
7641,20,0.22542141,1.66138148
7642,20,0.19057244,0.94992554
7643,20,0.23310614,1.51775491
7644,20,0.26370296,1.85757005
7645,20,0.20298468,1.58275115
7646,20,0.30159777,1.57391572
7647,20,0.22508723,1.27892339
7648,20,0.22784966,1.18977809
7649,20,0.21885094,1.16431284
7650,20,0.19712326,1.41204405
7651,20,0.25978783,1.67854023
7652,20,0.31091738,2.25233006
7653,20,0.29926342,2.65931869
7654,20,0.25669381,1.26645911
7655,20,0.21323746,0.93307054
7656,20,0.23385853,1.12206304
7657,20,0.30592674,1.35658646
7658,20,0.26688176,2.07569480
7659,20,0.29002348,1.29615939
7660,20,0.13496184,0.99461883
7661,20,0.34360820,1.75291121
7662,20,0.38810802,1.60222352
7663,20,0.19162877,1.47447419
7664,20,0.25630474,1.32169914
7665,20,0.25423819,1.43678594
7666,20,0.18273418,1.10520148
7667,20,0.29291636,1.57390487
7668,20,0.25189382,1.17532086
7669,20,0.26823848,1.07115865
7670,20,0.37165785,1.90764081
7671,20,0.22133000,1.30946696
7672,20,0.28833288,1.42389655
7673,20,0.32682461,1.58846414
7674,20,0.37223780,1.77956259
7675,20,0.29485607,1.41374469
7676,20,0.35398257,1.67802918
7677,20,0.26104513,1.72421134
7678,20,0.20084056,1.48605704
7679,20,0.18573265,1.07112730
7680,20,0.22351201,1.30074990
7681,20,0.21019164,1.16633868
7682,20,0.40343788,2.17553782
7683,20,0.25376332,1.81349719
7684,20,0.29941943,1.35809243
7685,20,0.21935841,1.27865577
7686,20,0.33331993,1.26646435
7687,20,0.30883741,1.84747779
7688,20,0.21104196,0.94801420
7689,20,0.35448372,1.89819396
7690,20,0.22386619,1.19970238
7691,20,0.18048254,0.82370788
7692,20,0.39231229,1.56771350
7693,20,0.22431575,1.48522353
7694,20,0.17634308,1.20449662
7695,20,0.39929557,2.43392396
7696,20,0.20275535,1.35411239
7697,20,0.15576831,0.89553601
7698,20,0.12699890,0.82176334
7699,20,0.29480910,1.39912009
7700,20,0.37778056,1.86698020
7701,20,0.19502234,1.38454401
7702,20,0.33433491,1.97623825
7703,20,0.25663266,1.67605245
7704,20,0.19082136,1.03787565
7705,20,0.18663356,0.94144422
7706,20,0.16567111,1.36443460
7707,20,0.26048648,1.02485704
7708,20,0.30577523,2.32246709
7709,20,0.30988753,1.45238674
7710,20,0.15403378,1.83055770
7711,20,0.31519786,1.19162297
7712,20,0.26395503,1.99287176
7713,20,0.29563642,1.18655789
7714,20,0.10908829,0.81639051
7715,20,0.30863494,1.13681901
7716,20,0.30538687,2.39891171
7717,20,0.30221182,1.92031765
7718,20,0.31546763,1.75728559
7719,20,0.34074956,1.58770359
7720,20,0.28203762,1.87798250
7721,20,0.24674535,1.19013309
7722,20,0.27378878,1.17745113
7723,20,0.18049696,1.35412192
7724,20,0.23396485,1.55628121
7725,20,0.33915567,1.42843938
7726,20,0.19946100,1.21641111
7727,20,0.09527945,0.73241311
7728,20,0.18313648,1.03547311
7729,20,0.18669190,1.24086452
7730,20,0.24406332,1.06484938
7731,20,0.34664404,1.29477239
7732,20,0.28675461,1.18367958
7733,20,0.19518794,1.72260392
7734,20,0.29642719,1.30318511
7735,20,0.21220587,1.32869995
7736,20,0.29684758,1.63956928
7737,20,0.19640142,1.33571553
7738,20,0.20074992,1.05809689
7739,20,0.23741756,1.56610084
7740,20,0.21811816,1.45196509
7741,20,0.29235232,1.35439312
7742,20,0.18776953,2.04261184
7743,20,0.19846235,0.93833464
7744,20,0.27844578,1.77620447
7745,20,0.14907661,0.76996642
7746,20,0.24116905,1.78443849
7747,20,0.28456411,1.66241550
7748,20,0.23326650,1.78103018
7749,20,0.32742631,2.31132054
7750,20,0.20111910,1.20599127
7751,20,0.19684972,1.26588190
7752,20,0.28628379,1.22236633
7753,20,0.33027917,1.97315502
7754,20,0.34959686,1.66362059
7755,20,0.14641960,0.96603787
7756,20,0.31156999,1.33472729
7757,20,0.11239822,0.66596329
7758,20,0.28128844,1.19933689
7759,20,0.20385741,1.35666716
7760,20,0.19189420,1.48253942
7761,20,0.28089783,1.45862603
7762,20,0.18962052,1.90352714
7763,20,0.25199348,1.69421947
7764,20,0.27850857,2.28663397
7765,20,0.25473359,1.29772449
7766,20,0.13201873,1.06469941
7767,20,0.28896004,1.67589915
7768,20,0.27832353,1.98927081
7769,20,0.30323866,1.35843945
7770,20,0.27090341,1.87918246
7771,20,0.26136744,1.76699436
7772,20,0.18463469,1.19353342
7773,20,0.46788406,3.34430575
7774,20,0.24162337,1.92084134
7775,20,0.24249361,1.43335712
7776,20,0.29154587,1.83270121
7777,20,0.25668570,1.98877382
7778,20,0.34919122,2.06823707
7779,20,0.35737532,1.76274371
7780,20,0.27296495,1.13754213
7781,20,0.21797684,1.22623014
7782,20,0.24886023,1.33085287
7783,20,0.40910912,1.86842310
7784,20,0.29867905,1.64525092
7785,20,0.22044252,1.16494823
7786,20,0.17404065,0.91065300
7787,20,0.35397610,1.85277557
7788,20,0.25267178,1.22126198
7789,20,0.22463167,1.06502962
7790,20,0.23840696,1.85075736
7791,20,0.16894856,1.41346800
7792,20,0.21636100,1.33059669
7793,20,0.23706530,1.36578023
7794,20,0.18620172,1.42715371
7795,20,0.12974882,1.00769961
7796,20,0.29735306,1.87081099
7797,20,0.15448374,1.12298942
7798,20,0.14006169,1.03941131
7799,20,0.27539986,1.45725405
7800,20,0.17011064,1.19763553
7801,20,0.20104581,1.52484322
7802,20,0.22347274,2.21726322
7803,20,0.33354563,2.02943444
7804,20,0.22043936,1.35900521
7805,20,0.20341130,1.41291106
7806,20,0.31311131,2.43851185
7807,20,0.29656842,1.32182956
7808,20,0.19129224,0.96197218
7809,20,0.32619351,1.60546660
7810,20,0.22278202,1.28609228
7811,20,0.30067438,1.89589000
7812,20,0.18430033,0.98738039
7813,20,0.23398596,2.28236103
7814,20,0.23490278,1.41633582
7815,20,0.17750290,1.29427743
7816,20,0.30433631,1.32797837
7817,20,0.19113186,1.63017941
7818,20,0.14402786,0.87856746
7819,20,0.33642936,4.76902962
